2026-06-27 15:28:48.646 [http-nio-8080-exec-67] INFO  c.p.t.c.attractions.SysAttractionsController - 查询景点参数：SysAttractions(id=null, name=null, price=null, introduce=null, content=null, num=null, realName=null, images=null, scenicType=null, location=null, pv=null, open=null, time=null, state=1, createBy=null, createTime=null, updateBy=null, updateTime=null, pageNumber=1, pageSize=100)
2026-06-27 15:28:48.657 [http-nio-8080-exec-67] INFO  c.p.t.c.attractions.SysAttractionsController - location 参数值：null
2026-06-27 15:28:48.658 [http-nio-8080-exec-67] INFO  c.p.t.c.attractions.SysAttractionsController - 最终查询条件 SQL：(state = #{ew.paramNameValuePairs.MPGENVAL1}) ORDER BY create_time DESC
2026-06-27 15:28:48.673 [http-nio-8080-exec-67] INFO  c.p.t.c.attractions.SysAttractionsController - 查询结果数量：9
2026-06-27 15:28:48.701 [http-nio-8080-exec-66] INFO  c.p.t.c.attractions.SysAttractionsController - 查询景点参数：SysAttractions(id=null, name=, price=null, introduce=null, content=null, num=null, realName=null, images=null, scenicType=, location=, pv=null, open=null, time=null, state=1, createBy=null, createTime=null, updateBy=null, updateTime=null, pageNumber=1, pageSize=9)
2026-06-27 15:28:48.704 [http-nio-8080-exec-66] INFO  c.p.t.c.attractions.SysAttractionsController - location 参数值：
2026-06-27 15:28:48.704 [http-nio-8080-exec-66] INFO  c.p.t.c.attractions.SysAttractionsController - 最终查询条件 SQL：(state = #{ew.paramNameValuePairs.MPGENVAL1}) ORDER BY create_time DESC
2026-06-27 15:28:48.705 [http-nio-8080-exec-82] INFO  c.p.t.c.attractions.SysAttractionsController - 查询景点参数：SysAttractions(id=null, name=null, price=null, introduce=null, content=null, num=null, realName=null, images=null, scenicType=null, location=null, pv=null, open=null, time=null, state=1, createBy=null, createTime=null, updateBy=null, updateTime=null, pageNumber=1, pageSize=100)
2026-06-27 15:28:48.706 [http-nio-8080-exec-82] INFO  c.p.t.c.attractions.SysAttractionsController - location 参数值：null
2026-06-27 15:28:48.706 [http-nio-8080-exec-82] INFO  c.p.t.c.attractions.SysAttractionsController - 最终查询条件 SQL：(state = #{ew.paramNameValuePairs.MPGENVAL1}) ORDER BY create_time DESC
2026-06-27 15:28:48.752 [http-nio-8080-exec-66] INFO  c.p.t.c.attractions.SysAttractionsController - 查询结果数量：9
2026-06-27 15:28:48.767 [http-nio-8080-exec-82] INFO  c.p.t.c.attractions.SysAttractionsController - 查询结果数量：9
2026-06-27 15:28:50.742 [http-nio-8080-exec-62] INFO  c.p.t.c.attractions.SysAttractionsController - 查询景点参数：SysAttractions(id=null, name=null, price=null, introduce=null, content=null, num=null, realName=null, images=null, scenicType=null, location=null, pv=null, open=null, time=null, state=1, createBy=null, createTime=null, updateBy=null, updateTime=null, pageNumber=1, pageSize=100)
2026-06-27 15:28:50.743 [http-nio-8080-exec-62] INFO  c.p.t.c.attractions.SysAttractionsController - location 参数值：null
2026-06-27 15:28:50.743 [http-nio-8080-exec-62] INFO  c.p.t.c.attractions.SysAttractionsController - 最终查询条件 SQL：(state = #{ew.paramNameValuePairs.MPGENVAL1}) ORDER BY create_time DESC
2026-06-27 15:28:50.750 [http-nio-8080-exec-62] INFO  c.p.t.c.attractions.SysAttractionsController - 查询结果数量：9
2026-06-27 15:28:54.708 [http-nio-8080-exec-60] INFO  c.p.t.c.attractions.SysAttractionsController - 查询景点参数：SysAttractions(id=null, name=null, price=null, introduce=null, content=null, num=null, realName=null, images=null, scenicType=null, location=甘肃, pv=null, open=null, time=null, state=1, createBy=null, createTime=null, updateBy=null, updateTime=null, pageNumber=1, pageSize=100)
2026-06-27 15:28:54.708 [http-nio-8080-exec-60] INFO  c.p.t.c.attractions.SysAttractionsController - location 参数值：甘肃
2026-06-27 15:28:54.709 [http-nio-8080-exec-60] INFO  c.p.t.c.attractions.SysAttractionsController - 应用地区筛选：甘肃
2026-06-27 15:28:54.709 [http-nio-8080-exec-61] INFO  c.p.t.c.attractions.SysAttractionsController - 查询景点参数：SysAttractions(id=null, name=, price=null, introduce=null, content=null, num=null, realName=null, images=null, scenicType=, location=甘肃, pv=null, open=null, time=null, state=1, createBy=null, createTime=null, updateBy=null, updateTime=null, pageNumber=1, pageSize=9)
2026-06-27 15:28:54.710 [http-nio-8080-exec-61] INFO  c.p.t.c.attractions.SysAttractionsController - location 参数值：甘肃
2026-06-27 15:28:54.709 [http-nio-8080-exec-60] INFO  c.p.t.c.attractions.SysAttractionsController - 最终查询条件 SQL：(state = #{ew.paramNameValuePairs.MPGENVAL1} AND location LIKE #{ew.paramNameValuePairs.MPGENVAL2}) ORDER BY create_time DESC
2026-06-27 15:28:54.710 [http-nio-8080-exec-61] INFO  c.p.t.c.attractions.SysAttractionsController - 应用地区筛选：甘肃
2026-06-27 15:28:54.711 [http-nio-8080-exec-61] INFO  c.p.t.c.attractions.SysAttractionsController - 最终查询条件 SQL：(state = #{ew.paramNameValuePairs.MPGENVAL1} AND location LIKE #{ew.paramNameValuePairs.MPGENVAL2}) ORDER BY create_time DESC
2026-06-27 15:28:54.717 [http-nio-8080-exec-60] INFO  c.p.t.c.attractions.SysAttractionsController - 查询结果数量：2
2026-06-27 15:28:54.717 [http-nio-8080-exec-61] INFO  c.p.t.c.attractions.SysAttractionsController - 查询结果数量：2
2026-06-27 15:28:59.229 [http-nio-8080-exec-58] INFO  c.p.t.c.attractions.SysAttractionsController - 查询景点参数：SysAttractions(id=null, name=, price=null, introduce=null, content=null, num=null, realName=null, images=null, scenicType=自然风光, location=甘肃, pv=null, open=null, time=null, state=1, createBy=null, createTime=null, updateBy=null, updateTime=null, pageNumber=1, pageSize=9)
2026-06-27 15:28:59.229 [http-nio-8080-exec-58] INFO  c.p.t.c.attractions.SysAttractionsController - location 参数值：甘肃
2026-06-27 15:28:59.231 [http-nio-8080-exec-58] INFO  c.p.t.c.attractions.SysAttractionsController - 应用地区筛选：甘肃
2026-06-27 15:28:59.234 [http-nio-8080-exec-55] INFO  c.p.t.c.attractions.SysAttractionsController - 查询景点参数：SysAttractions(id=null, name=null, price=null, introduce=null, content=null, num=null, realName=null, images=null, scenicType=null, location=甘肃, pv=null, open=null, time=null, state=1, createBy=null, createTime=null, updateBy=null, updateTime=null, pageNumber=1, pageSize=100)
2026-06-27 15:28:59.235 [http-nio-8080-exec-55] INFO  c.p.t.c.attractions.SysAttractionsController - location 参数值：甘肃
2026-06-27 15:28:59.235 [http-nio-8080-exec-55] INFO  c.p.t.c.attractions.SysAttractionsController - 应用地区筛选：甘肃
2026-06-27 15:28:59.236 [http-nio-8080-exec-58] INFO  c.p.t.c.attractions.SysAttractionsController - 最终查询条件 SQL：(state = #{ew.paramNameValuePairs.MPGENVAL1} AND scenic_type = #{ew.paramNameValuePairs.MPGENVAL2} AND location LIKE #{ew.paramNameValuePairs.MPGENVAL3}) ORDER BY create_time DESC
2026-06-27 15:28:59.237 [http-nio-8080-exec-55] INFO  c.p.t.c.attractions.SysAttractionsController - 最终查询条件 SQL：(state = #{ew.paramNameValuePairs.MPGENVAL1} AND location LIKE #{ew.paramNameValuePairs.MPGENVAL2}) ORDER BY create_time DESC
2026-06-27 15:28:59.243 [http-nio-8080-exec-55] INFO  c.p.t.c.attractions.SysAttractionsController - 查询结果数量：2
2026-06-27 15:28:59.251 [http-nio-8080-exec-58] INFO  c.p.t.c.attractions.SysAttractionsController - 查询结果数量：1
2026-06-27 15:31:36.937 [http-nio-8080-exec-99] INFO  c.p.t.c.attractions.SysAttractionsController - 查询景点参数：SysAttractions(id=null, name=null, price=null, introduce=null, content=null, num=null, realName=null, images=null, scenicType=null, location=null, pv=null, open=null, time=null, state=1, createBy=null, createTime=null, updateBy=null, updateTime=null, pageNumber=1, pageSize=100)
2026-06-27 15:31:36.938 [http-nio-8080-exec-99] INFO  c.p.t.c.attractions.SysAttractionsController - location 参数值：null
2026-06-27 15:31:36.938 [http-nio-8080-exec-99] INFO  c.p.t.c.attractions.SysAttractionsController - 最终查询条件 SQL：(state = #{ew.paramNameValuePairs.MPGENVAL1}) ORDER BY create_time DESC
2026-06-27 15:31:36.945 [http-nio-8080-exec-99] INFO  c.p.t.c.attractions.SysAttractionsController - 查询结果数量：9
2026-06-27 15:31:36.974 [http-nio-8080-exec-98] INFO  c.p.t.c.attractions.SysAttractionsController - 查询景点参数：SysAttractions(id=null, name=, price=null, introduce=null, content=null, num=null, realName=null, images=null, scenicType=, location=, pv=null, open=null, time=null, state=1, createBy=null, createTime=null, updateBy=null, updateTime=null, pageNumber=1, pageSize=9)
2026-06-27 15:31:36.975 [http-nio-8080-exec-98] INFO  c.p.t.c.attractions.SysAttractionsController - location 参数值：
2026-06-27 15:31:36.975 [http-nio-8080-exec-98] INFO  c.p.t.c.attractions.SysAttractionsController - 最终查询条件 SQL：(state = #{ew.paramNameValuePairs.MPGENVAL1}) ORDER BY create_time DESC
2026-06-27 15:31:36.976 [http-nio-8080-exec-93] INFO  c.p.t.c.attractions.SysAttractionsController - 查询景点参数：SysAttractions(id=null, name=null, price=null, introduce=null, content=null, num=null, realName=null, images=null, scenicType=null, location=null, pv=null, open=null, time=null, state=1, createBy=null, createTime=null, updateBy=null, updateTime=null, pageNumber=1, pageSize=100)
2026-06-27 15:31:36.976 [http-nio-8080-exec-93] INFO  c.p.t.c.attractions.SysAttractionsController - location 参数值：null
2026-06-27 15:31:36.977 [http-nio-8080-exec-93] INFO  c.p.t.c.attractions.SysAttractionsController - 最终查询条件 SQL：(state = #{ew.paramNameValuePairs.MPGENVAL1}) ORDER BY create_time DESC
2026-06-27 15:31:36.989 [http-nio-8080-exec-98] INFO  c.p.t.c.attractions.SysAttractionsController - 查询结果数量：9
2026-06-27 15:31:36.992 [http-nio-8080-exec-93] INFO  c.p.t.c.attractions.SysAttractionsController - 查询结果数量：9
2026-06-27 15:31:38.417 [http-nio-8080-exec-86] INFO  c.p.t.c.attractions.SysAttractionsController - 查询景点参数：SysAttractions(id=null, name=null, price=null, introduce=null, content=null, num=null, realName=null, images=null, scenicType=null, location=null, pv=null, open=null, time=null, state=1, createBy=null, createTime=null, updateBy=null, updateTime=null, pageNumber=1, pageSize=100)
2026-06-27 15:31:38.417 [http-nio-8080-exec-86] INFO  c.p.t.c.attractions.SysAttractionsController - location 参数值：null
2026-06-27 15:31:38.417 [http-nio-8080-exec-86] INFO  c.p.t.c.attractions.SysAttractionsController - 最终查询条件 SQL：(state = #{ew.paramNameValuePairs.MPGENVAL1}) ORDER BY create_time DESC
2026-06-27 15:31:38.424 [http-nio-8080-exec-86] INFO  c.p.t.c.attractions.SysAttractionsController - 查询结果数量：9
2026-06-27 15:32:26.959 [http-nio-8080-exec-90] INFO  c.p.t.c.attractions.SysAttractionsController - 查询景点参数：SysAttractions(id=null, name=null, price=null, introduce=null, content=null, num=null, realName=null, images=null, scenicType=null, location=null, pv=null, open=null, time=null, state=1, createBy=null, createTime=null, updateBy=null, updateTime=null, pageNumber=1, pageSize=100)
2026-06-27 15:32:26.959 [http-nio-8080-exec-90] INFO  c.p.t.c.attractions.SysAttractionsController - location 参数值：null
2026-06-27 15:32:26.959 [http-nio-8080-exec-90] INFO  c.p.t.c.attractions.SysAttractionsController - 最终查询条件 SQL：(state = #{ew.paramNameValuePairs.MPGENVAL1}) ORDER BY create_time DESC
2026-06-27 15:32:26.968 [http-nio-8080-exec-90] INFO  c.p.t.c.attractions.SysAttractionsController - 查询结果数量：9
2026-06-27 15:32:26.980 [http-nio-8080-exec-92] INFO  c.p.t.c.attractions.SysAttractionsController - 查询景点参数：SysAttractions(id=null, name=null, price=null, introduce=null, content=null, num=null, realName=null, images=null, scenicType=null, location=null, pv=null, open=null, time=null, state=1, createBy=null, createTime=null, updateBy=null, updateTime=null, pageNumber=1, pageSize=100)
2026-06-27 15:32:26.980 [http-nio-8080-exec-88] INFO  c.p.t.c.attractions.SysAttractionsController - 查询景点参数：SysAttractions(id=null, name=, price=null, introduce=null, content=null, num=null, realName=null, images=null, scenicType=, location=, pv=null, open=null, time=null, state=1, createBy=null, createTime=null, updateBy=null, updateTime=null, pageNumber=1, pageSize=9)
2026-06-27 15:32:26.981 [http-nio-8080-exec-92] INFO  c.p.t.c.attractions.SysAttractionsController - location 参数值：null
2026-06-27 15:32:26.981 [http-nio-8080-exec-88] INFO  c.p.t.c.attractions.SysAttractionsController - location 参数值：
2026-06-27 15:32:26.981 [http-nio-8080-exec-88] INFO  c.p.t.c.attractions.SysAttractionsController - 最终查询条件 SQL：(state = #{ew.paramNameValuePairs.MPGENVAL1}) ORDER BY create_time DESC
2026-06-27 15:32:26.981 [http-nio-8080-exec-92] INFO  c.p.t.c.attractions.SysAttractionsController - 最终查询条件 SQL：(state = #{ew.paramNameValuePairs.MPGENVAL1}) ORDER BY create_time DESC
2026-06-27 15:32:26.991 [http-nio-8080-exec-88] INFO  c.p.t.c.attractions.SysAttractionsController - 查询结果数量：9
2026-06-27 15:32:26.991 [http-nio-8080-exec-92] INFO  c.p.t.c.attractions.SysAttractionsController - 查询结果数量：9
2026-06-27 15:32:28.285 [http-nio-8080-exec-3] INFO  c.p.t.c.attractions.SysAttractionsController - 查询景点参数：SysAttractions(id=null, name=null, price=null, introduce=null, content=null, num=null, realName=null, images=null, scenicType=null, location=null, pv=null, open=null, time=null, state=1, createBy=null, createTime=null, updateBy=null, updateTime=null, pageNumber=1, pageSize=100)
2026-06-27 15:32:28.286 [http-nio-8080-exec-3] INFO  c.p.t.c.attractions.SysAttractionsController - location 参数值：null
2026-06-27 15:32:28.286 [http-nio-8080-exec-3] INFO  c.p.t.c.attractions.SysAttractionsController - 最终查询条件 SQL：(state = #{ew.paramNameValuePairs.MPGENVAL1}) ORDER BY create_time DESC
2026-06-27 15:32:28.294 [http-nio-8080-exec-3] INFO  c.p.t.c.attractions.SysAttractionsController - 查询结果数量：9
2026-06-27 15:43:25.413 [http-nio-8080-exec-4] INFO  com.project.travel.handle.MyMetaObjectHandler - 公共字段自动填充[update]...
2026-06-27 15:43:43.344 [http-nio-8080-exec-9] INFO  com.project.travel.handle.MyMetaObjectHandler - 公共字段自动填充[update]...
2026-06-27 15:55:58.224 [File Watcher] INFO  o.s.b.d.a.LocalDevToolsAutoConfiguration$RestartingClassPathChangeChangedEventListener - Restarting due to 1 class path change (1 addition, 0 deletions, 0 modifications)
2026-06-27 15:56:01.007 [Thread-13] INFO  org.apache.coyote.http11.Http11NioProtocol - Pausing ProtocolHandler ["http-nio-8080"]
2026-06-27 15:56:01.008 [Thread-13] INFO  org.apache.catalina.core.StandardService - Stopping service [Tomcat]
2026-06-27 15:56:01.019 [Thread-13] INFO  o.a.c.core.ContainerBase.[Tomcat].[localhost].[/] - Destroying Spring FrameworkServlet 'dispatcherServlet'
2026-06-27 15:56:01.070 [Thread-13] INFO  org.apache.coyote.http11.Http11NioProtocol - Stopping ProtocolHandler ["http-nio-8080"]
2026-06-27 15:56:01.080 [Thread-13] INFO  org.apache.coyote.http11.Http11NioProtocol - Destroying ProtocolHandler ["http-nio-8080"]
2026-06-27 15:56:01.089 [Thread-13] INFO  com.alibaba.druid.pool.DruidDataSource - {dataSource-3} closing ...
2026-06-27 15:56:01.095 [Thread-13] INFO  com.alibaba.druid.pool.DruidDataSource - {dataSource-3} closed
2026-06-27 15:56:01.956 [restartedMain] INFO  com.project.travel.TravelApplication - Starting TravelApplication using Java 1.8.0_202 on dilireba with PID 12036 (C:\maven\travel_system\travel\travel\travel-server\target\classes started by solitude in C:\maven\travel_system\travel\travel\travel-server)
2026-06-27 15:56:01.957 [restartedMain] INFO  com.project.travel.TravelApplication - The following 1 profile is active: "dev"
2026-06-27 15:56:02.436 [restartedMain] INFO  o.s.d.r.config.RepositoryConfigurationDelegate - Multiple Spring Data modules found, entering strict repository configuration mode
2026-06-27 15:56:02.437 [restartedMain] INFO  o.s.d.r.config.RepositoryConfigurationDelegate - Bootstrapping Spring Data Redis repositories in DEFAULT mode.
2026-06-27 15:56:02.467 [restartedMain] INFO  o.s.d.r.config.RepositoryConfigurationDelegate - Finished Spring Data repository scanning in 29 ms. Found 0 Redis repository interfaces.
2026-06-27 15:56:02.841 [restartedMain] INFO  o.s.boot.web.embedded.tomcat.TomcatWebServer - Tomcat initialized with port(s): 8080 (http)
2026-06-27 15:56:02.843 [restartedMain] INFO  org.apache.coyote.http11.Http11NioProtocol - Initializing ProtocolHandler ["http-nio-8080"]
2026-06-27 15:56:02.843 [restartedMain] INFO  org.apache.catalina.core.StandardService - Starting service [Tomcat]
2026-06-27 15:56:02.843 [restartedMain] INFO  org.apache.catalina.core.StandardEngine - Starting Servlet engine: [Apache Tomcat/9.0.83]
2026-06-27 15:56:02.882 [restartedMain] INFO  o.a.c.core.ContainerBase.[Tomcat].[localhost].[/] - Initializing Spring embedded WebApplicationContext
2026-06-27 15:56:02.882 [restartedMain] INFO  o.s.b.w.s.c.ServletWebServerApplicationContext - Root WebApplicationContext: initialization completed in 919 ms
2026-06-27 15:56:02.965 [restartedMain] INFO  c.a.d.s.b.a.DruidDataSourceAutoConfigure - Init DruidDataSource
2026-06-27 15:56:03.152 [restartedMain] INFO  com.alibaba.druid.pool.DruidDataSource - {dataSource-4} inited
2026-06-27 15:56:06.937 [restartedMain] INFO  o.s.b.d.autoconfigure.OptionalLiveReloadServer - LiveReload server is running on port 35729
2026-06-27 15:56:06.969 [restartedMain] INFO  org.apache.coyote.http11.Http11NioProtocol - Starting ProtocolHandler ["http-nio-8080"]
2026-06-27 15:56:06.991 [restartedMain] INFO  o.s.boot.web.embedded.tomcat.TomcatWebServer - Tomcat started on port(s): 8080 (http) with context path ''
2026-06-27 15:56:06.996 [restartedMain] INFO  com.project.travel.TravelApplication - Started TravelApplication in 5.135 seconds (JVM running for 72761.432)
2026-06-27 15:56:06.997 [restartedMain] INFO  o.s.b.d.a.ConditionEvaluationDeltaLoggingListener - Condition evaluation unchanged
2026-06-27 15:56:08.589 [File Watcher] INFO  o.s.b.d.a.LocalDevToolsAutoConfiguration$RestartingClassPathChangeChangedEventListener - Restarting due to 1 class path change (1 addition, 0 deletions, 0 modifications)
2026-06-27 15:56:11.687 [Thread-17] INFO  org.apache.coyote.http11.Http11NioProtocol - Pausing ProtocolHandler ["http-nio-8080"]
2026-06-27 15:56:11.688 [Thread-17] INFO  org.apache.catalina.core.StandardService - Stopping service [Tomcat]
2026-06-27 15:56:11.701 [Thread-17] INFO  org.apache.coyote.http11.Http11NioProtocol - Stopping ProtocolHandler ["http-nio-8080"]
2026-06-27 15:56:11.723 [Thread-17] INFO  org.apache.coyote.http11.Http11NioProtocol - Destroying ProtocolHandler ["http-nio-8080"]
2026-06-27 15:56:11.726 [Thread-17] INFO  com.alibaba.druid.pool.DruidDataSource - {dataSource-4} closing ...
2026-06-27 15:56:11.730 [Thread-17] INFO  com.alibaba.druid.pool.DruidDataSource - {dataSource-4} closed
2026-06-27 15:56:12.510 [restartedMain] INFO  com.project.travel.TravelApplication - Starting TravelApplication using Java 1.8.0_202 on dilireba with PID 12036 (C:\maven\travel_system\travel\travel\travel-server\target\classes started by solitude in C:\maven\travel_system\travel\travel\travel-server)
2026-06-27 15:56:12.511 [restartedMain] INFO  com.project.travel.TravelApplication - The following 1 profile is active: "dev"
2026-06-27 15:56:12.857 [restartedMain] INFO  o.s.d.r.config.RepositoryConfigurationDelegate - Multiple Spring Data modules found, entering strict repository configuration mode
2026-06-27 15:56:12.858 [restartedMain] INFO  o.s.d.r.config.RepositoryConfigurationDelegate - Bootstrapping Spring Data Redis repositories in DEFAULT mode.
2026-06-27 15:56:12.882 [restartedMain] INFO  o.s.d.r.config.RepositoryConfigurationDelegate - Finished Spring Data repository scanning in 23 ms. Found 0 Redis repository interfaces.
2026-06-27 15:56:13.087 [restartedMain] INFO  o.s.boot.web.embedded.tomcat.TomcatWebServer - Tomcat initialized with port(s): 8080 (http)
2026-06-27 15:56:13.087 [restartedMain] INFO  org.apache.coyote.http11.Http11NioProtocol - Initializing ProtocolHandler ["http-nio-8080"]
2026-06-27 15:56:13.087 [restartedMain] INFO  org.apache.catalina.core.StandardService - Starting service [Tomcat]
2026-06-27 15:56:13.087 [restartedMain] INFO  org.apache.catalina.core.StandardEngine - Starting Servlet engine: [Apache Tomcat/9.0.83]
2026-06-27 15:56:13.124 [restartedMain] INFO  o.a.c.core.ContainerBase.[Tomcat].[localhost].[/] - Initializing Spring embedded WebApplicationContext
2026-06-27 15:56:13.124 [restartedMain] INFO  o.s.b.w.s.c.ServletWebServerApplicationContext - Root WebApplicationContext: initialization completed in 608 ms
2026-06-27 15:56:13.185 [restartedMain] INFO  c.a.d.s.b.a.DruidDataSourceAutoConfigure - Init DruidDataSource
2026-06-27 15:56:13.334 [restartedMain] INFO  com.alibaba.druid.pool.DruidDataSource - {dataSource-5} inited
2026-06-27 15:56:16.850 [restartedMain] INFO  o.s.b.d.autoconfigure.OptionalLiveReloadServer - LiveReload server is running on port 35729
2026-06-27 15:56:16.872 [restartedMain] INFO  org.apache.coyote.http11.Http11NioProtocol - Starting ProtocolHandler ["http-nio-8080"]
2026-06-27 15:56:16.877 [restartedMain] INFO  o.s.boot.web.embedded.tomcat.TomcatWebServer - Tomcat started on port(s): 8080 (http) with context path ''
2026-06-27 15:56:16.880 [restartedMain] INFO  com.project.travel.TravelApplication - Started TravelApplication in 4.441 seconds (JVM running for 72771.317)
2026-06-27 15:56:16.881 [restartedMain] INFO  o.s.b.d.a.ConditionEvaluationDeltaLoggingListener - Condition evaluation unchanged
2026-06-27 15:56:18.407 [File Watcher] INFO  o.s.b.d.a.LocalDevToolsAutoConfiguration$RestartingClassPathChangeChangedEventListener - Restarting due to 1 class path change (1 addition, 0 deletions, 0 modifications)
2026-06-27 15:56:21.256 [Thread-21] INFO  org.apache.coyote.http11.Http11NioProtocol - Pausing ProtocolHandler ["http-nio-8080"]
2026-06-27 15:56:21.257 [Thread-21] INFO  org.apache.catalina.core.StandardService - Stopping service [Tomcat]
2026-06-27 15:56:21.275 [Thread-21] INFO  org.apache.coyote.http11.Http11NioProtocol - Stopping ProtocolHandler ["http-nio-8080"]
2026-06-27 15:56:21.286 [Thread-21] INFO  org.apache.coyote.http11.Http11NioProtocol - Destroying ProtocolHandler ["http-nio-8080"]
2026-06-27 15:56:21.289 [Thread-21] INFO  com.alibaba.druid.pool.DruidDataSource - {dataSource-5} closing ...
2026-06-27 15:56:21.294 [Thread-21] INFO  com.alibaba.druid.pool.DruidDataSource - {dataSource-5} closed
2026-06-27 15:56:21.788 [restartedMain] INFO  com.project.travel.TravelApplication - Starting TravelApplication using Java 1.8.0_202 on dilireba with PID 12036 (C:\maven\travel_system\travel\travel\travel-server\target\classes started by solitude in C:\maven\travel_system\travel\travel\travel-server)
2026-06-27 15:56:21.789 [restartedMain] INFO  com.project.travel.TravelApplication - The following 1 profile is active: "dev"
2026-06-27 15:56:22.141 [restartedMain] INFO  o.s.d.r.config.RepositoryConfigurationDelegate - Multiple Spring Data modules found, entering strict repository configuration mode
2026-06-27 15:56:22.141 [restartedMain] INFO  o.s.d.r.config.RepositoryConfigurationDelegate - Bootstrapping Spring Data Redis repositories in DEFAULT mode.
2026-06-27 15:56:22.167 [restartedMain] INFO  o.s.d.r.config.RepositoryConfigurationDelegate - Finished Spring Data repository scanning in 25 ms. Found 0 Redis repository interfaces.
2026-06-27 15:56:22.340 [restartedMain] INFO  o.s.boot.web.embedded.tomcat.TomcatWebServer - Tomcat initialized with port(s): 8080 (http)
2026-06-27 15:56:22.340 [restartedMain] INFO  org.apache.coyote.http11.Http11NioProtocol - Initializing ProtocolHandler ["http-nio-8080"]
2026-06-27 15:56:22.340 [restartedMain] INFO  org.apache.catalina.core.StandardService - Starting service [Tomcat]
2026-06-27 15:56:22.340 [restartedMain] INFO  org.apache.catalina.core.StandardEngine - Starting Servlet engine: [Apache Tomcat/9.0.83]
2026-06-27 15:56:22.373 [restartedMain] INFO  o.a.c.core.ContainerBase.[Tomcat].[localhost].[/] - Initializing Spring embedded WebApplicationContext
2026-06-27 15:56:22.373 [restartedMain] INFO  o.s.b.w.s.c.ServletWebServerApplicationContext - Root WebApplicationContext: initialization completed in 580 ms
2026-06-27 15:56:22.413 [restartedMain] INFO  c.a.d.s.b.a.DruidDataSourceAutoConfigure - Init DruidDataSource
2026-06-27 15:56:22.666 [restartedMain] INFO  com.alibaba.druid.pool.DruidDataSource - {dataSource-6} inited
2026-06-27 15:56:26.822 [restartedMain] INFO  o.s.b.d.autoconfigure.OptionalLiveReloadServer - LiveReload server is running on port 35729
2026-06-27 15:56:26.847 [restartedMain] INFO  org.apache.coyote.http11.Http11NioProtocol - Starting ProtocolHandler ["http-nio-8080"]
2026-06-27 15:56:26.873 [restartedMain] INFO  o.s.boot.web.embedded.tomcat.TomcatWebServer - Tomcat started on port(s): 8080 (http) with context path ''
2026-06-27 15:56:26.877 [restartedMain] INFO  com.project.travel.TravelApplication - Started TravelApplication in 5.166 seconds (JVM running for 72781.313)
2026-06-27 15:56:26.878 [restartedMain] INFO  o.s.b.d.a.ConditionEvaluationDeltaLoggingListener - Condition evaluation unchanged
2026-06-27 15:56:28.345 [File Watcher] INFO  o.s.b.d.a.LocalDevToolsAutoConfiguration$RestartingClassPathChangeChangedEventListener - Restarting due to 1 class path change (1 addition, 0 deletions, 0 modifications)
2026-06-27 15:56:31.173 [Thread-25] INFO  org.apache.coyote.http11.Http11NioProtocol - Pausing ProtocolHandler ["http-nio-8080"]
2026-06-27 15:56:31.174 [Thread-25] INFO  org.apache.catalina.core.StandardService - Stopping service [Tomcat]
2026-06-27 15:56:31.188 [Thread-25] INFO  org.apache.coyote.http11.Http11NioProtocol - Stopping ProtocolHandler ["http-nio-8080"]
2026-06-27 15:56:31.202 [Thread-25] INFO  org.apache.coyote.http11.Http11NioProtocol - Destroying ProtocolHandler ["http-nio-8080"]
2026-06-27 15:56:31.208 [Thread-25] INFO  com.alibaba.druid.pool.DruidDataSource - {dataSource-6} closing ...
2026-06-27 15:56:31.239 [Thread-25] INFO  com.alibaba.druid.pool.DruidDataSource - {dataSource-6} closed
2026-06-27 15:56:31.674 [restartedMain] INFO  com.project.travel.TravelApplication - Starting TravelApplication using Java 1.8.0_202 on dilireba with PID 12036 (C:\maven\travel_system\travel\travel\travel-server\target\classes started by solitude in C:\maven\travel_system\travel\travel\travel-server)
2026-06-27 15:56:31.675 [restartedMain] INFO  com.project.travel.TravelApplication - The following 1 profile is active: "dev"
2026-06-27 15:56:32.046 [restartedMain] INFO  o.s.d.r.config.RepositoryConfigurationDelegate - Multiple Spring Data modules found, entering strict repository configuration mode
2026-06-27 15:56:32.047 [restartedMain] INFO  o.s.d.r.config.RepositoryConfigurationDelegate - Bootstrapping Spring Data Redis repositories in DEFAULT mode.
2026-06-27 15:56:32.077 [restartedMain] INFO  o.s.d.r.config.RepositoryConfigurationDelegate - Finished Spring Data repository scanning in 30 ms. Found 0 Redis repository interfaces.
2026-06-27 15:56:32.317 [restartedMain] INFO  o.s.boot.web.embedded.tomcat.TomcatWebServer - Tomcat initialized with port(s): 8080 (http)
2026-06-27 15:56:32.319 [restartedMain] INFO  org.apache.coyote.http11.Http11NioProtocol - Initializing ProtocolHandler ["http-nio-8080"]
2026-06-27 15:56:32.319 [restartedMain] INFO  org.apache.catalina.core.StandardService - Starting service [Tomcat]
2026-06-27 15:56:32.319 [restartedMain] INFO  org.apache.catalina.core.StandardEngine - Starting Servlet engine: [Apache Tomcat/9.0.83]
2026-06-27 15:56:32.358 [restartedMain] INFO  o.a.c.core.ContainerBase.[Tomcat].[localhost].[/] - Initializing Spring embedded WebApplicationContext
2026-06-27 15:56:32.358 [restartedMain] INFO  o.s.b.w.s.c.ServletWebServerApplicationContext - Root WebApplicationContext: initialization completed in 679 ms
2026-06-27 15:56:32.432 [restartedMain] INFO  c.a.d.s.b.a.DruidDataSourceAutoConfigure - Init DruidDataSource
2026-06-27 15:56:32.629 [restartedMain] INFO  com.alibaba.druid.pool.DruidDataSource - {dataSource-7} inited
2026-06-27 15:56:36.177 [restartedMain] INFO  o.s.b.d.autoconfigure.OptionalLiveReloadServer - LiveReload server is running on port 35729
2026-06-27 15:56:36.201 [restartedMain] INFO  org.apache.coyote.http11.Http11NioProtocol - Starting ProtocolHandler ["http-nio-8080"]
2026-06-27 15:56:36.211 [restartedMain] INFO  o.s.boot.web.embedded.tomcat.TomcatWebServer - Tomcat started on port(s): 8080 (http) with context path ''
2026-06-27 15:56:36.216 [restartedMain] INFO  com.project.travel.TravelApplication - Started TravelApplication in 4.617 seconds (JVM running for 72790.653)
2026-06-27 15:56:36.217 [restartedMain] INFO  o.s.b.d.a.ConditionEvaluationDeltaLoggingListener - Condition evaluation unchanged
2026-06-27 15:59:38.471 [File Watcher] INFO  o.s.b.d.a.LocalDevToolsAutoConfiguration$RestartingClassPathChangeChangedEventListener - Restarting due to 1 class path change (1 addition, 0 deletions, 0 modifications)
2026-06-27 15:59:40.978 [Thread-29] INFO  org.apache.coyote.http11.Http11NioProtocol - Pausing ProtocolHandler ["http-nio-8080"]
2026-06-27 15:59:40.979 [Thread-29] INFO  org.apache.catalina.core.StandardService - Stopping service [Tomcat]
2026-06-27 15:59:40.999 [Thread-29] INFO  org.apache.coyote.http11.Http11NioProtocol - Stopping ProtocolHandler ["http-nio-8080"]
2026-06-27 15:59:41.007 [Thread-29] INFO  org.apache.coyote.http11.Http11NioProtocol - Destroying ProtocolHandler ["http-nio-8080"]
2026-06-27 15:59:41.013 [Thread-29] INFO  com.alibaba.druid.pool.DruidDataSource - {dataSource-7} closing ...
2026-06-27 15:59:41.038 [Thread-29] INFO  com.alibaba.druid.pool.DruidDataSource - {dataSource-7} closed
2026-06-27 15:59:41.534 [restartedMain] INFO  com.project.travel.TravelApplication - Starting TravelApplication using Java 1.8.0_202 on dilireba with PID 12036 (C:\maven\travel_system\travel\travel\travel-server\target\classes started by solitude in C:\maven\travel_system\travel\travel\travel-server)
2026-06-27 15:59:41.535 [restartedMain] INFO  com.project.travel.TravelApplication - The following 1 profile is active: "dev"
2026-06-27 15:59:41.928 [restartedMain] INFO  o.s.d.r.config.RepositoryConfigurationDelegate - Multiple Spring Data modules found, entering strict repository configuration mode
2026-06-27 15:59:41.928 [restartedMain] INFO  o.s.d.r.config.RepositoryConfigurationDelegate - Bootstrapping Spring Data Redis repositories in DEFAULT mode.
2026-06-27 15:59:41.952 [restartedMain] INFO  o.s.d.r.config.RepositoryConfigurationDelegate - Finished Spring Data repository scanning in 22 ms. Found 0 Redis repository interfaces.
2026-06-27 15:59:42.182 [restartedMain] INFO  o.s.boot.web.embedded.tomcat.TomcatWebServer - Tomcat initialized with port(s): 8080 (http)
2026-06-27 15:59:42.183 [restartedMain] INFO  org.apache.coyote.http11.Http11NioProtocol - Initializing ProtocolHandler ["http-nio-8080"]
2026-06-27 15:59:42.183 [restartedMain] INFO  org.apache.catalina.core.StandardService - Starting service [Tomcat]
2026-06-27 15:59:42.183 [restartedMain] INFO  org.apache.catalina.core.StandardEngine - Starting Servlet engine: [Apache Tomcat/9.0.83]
2026-06-27 15:59:42.216 [restartedMain] INFO  o.a.c.core.ContainerBase.[Tomcat].[localhost].[/] - Initializing Spring embedded WebApplicationContext
2026-06-27 15:59:42.216 [restartedMain] INFO  o.s.b.w.s.c.ServletWebServerApplicationContext - Root WebApplicationContext: initialization completed in 678 ms
2026-06-27 15:59:42.268 [restartedMain] INFO  c.a.d.s.b.a.DruidDataSourceAutoConfigure - Init DruidDataSource
2026-06-27 15:59:42.425 [restartedMain] INFO  com.alibaba.druid.pool.DruidDataSource - {dataSource-8} inited
2026-06-27 15:59:45.648 [restartedMain] INFO  o.s.b.d.autoconfigure.OptionalLiveReloadServer - LiveReload server is running on port 35729
2026-06-27 15:59:45.675 [restartedMain] INFO  org.apache.coyote.http11.Http11NioProtocol - Starting ProtocolHandler ["http-nio-8080"]
2026-06-27 15:59:45.698 [restartedMain] INFO  o.s.boot.web.embedded.tomcat.TomcatWebServer - Tomcat started on port(s): 8080 (http) with context path ''
2026-06-27 15:59:45.701 [restartedMain] INFO  com.project.travel.TravelApplication - Started TravelApplication in 4.231 seconds (JVM running for 72980.137)
2026-06-27 15:59:45.702 [restartedMain] INFO  o.s.b.d.a.ConditionEvaluationDeltaLoggingListener - Condition evaluation unchanged
2026-06-27 15:59:49.313 [File Watcher] INFO  o.s.b.d.a.LocalDevToolsAutoConfiguration$RestartingClassPathChangeChangedEventListener - Restarting due to 1 class path change (1 addition, 0 deletions, 0 modifications)
2026-06-27 15:59:52.063 [Thread-33] INFO  org.apache.coyote.http11.Http11NioProtocol - Pausing ProtocolHandler ["http-nio-8080"]
2026-06-27 15:59:52.065 [Thread-33] INFO  org.apache.catalina.core.StandardService - Stopping service [Tomcat]
2026-06-27 15:59:52.081 [Thread-33] INFO  org.apache.coyote.http11.Http11NioProtocol - Stopping ProtocolHandler ["http-nio-8080"]
2026-06-27 15:59:52.095 [Thread-33] INFO  org.apache.coyote.http11.Http11NioProtocol - Destroying ProtocolHandler ["http-nio-8080"]
2026-06-27 15:59:52.097 [Thread-33] INFO  com.alibaba.druid.pool.DruidDataSource - {dataSource-8} closing ...
2026-06-27 15:59:52.107 [Thread-33] INFO  com.alibaba.druid.pool.DruidDataSource - {dataSource-8} closed
2026-06-27 15:59:52.645 [restartedMain] INFO  com.project.travel.TravelApplication - Starting TravelApplication using Java 1.8.0_202 on dilireba with PID 12036 (C:\maven\travel_system\travel\travel\travel-server\target\classes started by solitude in C:\maven\travel_system\travel\travel\travel-server)
2026-06-27 15:59:52.647 [restartedMain] INFO  com.project.travel.TravelApplication - The following 1 profile is active: "dev"
2026-06-27 15:59:52.951 [restartedMain] INFO  o.s.d.r.config.RepositoryConfigurationDelegate - Multiple Spring Data modules found, entering strict repository configuration mode
2026-06-27 15:59:52.951 [restartedMain] INFO  o.s.d.r.config.RepositoryConfigurationDelegate - Bootstrapping Spring Data Redis repositories in DEFAULT mode.
2026-06-27 15:59:52.975 [restartedMain] INFO  o.s.d.r.config.RepositoryConfigurationDelegate - Finished Spring Data repository scanning in 24 ms. Found 0 Redis repository interfaces.
2026-06-27 15:59:53.384 [restartedMain] INFO  o.s.boot.web.embedded.tomcat.TomcatWebServer - Tomcat initialized with port(s): 8080 (http)
2026-06-27 15:59:53.390 [restartedMain] INFO  org.apache.coyote.http11.Http11NioProtocol - Initializing ProtocolHandler ["http-nio-8080"]
2026-06-27 15:59:53.390 [restartedMain] INFO  org.apache.catalina.core.StandardService - Starting service [Tomcat]
2026-06-27 15:59:53.391 [restartedMain] INFO  org.apache.catalina.core.StandardEngine - Starting Servlet engine: [Apache Tomcat/9.0.83]
2026-06-27 15:59:53.520 [restartedMain] INFO  o.a.c.core.ContainerBase.[Tomcat].[localhost].[/] - Initializing Spring embedded WebApplicationContext
2026-06-27 15:59:53.521 [restartedMain] INFO  o.s.b.w.s.c.ServletWebServerApplicationContext - Root WebApplicationContext: initialization completed in 871 ms
2026-06-27 15:59:53.792 [restartedMain] INFO  c.a.d.s.b.a.DruidDataSourceAutoConfigure - Init DruidDataSource
2026-06-27 15:59:53.965 [restartedMain] INFO  com.alibaba.druid.pool.DruidDataSource - {dataSource-9} inited
2026-06-27 15:59:57.285 [restartedMain] INFO  o.s.b.d.autoconfigure.OptionalLiveReloadServer - LiveReload server is running on port 35729
2026-06-27 15:59:57.309 [restartedMain] INFO  org.apache.coyote.http11.Http11NioProtocol - Starting ProtocolHandler ["http-nio-8080"]
2026-06-27 15:59:57.323 [restartedMain] INFO  o.s.boot.web.embedded.tomcat.TomcatWebServer - Tomcat started on port(s): 8080 (http) with context path ''
2026-06-27 15:59:57.326 [restartedMain] INFO  com.project.travel.TravelApplication - Started TravelApplication in 4.74 seconds (JVM running for 72991.763)
2026-06-27 15:59:57.327 [restartedMain] INFO  o.s.b.d.a.ConditionEvaluationDeltaLoggingListener - Condition evaluation unchanged
2026-06-27 16:00:04.145 [File Watcher] INFO  o.s.b.d.a.LocalDevToolsAutoConfiguration$RestartingClassPathChangeChangedEventListener - Restarting due to 1 class path change (1 addition, 0 deletions, 0 modifications)
2026-06-27 16:00:06.881 [Thread-37] INFO  org.apache.coyote.http11.Http11NioProtocol - Pausing ProtocolHandler ["http-nio-8080"]
2026-06-27 16:00:06.882 [Thread-37] INFO  org.apache.catalina.core.StandardService - Stopping service [Tomcat]
2026-06-27 16:00:06.895 [Thread-37] INFO  org.apache.coyote.http11.Http11NioProtocol - Stopping ProtocolHandler ["http-nio-8080"]
2026-06-27 16:00:06.902 [Thread-37] INFO  org.apache.coyote.http11.Http11NioProtocol - Destroying ProtocolHandler ["http-nio-8080"]
2026-06-27 16:00:06.905 [Thread-37] INFO  com.alibaba.druid.pool.DruidDataSource - {dataSource-9} closing ...
2026-06-27 16:00:06.910 [Thread-37] INFO  com.alibaba.druid.pool.DruidDataSource - {dataSource-9} closed
2026-06-27 16:00:07.444 [restartedMain] INFO  com.project.travel.TravelApplication - Starting TravelApplication using Java 1.8.0_202 on dilireba with PID 12036 (C:\maven\travel_system\travel\travel\travel-server\target\classes started by solitude in C:\maven\travel_system\travel\travel\travel-server)
2026-06-27 16:00:07.445 [restartedMain] INFO  com.project.travel.TravelApplication - The following 1 profile is active: "dev"
2026-06-27 16:00:07.822 [restartedMain] INFO  o.s.d.r.config.RepositoryConfigurationDelegate - Multiple Spring Data modules found, entering strict repository configuration mode
2026-06-27 16:00:07.822 [restartedMain] INFO  o.s.d.r.config.RepositoryConfigurationDelegate - Bootstrapping Spring Data Redis repositories in DEFAULT mode.
2026-06-27 16:00:07.844 [restartedMain] INFO  o.s.d.r.config.RepositoryConfigurationDelegate - Finished Spring Data repository scanning in 21 ms. Found 0 Redis repository interfaces.
2026-06-27 16:00:07.986 [restartedMain] INFO  o.s.boot.web.embedded.tomcat.TomcatWebServer - Tomcat initialized with port(s): 8080 (http)
2026-06-27 16:00:07.987 [restartedMain] INFO  org.apache.coyote.http11.Http11NioProtocol - Initializing ProtocolHandler ["http-nio-8080"]
2026-06-27 16:00:07.987 [restartedMain] INFO  org.apache.catalina.core.StandardService - Starting service [Tomcat]
2026-06-27 16:00:07.987 [restartedMain] INFO  org.apache.catalina.core.StandardEngine - Starting Servlet engine: [Apache Tomcat/9.0.83]
2026-06-27 16:00:08.025 [restartedMain] INFO  o.a.c.core.ContainerBase.[Tomcat].[localhost].[/] - Initializing Spring embedded WebApplicationContext
2026-06-27 16:00:08.025 [restartedMain] INFO  o.s.b.w.s.c.ServletWebServerApplicationContext - Root WebApplicationContext: initialization completed in 577 ms
2026-06-27 16:00:08.155 [restartedMain] INFO  c.a.d.s.b.a.DruidDataSourceAutoConfigure - Init DruidDataSource
2026-06-27 16:00:08.689 [restartedMain] INFO  com.alibaba.druid.pool.DruidDataSource - {dataSource-10} inited
2026-06-27 16:00:12.477 [restartedMain] INFO  o.s.b.d.autoconfigure.OptionalLiveReloadServer - LiveReload server is running on port 35729
2026-06-27 16:00:12.515 [restartedMain] INFO  org.apache.coyote.http11.Http11NioProtocol - Starting ProtocolHandler ["http-nio-8080"]
2026-06-27 16:00:12.520 [restartedMain] INFO  o.s.boot.web.embedded.tomcat.TomcatWebServer - Tomcat started on port(s): 8080 (http) with context path ''
2026-06-27 16:00:12.525 [restartedMain] INFO  com.project.travel.TravelApplication - Started TravelApplication in 5.135 seconds (JVM running for 73006.962)
2026-06-27 16:00:12.527 [restartedMain] INFO  o.s.b.d.a.ConditionEvaluationDeltaLoggingListener - Condition evaluation unchanged
2026-06-27 16:00:14.009 [File Watcher] INFO  o.s.b.d.a.LocalDevToolsAutoConfiguration$RestartingClassPathChangeChangedEventListener - Restarting due to 1 class path change (1 addition, 0 deletions, 0 modifications)
2026-06-27 16:00:16.704 [Thread-41] INFO  org.apache.coyote.http11.Http11NioProtocol - Pausing ProtocolHandler ["http-nio-8080"]
2026-06-27 16:00:16.705 [Thread-41] INFO  org.apache.catalina.core.StandardService - Stopping service [Tomcat]
2026-06-27 16:00:16.730 [Thread-41] INFO  org.apache.coyote.http11.Http11NioProtocol - Stopping ProtocolHandler ["http-nio-8080"]
2026-06-27 16:00:16.743 [Thread-41] INFO  org.apache.coyote.http11.Http11NioProtocol - Destroying ProtocolHandler ["http-nio-8080"]
2026-06-27 16:00:16.744 [Thread-41] INFO  com.alibaba.druid.pool.DruidDataSource - {dataSource-10} closing ...
2026-06-27 16:00:16.753 [Thread-41] INFO  com.alibaba.druid.pool.DruidDataSource - {dataSource-10} closed
2026-06-27 16:00:17.380 [restartedMain] INFO  com.project.travel.TravelApplication - Starting TravelApplication using Java 1.8.0_202 on dilireba with PID 12036 (C:\maven\travel_system\travel\travel\travel-server\target\classes started by solitude in C:\maven\travel_system\travel\travel\travel-server)
2026-06-27 16:00:17.381 [restartedMain] INFO  com.project.travel.TravelApplication - The following 1 profile is active: "dev"
2026-06-27 16:00:17.719 [restartedMain] INFO  o.s.d.r.config.RepositoryConfigurationDelegate - Multiple Spring Data modules found, entering strict repository configuration mode
2026-06-27 16:00:17.721 [restartedMain] INFO  o.s.d.r.config.RepositoryConfigurationDelegate - Bootstrapping Spring Data Redis repositories in DEFAULT mode.
2026-06-27 16:00:17.743 [restartedMain] INFO  o.s.d.r.config.RepositoryConfigurationDelegate - Finished Spring Data repository scanning in 22 ms. Found 0 Redis repository interfaces.
2026-06-27 16:00:17.968 [restartedMain] INFO  o.s.boot.web.embedded.tomcat.TomcatWebServer - Tomcat initialized with port(s): 8080 (http)
2026-06-27 16:00:17.970 [restartedMain] INFO  org.apache.coyote.http11.Http11NioProtocol - Initializing ProtocolHandler ["http-nio-8080"]
2026-06-27 16:00:17.970 [restartedMain] INFO  org.apache.catalina.core.StandardService - Starting service [Tomcat]
2026-06-27 16:00:17.971 [restartedMain] INFO  org.apache.catalina.core.StandardEngine - Starting Servlet engine: [Apache Tomcat/9.0.83]
2026-06-27 16:00:18.005 [restartedMain] INFO  o.a.c.core.ContainerBase.[Tomcat].[localhost].[/] - Initializing Spring embedded WebApplicationContext
2026-06-27 16:00:18.005 [restartedMain] INFO  o.s.b.w.s.c.ServletWebServerApplicationContext - Root WebApplicationContext: initialization completed in 618 ms
2026-06-27 16:00:18.054 [restartedMain] INFO  c.a.d.s.b.a.DruidDataSourceAutoConfigure - Init DruidDataSource
2026-06-27 16:00:18.191 [restartedMain] INFO  com.alibaba.druid.pool.DruidDataSource - {dataSource-11} inited
2026-06-27 16:00:21.202 [restartedMain] INFO  o.s.b.d.autoconfigure.OptionalLiveReloadServer - LiveReload server is running on port 35729
2026-06-27 16:00:21.281 [restartedMain] INFO  org.apache.coyote.http11.Http11NioProtocol - Starting ProtocolHandler ["http-nio-8080"]
2026-06-27 16:00:21.290 [restartedMain] INFO  o.s.boot.web.embedded.tomcat.TomcatWebServer - Tomcat started on port(s): 8080 (http) with context path ''
2026-06-27 16:00:21.294 [restartedMain] INFO  com.project.travel.TravelApplication - Started TravelApplication in 3.979 seconds (JVM running for 73015.731)
2026-06-27 16:00:21.295 [restartedMain] INFO  o.s.b.d.a.ConditionEvaluationDeltaLoggingListener - Condition evaluation unchanged
2026-06-27 16:00:22.723 [File Watcher] INFO  o.s.b.d.a.LocalDevToolsAutoConfiguration$RestartingClassPathChangeChangedEventListener - Restarting due to 2 class path changes (2 additions, 0 deletions, 0 modifications)
2026-06-27 16:00:25.799 [Thread-45] INFO  org.apache.coyote.http11.Http11NioProtocol - Pausing ProtocolHandler ["http-nio-8080"]
2026-06-27 16:00:25.800 [Thread-45] INFO  org.apache.catalina.core.StandardService - Stopping service [Tomcat]
2026-06-27 16:00:25.814 [Thread-45] INFO  org.apache.coyote.http11.Http11NioProtocol - Stopping ProtocolHandler ["http-nio-8080"]
2026-06-27 16:00:25.817 [Thread-45] INFO  org.apache.coyote.http11.Http11NioProtocol - Destroying ProtocolHandler ["http-nio-8080"]
2026-06-27 16:00:25.819 [Thread-45] INFO  com.alibaba.druid.pool.DruidDataSource - {dataSource-11} closing ...
2026-06-27 16:00:25.823 [Thread-45] INFO  com.alibaba.druid.pool.DruidDataSource - {dataSource-11} closed
2026-06-27 16:00:26.314 [restartedMain] INFO  com.project.travel.TravelApplication - Starting TravelApplication using Java 1.8.0_202 on dilireba with PID 12036 (C:\maven\travel_system\travel\travel\travel-server\target\classes started by solitude in C:\maven\travel_system\travel\travel\travel-server)
2026-06-27 16:00:26.315 [restartedMain] INFO  com.project.travel.TravelApplication - The following 1 profile is active: "dev"
2026-06-27 16:00:26.563 [restartedMain] INFO  o.s.d.r.config.RepositoryConfigurationDelegate - Multiple Spring Data modules found, entering strict repository configuration mode
2026-06-27 16:00:26.564 [restartedMain] INFO  o.s.d.r.config.RepositoryConfigurationDelegate - Bootstrapping Spring Data Redis repositories in DEFAULT mode.
2026-06-27 16:00:26.585 [restartedMain] INFO  o.s.d.r.config.RepositoryConfigurationDelegate - Finished Spring Data repository scanning in 20 ms. Found 0 Redis repository interfaces.
2026-06-27 16:00:26.727 [restartedMain] INFO  o.s.boot.web.embedded.tomcat.TomcatWebServer - Tomcat initialized with port(s): 8080 (http)
2026-06-27 16:00:26.728 [restartedMain] INFO  org.apache.coyote.http11.Http11NioProtocol - Initializing ProtocolHandler ["http-nio-8080"]
2026-06-27 16:00:26.728 [restartedMain] INFO  org.apache.catalina.core.StandardService - Starting service [Tomcat]
2026-06-27 16:00:26.728 [restartedMain] INFO  org.apache.catalina.core.StandardEngine - Starting Servlet engine: [Apache Tomcat/9.0.83]
2026-06-27 16:00:26.765 [restartedMain] INFO  o.a.c.core.ContainerBase.[Tomcat].[localhost].[/] - Initializing Spring embedded WebApplicationContext
2026-06-27 16:00:26.765 [restartedMain] INFO  o.s.b.w.s.c.ServletWebServerApplicationContext - Root WebApplicationContext: initialization completed in 448 ms
2026-06-27 16:00:26.804 [restartedMain] INFO  c.a.d.s.b.a.DruidDataSourceAutoConfigure - Init DruidDataSource
2026-06-27 16:00:26.960 [restartedMain] INFO  com.alibaba.druid.pool.DruidDataSource - {dataSource-12} inited
2026-06-27 16:00:29.976 [restartedMain] INFO  o.s.b.d.autoconfigure.OptionalLiveReloadServer - LiveReload server is running on port 35729
2026-06-27 16:00:30.059 [restartedMain] INFO  org.apache.coyote.http11.Http11NioProtocol - Starting ProtocolHandler ["http-nio-8080"]
2026-06-27 16:00:30.069 [restartedMain] INFO  o.s.boot.web.embedded.tomcat.TomcatWebServer - Tomcat started on port(s): 8080 (http) with context path ''
2026-06-27 16:00:30.073 [restartedMain] INFO  com.project.travel.TravelApplication - Started TravelApplication in 3.802 seconds (JVM running for 73024.51)
2026-06-27 16:00:30.074 [restartedMain] INFO  o.s.b.d.a.ConditionEvaluationDeltaLoggingListener - Condition evaluation unchanged
2026-06-27 16:00:31.517 [File Watcher] INFO  o.s.b.d.a.LocalDevToolsAutoConfiguration$RestartingClassPathChangeChangedEventListener - Restarting due to 1 class path change (1 addition, 0 deletions, 0 modifications)
2026-06-27 16:00:33.795 [Thread-49] INFO  org.apache.coyote.http11.Http11NioProtocol - Pausing ProtocolHandler ["http-nio-8080"]
2026-06-27 16:00:33.796 [Thread-49] INFO  org.apache.catalina.core.StandardService - Stopping service [Tomcat]
2026-06-27 16:00:33.807 [Thread-49] INFO  org.apache.coyote.http11.Http11NioProtocol - Stopping ProtocolHandler ["http-nio-8080"]
2026-06-27 16:00:33.814 [Thread-49] INFO  org.apache.coyote.http11.Http11NioProtocol - Destroying ProtocolHandler ["http-nio-8080"]
2026-06-27 16:00:33.815 [Thread-49] INFO  com.alibaba.druid.pool.DruidDataSource - {dataSource-12} closing ...
2026-06-27 16:00:33.820 [Thread-49] INFO  com.alibaba.druid.pool.DruidDataSource - {dataSource-12} closed
2026-06-27 16:00:34.444 [restartedMain] INFO  com.project.travel.TravelApplication - Starting TravelApplication using Java 1.8.0_202 on dilireba with PID 12036 (C:\maven\travel_system\travel\travel\travel-server\target\classes started by solitude in C:\maven\travel_system\travel\travel\travel-server)
2026-06-27 16:00:34.444 [restartedMain] INFO  com.project.travel.TravelApplication - The following 1 profile is active: "dev"
2026-06-27 16:00:34.818 [restartedMain] INFO  o.s.d.r.config.RepositoryConfigurationDelegate - Multiple Spring Data modules found, entering strict repository configuration mode
2026-06-27 16:00:34.818 [restartedMain] INFO  o.s.d.r.config.RepositoryConfigurationDelegate - Bootstrapping Spring Data Redis repositories in DEFAULT mode.
2026-06-27 16:00:34.850 [restartedMain] INFO  o.s.d.r.config.RepositoryConfigurationDelegate - Finished Spring Data repository scanning in 30 ms. Found 0 Redis repository interfaces.
2026-06-27 16:00:35.022 [restartedMain] INFO  o.s.boot.web.embedded.tomcat.TomcatWebServer - Tomcat initialized with port(s): 8080 (http)
2026-06-27 16:00:35.022 [restartedMain] INFO  org.apache.coyote.http11.Http11NioProtocol - Initializing ProtocolHandler ["http-nio-8080"]
2026-06-27 16:00:35.022 [restartedMain] INFO  org.apache.catalina.core.StandardService - Starting service [Tomcat]
2026-06-27 16:00:35.022 [restartedMain] INFO  org.apache.catalina.core.StandardEngine - Starting Servlet engine: [Apache Tomcat/9.0.83]
2026-06-27 16:00:35.052 [restartedMain] INFO  o.a.c.core.ContainerBase.[Tomcat].[localhost].[/] - Initializing Spring embedded WebApplicationContext
2026-06-27 16:00:35.052 [restartedMain] INFO  o.s.b.w.s.c.ServletWebServerApplicationContext - Root WebApplicationContext: initialization completed in 602 ms
2026-06-27 16:00:35.094 [restartedMain] INFO  c.a.d.s.b.a.DruidDataSourceAutoConfigure - Init DruidDataSource
2026-06-27 16:00:35.277 [restartedMain] INFO  com.alibaba.druid.pool.DruidDataSource - {dataSource-13} inited
2026-06-27 16:00:38.835 [restartedMain] INFO  o.s.b.d.autoconfigure.OptionalLiveReloadServer - LiveReload server is running on port 35729
2026-06-27 16:00:39.031 [restartedMain] INFO  org.apache.coyote.http11.Http11NioProtocol - Starting ProtocolHandler ["http-nio-8080"]
2026-06-27 16:00:39.047 [restartedMain] INFO  o.s.boot.web.embedded.tomcat.TomcatWebServer - Tomcat started on port(s): 8080 (http) with context path ''
2026-06-27 16:00:39.056 [restartedMain] INFO  com.project.travel.TravelApplication - Started TravelApplication in 4.703 seconds (JVM running for 73033.492)
2026-06-27 16:00:39.057 [restartedMain] INFO  o.s.b.d.a.ConditionEvaluationDeltaLoggingListener - Condition evaluation unchanged
2026-06-27 16:00:40.813 [File Watcher] INFO  o.s.b.d.a.LocalDevToolsAutoConfiguration$RestartingClassPathChangeChangedEventListener - Restarting due to 2 class path changes (2 additions, 0 deletions, 0 modifications)
2026-06-27 16:00:43.370 [Thread-53] INFO  org.apache.coyote.http11.Http11NioProtocol - Pausing ProtocolHandler ["http-nio-8080"]
2026-06-27 16:00:43.371 [Thread-53] INFO  org.apache.catalina.core.StandardService - Stopping service [Tomcat]
2026-06-27 16:00:43.380 [Thread-53] INFO  org.apache.coyote.http11.Http11NioProtocol - Stopping ProtocolHandler ["http-nio-8080"]
2026-06-27 16:00:43.385 [Thread-53] INFO  org.apache.coyote.http11.Http11NioProtocol - Destroying ProtocolHandler ["http-nio-8080"]
2026-06-27 16:00:43.387 [Thread-53] INFO  com.alibaba.druid.pool.DruidDataSource - {dataSource-13} closing ...
2026-06-27 16:00:43.390 [Thread-53] INFO  com.alibaba.druid.pool.DruidDataSource - {dataSource-13} closed
2026-06-27 16:00:43.939 [restartedMain] INFO  com.project.travel.TravelApplication - Starting TravelApplication using Java 1.8.0_202 on dilireba with PID 12036 (C:\maven\travel_system\travel\travel\travel-server\target\classes started by solitude in C:\maven\travel_system\travel\travel\travel-server)
2026-06-27 16:00:43.939 [restartedMain] INFO  com.project.travel.TravelApplication - The following 1 profile is active: "dev"
2026-06-27 16:00:44.260 [restartedMain] INFO  o.s.d.r.config.RepositoryConfigurationDelegate - Multiple Spring Data modules found, entering strict repository configuration mode
2026-06-27 16:00:44.260 [restartedMain] INFO  o.s.d.r.config.RepositoryConfigurationDelegate - Bootstrapping Spring Data Redis repositories in DEFAULT mode.
2026-06-27 16:00:44.281 [restartedMain] INFO  o.s.d.r.config.RepositoryConfigurationDelegate - Finished Spring Data repository scanning in 21 ms. Found 0 Redis repository interfaces.
2026-06-27 16:00:44.428 [restartedMain] INFO  o.s.boot.web.embedded.tomcat.TomcatWebServer - Tomcat initialized with port(s): 8080 (http)
2026-06-27 16:00:44.430 [restartedMain] INFO  org.apache.coyote.http11.Http11NioProtocol - Initializing ProtocolHandler ["http-nio-8080"]
2026-06-27 16:00:44.430 [restartedMain] INFO  org.apache.catalina.core.StandardService - Starting service [Tomcat]
2026-06-27 16:00:44.430 [restartedMain] INFO  org.apache.catalina.core.StandardEngine - Starting Servlet engine: [Apache Tomcat/9.0.83]
2026-06-27 16:00:44.458 [restartedMain] INFO  o.a.c.core.ContainerBase.[Tomcat].[localhost].[/] - Initializing Spring embedded WebApplicationContext
2026-06-27 16:00:44.459 [restartedMain] INFO  o.s.b.w.s.c.ServletWebServerApplicationContext - Root WebApplicationContext: initialization completed in 518 ms
2026-06-27 16:00:44.498 [restartedMain] INFO  c.a.d.s.b.a.DruidDataSourceAutoConfigure - Init DruidDataSource
2026-06-27 16:00:44.624 [restartedMain] INFO  com.alibaba.druid.pool.DruidDataSource - {dataSource-14} inited
2026-06-27 16:00:47.697 [restartedMain] INFO  o.s.b.d.autoconfigure.OptionalLiveReloadServer - LiveReload server is running on port 35729
2026-06-27 16:00:47.787 [restartedMain] INFO  org.apache.coyote.http11.Http11NioProtocol - Starting ProtocolHandler ["http-nio-8080"]
2026-06-27 16:00:47.795 [restartedMain] INFO  o.s.boot.web.embedded.tomcat.TomcatWebServer - Tomcat started on port(s): 8080 (http) with context path ''
2026-06-27 16:00:47.798 [restartedMain] INFO  com.project.travel.TravelApplication - Started TravelApplication in 3.917 seconds (JVM running for 73042.236)
2026-06-27 16:00:47.798 [restartedMain] INFO  o.s.b.d.a.ConditionEvaluationDeltaLoggingListener - Condition evaluation unchanged
2026-06-27 16:01:04.338 [File Watcher] INFO  o.s.b.d.a.LocalDevToolsAutoConfiguration$RestartingClassPathChangeChangedEventListener - Restarting due to 1 class path change (1 addition, 0 deletions, 0 modifications)
2026-06-27 16:01:06.982 [Thread-57] INFO  org.apache.coyote.http11.Http11NioProtocol - Pausing ProtocolHandler ["http-nio-8080"]
2026-06-27 16:01:06.982 [Thread-57] INFO  org.apache.catalina.core.StandardService - Stopping service [Tomcat]
2026-06-27 16:01:06.993 [Thread-57] INFO  org.apache.coyote.http11.Http11NioProtocol - Stopping ProtocolHandler ["http-nio-8080"]
2026-06-27 16:01:06.996 [Thread-57] INFO  org.apache.coyote.http11.Http11NioProtocol - Destroying ProtocolHandler ["http-nio-8080"]
2026-06-27 16:01:06.997 [Thread-57] INFO  com.alibaba.druid.pool.DruidDataSource - {dataSource-14} closing ...
2026-06-27 16:01:07.001 [Thread-57] INFO  com.alibaba.druid.pool.DruidDataSource - {dataSource-14} closed
2026-06-27 16:01:07.575 [restartedMain] INFO  com.project.travel.TravelApplication - Starting TravelApplication using Java 1.8.0_202 on dilireba with PID 12036 (C:\maven\travel_system\travel\travel\travel-server\target\classes started by solitude in C:\maven\travel_system\travel\travel\travel-server)
2026-06-27 16:01:07.575 [restartedMain] INFO  com.project.travel.TravelApplication - The following 1 profile is active: "dev"
2026-06-27 16:01:08.111 [restartedMain] INFO  o.s.d.r.config.RepositoryConfigurationDelegate - Multiple Spring Data modules found, entering strict repository configuration mode
2026-06-27 16:01:08.111 [restartedMain] INFO  o.s.d.r.config.RepositoryConfigurationDelegate - Bootstrapping Spring Data Redis repositories in DEFAULT mode.
2026-06-27 16:01:08.155 [restartedMain] INFO  o.s.d.r.config.RepositoryConfigurationDelegate - Finished Spring Data repository scanning in 42 ms. Found 0 Redis repository interfaces.
2026-06-27 16:01:08.536 [restartedMain] INFO  o.s.boot.web.embedded.tomcat.TomcatWebServer - Tomcat initialized with port(s): 8080 (http)
2026-06-27 16:01:08.536 [restartedMain] INFO  org.apache.coyote.http11.Http11NioProtocol - Initializing ProtocolHandler ["http-nio-8080"]
2026-06-27 16:01:08.539 [restartedMain] INFO  org.apache.catalina.core.StandardService - Starting service [Tomcat]
2026-06-27 16:01:08.540 [restartedMain] INFO  org.apache.catalina.core.StandardEngine - Starting Servlet engine: [Apache Tomcat/9.0.83]
2026-06-27 16:01:08.626 [restartedMain] INFO  o.a.c.core.ContainerBase.[Tomcat].[localhost].[/] - Initializing Spring embedded WebApplicationContext
2026-06-27 16:01:08.631 [restartedMain] INFO  o.s.b.w.s.c.ServletWebServerApplicationContext - Root WebApplicationContext: initialization completed in 1053 ms
2026-06-27 16:01:08.832 [restartedMain] INFO  c.a.d.s.b.a.DruidDataSourceAutoConfigure - Init DruidDataSource
2026-06-27 16:01:09.021 [restartedMain] INFO  com.alibaba.druid.pool.DruidDataSource - {dataSource-15} inited
2026-06-27 16:01:12.379 [restartedMain] INFO  com.alibaba.druid.pool.DruidDataSource - {dataSource-15} closing ...
2026-06-27 16:01:12.381 [restartedMain] INFO  com.alibaba.druid.pool.DruidDataSource - {dataSource-15} closed
2026-06-27 16:01:12.386 [restartedMain] INFO  org.apache.catalina.core.StandardService - Stopping service [Tomcat]
2026-06-27 16:01:12.399 [restartedMain] INFO  o.s.b.a.l.ConditionEvaluationReportLoggingListener - 

Error starting ApplicationContext. To display the conditions report re-run your application with 'debug' enabled.
2026-06-27 16:01:14.199 [restartedMain] INFO  com.project.travel.TravelApplication - Starting TravelApplication using Java 1.8.0_202 on dilireba with PID 12036 (C:\maven\travel_system\travel\travel\travel-server\target\classes started by solitude in C:\maven\travel_system\travel\travel\travel-server)
2026-06-27 16:01:14.199 [restartedMain] INFO  com.project.travel.TravelApplication - The following 1 profile is active: "dev"
2026-06-27 16:01:14.580 [restartedMain] INFO  o.s.d.r.config.RepositoryConfigurationDelegate - Multiple Spring Data modules found, entering strict repository configuration mode
2026-06-27 16:01:14.581 [restartedMain] INFO  o.s.d.r.config.RepositoryConfigurationDelegate - Bootstrapping Spring Data Redis repositories in DEFAULT mode.
2026-06-27 16:01:14.607 [restartedMain] INFO  o.s.d.r.config.RepositoryConfigurationDelegate - Finished Spring Data repository scanning in 25 ms. Found 0 Redis repository interfaces.
2026-06-27 16:01:14.887 [restartedMain] INFO  o.s.boot.web.embedded.tomcat.TomcatWebServer - Tomcat initialized with port(s): 8080 (http)
2026-06-27 16:01:14.887 [restartedMain] INFO  org.apache.coyote.http11.Http11NioProtocol - Initializing ProtocolHandler ["http-nio-8080"]
2026-06-27 16:01:14.887 [restartedMain] INFO  org.apache.catalina.core.StandardService - Starting service [Tomcat]
2026-06-27 16:01:14.887 [restartedMain] INFO  org.apache.catalina.core.StandardEngine - Starting Servlet engine: [Apache Tomcat/9.0.83]
2026-06-27 16:01:14.928 [restartedMain] INFO  o.a.c.c.ContainerBase.[Tomcat-1].[localhost].[/] - Initializing Spring embedded WebApplicationContext
2026-06-27 16:01:14.928 [restartedMain] INFO  o.s.b.w.s.c.ServletWebServerApplicationContext - Root WebApplicationContext: initialization completed in 723 ms
2026-06-27 16:01:14.972 [restartedMain] INFO  c.a.d.s.b.a.DruidDataSourceAutoConfigure - Init DruidDataSource
2026-06-27 16:01:15.145 [restartedMain] INFO  com.alibaba.druid.pool.DruidDataSource - {dataSource-16} inited
2026-06-27 16:01:18.730 [restartedMain] INFO  com.alibaba.druid.pool.DruidDataSource - {dataSource-16} closing ...
2026-06-27 16:01:18.733 [restartedMain] INFO  com.alibaba.druid.pool.DruidDataSource - {dataSource-16} closed
2026-06-27 16:01:18.736 [restartedMain] INFO  org.apache.catalina.core.StandardService - Stopping service [Tomcat]
2026-06-27 16:01:18.744 [restartedMain] INFO  o.s.b.a.l.ConditionEvaluationReportLoggingListener - 

Error starting ApplicationContext. To display the conditions report re-run your application with 'debug' enabled.
2026-06-27 16:01:22.538 [restartedMain] INFO  com.project.travel.TravelApplication - Starting TravelApplication using Java 1.8.0_202 on dilireba with PID 12036 (C:\maven\travel_system\travel\travel\travel-server\target\classes started by solitude in C:\maven\travel_system\travel\travel\travel-server)
2026-06-27 16:01:22.538 [restartedMain] INFO  com.project.travel.TravelApplication - The following 1 profile is active: "dev"
2026-06-27 16:01:23.014 [restartedMain] INFO  o.s.d.r.config.RepositoryConfigurationDelegate - Multiple Spring Data modules found, entering strict repository configuration mode
2026-06-27 16:01:23.015 [restartedMain] INFO  o.s.d.r.config.RepositoryConfigurationDelegate - Bootstrapping Spring Data Redis repositories in DEFAULT mode.
2026-06-27 16:01:23.087 [restartedMain] INFO  o.s.d.r.config.RepositoryConfigurationDelegate - Finished Spring Data repository scanning in 70 ms. Found 0 Redis repository interfaces.
2026-06-27 16:01:23.280 [restartedMain] INFO  o.s.boot.web.embedded.tomcat.TomcatWebServer - Tomcat initialized with port(s): 8080 (http)
2026-06-27 16:01:23.281 [restartedMain] INFO  org.apache.coyote.http11.Http11NioProtocol - Initializing ProtocolHandler ["http-nio-8080"]
2026-06-27 16:01:23.281 [restartedMain] INFO  org.apache.catalina.core.StandardService - Starting service [Tomcat]
2026-06-27 16:01:23.281 [restartedMain] INFO  org.apache.catalina.core.StandardEngine - Starting Servlet engine: [Apache Tomcat/9.0.83]
2026-06-27 16:01:23.343 [restartedMain] INFO  o.a.c.c.ContainerBase.[Tomcat-2].[localhost].[/] - Initializing Spring embedded WebApplicationContext
2026-06-27 16:01:23.344 [restartedMain] INFO  o.s.b.w.s.c.ServletWebServerApplicationContext - Root WebApplicationContext: initialization completed in 804 ms
2026-06-27 16:01:23.421 [restartedMain] INFO  c.a.d.s.b.a.DruidDataSourceAutoConfigure - Init DruidDataSource
2026-06-27 16:01:23.659 [restartedMain] INFO  com.alibaba.druid.pool.DruidDataSource - {dataSource-17} inited
2026-06-27 16:01:27.412 [restartedMain] INFO  o.s.b.d.autoconfigure.OptionalLiveReloadServer - LiveReload server is running on port 35729
2026-06-27 16:01:27.560 [restartedMain] INFO  org.apache.coyote.http11.Http11NioProtocol - Starting ProtocolHandler ["http-nio-8080"]
2026-06-27 16:01:27.571 [restartedMain] INFO  o.s.boot.web.embedded.tomcat.TomcatWebServer - Tomcat started on port(s): 8080 (http) with context path ''
2026-06-27 16:01:27.577 [restartedMain] INFO  com.project.travel.TravelApplication - Started TravelApplication in 5.104 seconds (JVM running for 73082.014)
2026-06-27 16:01:27.578 [restartedMain] INFO  o.s.b.d.a.ConditionEvaluationDeltaLoggingListener - Condition evaluation unchanged
2026-06-27 16:02:25.188 [File Watcher] INFO  o.s.b.d.a.LocalDevToolsAutoConfiguration$RestartingClassPathChangeChangedEventListener - Restarting due to 1 class path change (1 addition, 0 deletions, 0 modifications)
2026-06-27 16:02:28.057 [Thread-61] INFO  org.apache.coyote.http11.Http11NioProtocol - Pausing ProtocolHandler ["http-nio-8080"]
2026-06-27 16:02:28.059 [Thread-61] INFO  org.apache.catalina.core.StandardService - Stopping service [Tomcat]
2026-06-27 16:02:28.073 [Thread-61] INFO  org.apache.coyote.http11.Http11NioProtocol - Stopping ProtocolHandler ["http-nio-8080"]
2026-06-27 16:02:28.083 [Thread-61] INFO  org.apache.coyote.http11.Http11NioProtocol - Destroying ProtocolHandler ["http-nio-8080"]
2026-06-27 16:02:28.084 [Thread-61] INFO  com.alibaba.druid.pool.DruidDataSource - {dataSource-17} closing ...
2026-06-27 16:02:28.090 [Thread-61] INFO  com.alibaba.druid.pool.DruidDataSource - {dataSource-17} closed
2026-06-27 16:02:28.892 [restartedMain] INFO  com.project.travel.TravelApplication - Starting TravelApplication using Java 1.8.0_202 on dilireba with PID 12036 (C:\maven\travel_system\travel\travel\travel-server\target\classes started by solitude in C:\maven\travel_system\travel\travel\travel-server)
2026-06-27 16:02:28.892 [restartedMain] INFO  com.project.travel.TravelApplication - The following 1 profile is active: "dev"
2026-06-27 16:02:29.248 [restartedMain] INFO  o.s.d.r.config.RepositoryConfigurationDelegate - Multiple Spring Data modules found, entering strict repository configuration mode
2026-06-27 16:02:29.248 [restartedMain] INFO  o.s.d.r.config.RepositoryConfigurationDelegate - Bootstrapping Spring Data Redis repositories in DEFAULT mode.
2026-06-27 16:02:29.278 [restartedMain] INFO  o.s.d.r.config.RepositoryConfigurationDelegate - Finished Spring Data repository scanning in 29 ms. Found 0 Redis repository interfaces.
2026-06-27 16:02:29.518 [restartedMain] INFO  o.s.boot.web.embedded.tomcat.TomcatWebServer - Tomcat initialized with port(s): 8080 (http)
2026-06-27 16:02:29.518 [restartedMain] INFO  org.apache.coyote.http11.Http11NioProtocol - Initializing ProtocolHandler ["http-nio-8080"]
2026-06-27 16:02:29.519 [restartedMain] INFO  org.apache.catalina.core.StandardService - Starting service [Tomcat]
2026-06-27 16:02:29.519 [restartedMain] INFO  org.apache.catalina.core.StandardEngine - Starting Servlet engine: [Apache Tomcat/9.0.83]
2026-06-27 16:02:29.552 [restartedMain] INFO  o.a.c.c.ContainerBase.[Tomcat-2].[localhost].[/] - Initializing Spring embedded WebApplicationContext
2026-06-27 16:02:29.553 [restartedMain] INFO  o.s.b.w.s.c.ServletWebServerApplicationContext - Root WebApplicationContext: initialization completed in 656 ms
2026-06-27 16:02:29.604 [restartedMain] INFO  c.a.d.s.b.a.DruidDataSourceAutoConfigure - Init DruidDataSource
2026-06-27 16:02:29.760 [restartedMain] INFO  com.alibaba.druid.pool.DruidDataSource - {dataSource-18} inited
2026-06-27 16:02:33.001 [restartedMain] INFO  com.alibaba.druid.pool.DruidDataSource - {dataSource-18} closing ...
2026-06-27 16:02:33.003 [restartedMain] INFO  com.alibaba.druid.pool.DruidDataSource - {dataSource-18} closed
2026-06-27 16:02:33.007 [restartedMain] INFO  org.apache.catalina.core.StandardService - Stopping service [Tomcat]
2026-06-27 16:02:33.016 [restartedMain] INFO  o.s.b.a.l.ConditionEvaluationReportLoggingListener - 

Error starting ApplicationContext. To display the conditions report re-run your application with 'debug' enabled.
2026-06-27 16:02:41.131 [restartedMain] INFO  com.project.travel.TravelApplication - Starting TravelApplication using Java 1.8.0_202 on dilireba with PID 12036 (C:\maven\travel_system\travel\travel\travel-server\target\classes started by solitude in C:\maven\travel_system\travel\travel\travel-server)
2026-06-27 16:02:41.131 [restartedMain] INFO  com.project.travel.TravelApplication - The following 1 profile is active: "dev"
2026-06-27 16:02:41.495 [restartedMain] INFO  o.s.d.r.config.RepositoryConfigurationDelegate - Multiple Spring Data modules found, entering strict repository configuration mode
2026-06-27 16:02:41.495 [restartedMain] INFO  o.s.d.r.config.RepositoryConfigurationDelegate - Bootstrapping Spring Data Redis repositories in DEFAULT mode.
2026-06-27 16:02:41.520 [restartedMain] INFO  o.s.d.r.config.RepositoryConfigurationDelegate - Finished Spring Data repository scanning in 25 ms. Found 0 Redis repository interfaces.
2026-06-27 16:02:41.725 [restartedMain] INFO  o.s.boot.web.embedded.tomcat.TomcatWebServer - Tomcat initialized with port(s): 8080 (http)
2026-06-27 16:02:41.726 [restartedMain] INFO  org.apache.coyote.http11.Http11NioProtocol - Initializing ProtocolHandler ["http-nio-8080"]
2026-06-27 16:02:41.727 [restartedMain] INFO  org.apache.catalina.core.StandardService - Starting service [Tomcat]
2026-06-27 16:02:41.727 [restartedMain] INFO  org.apache.catalina.core.StandardEngine - Starting Servlet engine: [Apache Tomcat/9.0.83]
2026-06-27 16:02:41.777 [restartedMain] INFO  o.a.c.c.ContainerBase.[Tomcat-3].[localhost].[/] - Initializing Spring embedded WebApplicationContext
2026-06-27 16:02:41.777 [restartedMain] INFO  o.s.b.w.s.c.ServletWebServerApplicationContext - Root WebApplicationContext: initialization completed in 642 ms
2026-06-27 16:02:41.835 [restartedMain] INFO  c.a.d.s.b.a.DruidDataSourceAutoConfigure - Init DruidDataSource
2026-06-27 16:02:41.962 [restartedMain] INFO  com.alibaba.druid.pool.DruidDataSource - {dataSource-19} inited
2026-06-27 16:02:45.099 [restartedMain] INFO  com.alibaba.druid.pool.DruidDataSource - {dataSource-19} closing ...
2026-06-27 16:02:45.102 [restartedMain] INFO  com.alibaba.druid.pool.DruidDataSource - {dataSource-19} closed
2026-06-27 16:02:45.104 [restartedMain] INFO  org.apache.catalina.core.StandardService - Stopping service [Tomcat]
2026-06-27 16:02:45.111 [restartedMain] INFO  o.s.b.a.l.ConditionEvaluationReportLoggingListener - 

Error starting ApplicationContext. To display the conditions report re-run your application with 'debug' enabled.
2026-06-27 16:02:48.863 [restartedMain] INFO  com.project.travel.TravelApplication - Starting TravelApplication using Java 1.8.0_202 on dilireba with PID 12036 (C:\maven\travel_system\travel\travel\travel-server\target\classes started by solitude in C:\maven\travel_system\travel\travel\travel-server)
2026-06-27 16:02:48.864 [restartedMain] INFO  com.project.travel.TravelApplication - The following 1 profile is active: "dev"
2026-06-27 16:02:49.198 [restartedMain] INFO  o.s.d.r.config.RepositoryConfigurationDelegate - Multiple Spring Data modules found, entering strict repository configuration mode
2026-06-27 16:02:49.198 [restartedMain] INFO  o.s.d.r.config.RepositoryConfigurationDelegate - Bootstrapping Spring Data Redis repositories in DEFAULT mode.
2026-06-27 16:02:49.228 [restartedMain] INFO  o.s.d.r.config.RepositoryConfigurationDelegate - Finished Spring Data repository scanning in 27 ms. Found 0 Redis repository interfaces.
2026-06-27 16:02:49.403 [restartedMain] INFO  o.s.boot.web.embedded.tomcat.TomcatWebServer - Tomcat initialized with port(s): 8080 (http)
2026-06-27 16:02:49.403 [restartedMain] INFO  org.apache.coyote.http11.Http11NioProtocol - Initializing ProtocolHandler ["http-nio-8080"]
2026-06-27 16:02:49.403 [restartedMain] INFO  org.apache.catalina.core.StandardService - Starting service [Tomcat]
2026-06-27 16:02:49.403 [restartedMain] INFO  org.apache.catalina.core.StandardEngine - Starting Servlet engine: [Apache Tomcat/9.0.83]
2026-06-27 16:02:49.440 [restartedMain] INFO  o.a.c.c.ContainerBase.[Tomcat-4].[localhost].[/] - Initializing Spring embedded WebApplicationContext
2026-06-27 16:02:49.440 [restartedMain] INFO  o.s.b.w.s.c.ServletWebServerApplicationContext - Root WebApplicationContext: initialization completed in 572 ms
2026-06-27 16:02:49.475 [restartedMain] INFO  c.a.d.s.b.a.DruidDataSourceAutoConfigure - Init DruidDataSource
2026-06-27 16:02:49.610 [restartedMain] INFO  com.alibaba.druid.pool.DruidDataSource - {dataSource-20} inited
2026-06-27 16:02:52.926 [restartedMain] INFO  com.alibaba.druid.pool.DruidDataSource - {dataSource-20} closing ...
2026-06-27 16:02:52.928 [restartedMain] INFO  com.alibaba.druid.pool.DruidDataSource - {dataSource-20} closed
2026-06-27 16:02:52.930 [restartedMain] INFO  org.apache.catalina.core.StandardService - Stopping service [Tomcat]
2026-06-27 16:02:52.935 [restartedMain] INFO  o.s.b.a.l.ConditionEvaluationReportLoggingListener - 

Error starting ApplicationContext. To display the conditions report re-run your application with 'debug' enabled.
2026-06-27 16:02:56.733 [restartedMain] INFO  com.project.travel.TravelApplication - Starting TravelApplication using Java 1.8.0_202 on dilireba with PID 12036 (C:\maven\travel_system\travel\travel\travel-server\target\classes started by solitude in C:\maven\travel_system\travel\travel\travel-server)
2026-06-27 16:02:56.733 [restartedMain] INFO  com.project.travel.TravelApplication - The following 1 profile is active: "dev"
2026-06-27 16:02:57.063 [restartedMain] INFO  o.s.d.r.config.RepositoryConfigurationDelegate - Multiple Spring Data modules found, entering strict repository configuration mode
2026-06-27 16:02:57.063 [restartedMain] INFO  o.s.d.r.config.RepositoryConfigurationDelegate - Bootstrapping Spring Data Redis repositories in DEFAULT mode.
2026-06-27 16:02:57.094 [restartedMain] INFO  o.s.d.r.config.RepositoryConfigurationDelegate - Finished Spring Data repository scanning in 30 ms. Found 0 Redis repository interfaces.
2026-06-27 16:02:57.239 [restartedMain] INFO  o.s.boot.web.embedded.tomcat.TomcatWebServer - Tomcat initialized with port(s): 8080 (http)
2026-06-27 16:02:57.240 [restartedMain] INFO  org.apache.coyote.http11.Http11NioProtocol - Initializing ProtocolHandler ["http-nio-8080"]
2026-06-27 16:02:57.240 [restartedMain] INFO  org.apache.catalina.core.StandardService - Starting service [Tomcat]
2026-06-27 16:02:57.241 [restartedMain] INFO  org.apache.catalina.core.StandardEngine - Starting Servlet engine: [Apache Tomcat/9.0.83]
2026-06-27 16:02:57.286 [restartedMain] INFO  o.a.c.c.ContainerBase.[Tomcat-5].[localhost].[/] - Initializing Spring embedded WebApplicationContext
2026-06-27 16:02:57.286 [restartedMain] INFO  o.s.b.w.s.c.ServletWebServerApplicationContext - Root WebApplicationContext: initialization completed in 549 ms
2026-06-27 16:02:57.331 [restartedMain] INFO  c.a.d.s.b.a.DruidDataSourceAutoConfigure - Init DruidDataSource
2026-06-27 16:02:57.461 [restartedMain] INFO  com.alibaba.druid.pool.DruidDataSource - {dataSource-21} inited
2026-06-27 16:03:00.563 [restartedMain] INFO  com.alibaba.druid.pool.DruidDataSource - {dataSource-21} closing ...
2026-06-27 16:03:00.565 [restartedMain] INFO  com.alibaba.druid.pool.DruidDataSource - {dataSource-21} closed
2026-06-27 16:03:00.568 [restartedMain] INFO  org.apache.catalina.core.StandardService - Stopping service [Tomcat]
2026-06-27 16:03:00.576 [restartedMain] INFO  o.s.b.a.l.ConditionEvaluationReportLoggingListener - 

Error starting ApplicationContext. To display the conditions report re-run your application with 'debug' enabled.
2026-06-27 16:03:02.191 [restartedMain] INFO  com.project.travel.TravelApplication - Starting TravelApplication using Java 1.8.0_202 on dilireba with PID 12036 (C:\maven\travel_system\travel\travel\travel-server\target\classes started by solitude in C:\maven\travel_system\travel\travel\travel-server)
2026-06-27 16:03:02.191 [restartedMain] INFO  com.project.travel.TravelApplication - The following 1 profile is active: "dev"
2026-06-27 16:03:02.584 [restartedMain] INFO  o.s.d.r.config.RepositoryConfigurationDelegate - Multiple Spring Data modules found, entering strict repository configuration mode
2026-06-27 16:03:02.584 [restartedMain] INFO  o.s.d.r.config.RepositoryConfigurationDelegate - Bootstrapping Spring Data Redis repositories in DEFAULT mode.
2026-06-27 16:03:02.618 [restartedMain] INFO  o.s.d.r.config.RepositoryConfigurationDelegate - Finished Spring Data repository scanning in 32 ms. Found 0 Redis repository interfaces.
2026-06-27 16:03:02.831 [restartedMain] INFO  o.s.boot.web.embedded.tomcat.TomcatWebServer - Tomcat initialized with port(s): 8080 (http)
2026-06-27 16:03:02.832 [restartedMain] INFO  org.apache.coyote.http11.Http11NioProtocol - Initializing ProtocolHandler ["http-nio-8080"]
2026-06-27 16:03:02.832 [restartedMain] INFO  org.apache.catalina.core.StandardService - Starting service [Tomcat]
2026-06-27 16:03:02.832 [restartedMain] INFO  org.apache.catalina.core.StandardEngine - Starting Servlet engine: [Apache Tomcat/9.0.83]
2026-06-27 16:03:02.865 [restartedMain] INFO  o.a.c.c.ContainerBase.[Tomcat-6].[localhost].[/] - Initializing Spring embedded WebApplicationContext
2026-06-27 16:03:02.865 [restartedMain] INFO  o.s.b.w.s.c.ServletWebServerApplicationContext - Root WebApplicationContext: initialization completed in 671 ms
2026-06-27 16:03:02.897 [restartedMain] INFO  c.a.d.s.b.a.DruidDataSourceAutoConfigure - Init DruidDataSource
2026-06-27 16:03:03.007 [restartedMain] INFO  com.alibaba.druid.pool.DruidDataSource - {dataSource-22} inited
2026-06-27 16:03:06.253 [restartedMain] INFO  com.alibaba.druid.pool.DruidDataSource - {dataSource-22} closing ...
2026-06-27 16:03:06.255 [restartedMain] INFO  com.alibaba.druid.pool.DruidDataSource - {dataSource-22} closed
2026-06-27 16:03:06.259 [restartedMain] INFO  org.apache.catalina.core.StandardService - Stopping service [Tomcat]
2026-06-27 16:03:06.265 [restartedMain] INFO  o.s.b.a.l.ConditionEvaluationReportLoggingListener - 

Error starting ApplicationContext. To display the conditions report re-run your application with 'debug' enabled.
2026-06-27 16:03:09.099 [restartedMain] INFO  com.project.travel.TravelApplication - Starting TravelApplication using Java 1.8.0_202 on dilireba with PID 12036 (C:\maven\travel_system\travel\travel\travel-server\target\classes started by solitude in C:\maven\travel_system\travel\travel\travel-server)
2026-06-27 16:03:09.099 [restartedMain] INFO  com.project.travel.TravelApplication - The following 1 profile is active: "dev"
2026-06-27 16:03:09.611 [restartedMain] INFO  o.s.d.r.config.RepositoryConfigurationDelegate - Multiple Spring Data modules found, entering strict repository configuration mode
2026-06-27 16:03:09.612 [restartedMain] INFO  o.s.d.r.config.RepositoryConfigurationDelegate - Bootstrapping Spring Data Redis repositories in DEFAULT mode.
2026-06-27 16:03:09.653 [restartedMain] INFO  o.s.d.r.config.RepositoryConfigurationDelegate - Finished Spring Data repository scanning in 41 ms. Found 0 Redis repository interfaces.
2026-06-27 16:03:09.819 [restartedMain] INFO  o.s.boot.web.embedded.tomcat.TomcatWebServer - Tomcat initialized with port(s): 8080 (http)
2026-06-27 16:03:09.820 [restartedMain] INFO  org.apache.coyote.http11.Http11NioProtocol - Initializing ProtocolHandler ["http-nio-8080"]
2026-06-27 16:03:09.820 [restartedMain] INFO  org.apache.catalina.core.StandardService - Starting service [Tomcat]
2026-06-27 16:03:09.820 [restartedMain] INFO  org.apache.catalina.core.StandardEngine - Starting Servlet engine: [Apache Tomcat/9.0.83]
2026-06-27 16:03:09.863 [restartedMain] INFO  o.a.c.c.ContainerBase.[Tomcat-7].[localhost].[/] - Initializing Spring embedded WebApplicationContext
2026-06-27 16:03:09.863 [restartedMain] INFO  o.s.b.w.s.c.ServletWebServerApplicationContext - Root WebApplicationContext: initialization completed in 752 ms
2026-06-27 16:03:09.907 [restartedMain] INFO  c.a.d.s.b.a.DruidDataSourceAutoConfigure - Init DruidDataSource
2026-06-27 16:03:10.019 [restartedMain] INFO  com.alibaba.druid.pool.DruidDataSource - {dataSource-23} inited
2026-06-27 16:03:13.680 [restartedMain] INFO  o.s.b.d.autoconfigure.OptionalLiveReloadServer - LiveReload server is running on port 35729
2026-06-27 16:03:13.706 [restartedMain] INFO  org.apache.coyote.http11.Http11NioProtocol - Starting ProtocolHandler ["http-nio-8080"]
2026-06-27 16:03:13.747 [restartedMain] INFO  o.s.boot.web.embedded.tomcat.TomcatWebServer - Tomcat started on port(s): 8080 (http) with context path ''
2026-06-27 16:03:13.751 [restartedMain] INFO  com.project.travel.TravelApplication - Started TravelApplication in 4.842 seconds (JVM running for 73188.188)
2026-06-27 16:03:13.752 [restartedMain] INFO  o.s.b.d.a.ConditionEvaluationDeltaLoggingListener - Condition evaluation unchanged
2026-06-27 16:11:18.409 [SpringApplicationShutdownHook] INFO  com.alibaba.druid.pool.DruidDataSource - {dataSource-23} closing ...
2026-06-27 16:11:18.413 [SpringApplicationShutdownHook] INFO  com.alibaba.druid.pool.DruidDataSource - {dataSource-23} closed
2026-06-27 16:11:39.303 [restartedMain] INFO  com.project.travel.TravelApplication - Starting TravelApplication using Java 1.8.0_202 on dilireba with PID 37196 (C:\maven\travel_system\travel\travel\travel-server\target\classes started by solitude in C:\maven\travel_system\travel\travel\travel-server)
2026-06-27 16:11:39.304 [restartedMain] INFO  com.project.travel.TravelApplication - The following 1 profile is active: "dev"
2026-06-27 16:11:39.354 [restartedMain] INFO  o.s.b.d.env.DevToolsPropertyDefaultsPostProcessor - Devtools property defaults active! Set 'spring.devtools.add-properties' to 'false' to disable
2026-06-27 16:11:39.355 [restartedMain] INFO  o.s.b.d.env.DevToolsPropertyDefaultsPostProcessor - For additional web related logging consider setting the 'logging.level.web' property to 'DEBUG'
2026-06-27 16:11:39.901 [restartedMain] INFO  o.s.d.r.config.RepositoryConfigurationDelegate - Multiple Spring Data modules found, entering strict repository configuration mode
2026-06-27 16:11:39.903 [restartedMain] INFO  o.s.d.r.config.RepositoryConfigurationDelegate - Bootstrapping Spring Data Redis repositories in DEFAULT mode.
2026-06-27 16:11:39.930 [restartedMain] INFO  o.s.d.r.config.RepositoryConfigurationDelegate - Finished Spring Data repository scanning in 15 ms. Found 0 Redis repository interfaces.
2026-06-27 16:11:40.651 [restartedMain] INFO  o.s.boot.web.embedded.tomcat.TomcatWebServer - Tomcat initialized with port(s): 8080 (http)
2026-06-27 16:11:40.659 [restartedMain] INFO  org.apache.coyote.http11.Http11NioProtocol - Initializing ProtocolHandler ["http-nio-8080"]
2026-06-27 16:11:40.662 [restartedMain] INFO  org.apache.catalina.core.StandardService - Starting service [Tomcat]
2026-06-27 16:11:40.662 [restartedMain] INFO  org.apache.catalina.core.StandardEngine - Starting Servlet engine: [Apache Tomcat/9.0.83]
2026-06-27 16:11:40.733 [restartedMain] INFO  o.a.c.core.ContainerBase.[Tomcat].[localhost].[/] - Initializing Spring embedded WebApplicationContext
2026-06-27 16:11:40.733 [restartedMain] INFO  o.s.b.w.s.c.ServletWebServerApplicationContext - Root WebApplicationContext: initialization completed in 1378 ms
2026-06-27 16:11:41.080 [restartedMain] INFO  c.a.d.s.b.a.DruidDataSourceAutoConfigure - Init DruidDataSource
2026-06-27 16:11:42.652 [restartedMain] INFO  com.alibaba.druid.pool.DruidDataSource - {dataSource-1} inited
2026-06-27 16:11:48.586 [restartedMain] INFO  o.s.b.d.autoconfigure.OptionalLiveReloadServer - LiveReload server is running on port 35729
2026-06-27 16:11:48.616 [restartedMain] INFO  org.apache.coyote.http11.Http11NioProtocol - Starting ProtocolHandler ["http-nio-8080"]
2026-06-27 16:11:48.648 [restartedMain] INFO  o.s.boot.web.embedded.tomcat.TomcatWebServer - Tomcat started on port(s): 8080 (http) with context path ''
2026-06-27 16:11:48.661 [restartedMain] INFO  com.project.travel.TravelApplication - Started TravelApplication in 10.528 seconds (JVM running for 11.404)
2026-06-27 16:13:03.357 [http-nio-8080-exec-1] INFO  o.a.c.core.ContainerBase.[Tomcat].[localhost].[/] - Initializing Spring DispatcherServlet 'dispatcherServlet'
2026-06-27 16:13:03.357 [http-nio-8080-exec-1] INFO  org.springframework.web.servlet.DispatcherServlet - Initializing Servlet 'dispatcherServlet'
2026-06-27 16:13:03.360 [http-nio-8080-exec-1] INFO  org.springframework.web.servlet.DispatcherServlet - Completed initialization in 2 ms
2026-06-27 16:14:27.815 [http-nio-8080-exec-35] INFO  c.p.t.c.attractions.SysAttractionsController - 查询景点参数：SysAttractions(id=null, name=null, price=null, introduce=null, content=null, num=null, realName=null, images=null, scenicType=null, location=null, pv=null, open=null, time=null, state=1, createBy=null, createTime=null, updateBy=null, updateTime=null, pageNumber=1, pageSize=100)
2026-06-27 16:14:27.819 [http-nio-8080-exec-35] INFO  c.p.t.c.attractions.SysAttractionsController - location 参数值：null
2026-06-27 16:14:27.821 [http-nio-8080-exec-35] INFO  c.p.t.c.attractions.SysAttractionsController - 最终查询条件 SQL：(state = #{ew.paramNameValuePairs.MPGENVAL1}) ORDER BY create_time DESC
2026-06-27 16:14:27.836 [http-nio-8080-exec-35] INFO  c.p.t.c.attractions.SysAttractionsController - 查询结果数量：9
2026-06-27 16:14:27.856 [http-nio-8080-exec-38] INFO  c.p.t.c.attractions.SysAttractionsController - 查询景点参数：SysAttractions(id=null, name=null, price=null, introduce=null, content=null, num=null, realName=null, images=null, scenicType=null, location=null, pv=null, open=null, time=null, state=1, createBy=null, createTime=null, updateBy=null, updateTime=null, pageNumber=1, pageSize=100)
2026-06-27 16:14:27.856 [http-nio-8080-exec-37] INFO  c.p.t.c.attractions.SysAttractionsController - 查询景点参数：SysAttractions(id=null, name=, price=null, introduce=null, content=null, num=null, realName=null, images=null, scenicType=, location=, pv=null, open=null, time=null, state=1, createBy=null, createTime=null, updateBy=null, updateTime=null, pageNumber=1, pageSize=9)
2026-06-27 16:14:27.856 [http-nio-8080-exec-37] INFO  c.p.t.c.attractions.SysAttractionsController - location 参数值：
2026-06-27 16:14:27.856 [http-nio-8080-exec-38] INFO  c.p.t.c.attractions.SysAttractionsController - location 参数值：null
2026-06-27 16:14:27.857 [http-nio-8080-exec-37] INFO  c.p.t.c.attractions.SysAttractionsController - 最终查询条件 SQL：(state = #{ew.paramNameValuePairs.MPGENVAL1}) ORDER BY create_time DESC
2026-06-27 16:14:27.857 [http-nio-8080-exec-38] INFO  c.p.t.c.attractions.SysAttractionsController - 最终查询条件 SQL：(state = #{ew.paramNameValuePairs.MPGENVAL1}) ORDER BY create_time DESC
2026-06-27 16:14:27.900 [http-nio-8080-exec-38] INFO  c.p.t.c.attractions.SysAttractionsController - 查询结果数量：9
2026-06-27 16:14:27.907 [http-nio-8080-exec-37] INFO  c.p.t.c.attractions.SysAttractionsController - 查询结果数量：9
2026-06-27 16:14:29.611 [http-nio-8080-exec-41] INFO  c.p.t.c.attractions.SysAttractionsController - 查询景点参数：SysAttractions(id=null, name=null, price=null, introduce=null, content=null, num=null, realName=null, images=null, scenicType=null, location=null, pv=null, open=null, time=null, state=1, createBy=null, createTime=null, updateBy=null, updateTime=null, pageNumber=1, pageSize=100)
2026-06-27 16:14:29.612 [http-nio-8080-exec-41] INFO  c.p.t.c.attractions.SysAttractionsController - location 参数值：null
2026-06-27 16:14:29.613 [http-nio-8080-exec-41] INFO  c.p.t.c.attractions.SysAttractionsController - 最终查询条件 SQL：(state = #{ew.paramNameValuePairs.MPGENVAL1}) ORDER BY create_time DESC
2026-06-27 16:14:29.629 [http-nio-8080-exec-41] INFO  c.p.t.c.attractions.SysAttractionsController - 查询结果数量：9
2026-06-27 16:16:32.860 [File Watcher] INFO  o.s.b.d.a.LocalDevToolsAutoConfiguration$RestartingClassPathChangeChangedEventListener - Restarting due to 29 class path changes (0 additions, 0 deletions, 29 modifications)
2026-06-27 16:16:35.774 [Thread-7] INFO  org.apache.coyote.http11.Http11NioProtocol - Pausing ProtocolHandler ["http-nio-8080"]
2026-06-27 16:16:35.775 [Thread-7] INFO  org.apache.catalina.core.StandardService - Stopping service [Tomcat]
2026-06-27 16:16:35.778 [Thread-7] INFO  o.a.c.core.ContainerBase.[Tomcat].[localhost].[/] - Destroying Spring FrameworkServlet 'dispatcherServlet'
2026-06-27 16:16:35.803 [Thread-7] INFO  org.apache.coyote.http11.Http11NioProtocol - Stopping ProtocolHandler ["http-nio-8080"]
2026-06-27 16:16:35.815 [Thread-7] INFO  org.apache.coyote.http11.Http11NioProtocol - Destroying ProtocolHandler ["http-nio-8080"]
2026-06-27 16:16:35.823 [Thread-7] INFO  com.alibaba.druid.pool.DruidDataSource - {dataSource-1} closing ...
2026-06-27 16:16:35.832 [Thread-7] INFO  com.alibaba.druid.pool.DruidDataSource - {dataSource-1} closed
2026-06-27 16:16:36.484 [restartedMain] INFO  com.project.travel.TravelApplication - Starting TravelApplication using Java 1.8.0_202 on dilireba with PID 37196 (C:\maven\travel_system\travel\travel\travel-server\target\classes started by solitude in C:\maven\travel_system\travel\travel\travel-server)
2026-06-27 16:16:36.484 [restartedMain] INFO  com.project.travel.TravelApplication - The following 1 profile is active: "dev"
2026-06-27 16:16:37.183 [restartedMain] INFO  o.s.d.r.config.RepositoryConfigurationDelegate - Multiple Spring Data modules found, entering strict repository configuration mode
2026-06-27 16:16:37.183 [restartedMain] INFO  o.s.d.r.config.RepositoryConfigurationDelegate - Bootstrapping Spring Data Redis repositories in DEFAULT mode.
2026-06-27 16:16:37.225 [restartedMain] INFO  o.s.d.r.config.RepositoryConfigurationDelegate - Finished Spring Data repository scanning in 41 ms. Found 0 Redis repository interfaces.
2026-06-27 16:16:37.952 [restartedMain] INFO  o.s.boot.web.embedded.tomcat.TomcatWebServer - Tomcat initialized with port(s): 8080 (http)
2026-06-27 16:16:37.954 [restartedMain] INFO  org.apache.coyote.http11.Http11NioProtocol - Initializing ProtocolHandler ["http-nio-8080"]
2026-06-27 16:16:37.954 [restartedMain] INFO  org.apache.catalina.core.StandardService - Starting service [Tomcat]
2026-06-27 16:16:37.954 [restartedMain] INFO  org.apache.catalina.core.StandardEngine - Starting Servlet engine: [Apache Tomcat/9.0.83]
2026-06-27 16:16:37.998 [restartedMain] INFO  o.a.c.core.ContainerBase.[Tomcat].[localhost].[/] - Initializing Spring embedded WebApplicationContext
2026-06-27 16:16:37.998 [restartedMain] INFO  o.s.b.w.s.c.ServletWebServerApplicationContext - Root WebApplicationContext: initialization completed in 1509 ms
2026-06-27 16:16:38.120 [restartedMain] INFO  c.a.d.s.b.a.DruidDataSourceAutoConfigure - Init DruidDataSource
2026-06-27 16:16:38.276 [restartedMain] INFO  com.alibaba.druid.pool.DruidDataSource - {dataSource-2} inited
2026-06-27 16:16:42.003 [restartedMain] INFO  o.s.b.d.autoconfigure.OptionalLiveReloadServer - LiveReload server is running on port 35729
2026-06-27 16:16:42.032 [restartedMain] INFO  org.apache.coyote.http11.Http11NioProtocol - Starting ProtocolHandler ["http-nio-8080"]
2026-06-27 16:16:42.052 [restartedMain] INFO  o.s.boot.web.embedded.tomcat.TomcatWebServer - Tomcat started on port(s): 8080 (http) with context path ''
2026-06-27 16:16:42.059 [restartedMain] INFO  com.project.travel.TravelApplication - Started TravelApplication in 5.717 seconds (JVM running for 304.802)
2026-06-27 16:16:42.062 [restartedMain] INFO  o.s.b.d.a.ConditionEvaluationDeltaLoggingListener - Condition evaluation unchanged
2026-06-27 16:17:29.855 [File Watcher] INFO  o.s.b.d.a.LocalDevToolsAutoConfiguration$RestartingClassPathChangeChangedEventListener - Restarting due to 1 class path change (0 additions, 0 deletions, 1 modification)
2026-06-27 16:17:32.818 [Thread-9] INFO  org.apache.coyote.http11.Http11NioProtocol - Pausing ProtocolHandler ["http-nio-8080"]
2026-06-27 16:17:32.821 [Thread-9] INFO  org.apache.catalina.core.StandardService - Stopping service [Tomcat]
2026-06-27 16:17:32.841 [Thread-9] INFO  org.apache.coyote.http11.Http11NioProtocol - Stopping ProtocolHandler ["http-nio-8080"]
2026-06-27 16:17:32.870 [Thread-9] INFO  org.apache.coyote.http11.Http11NioProtocol - Destroying ProtocolHandler ["http-nio-8080"]
2026-06-27 16:17:32.883 [Thread-9] INFO  com.alibaba.druid.pool.DruidDataSource - {dataSource-2} closing ...
2026-06-27 16:17:32.894 [Thread-9] INFO  com.alibaba.druid.pool.DruidDataSource - {dataSource-2} closed
2026-06-27 16:17:33.754 [restartedMain] INFO  com.project.travel.TravelApplication - Starting TravelApplication using Java 1.8.0_202 on dilireba with PID 37196 (C:\maven\travel_system\travel\travel\travel-server\target\classes started by solitude in C:\maven\travel_system\travel\travel\travel-server)
2026-06-27 16:17:33.754 [restartedMain] INFO  com.project.travel.TravelApplication - The following 1 profile is active: "dev"
2026-06-27 16:17:34.307 [restartedMain] INFO  o.s.d.r.config.RepositoryConfigurationDelegate - Multiple Spring Data modules found, entering strict repository configuration mode
2026-06-27 16:17:34.307 [restartedMain] INFO  o.s.d.r.config.RepositoryConfigurationDelegate - Bootstrapping Spring Data Redis repositories in DEFAULT mode.
2026-06-27 16:17:34.338 [restartedMain] INFO  o.s.d.r.config.RepositoryConfigurationDelegate - Finished Spring Data repository scanning in 30 ms. Found 0 Redis repository interfaces.
2026-06-27 16:17:34.624 [restartedMain] INFO  o.s.boot.web.embedded.tomcat.TomcatWebServer - Tomcat initialized with port(s): 8080 (http)
2026-06-27 16:17:34.626 [restartedMain] INFO  org.apache.coyote.http11.Http11NioProtocol - Initializing ProtocolHandler ["http-nio-8080"]
2026-06-27 16:17:34.626 [restartedMain] INFO  org.apache.catalina.core.StandardService - Starting service [Tomcat]
2026-06-27 16:17:34.627 [restartedMain] INFO  org.apache.catalina.core.StandardEngine - Starting Servlet engine: [Apache Tomcat/9.0.83]
2026-06-27 16:17:34.664 [restartedMain] INFO  o.a.c.core.ContainerBase.[Tomcat].[localhost].[/] - Initializing Spring embedded WebApplicationContext
2026-06-27 16:17:34.664 [restartedMain] INFO  o.s.b.w.s.c.ServletWebServerApplicationContext - Root WebApplicationContext: initialization completed in 898 ms
2026-06-27 16:17:34.744 [restartedMain] INFO  c.a.d.s.b.a.DruidDataSourceAutoConfigure - Init DruidDataSource
2026-06-27 16:17:35.011 [restartedMain] INFO  com.alibaba.druid.pool.DruidDataSource - {dataSource-3} inited
2026-06-27 16:17:39.045 [restartedMain] INFO  o.s.b.d.autoconfigure.OptionalLiveReloadServer - LiveReload server is running on port 35729
2026-06-27 16:17:39.072 [restartedMain] INFO  org.apache.coyote.http11.Http11NioProtocol - Starting ProtocolHandler ["http-nio-8080"]
2026-06-27 16:17:39.080 [restartedMain] INFO  o.s.boot.web.embedded.tomcat.TomcatWebServer - Tomcat started on port(s): 8080 (http) with context path ''
2026-06-27 16:17:39.085 [restartedMain] INFO  com.project.travel.TravelApplication - Started TravelApplication in 5.455 seconds (JVM running for 361.828)
2026-06-27 16:17:39.086 [restartedMain] INFO  o.s.b.d.a.ConditionEvaluationDeltaLoggingListener - Condition evaluation unchanged
2026-06-27 16:17:47.057 [File Watcher] INFO  o.s.b.d.a.LocalDevToolsAutoConfiguration$RestartingClassPathChangeChangedEventListener - Restarting due to 1 class path change (0 additions, 0 deletions, 1 modification)
2026-06-27 16:17:50.294 [Thread-13] INFO  org.apache.coyote.http11.Http11NioProtocol - Pausing ProtocolHandler ["http-nio-8080"]
2026-06-27 16:17:50.294 [Thread-13] INFO  org.apache.catalina.core.StandardService - Stopping service [Tomcat]
2026-06-27 16:17:50.307 [Thread-13] INFO  org.apache.coyote.http11.Http11NioProtocol - Stopping ProtocolHandler ["http-nio-8080"]
2026-06-27 16:17:50.321 [Thread-13] INFO  org.apache.coyote.http11.Http11NioProtocol - Destroying ProtocolHandler ["http-nio-8080"]
2026-06-27 16:17:50.327 [Thread-13] INFO  com.alibaba.druid.pool.DruidDataSource - {dataSource-3} closing ...
2026-06-27 16:17:50.335 [Thread-13] INFO  com.alibaba.druid.pool.DruidDataSource - {dataSource-3} closed
2026-06-27 16:17:50.855 [restartedMain] INFO  com.project.travel.TravelApplication - Starting TravelApplication using Java 1.8.0_202 on dilireba with PID 37196 (C:\maven\travel_system\travel\travel\travel-server\target\classes started by solitude in C:\maven\travel_system\travel\travel\travel-server)
2026-06-27 16:17:50.855 [restartedMain] INFO  com.project.travel.TravelApplication - The following 1 profile is active: "dev"
2026-06-27 16:17:51.337 [restartedMain] INFO  o.s.d.r.config.RepositoryConfigurationDelegate - Multiple Spring Data modules found, entering strict repository configuration mode
2026-06-27 16:17:51.338 [restartedMain] INFO  o.s.d.r.config.RepositoryConfigurationDelegate - Bootstrapping Spring Data Redis repositories in DEFAULT mode.
2026-06-27 16:17:51.366 [restartedMain] INFO  o.s.d.r.config.RepositoryConfigurationDelegate - Finished Spring Data repository scanning in 28 ms. Found 0 Redis repository interfaces.
2026-06-27 16:17:51.656 [restartedMain] INFO  o.s.boot.web.embedded.tomcat.TomcatWebServer - Tomcat initialized with port(s): 8080 (http)
2026-06-27 16:17:51.659 [restartedMain] INFO  org.apache.coyote.http11.Http11NioProtocol - Initializing ProtocolHandler ["http-nio-8080"]
2026-06-27 16:17:51.660 [restartedMain] INFO  org.apache.catalina.core.StandardService - Starting service [Tomcat]
2026-06-27 16:17:51.661 [restartedMain] INFO  org.apache.catalina.core.StandardEngine - Starting Servlet engine: [Apache Tomcat/9.0.83]
2026-06-27 16:17:51.711 [restartedMain] INFO  o.a.c.core.ContainerBase.[Tomcat].[localhost].[/] - Initializing Spring embedded WebApplicationContext
2026-06-27 16:17:51.711 [restartedMain] INFO  o.s.b.w.s.c.ServletWebServerApplicationContext - Root WebApplicationContext: initialization completed in 851 ms
2026-06-27 16:17:51.777 [restartedMain] INFO  c.a.d.s.b.a.DruidDataSourceAutoConfigure - Init DruidDataSource
2026-06-27 16:17:51.958 [restartedMain] INFO  com.alibaba.druid.pool.DruidDataSource - {dataSource-4} inited
2026-06-27 16:17:55.710 [restartedMain] INFO  o.s.b.d.autoconfigure.OptionalLiveReloadServer - LiveReload server is running on port 35729
2026-06-27 16:17:55.735 [restartedMain] INFO  org.apache.coyote.http11.Http11NioProtocol - Starting ProtocolHandler ["http-nio-8080"]
2026-06-27 16:17:55.745 [restartedMain] INFO  o.s.boot.web.embedded.tomcat.TomcatWebServer - Tomcat started on port(s): 8080 (http) with context path ''
2026-06-27 16:17:55.751 [restartedMain] INFO  com.project.travel.TravelApplication - Started TravelApplication in 4.984 seconds (JVM running for 378.494)
2026-06-27 16:17:55.752 [restartedMain] INFO  o.s.b.d.a.ConditionEvaluationDeltaLoggingListener - Condition evaluation unchanged
2026-06-27 16:18:05.902 [File Watcher] INFO  o.s.b.d.a.LocalDevToolsAutoConfiguration$RestartingClassPathChangeChangedEventListener - Restarting due to 1 class path change (0 additions, 0 deletions, 1 modification)
2026-06-27 16:18:08.969 [Thread-17] INFO  org.apache.coyote.http11.Http11NioProtocol - Pausing ProtocolHandler ["http-nio-8080"]
2026-06-27 16:18:08.969 [Thread-17] INFO  org.apache.catalina.core.StandardService - Stopping service [Tomcat]
2026-06-27 16:18:08.980 [Thread-17] INFO  org.apache.coyote.http11.Http11NioProtocol - Stopping ProtocolHandler ["http-nio-8080"]
2026-06-27 16:18:08.992 [Thread-17] INFO  org.apache.coyote.http11.Http11NioProtocol - Destroying ProtocolHandler ["http-nio-8080"]
2026-06-27 16:18:08.994 [Thread-17] INFO  com.alibaba.druid.pool.DruidDataSource - {dataSource-4} closing ...
2026-06-27 16:18:09.000 [Thread-17] INFO  com.alibaba.druid.pool.DruidDataSource - {dataSource-4} closed
2026-06-27 16:18:09.473 [restartedMain] INFO  com.project.travel.TravelApplication - Starting TravelApplication using Java 1.8.0_202 on dilireba with PID 37196 (C:\maven\travel_system\travel\travel\travel-server\target\classes started by solitude in C:\maven\travel_system\travel\travel\travel-server)
2026-06-27 16:18:09.473 [restartedMain] INFO  com.project.travel.TravelApplication - The following 1 profile is active: "dev"
2026-06-27 16:18:09.844 [restartedMain] INFO  o.s.d.r.config.RepositoryConfigurationDelegate - Multiple Spring Data modules found, entering strict repository configuration mode
2026-06-27 16:18:09.844 [restartedMain] INFO  o.s.d.r.config.RepositoryConfigurationDelegate - Bootstrapping Spring Data Redis repositories in DEFAULT mode.
2026-06-27 16:18:09.875 [restartedMain] INFO  o.s.d.r.config.RepositoryConfigurationDelegate - Finished Spring Data repository scanning in 30 ms. Found 0 Redis repository interfaces.
2026-06-27 16:18:10.149 [restartedMain] INFO  o.s.boot.web.embedded.tomcat.TomcatWebServer - Tomcat initialized with port(s): 8080 (http)
2026-06-27 16:18:10.150 [restartedMain] INFO  org.apache.coyote.http11.Http11NioProtocol - Initializing ProtocolHandler ["http-nio-8080"]
2026-06-27 16:18:10.151 [restartedMain] INFO  org.apache.catalina.core.StandardService - Starting service [Tomcat]
2026-06-27 16:18:10.151 [restartedMain] INFO  org.apache.catalina.core.StandardEngine - Starting Servlet engine: [Apache Tomcat/9.0.83]
2026-06-27 16:18:10.187 [restartedMain] INFO  o.a.c.core.ContainerBase.[Tomcat].[localhost].[/] - Initializing Spring embedded WebApplicationContext
2026-06-27 16:18:10.187 [restartedMain] INFO  o.s.b.w.s.c.ServletWebServerApplicationContext - Root WebApplicationContext: initialization completed in 710 ms
2026-06-27 16:18:10.255 [restartedMain] INFO  c.a.d.s.b.a.DruidDataSourceAutoConfigure - Init DruidDataSource
2026-06-27 16:18:10.405 [restartedMain] INFO  com.alibaba.druid.pool.DruidDataSource - {dataSource-5} inited
2026-06-27 16:18:14.249 [restartedMain] INFO  o.s.b.d.autoconfigure.OptionalLiveReloadServer - LiveReload server is running on port 35729
2026-06-27 16:18:14.273 [restartedMain] INFO  org.apache.coyote.http11.Http11NioProtocol - Starting ProtocolHandler ["http-nio-8080"]
2026-06-27 16:18:14.280 [restartedMain] INFO  o.s.boot.web.embedded.tomcat.TomcatWebServer - Tomcat started on port(s): 8080 (http) with context path ''
2026-06-27 16:18:14.285 [restartedMain] INFO  com.project.travel.TravelApplication - Started TravelApplication in 4.882 seconds (JVM running for 397.028)
2026-06-27 16:18:14.286 [restartedMain] INFO  o.s.b.d.a.ConditionEvaluationDeltaLoggingListener - Condition evaluation unchanged
2026-06-27 16:18:25.460 [File Watcher] INFO  o.s.b.d.a.LocalDevToolsAutoConfiguration$RestartingClassPathChangeChangedEventListener - Restarting due to 1 class path change (0 additions, 0 deletions, 1 modification)
2026-06-27 16:18:28.288 [Thread-21] INFO  org.apache.coyote.http11.Http11NioProtocol - Pausing ProtocolHandler ["http-nio-8080"]
2026-06-27 16:18:28.289 [Thread-21] INFO  org.apache.catalina.core.StandardService - Stopping service [Tomcat]
2026-06-27 16:18:28.302 [Thread-21] INFO  org.apache.coyote.http11.Http11NioProtocol - Stopping ProtocolHandler ["http-nio-8080"]
2026-06-27 16:18:28.310 [Thread-21] INFO  org.apache.coyote.http11.Http11NioProtocol - Destroying ProtocolHandler ["http-nio-8080"]
2026-06-27 16:18:28.312 [Thread-21] INFO  com.alibaba.druid.pool.DruidDataSource - {dataSource-5} closing ...
2026-06-27 16:18:28.322 [Thread-21] INFO  com.alibaba.druid.pool.DruidDataSource - {dataSource-5} closed
2026-06-27 16:18:28.718 [restartedMain] INFO  com.project.travel.TravelApplication - Starting TravelApplication using Java 1.8.0_202 on dilireba with PID 37196 (C:\maven\travel_system\travel\travel\travel-server\target\classes started by solitude in C:\maven\travel_system\travel\travel\travel-server)
2026-06-27 16:18:28.719 [restartedMain] INFO  com.project.travel.TravelApplication - The following 1 profile is active: "dev"
2026-06-27 16:18:29.090 [restartedMain] INFO  o.s.d.r.config.RepositoryConfigurationDelegate - Multiple Spring Data modules found, entering strict repository configuration mode
2026-06-27 16:18:29.091 [restartedMain] INFO  o.s.d.r.config.RepositoryConfigurationDelegate - Bootstrapping Spring Data Redis repositories in DEFAULT mode.
2026-06-27 16:18:29.128 [restartedMain] INFO  o.s.d.r.config.RepositoryConfigurationDelegate - Finished Spring Data repository scanning in 36 ms. Found 0 Redis repository interfaces.
2026-06-27 16:18:29.337 [restartedMain] INFO  o.s.boot.web.embedded.tomcat.TomcatWebServer - Tomcat initialized with port(s): 8080 (http)
2026-06-27 16:18:29.337 [restartedMain] INFO  org.apache.coyote.http11.Http11NioProtocol - Initializing ProtocolHandler ["http-nio-8080"]
2026-06-27 16:18:29.338 [restartedMain] INFO  org.apache.catalina.core.StandardService - Starting service [Tomcat]
2026-06-27 16:18:29.338 [restartedMain] INFO  org.apache.catalina.core.StandardEngine - Starting Servlet engine: [Apache Tomcat/9.0.83]
2026-06-27 16:18:29.379 [restartedMain] INFO  o.a.c.core.ContainerBase.[Tomcat].[localhost].[/] - Initializing Spring embedded WebApplicationContext
2026-06-27 16:18:29.379 [restartedMain] INFO  o.s.b.w.s.c.ServletWebServerApplicationContext - Root WebApplicationContext: initialization completed in 656 ms
2026-06-27 16:18:29.455 [restartedMain] INFO  c.a.d.s.b.a.DruidDataSourceAutoConfigure - Init DruidDataSource
2026-06-27 16:18:29.697 [restartedMain] INFO  com.alibaba.druid.pool.DruidDataSource - {dataSource-6} inited
2026-06-27 16:18:33.633 [restartedMain] INFO  o.s.b.d.autoconfigure.OptionalLiveReloadServer - LiveReload server is running on port 35729
2026-06-27 16:18:33.655 [restartedMain] INFO  org.apache.coyote.http11.Http11NioProtocol - Starting ProtocolHandler ["http-nio-8080"]
2026-06-27 16:18:33.662 [restartedMain] INFO  o.s.boot.web.embedded.tomcat.TomcatWebServer - Tomcat started on port(s): 8080 (http) with context path ''
2026-06-27 16:18:33.666 [restartedMain] INFO  com.project.travel.TravelApplication - Started TravelApplication in 5.025 seconds (JVM running for 416.409)
2026-06-27 16:18:33.667 [restartedMain] INFO  o.s.b.d.a.ConditionEvaluationDeltaLoggingListener - Condition evaluation unchanged
2026-06-27 16:18:42.648 [File Watcher] INFO  o.s.b.d.a.LocalDevToolsAutoConfiguration$RestartingClassPathChangeChangedEventListener - Restarting due to 1 class path change (0 additions, 0 deletions, 1 modification)
2026-06-27 16:18:45.133 [Thread-25] INFO  org.apache.coyote.http11.Http11NioProtocol - Pausing ProtocolHandler ["http-nio-8080"]
2026-06-27 16:18:45.133 [Thread-25] INFO  org.apache.catalina.core.StandardService - Stopping service [Tomcat]
2026-06-27 16:18:45.149 [Thread-25] INFO  org.apache.coyote.http11.Http11NioProtocol - Stopping ProtocolHandler ["http-nio-8080"]
2026-06-27 16:18:45.160 [Thread-25] INFO  org.apache.coyote.http11.Http11NioProtocol - Destroying ProtocolHandler ["http-nio-8080"]
2026-06-27 16:18:45.162 [Thread-25] INFO  com.alibaba.druid.pool.DruidDataSource - {dataSource-6} closing ...
2026-06-27 16:18:45.169 [Thread-25] INFO  com.alibaba.druid.pool.DruidDataSource - {dataSource-6} closed
2026-06-27 16:18:45.770 [restartedMain] INFO  com.project.travel.TravelApplication - Starting TravelApplication using Java 1.8.0_202 on dilireba with PID 37196 (C:\maven\travel_system\travel\travel\travel-server\target\classes started by solitude in C:\maven\travel_system\travel\travel\travel-server)
2026-06-27 16:18:45.770 [restartedMain] INFO  com.project.travel.TravelApplication - The following 1 profile is active: "dev"
2026-06-27 16:18:46.172 [restartedMain] INFO  o.s.d.r.config.RepositoryConfigurationDelegate - Multiple Spring Data modules found, entering strict repository configuration mode
2026-06-27 16:18:46.172 [restartedMain] INFO  o.s.d.r.config.RepositoryConfigurationDelegate - Bootstrapping Spring Data Redis repositories in DEFAULT mode.
2026-06-27 16:18:46.201 [restartedMain] INFO  o.s.d.r.config.RepositoryConfigurationDelegate - Finished Spring Data repository scanning in 28 ms. Found 0 Redis repository interfaces.
2026-06-27 16:18:46.523 [restartedMain] INFO  o.s.boot.web.embedded.tomcat.TomcatWebServer - Tomcat initialized with port(s): 8080 (http)
2026-06-27 16:18:46.524 [restartedMain] INFO  org.apache.coyote.http11.Http11NioProtocol - Initializing ProtocolHandler ["http-nio-8080"]
2026-06-27 16:18:46.524 [restartedMain] INFO  org.apache.catalina.core.StandardService - Starting service [Tomcat]
2026-06-27 16:18:46.524 [restartedMain] INFO  org.apache.catalina.core.StandardEngine - Starting Servlet engine: [Apache Tomcat/9.0.83]
2026-06-27 16:18:46.566 [restartedMain] INFO  o.a.c.core.ContainerBase.[Tomcat].[localhost].[/] - Initializing Spring embedded WebApplicationContext
2026-06-27 16:18:46.567 [restartedMain] INFO  o.s.b.w.s.c.ServletWebServerApplicationContext - Root WebApplicationContext: initialization completed in 793 ms
2026-06-27 16:18:46.618 [restartedMain] INFO  c.a.d.s.b.a.DruidDataSourceAutoConfigure - Init DruidDataSource
2026-06-27 16:18:46.772 [restartedMain] INFO  com.alibaba.druid.pool.DruidDataSource - {dataSource-7} inited
2026-06-27 16:18:50.461 [restartedMain] INFO  o.s.b.d.autoconfigure.OptionalLiveReloadServer - LiveReload server is running on port 35729
2026-06-27 16:18:50.489 [restartedMain] INFO  org.apache.coyote.http11.Http11NioProtocol - Starting ProtocolHandler ["http-nio-8080"]
2026-06-27 16:18:50.499 [restartedMain] INFO  o.s.boot.web.embedded.tomcat.TomcatWebServer - Tomcat started on port(s): 8080 (http) with context path ''
2026-06-27 16:18:50.503 [restartedMain] INFO  com.project.travel.TravelApplication - Started TravelApplication in 4.805 seconds (JVM running for 433.246)
2026-06-27 16:18:50.505 [restartedMain] INFO  o.s.b.d.a.ConditionEvaluationDeltaLoggingListener - Condition evaluation unchanged
2026-06-27 16:19:03.886 [File Watcher] INFO  o.s.b.d.a.LocalDevToolsAutoConfiguration$RestartingClassPathChangeChangedEventListener - Restarting due to 1 class path change (0 additions, 0 deletions, 1 modification)
2026-06-27 16:19:06.372 [Thread-29] INFO  org.apache.coyote.http11.Http11NioProtocol - Pausing ProtocolHandler ["http-nio-8080"]
2026-06-27 16:19:06.372 [Thread-29] INFO  org.apache.catalina.core.StandardService - Stopping service [Tomcat]
2026-06-27 16:19:06.385 [Thread-29] INFO  org.apache.coyote.http11.Http11NioProtocol - Stopping ProtocolHandler ["http-nio-8080"]
2026-06-27 16:19:06.397 [Thread-29] INFO  org.apache.coyote.http11.Http11NioProtocol - Destroying ProtocolHandler ["http-nio-8080"]
2026-06-27 16:19:06.400 [Thread-29] INFO  com.alibaba.druid.pool.DruidDataSource - {dataSource-7} closing ...
2026-06-27 16:19:06.409 [Thread-29] INFO  com.alibaba.druid.pool.DruidDataSource - {dataSource-7} closed
2026-06-27 16:19:06.839 [restartedMain] INFO  com.project.travel.TravelApplication - Starting TravelApplication using Java 1.8.0_202 on dilireba with PID 37196 (C:\maven\travel_system\travel\travel\travel-server\target\classes started by solitude in C:\maven\travel_system\travel\travel\travel-server)
2026-06-27 16:19:06.840 [restartedMain] INFO  com.project.travel.TravelApplication - The following 1 profile is active: "dev"
2026-06-27 16:19:07.248 [restartedMain] INFO  o.s.d.r.config.RepositoryConfigurationDelegate - Multiple Spring Data modules found, entering strict repository configuration mode
2026-06-27 16:19:07.248 [restartedMain] INFO  o.s.d.r.config.RepositoryConfigurationDelegate - Bootstrapping Spring Data Redis repositories in DEFAULT mode.
2026-06-27 16:19:07.276 [restartedMain] INFO  o.s.d.r.config.RepositoryConfigurationDelegate - Finished Spring Data repository scanning in 26 ms. Found 0 Redis repository interfaces.
2026-06-27 16:19:07.472 [restartedMain] INFO  o.s.boot.web.embedded.tomcat.TomcatWebServer - Tomcat initialized with port(s): 8080 (http)
2026-06-27 16:19:07.473 [restartedMain] INFO  org.apache.coyote.http11.Http11NioProtocol - Initializing ProtocolHandler ["http-nio-8080"]
2026-06-27 16:19:07.474 [restartedMain] INFO  org.apache.catalina.core.StandardService - Starting service [Tomcat]
2026-06-27 16:19:07.474 [restartedMain] INFO  org.apache.catalina.core.StandardEngine - Starting Servlet engine: [Apache Tomcat/9.0.83]
2026-06-27 16:19:07.510 [restartedMain] INFO  o.a.c.core.ContainerBase.[Tomcat].[localhost].[/] - Initializing Spring embedded WebApplicationContext
2026-06-27 16:19:07.510 [restartedMain] INFO  o.s.b.w.s.c.ServletWebServerApplicationContext - Root WebApplicationContext: initialization completed in 668 ms
2026-06-27 16:19:07.573 [restartedMain] INFO  c.a.d.s.b.a.DruidDataSourceAutoConfigure - Init DruidDataSource
2026-06-27 16:19:07.724 [restartedMain] INFO  com.alibaba.druid.pool.DruidDataSource - {dataSource-8} inited
2026-06-27 16:19:11.031 [restartedMain] INFO  o.s.b.d.autoconfigure.OptionalLiveReloadServer - LiveReload server is running on port 35729
2026-06-27 16:19:11.058 [restartedMain] INFO  org.apache.coyote.http11.Http11NioProtocol - Starting ProtocolHandler ["http-nio-8080"]
2026-06-27 16:19:11.081 [restartedMain] INFO  o.s.boot.web.embedded.tomcat.TomcatWebServer - Tomcat started on port(s): 8080 (http) with context path ''
2026-06-27 16:19:11.088 [restartedMain] INFO  com.project.travel.TravelApplication - Started TravelApplication in 4.313 seconds (JVM running for 453.83)
2026-06-27 16:19:11.090 [restartedMain] INFO  o.s.b.d.a.ConditionEvaluationDeltaLoggingListener - Condition evaluation unchanged
2026-06-27 16:19:34.674 [SpringApplicationShutdownHook] INFO  com.alibaba.druid.pool.DruidDataSource - {dataSource-8} closing ...
2026-06-27 16:19:34.678 [SpringApplicationShutdownHook] INFO  com.alibaba.druid.pool.DruidDataSource - {dataSource-8} closed
2026-06-27 16:19:41.848 [restartedMain] INFO  com.project.travel.TravelApplication - Starting TravelApplication using Java 1.8.0_202 on dilireba with PID 34596 (C:\maven\travel_system\travel\travel\travel-server\target\classes started by solitude in C:\maven\travel_system\travel\travel\travel-server)
2026-06-27 16:19:41.849 [restartedMain] INFO  com.project.travel.TravelApplication - The following 1 profile is active: "dev"
2026-06-27 16:19:41.918 [restartedMain] INFO  o.s.b.d.env.DevToolsPropertyDefaultsPostProcessor - Devtools property defaults active! Set 'spring.devtools.add-properties' to 'false' to disable
2026-06-27 16:19:41.918 [restartedMain] INFO  o.s.b.d.env.DevToolsPropertyDefaultsPostProcessor - For additional web related logging consider setting the 'logging.level.web' property to 'DEBUG'
2026-06-27 16:19:42.419 [restartedMain] INFO  o.s.d.r.config.RepositoryConfigurationDelegate - Multiple Spring Data modules found, entering strict repository configuration mode
2026-06-27 16:19:42.420 [restartedMain] INFO  o.s.d.r.config.RepositoryConfigurationDelegate - Bootstrapping Spring Data Redis repositories in DEFAULT mode.
2026-06-27 16:19:42.444 [restartedMain] INFO  o.s.d.r.config.RepositoryConfigurationDelegate - Finished Spring Data repository scanning in 13 ms. Found 0 Redis repository interfaces.
2026-06-27 16:19:43.047 [restartedMain] INFO  o.s.boot.web.embedded.tomcat.TomcatWebServer - Tomcat initialized with port(s): 8080 (http)
2026-06-27 16:19:43.054 [restartedMain] INFO  org.apache.coyote.http11.Http11NioProtocol - Initializing ProtocolHandler ["http-nio-8080"]
2026-06-27 16:19:43.055 [restartedMain] INFO  org.apache.catalina.core.StandardService - Starting service [Tomcat]
2026-06-27 16:19:43.055 [restartedMain] INFO  org.apache.catalina.core.StandardEngine - Starting Servlet engine: [Apache Tomcat/9.0.83]
2026-06-27 16:19:43.121 [restartedMain] INFO  o.a.c.core.ContainerBase.[Tomcat].[localhost].[/] - Initializing Spring embedded WebApplicationContext
2026-06-27 16:19:43.122 [restartedMain] INFO  o.s.b.w.s.c.ServletWebServerApplicationContext - Root WebApplicationContext: initialization completed in 1203 ms
2026-06-27 16:19:43.474 [restartedMain] INFO  c.a.d.s.b.a.DruidDataSourceAutoConfigure - Init DruidDataSource
2026-06-27 16:19:44.793 [restartedMain] INFO  com.alibaba.druid.pool.DruidDataSource - {dataSource-1} inited
2026-06-27 16:19:47.766 [restartedMain] INFO  o.s.b.d.autoconfigure.OptionalLiveReloadServer - LiveReload server is running on port 35729
2026-06-27 16:19:47.794 [restartedMain] INFO  org.apache.coyote.http11.Http11NioProtocol - Starting ProtocolHandler ["http-nio-8080"]
2026-06-27 16:19:47.826 [restartedMain] INFO  o.s.boot.web.embedded.tomcat.TomcatWebServer - Tomcat started on port(s): 8080 (http) with context path ''
2026-06-27 16:19:47.839 [restartedMain] INFO  com.project.travel.TravelApplication - Started TravelApplication in 6.387 seconds (JVM running for 6.769)
2026-06-27 16:20:10.228 [http-nio-8080-exec-1] INFO  o.a.c.core.ContainerBase.[Tomcat].[localhost].[/] - Initializing Spring DispatcherServlet 'dispatcherServlet'
2026-06-27 16:20:10.228 [http-nio-8080-exec-1] INFO  org.springframework.web.servlet.DispatcherServlet - Initializing Servlet 'dispatcherServlet'
2026-06-27 16:20:10.231 [http-nio-8080-exec-1] INFO  org.springframework.web.servlet.DispatcherServlet - Completed initialization in 3 ms
2026-06-27 16:21:38.353 [File Watcher] INFO  o.s.b.d.a.LocalDevToolsAutoConfiguration$RestartingClassPathChangeChangedEventListener - Restarting due to 1 class path change (1 addition, 0 deletions, 0 modifications)
2026-06-27 16:21:41.288 [Thread-7] INFO  org.apache.coyote.http11.Http11NioProtocol - Pausing ProtocolHandler ["http-nio-8080"]
2026-06-27 16:21:41.288 [Thread-7] INFO  org.apache.catalina.core.StandardService - Stopping service [Tomcat]
2026-06-27 16:21:41.291 [Thread-7] INFO  o.a.c.core.ContainerBase.[Tomcat].[localhost].[/] - Destroying Spring FrameworkServlet 'dispatcherServlet'
2026-06-27 16:21:41.305 [Thread-7] INFO  org.apache.coyote.http11.Http11NioProtocol - Stopping ProtocolHandler ["http-nio-8080"]
2026-06-27 16:21:41.321 [Thread-7] INFO  org.apache.coyote.http11.Http11NioProtocol - Destroying ProtocolHandler ["http-nio-8080"]
2026-06-27 16:21:41.335 [Thread-7] INFO  com.alibaba.druid.pool.DruidDataSource - {dataSource-1} closing ...
2026-06-27 16:21:41.343 [Thread-7] INFO  com.alibaba.druid.pool.DruidDataSource - {dataSource-1} closed
2026-06-27 16:21:42.070 [restartedMain] INFO  com.project.travel.TravelApplication - Starting TravelApplication using Java 1.8.0_202 on dilireba with PID 34596 (C:\maven\travel_system\travel\travel\travel-server\target\classes started by solitude in C:\maven\travel_system\travel\travel\travel-server)
2026-06-27 16:21:42.071 [restartedMain] INFO  com.project.travel.TravelApplication - The following 1 profile is active: "dev"
2026-06-27 16:21:42.769 [restartedMain] INFO  o.s.d.r.config.RepositoryConfigurationDelegate - Multiple Spring Data modules found, entering strict repository configuration mode
2026-06-27 16:21:42.770 [restartedMain] INFO  o.s.d.r.config.RepositoryConfigurationDelegate - Bootstrapping Spring Data Redis repositories in DEFAULT mode.
2026-06-27 16:21:42.809 [restartedMain] INFO  o.s.d.r.config.RepositoryConfigurationDelegate - Finished Spring Data repository scanning in 38 ms. Found 0 Redis repository interfaces.
2026-06-27 16:21:43.668 [restartedMain] INFO  o.s.boot.web.embedded.tomcat.TomcatWebServer - Tomcat initialized with port(s): 8080 (http)
2026-06-27 16:21:43.669 [restartedMain] INFO  org.apache.coyote.http11.Http11NioProtocol - Initializing ProtocolHandler ["http-nio-8080"]
2026-06-27 16:21:43.669 [restartedMain] INFO  org.apache.catalina.core.StandardService - Starting service [Tomcat]
2026-06-27 16:21:43.670 [restartedMain] INFO  org.apache.catalina.core.StandardEngine - Starting Servlet engine: [Apache Tomcat/9.0.83]
2026-06-27 16:21:43.702 [restartedMain] INFO  o.a.c.core.ContainerBase.[Tomcat].[localhost].[/] - Initializing Spring embedded WebApplicationContext
2026-06-27 16:21:43.702 [restartedMain] INFO  o.s.b.w.s.c.ServletWebServerApplicationContext - Root WebApplicationContext: initialization completed in 1621 ms
2026-06-27 16:21:43.836 [restartedMain] INFO  c.a.d.s.b.a.DruidDataSourceAutoConfigure - Init DruidDataSource
2026-06-27 16:21:44.050 [restartedMain] INFO  com.alibaba.druid.pool.DruidDataSource - {dataSource-2} inited
2026-06-27 16:21:48.183 [restartedMain] INFO  o.s.b.d.autoconfigure.OptionalLiveReloadServer - LiveReload server is running on port 35729
2026-06-27 16:21:48.192 [restartedMain] INFO  org.apache.coyote.http11.Http11NioProtocol - Starting ProtocolHandler ["http-nio-8080"]
2026-06-27 16:21:48.197 [restartedMain] INFO  o.s.boot.web.embedded.tomcat.TomcatWebServer - Tomcat started on port(s): 8080 (http) with context path ''
2026-06-27 16:21:48.200 [restartedMain] INFO  com.project.travel.TravelApplication - Started TravelApplication in 6.421 seconds (JVM running for 127.13)
2026-06-27 16:21:48.203 [restartedMain] INFO  o.s.b.d.a.ConditionEvaluationDeltaLoggingListener - Condition evaluation unchanged
2026-06-27 16:21:55.930 [File Watcher] INFO  o.s.b.d.a.LocalDevToolsAutoConfiguration$RestartingClassPathChangeChangedEventListener - Restarting due to 1 class path change (0 additions, 0 deletions, 1 modification)
2026-06-27 16:21:57.239 [Thread-9] INFO  org.apache.coyote.http11.Http11NioProtocol - Pausing ProtocolHandler ["http-nio-8080"]
2026-06-27 16:21:57.239 [Thread-9] INFO  org.apache.catalina.core.StandardService - Stopping service [Tomcat]
2026-06-27 16:21:57.244 [Thread-9] INFO  org.apache.coyote.http11.Http11NioProtocol - Stopping ProtocolHandler ["http-nio-8080"]
2026-06-27 16:21:57.250 [Thread-9] INFO  org.apache.coyote.http11.Http11NioProtocol - Destroying ProtocolHandler ["http-nio-8080"]
2026-06-27 16:21:57.253 [Thread-9] INFO  com.alibaba.druid.pool.DruidDataSource - {dataSource-2} closing ...
2026-06-27 16:21:57.256 [Thread-9] INFO  com.alibaba.druid.pool.DruidDataSource - {dataSource-2} closed
2026-06-27 16:21:57.503 [restartedMain] INFO  com.project.travel.TravelApplication - Starting TravelApplication using Java 1.8.0_202 on dilireba with PID 34596 (C:\maven\travel_system\travel\travel\travel-server\target\classes started by solitude in C:\maven\travel_system\travel\travel\travel-server)
2026-06-27 16:21:57.503 [restartedMain] INFO  com.project.travel.TravelApplication - The following 1 profile is active: "dev"
2026-06-27 16:21:57.703 [restartedMain] INFO  o.s.d.r.config.RepositoryConfigurationDelegate - Multiple Spring Data modules found, entering strict repository configuration mode
2026-06-27 16:21:57.703 [restartedMain] INFO  o.s.d.r.config.RepositoryConfigurationDelegate - Bootstrapping Spring Data Redis repositories in DEFAULT mode.
2026-06-27 16:21:57.715 [restartedMain] INFO  o.s.d.r.config.RepositoryConfigurationDelegate - Finished Spring Data repository scanning in 12 ms. Found 0 Redis repository interfaces.
2026-06-27 16:21:57.840 [restartedMain] INFO  o.s.boot.web.embedded.tomcat.TomcatWebServer - Tomcat initialized with port(s): 8080 (http)
2026-06-27 16:21:57.841 [restartedMain] INFO  org.apache.coyote.http11.Http11NioProtocol - Initializing ProtocolHandler ["http-nio-8080"]
2026-06-27 16:21:57.841 [restartedMain] INFO  org.apache.catalina.core.StandardService - Starting service [Tomcat]
2026-06-27 16:21:57.842 [restartedMain] INFO  org.apache.catalina.core.StandardEngine - Starting Servlet engine: [Apache Tomcat/9.0.83]
2026-06-27 16:21:57.860 [restartedMain] INFO  o.a.c.core.ContainerBase.[Tomcat].[localhost].[/] - Initializing Spring embedded WebApplicationContext
2026-06-27 16:21:57.860 [restartedMain] INFO  o.s.b.w.s.c.ServletWebServerApplicationContext - Root WebApplicationContext: initialization completed in 356 ms
2026-06-27 16:21:57.879 [restartedMain] INFO  c.a.d.s.b.a.DruidDataSourceAutoConfigure - Init DruidDataSource
2026-06-27 16:21:57.997 [restartedMain] INFO  com.alibaba.druid.pool.DruidDataSource - {dataSource-3} inited
2026-06-27 16:21:59.037 [restartedMain] INFO  com.alibaba.druid.pool.DruidDataSource - {dataSource-3} closing ...
2026-06-27 16:21:59.038 [restartedMain] INFO  com.alibaba.druid.pool.DruidDataSource - {dataSource-3} closed
2026-06-27 16:21:59.040 [restartedMain] INFO  org.apache.catalina.core.StandardService - Stopping service [Tomcat]
2026-06-27 16:21:59.044 [restartedMain] INFO  o.s.b.a.l.ConditionEvaluationReportLoggingListener - 

Error starting ApplicationContext. To display the conditions report re-run your application with 'debug' enabled.
2026-06-27 16:22:24.339 [restartedMain] INFO  com.project.travel.TravelApplication - Starting TravelApplication using Java 1.8.0_202 on dilireba with PID 34596 (C:\maven\travel_system\travel\travel\travel-server\target\classes started by solitude in C:\maven\travel_system\travel\travel\travel-server)
2026-06-27 16:22:24.340 [restartedMain] INFO  com.project.travel.TravelApplication - The following 1 profile is active: "dev"
2026-06-27 16:22:24.790 [restartedMain] INFO  o.s.d.r.config.RepositoryConfigurationDelegate - Multiple Spring Data modules found, entering strict repository configuration mode
2026-06-27 16:22:24.790 [restartedMain] INFO  o.s.d.r.config.RepositoryConfigurationDelegate - Bootstrapping Spring Data Redis repositories in DEFAULT mode.
2026-06-27 16:22:24.825 [restartedMain] INFO  o.s.d.r.config.RepositoryConfigurationDelegate - Finished Spring Data repository scanning in 35 ms. Found 0 Redis repository interfaces.
2026-06-27 16:22:25.116 [restartedMain] INFO  o.s.boot.web.embedded.tomcat.TomcatWebServer - Tomcat initialized with port(s): 8080 (http)
2026-06-27 16:22:25.117 [restartedMain] INFO  org.apache.coyote.http11.Http11NioProtocol - Initializing ProtocolHandler ["http-nio-8080"]
2026-06-27 16:22:25.117 [restartedMain] INFO  org.apache.catalina.core.StandardService - Starting service [Tomcat]
2026-06-27 16:22:25.117 [restartedMain] INFO  org.apache.catalina.core.StandardEngine - Starting Servlet engine: [Apache Tomcat/9.0.83]
2026-06-27 16:22:25.153 [restartedMain] INFO  o.a.c.c.ContainerBase.[Tomcat-1].[localhost].[/] - Initializing Spring embedded WebApplicationContext
2026-06-27 16:22:25.153 [restartedMain] INFO  o.s.b.w.s.c.ServletWebServerApplicationContext - Root WebApplicationContext: initialization completed in 809 ms
2026-06-27 16:22:25.229 [restartedMain] INFO  c.a.d.s.b.a.DruidDataSourceAutoConfigure - Init DruidDataSource
2026-06-27 16:22:25.378 [restartedMain] INFO  com.alibaba.druid.pool.DruidDataSource - {dataSource-4} inited
2026-06-27 16:22:29.205 [restartedMain] INFO  com.alibaba.druid.pool.DruidDataSource - {dataSource-4} closing ...
2026-06-27 16:22:29.208 [restartedMain] INFO  com.alibaba.druid.pool.DruidDataSource - {dataSource-4} closed
2026-06-27 16:22:29.212 [restartedMain] INFO  org.apache.catalina.core.StandardService - Stopping service [Tomcat]
2026-06-27 16:22:29.222 [restartedMain] INFO  o.s.b.a.l.ConditionEvaluationReportLoggingListener - 

Error starting ApplicationContext. To display the conditions report re-run your application with 'debug' enabled.
2026-06-27 16:22:46.791 [restartedMain] INFO  com.project.travel.TravelApplication - Starting TravelApplication using Java 1.8.0_202 on dilireba with PID 34596 (C:\maven\travel_system\travel\travel\travel-server\target\classes started by solitude in C:\maven\travel_system\travel\travel\travel-server)
2026-06-27 16:22:46.791 [restartedMain] INFO  com.project.travel.TravelApplication - The following 1 profile is active: "dev"
2026-06-27 16:22:47.195 [restartedMain] INFO  o.s.d.r.config.RepositoryConfigurationDelegate - Multiple Spring Data modules found, entering strict repository configuration mode
2026-06-27 16:22:47.196 [restartedMain] INFO  o.s.d.r.config.RepositoryConfigurationDelegate - Bootstrapping Spring Data Redis repositories in DEFAULT mode.
2026-06-27 16:22:47.228 [restartedMain] INFO  o.s.d.r.config.RepositoryConfigurationDelegate - Finished Spring Data repository scanning in 31 ms. Found 0 Redis repository interfaces.
2026-06-27 16:22:47.408 [restartedMain] INFO  o.s.boot.web.embedded.tomcat.TomcatWebServer - Tomcat initialized with port(s): 8080 (http)
2026-06-27 16:22:47.409 [restartedMain] INFO  org.apache.coyote.http11.Http11NioProtocol - Initializing ProtocolHandler ["http-nio-8080"]
2026-06-27 16:22:47.409 [restartedMain] INFO  org.apache.catalina.core.StandardService - Starting service [Tomcat]
2026-06-27 16:22:47.410 [restartedMain] INFO  org.apache.catalina.core.StandardEngine - Starting Servlet engine: [Apache Tomcat/9.0.83]
2026-06-27 16:22:47.449 [restartedMain] INFO  o.a.c.c.ContainerBase.[Tomcat-2].[localhost].[/] - Initializing Spring embedded WebApplicationContext
2026-06-27 16:22:47.449 [restartedMain] INFO  o.s.b.w.s.c.ServletWebServerApplicationContext - Root WebApplicationContext: initialization completed in 654 ms
2026-06-27 16:22:47.512 [restartedMain] INFO  c.a.d.s.b.a.DruidDataSourceAutoConfigure - Init DruidDataSource
2026-06-27 16:22:47.658 [restartedMain] INFO  com.alibaba.druid.pool.DruidDataSource - {dataSource-5} inited
2026-06-27 16:22:51.114 [restartedMain] INFO  com.alibaba.druid.pool.DruidDataSource - {dataSource-5} closing ...
2026-06-27 16:22:51.122 [restartedMain] INFO  com.alibaba.druid.pool.DruidDataSource - {dataSource-5} closed
2026-06-27 16:22:51.129 [restartedMain] INFO  org.apache.catalina.core.StandardService - Stopping service [Tomcat]
2026-06-27 16:22:51.144 [restartedMain] INFO  o.s.b.a.l.ConditionEvaluationReportLoggingListener - 

Error starting ApplicationContext. To display the conditions report re-run your application with 'debug' enabled.
2026-06-27 16:23:20.762 [restartedMain] INFO  com.project.travel.TravelApplication - Starting TravelApplication using Java 1.8.0_202 on dilireba with PID 34596 (C:\maven\travel_system\travel\travel\travel-server\target\classes started by solitude in C:\maven\travel_system\travel\travel\travel-server)
2026-06-27 16:23:20.763 [restartedMain] INFO  com.project.travel.TravelApplication - The following 1 profile is active: "dev"
2026-06-27 16:23:21.213 [restartedMain] INFO  o.s.d.r.config.RepositoryConfigurationDelegate - Multiple Spring Data modules found, entering strict repository configuration mode
2026-06-27 16:23:21.214 [restartedMain] INFO  o.s.d.r.config.RepositoryConfigurationDelegate - Bootstrapping Spring Data Redis repositories in DEFAULT mode.
2026-06-27 16:23:21.250 [restartedMain] INFO  o.s.d.r.config.RepositoryConfigurationDelegate - Finished Spring Data repository scanning in 36 ms. Found 0 Redis repository interfaces.
2026-06-27 16:23:21.497 [restartedMain] INFO  o.s.boot.web.embedded.tomcat.TomcatWebServer - Tomcat initialized with port(s): 8080 (http)
2026-06-27 16:23:21.498 [restartedMain] INFO  org.apache.coyote.http11.Http11NioProtocol - Initializing ProtocolHandler ["http-nio-8080"]
2026-06-27 16:23:21.498 [restartedMain] INFO  org.apache.catalina.core.StandardService - Starting service [Tomcat]
2026-06-27 16:23:21.498 [restartedMain] INFO  org.apache.catalina.core.StandardEngine - Starting Servlet engine: [Apache Tomcat/9.0.83]
2026-06-27 16:23:21.540 [restartedMain] INFO  o.a.c.c.ContainerBase.[Tomcat-3].[localhost].[/] - Initializing Spring embedded WebApplicationContext
2026-06-27 16:23:21.542 [restartedMain] INFO  o.s.b.w.s.c.ServletWebServerApplicationContext - Root WebApplicationContext: initialization completed in 775 ms
2026-06-27 16:23:21.622 [restartedMain] INFO  c.a.d.s.b.a.DruidDataSourceAutoConfigure - Init DruidDataSource
2026-06-27 16:23:21.760 [restartedMain] INFO  com.alibaba.druid.pool.DruidDataSource - {dataSource-6} inited
2026-06-27 16:23:26.723 [restartedMain] INFO  com.alibaba.druid.pool.DruidDataSource - {dataSource-6} closing ...
2026-06-27 16:23:26.727 [restartedMain] INFO  com.alibaba.druid.pool.DruidDataSource - {dataSource-6} closed
2026-06-27 16:23:26.731 [restartedMain] INFO  org.apache.catalina.core.StandardService - Stopping service [Tomcat]
2026-06-27 16:23:26.743 [restartedMain] INFO  o.s.b.a.l.ConditionEvaluationReportLoggingListener - 

Error starting ApplicationContext. To display the conditions report re-run your application with 'debug' enabled.
2026-06-27 16:25:25.310 [restartedMain] INFO  com.project.travel.TravelApplication - Starting TravelApplication using Java 1.8.0_202 on dilireba with PID 12068 (C:\maven\travel_system\travel\travel\travel-server\target\classes started by solitude in C:\maven\travel_system\travel\travel\travel-server)
2026-06-27 16:25:25.312 [restartedMain] INFO  com.project.travel.TravelApplication - The following 1 profile is active: "dev"
2026-06-27 16:25:25.384 [restartedMain] INFO  o.s.b.d.env.DevToolsPropertyDefaultsPostProcessor - Devtools property defaults active! Set 'spring.devtools.add-properties' to 'false' to disable
2026-06-27 16:25:25.384 [restartedMain] INFO  o.s.b.d.env.DevToolsPropertyDefaultsPostProcessor - For additional web related logging consider setting the 'logging.level.web' property to 'DEBUG'
2026-06-27 16:25:25.859 [restartedMain] INFO  o.s.d.r.config.RepositoryConfigurationDelegate - Multiple Spring Data modules found, entering strict repository configuration mode
2026-06-27 16:25:25.861 [restartedMain] INFO  o.s.d.r.config.RepositoryConfigurationDelegate - Bootstrapping Spring Data Redis repositories in DEFAULT mode.
2026-06-27 16:25:25.884 [restartedMain] INFO  o.s.d.r.config.RepositoryConfigurationDelegate - Finished Spring Data repository scanning in 14 ms. Found 0 Redis repository interfaces.
2026-06-27 16:25:26.467 [restartedMain] INFO  o.s.boot.web.embedded.tomcat.TomcatWebServer - Tomcat initialized with port(s): 8080 (http)
2026-06-27 16:25:26.475 [restartedMain] INFO  org.apache.coyote.http11.Http11NioProtocol - Initializing ProtocolHandler ["http-nio-8080"]
2026-06-27 16:25:26.477 [restartedMain] INFO  org.apache.catalina.core.StandardService - Starting service [Tomcat]
2026-06-27 16:25:26.477 [restartedMain] INFO  org.apache.catalina.core.StandardEngine - Starting Servlet engine: [Apache Tomcat/9.0.83]
2026-06-27 16:25:26.548 [restartedMain] INFO  o.a.c.core.ContainerBase.[Tomcat].[localhost].[/] - Initializing Spring embedded WebApplicationContext
2026-06-27 16:25:26.548 [restartedMain] INFO  o.s.b.w.s.c.ServletWebServerApplicationContext - Root WebApplicationContext: initialization completed in 1164 ms
2026-06-27 16:25:26.897 [restartedMain] INFO  c.a.d.s.b.a.DruidDataSourceAutoConfigure - Init DruidDataSource
2026-06-27 16:25:28.208 [restartedMain] INFO  com.alibaba.druid.pool.DruidDataSource - {dataSource-1} inited
2026-06-27 16:25:31.593 [restartedMain] INFO  o.s.b.d.autoconfigure.OptionalLiveReloadServer - LiveReload server is running on port 35729
2026-06-27 16:25:31.623 [restartedMain] INFO  org.apache.coyote.http11.Http11NioProtocol - Starting ProtocolHandler ["http-nio-8080"]
2026-06-27 16:25:31.650 [restartedMain] INFO  o.s.boot.web.embedded.tomcat.TomcatWebServer - Tomcat started on port(s): 8080 (http) with context path ''
2026-06-27 16:25:31.663 [restartedMain] INFO  com.project.travel.TravelApplication - Started TravelApplication in 6.762 seconds (JVM running for 7.148)
2026-06-27 16:25:52.924 [http-nio-8080-exec-1] INFO  o.a.c.core.ContainerBase.[Tomcat].[localhost].[/] - Initializing Spring DispatcherServlet 'dispatcherServlet'
2026-06-27 16:25:52.925 [http-nio-8080-exec-1] INFO  org.springframework.web.servlet.DispatcherServlet - Initializing Servlet 'dispatcherServlet'
2026-06-27 16:25:52.928 [http-nio-8080-exec-1] INFO  org.springframework.web.servlet.DispatcherServlet - Completed initialization in 3 ms
2026-06-27 16:25:59.864 [http-nio-8080-exec-21] INFO  com.project.travel.handle.MyMetaObjectHandler - 公共字段自动填充[insert]...
2026-06-27 16:26:05.016 [http-nio-8080-exec-7] INFO  com.project.travel.handle.MyMetaObjectHandler - 公共字段自动填充[insert]...
2026-06-27 16:26:10.578 [http-nio-8080-exec-17] INFO  com.project.travel.handle.MyMetaObjectHandler - 公共字段自动填充[insert]...
2026-06-27 16:26:20.430 [http-nio-8080-exec-18] INFO  com.project.travel.handle.MyMetaObjectHandler - 公共字段自动填充[insert]...
2026-06-27 16:27:08.384 [File Watcher] INFO  o.s.b.d.a.LocalDevToolsAutoConfiguration$RestartingClassPathChangeChangedEventListener - Restarting due to 5 class path changes (0 additions, 0 deletions, 5 modifications)
2026-06-27 16:27:11.117 [Thread-7] INFO  org.apache.coyote.http11.Http11NioProtocol - Pausing ProtocolHandler ["http-nio-8080"]
2026-06-27 16:27:11.119 [Thread-7] INFO  org.apache.catalina.core.StandardService - Stopping service [Tomcat]
2026-06-27 16:27:11.122 [Thread-7] INFO  o.a.c.core.ContainerBase.[Tomcat].[localhost].[/] - Destroying Spring FrameworkServlet 'dispatcherServlet'
2026-06-27 16:27:11.147 [Thread-7] INFO  org.apache.coyote.http11.Http11NioProtocol - Stopping ProtocolHandler ["http-nio-8080"]
2026-06-27 16:27:11.159 [Thread-7] INFO  org.apache.coyote.http11.Http11NioProtocol - Destroying ProtocolHandler ["http-nio-8080"]
2026-06-27 16:27:11.171 [Thread-7] INFO  com.alibaba.druid.pool.DruidDataSource - {dataSource-1} closing ...
2026-06-27 16:27:11.178 [Thread-7] INFO  com.alibaba.druid.pool.DruidDataSource - {dataSource-1} closed
2026-06-27 16:27:11.795 [restartedMain] INFO  com.project.travel.TravelApplication - Starting TravelApplication using Java 1.8.0_202 on dilireba with PID 12068 (C:\maven\travel_system\travel\travel\travel-server\target\classes started by solitude in C:\maven\travel_system\travel\travel\travel-server)
2026-06-27 16:27:11.796 [restartedMain] INFO  com.project.travel.TravelApplication - The following 1 profile is active: "dev"
2026-06-27 16:27:12.405 [restartedMain] INFO  o.s.d.r.config.RepositoryConfigurationDelegate - Multiple Spring Data modules found, entering strict repository configuration mode
2026-06-27 16:27:12.405 [restartedMain] INFO  o.s.d.r.config.RepositoryConfigurationDelegate - Bootstrapping Spring Data Redis repositories in DEFAULT mode.
2026-06-27 16:27:12.458 [restartedMain] INFO  o.s.d.r.config.RepositoryConfigurationDelegate - Finished Spring Data repository scanning in 52 ms. Found 0 Redis repository interfaces.
2026-06-27 16:27:13.316 [restartedMain] INFO  o.s.boot.web.embedded.tomcat.TomcatWebServer - Tomcat initialized with port(s): 8080 (http)
2026-06-27 16:27:13.317 [restartedMain] INFO  org.apache.coyote.http11.Http11NioProtocol - Initializing ProtocolHandler ["http-nio-8080"]
2026-06-27 16:27:13.318 [restartedMain] INFO  org.apache.catalina.core.StandardService - Starting service [Tomcat]
2026-06-27 16:27:13.318 [restartedMain] INFO  org.apache.catalina.core.StandardEngine - Starting Servlet engine: [Apache Tomcat/9.0.83]
2026-06-27 16:27:13.354 [restartedMain] INFO  o.a.c.core.ContainerBase.[Tomcat].[localhost].[/] - Initializing Spring embedded WebApplicationContext
2026-06-27 16:27:13.354 [restartedMain] INFO  o.s.b.w.s.c.ServletWebServerApplicationContext - Root WebApplicationContext: initialization completed in 1549 ms
2026-06-27 16:27:13.416 [restartedMain] INFO  c.a.d.s.b.a.DruidDataSourceAutoConfigure - Init DruidDataSource
2026-06-27 16:27:13.630 [restartedMain] INFO  com.alibaba.druid.pool.DruidDataSource - {dataSource-2} inited
2026-06-27 16:27:17.689 [restartedMain] INFO  o.s.b.d.autoconfigure.OptionalLiveReloadServer - LiveReload server is running on port 35729
2026-06-27 16:27:17.719 [restartedMain] INFO  org.apache.coyote.http11.Http11NioProtocol - Starting ProtocolHandler ["http-nio-8080"]
2026-06-27 16:27:17.746 [restartedMain] INFO  o.s.boot.web.embedded.tomcat.TomcatWebServer - Tomcat started on port(s): 8080 (http) with context path ''
2026-06-27 16:27:17.750 [restartedMain] INFO  com.project.travel.TravelApplication - Started TravelApplication in 6.116 seconds (JVM running for 113.236)
2026-06-27 16:27:17.755 [restartedMain] INFO  o.s.b.d.a.ConditionEvaluationDeltaLoggingListener - Condition evaluation unchanged
2026-06-27 16:27:19.216 [File Watcher] INFO  o.s.b.d.a.LocalDevToolsAutoConfiguration$RestartingClassPathChangeChangedEventListener - Restarting due to 1 class path change (0 additions, 0 deletions, 1 modification)
2026-06-27 16:27:22.136 [Thread-9] INFO  org.apache.coyote.http11.Http11NioProtocol - Pausing ProtocolHandler ["http-nio-8080"]
2026-06-27 16:27:22.137 [Thread-9] INFO  org.apache.catalina.core.StandardService - Stopping service [Tomcat]
2026-06-27 16:27:22.148 [Thread-9] INFO  org.apache.coyote.http11.Http11NioProtocol - Stopping ProtocolHandler ["http-nio-8080"]
2026-06-27 16:27:22.161 [Thread-9] INFO  org.apache.coyote.http11.Http11NioProtocol - Destroying ProtocolHandler ["http-nio-8080"]
2026-06-27 16:27:22.163 [Thread-9] INFO  com.alibaba.druid.pool.DruidDataSource - {dataSource-2} closing ...
2026-06-27 16:27:22.172 [Thread-9] INFO  com.alibaba.druid.pool.DruidDataSource - {dataSource-2} closed
2026-06-27 16:27:22.878 [restartedMain] INFO  com.project.travel.TravelApplication - Starting TravelApplication using Java 1.8.0_202 on dilireba with PID 12068 (C:\maven\travel_system\travel\travel\travel-server\target\classes started by solitude in C:\maven\travel_system\travel\travel\travel-server)
2026-06-27 16:27:22.879 [restartedMain] INFO  com.project.travel.TravelApplication - The following 1 profile is active: "dev"
2026-06-27 16:27:23.491 [restartedMain] INFO  o.s.d.r.config.RepositoryConfigurationDelegate - Multiple Spring Data modules found, entering strict repository configuration mode
2026-06-27 16:27:23.491 [restartedMain] INFO  o.s.d.r.config.RepositoryConfigurationDelegate - Bootstrapping Spring Data Redis repositories in DEFAULT mode.
2026-06-27 16:27:23.524 [restartedMain] INFO  o.s.d.r.config.RepositoryConfigurationDelegate - Finished Spring Data repository scanning in 32 ms. Found 0 Redis repository interfaces.
2026-06-27 16:27:23.739 [restartedMain] INFO  o.s.boot.web.embedded.tomcat.TomcatWebServer - Tomcat initialized with port(s): 8080 (http)
2026-06-27 16:27:23.740 [restartedMain] INFO  org.apache.coyote.http11.Http11NioProtocol - Initializing ProtocolHandler ["http-nio-8080"]
2026-06-27 16:27:23.741 [restartedMain] INFO  org.apache.catalina.core.StandardService - Starting service [Tomcat]
2026-06-27 16:27:23.741 [restartedMain] INFO  org.apache.catalina.core.StandardEngine - Starting Servlet engine: [Apache Tomcat/9.0.83]
2026-06-27 16:27:23.795 [restartedMain] INFO  o.a.c.core.ContainerBase.[Tomcat].[localhost].[/] - Initializing Spring embedded WebApplicationContext
2026-06-27 16:27:23.795 [restartedMain] INFO  o.s.b.w.s.c.ServletWebServerApplicationContext - Root WebApplicationContext: initialization completed in 910 ms
2026-06-27 16:27:23.873 [restartedMain] INFO  c.a.d.s.b.a.DruidDataSourceAutoConfigure - Init DruidDataSource
2026-06-27 16:27:24.359 [restartedMain] INFO  com.alibaba.druid.pool.DruidDataSource - {dataSource-3} inited
2026-06-27 16:27:27.958 [restartedMain] INFO  o.s.b.d.autoconfigure.OptionalLiveReloadServer - LiveReload server is running on port 35729
2026-06-27 16:27:27.984 [restartedMain] INFO  org.apache.coyote.http11.Http11NioProtocol - Starting ProtocolHandler ["http-nio-8080"]
2026-06-27 16:27:27.995 [restartedMain] INFO  o.s.boot.web.embedded.tomcat.TomcatWebServer - Tomcat started on port(s): 8080 (http) with context path ''
2026-06-27 16:27:27.999 [restartedMain] INFO  com.project.travel.TravelApplication - Started TravelApplication in 5.266 seconds (JVM running for 123.485)
2026-06-27 16:27:28.001 [restartedMain] INFO  o.s.b.d.a.ConditionEvaluationDeltaLoggingListener - Condition evaluation unchanged
2026-06-27 16:27:29.535 [File Watcher] INFO  o.s.b.d.a.LocalDevToolsAutoConfiguration$RestartingClassPathChangeChangedEventListener - Restarting due to 4 class path changes (0 additions, 0 deletions, 4 modifications)
2026-06-27 16:27:32.028 [Thread-13] INFO  org.apache.coyote.http11.Http11NioProtocol - Pausing ProtocolHandler ["http-nio-8080"]
2026-06-27 16:27:32.029 [Thread-13] INFO  org.apache.catalina.core.StandardService - Stopping service [Tomcat]
2026-06-27 16:27:32.043 [Thread-13] INFO  org.apache.coyote.http11.Http11NioProtocol - Stopping ProtocolHandler ["http-nio-8080"]
2026-06-27 16:27:32.050 [Thread-13] INFO  org.apache.coyote.http11.Http11NioProtocol - Destroying ProtocolHandler ["http-nio-8080"]
2026-06-27 16:27:32.053 [Thread-13] INFO  com.alibaba.druid.pool.DruidDataSource - {dataSource-3} closing ...
2026-06-27 16:27:32.060 [Thread-13] INFO  com.alibaba.druid.pool.DruidDataSource - {dataSource-3} closed
2026-06-27 16:27:32.612 [restartedMain] INFO  com.project.travel.TravelApplication - Starting TravelApplication using Java 1.8.0_202 on dilireba with PID 12068 (C:\maven\travel_system\travel\travel\travel-server\target\classes started by solitude in C:\maven\travel_system\travel\travel\travel-server)
2026-06-27 16:27:32.613 [restartedMain] INFO  com.project.travel.TravelApplication - The following 1 profile is active: "dev"
2026-06-27 16:27:32.998 [restartedMain] INFO  o.s.d.r.config.RepositoryConfigurationDelegate - Multiple Spring Data modules found, entering strict repository configuration mode
2026-06-27 16:27:32.998 [restartedMain] INFO  o.s.d.r.config.RepositoryConfigurationDelegate - Bootstrapping Spring Data Redis repositories in DEFAULT mode.
2026-06-27 16:27:33.028 [restartedMain] INFO  o.s.d.r.config.RepositoryConfigurationDelegate - Finished Spring Data repository scanning in 29 ms. Found 0 Redis repository interfaces.
2026-06-27 16:27:33.237 [restartedMain] INFO  o.s.boot.web.embedded.tomcat.TomcatWebServer - Tomcat initialized with port(s): 8080 (http)
2026-06-27 16:27:33.238 [restartedMain] INFO  org.apache.coyote.http11.Http11NioProtocol - Initializing ProtocolHandler ["http-nio-8080"]
2026-06-27 16:27:33.238 [restartedMain] INFO  org.apache.catalina.core.StandardService - Starting service [Tomcat]
2026-06-27 16:27:33.238 [restartedMain] INFO  org.apache.catalina.core.StandardEngine - Starting Servlet engine: [Apache Tomcat/9.0.83]
2026-06-27 16:27:33.275 [restartedMain] INFO  o.a.c.core.ContainerBase.[Tomcat].[localhost].[/] - Initializing Spring embedded WebApplicationContext
2026-06-27 16:27:33.276 [restartedMain] INFO  o.s.b.w.s.c.ServletWebServerApplicationContext - Root WebApplicationContext: initialization completed in 660 ms
2026-06-27 16:27:33.331 [restartedMain] INFO  c.a.d.s.b.a.DruidDataSourceAutoConfigure - Init DruidDataSource
2026-06-27 16:27:33.489 [restartedMain] INFO  com.alibaba.druid.pool.DruidDataSource - {dataSource-4} inited
2026-06-27 16:27:37.522 [restartedMain] INFO  o.s.b.d.autoconfigure.OptionalLiveReloadServer - LiveReload server is running on port 35729
2026-06-27 16:27:37.553 [restartedMain] INFO  org.apache.coyote.http11.Http11NioProtocol - Starting ProtocolHandler ["http-nio-8080"]
2026-06-27 16:27:37.571 [restartedMain] INFO  o.s.boot.web.embedded.tomcat.TomcatWebServer - Tomcat started on port(s): 8080 (http) with context path ''
2026-06-27 16:27:37.578 [restartedMain] INFO  com.project.travel.TravelApplication - Started TravelApplication in 5.05 seconds (JVM running for 133.064)
2026-06-27 16:27:37.580 [restartedMain] INFO  o.s.b.d.a.ConditionEvaluationDeltaLoggingListener - Condition evaluation unchanged
2026-06-27 16:27:45.521 [File Watcher] INFO  o.s.b.d.a.LocalDevToolsAutoConfiguration$RestartingClassPathChangeChangedEventListener - Restarting due to 1 class path change (0 additions, 0 deletions, 1 modification)
2026-06-27 16:27:48.088 [Thread-17] INFO  org.apache.coyote.http11.Http11NioProtocol - Pausing ProtocolHandler ["http-nio-8080"]
2026-06-27 16:27:48.089 [Thread-17] INFO  org.apache.catalina.core.StandardService - Stopping service [Tomcat]
2026-06-27 16:27:48.123 [Thread-17] INFO  org.apache.coyote.http11.Http11NioProtocol - Stopping ProtocolHandler ["http-nio-8080"]
2026-06-27 16:27:48.140 [Thread-17] INFO  org.apache.coyote.http11.Http11NioProtocol - Destroying ProtocolHandler ["http-nio-8080"]
2026-06-27 16:27:48.147 [Thread-17] INFO  com.alibaba.druid.pool.DruidDataSource - {dataSource-4} closing ...
2026-06-27 16:27:48.158 [Thread-17] INFO  com.alibaba.druid.pool.DruidDataSource - {dataSource-4} closed
2026-06-27 16:27:48.687 [restartedMain] INFO  com.project.travel.TravelApplication - Starting TravelApplication using Java 1.8.0_202 on dilireba with PID 12068 (C:\maven\travel_system\travel\travel\travel-server\target\classes started by solitude in C:\maven\travel_system\travel\travel\travel-server)
2026-06-27 16:27:48.687 [restartedMain] INFO  com.project.travel.TravelApplication - The following 1 profile is active: "dev"
2026-06-27 16:27:49.068 [restartedMain] INFO  o.s.d.r.config.RepositoryConfigurationDelegate - Multiple Spring Data modules found, entering strict repository configuration mode
2026-06-27 16:27:49.068 [restartedMain] INFO  o.s.d.r.config.RepositoryConfigurationDelegate - Bootstrapping Spring Data Redis repositories in DEFAULT mode.
2026-06-27 16:27:49.097 [restartedMain] INFO  o.s.d.r.config.RepositoryConfigurationDelegate - Finished Spring Data repository scanning in 29 ms. Found 0 Redis repository interfaces.
2026-06-27 16:27:49.379 [restartedMain] INFO  o.s.boot.web.embedded.tomcat.TomcatWebServer - Tomcat initialized with port(s): 8080 (http)
2026-06-27 16:27:49.380 [restartedMain] INFO  org.apache.coyote.http11.Http11NioProtocol - Initializing ProtocolHandler ["http-nio-8080"]
2026-06-27 16:27:49.380 [restartedMain] INFO  org.apache.catalina.core.StandardService - Starting service [Tomcat]
2026-06-27 16:27:49.380 [restartedMain] INFO  org.apache.catalina.core.StandardEngine - Starting Servlet engine: [Apache Tomcat/9.0.83]
2026-06-27 16:27:49.414 [restartedMain] INFO  o.a.c.core.ContainerBase.[Tomcat].[localhost].[/] - Initializing Spring embedded WebApplicationContext
2026-06-27 16:27:49.414 [restartedMain] INFO  o.s.b.w.s.c.ServletWebServerApplicationContext - Root WebApplicationContext: initialization completed in 723 ms
2026-06-27 16:27:49.463 [restartedMain] INFO  c.a.d.s.b.a.DruidDataSourceAutoConfigure - Init DruidDataSource
2026-06-27 16:27:49.600 [restartedMain] INFO  com.alibaba.druid.pool.DruidDataSource - {dataSource-5} inited
2026-06-27 16:27:53.656 [restartedMain] INFO  o.s.b.d.autoconfigure.OptionalLiveReloadServer - LiveReload server is running on port 35729
2026-06-27 16:27:53.680 [restartedMain] INFO  org.apache.coyote.http11.Http11NioProtocol - Starting ProtocolHandler ["http-nio-8080"]
2026-06-27 16:27:53.694 [restartedMain] INFO  o.s.boot.web.embedded.tomcat.TomcatWebServer - Tomcat started on port(s): 8080 (http) with context path ''
2026-06-27 16:27:53.699 [restartedMain] INFO  com.project.travel.TravelApplication - Started TravelApplication in 5.077 seconds (JVM running for 149.184)
2026-06-27 16:27:53.702 [restartedMain] INFO  o.s.b.d.a.ConditionEvaluationDeltaLoggingListener - Condition evaluation unchanged
2026-06-27 16:27:59.514 [File Watcher] INFO  o.s.b.d.a.LocalDevToolsAutoConfiguration$RestartingClassPathChangeChangedEventListener - Restarting due to 4 class path changes (0 additions, 0 deletions, 4 modifications)
2026-06-27 16:28:01.995 [Thread-21] INFO  org.apache.coyote.http11.Http11NioProtocol - Pausing ProtocolHandler ["http-nio-8080"]
2026-06-27 16:28:01.997 [Thread-21] INFO  org.apache.catalina.core.StandardService - Stopping service [Tomcat]
2026-06-27 16:28:02.013 [Thread-21] INFO  org.apache.coyote.http11.Http11NioProtocol - Stopping ProtocolHandler ["http-nio-8080"]
2026-06-27 16:28:02.025 [Thread-21] INFO  org.apache.coyote.http11.Http11NioProtocol - Destroying ProtocolHandler ["http-nio-8080"]
2026-06-27 16:28:02.032 [Thread-21] INFO  com.alibaba.druid.pool.DruidDataSource - {dataSource-5} closing ...
2026-06-27 16:28:02.057 [Thread-21] INFO  com.alibaba.druid.pool.DruidDataSource - {dataSource-5} closed
2026-06-27 16:28:02.509 [restartedMain] INFO  com.project.travel.TravelApplication - Starting TravelApplication using Java 1.8.0_202 on dilireba with PID 12068 (C:\maven\travel_system\travel\travel\travel-server\target\classes started by solitude in C:\maven\travel_system\travel\travel\travel-server)
2026-06-27 16:28:02.511 [restartedMain] INFO  com.project.travel.TravelApplication - The following 1 profile is active: "dev"
2026-06-27 16:28:02.973 [restartedMain] INFO  o.s.d.r.config.RepositoryConfigurationDelegate - Multiple Spring Data modules found, entering strict repository configuration mode
2026-06-27 16:28:02.974 [restartedMain] INFO  o.s.d.r.config.RepositoryConfigurationDelegate - Bootstrapping Spring Data Redis repositories in DEFAULT mode.
2026-06-27 16:28:03.018 [restartedMain] INFO  o.s.d.r.config.RepositoryConfigurationDelegate - Finished Spring Data repository scanning in 43 ms. Found 0 Redis repository interfaces.
2026-06-27 16:28:03.212 [restartedMain] INFO  o.s.boot.web.embedded.tomcat.TomcatWebServer - Tomcat initialized with port(s): 8080 (http)
2026-06-27 16:28:03.212 [restartedMain] INFO  org.apache.coyote.http11.Http11NioProtocol - Initializing ProtocolHandler ["http-nio-8080"]
2026-06-27 16:28:03.213 [restartedMain] INFO  org.apache.catalina.core.StandardService - Starting service [Tomcat]
2026-06-27 16:28:03.213 [restartedMain] INFO  org.apache.catalina.core.StandardEngine - Starting Servlet engine: [Apache Tomcat/9.0.83]
2026-06-27 16:28:03.247 [restartedMain] INFO  o.a.c.core.ContainerBase.[Tomcat].[localhost].[/] - Initializing Spring embedded WebApplicationContext
2026-06-27 16:28:03.247 [restartedMain] INFO  o.s.b.w.s.c.ServletWebServerApplicationContext - Root WebApplicationContext: initialization completed in 731 ms
2026-06-27 16:28:03.301 [restartedMain] INFO  c.a.d.s.b.a.DruidDataSourceAutoConfigure - Init DruidDataSource
2026-06-27 16:28:03.605 [restartedMain] INFO  com.alibaba.druid.pool.DruidDataSource - {dataSource-6} inited
2026-06-27 16:28:07.043 [restartedMain] INFO  o.s.b.d.autoconfigure.OptionalLiveReloadServer - LiveReload server is running on port 35729
2026-06-27 16:28:07.088 [restartedMain] INFO  org.apache.coyote.http11.Http11NioProtocol - Starting ProtocolHandler ["http-nio-8080"]
2026-06-27 16:28:07.100 [restartedMain] INFO  o.s.boot.web.embedded.tomcat.TomcatWebServer - Tomcat started on port(s): 8080 (http) with context path ''
2026-06-27 16:28:07.105 [restartedMain] INFO  com.project.travel.TravelApplication - Started TravelApplication in 4.669 seconds (JVM running for 162.591)
2026-06-27 16:28:07.110 [restartedMain] INFO  o.s.b.d.a.ConditionEvaluationDeltaLoggingListener - Condition evaluation unchanged
2026-06-27 16:28:13.969 [File Watcher] INFO  o.s.b.d.a.LocalDevToolsAutoConfiguration$RestartingClassPathChangeChangedEventListener - Restarting due to 4 class path changes (0 additions, 0 deletions, 4 modifications)
2026-06-27 16:28:16.467 [Thread-25] INFO  org.apache.coyote.http11.Http11NioProtocol - Pausing ProtocolHandler ["http-nio-8080"]
2026-06-27 16:28:16.467 [Thread-25] INFO  org.apache.catalina.core.StandardService - Stopping service [Tomcat]
2026-06-27 16:28:16.478 [Thread-25] INFO  org.apache.coyote.http11.Http11NioProtocol - Stopping ProtocolHandler ["http-nio-8080"]
2026-06-27 16:28:16.489 [Thread-25] INFO  org.apache.coyote.http11.Http11NioProtocol - Destroying ProtocolHandler ["http-nio-8080"]
2026-06-27 16:28:16.493 [Thread-25] INFO  com.alibaba.druid.pool.DruidDataSource - {dataSource-6} closing ...
2026-06-27 16:28:16.502 [Thread-25] INFO  com.alibaba.druid.pool.DruidDataSource - {dataSource-6} closed
2026-06-27 16:28:17.037 [restartedMain] INFO  com.project.travel.TravelApplication - Starting TravelApplication using Java 1.8.0_202 on dilireba with PID 12068 (C:\maven\travel_system\travel\travel\travel-server\target\classes started by solitude in C:\maven\travel_system\travel\travel\travel-server)
2026-06-27 16:28:17.037 [restartedMain] INFO  com.project.travel.TravelApplication - The following 1 profile is active: "dev"
2026-06-27 16:28:17.383 [restartedMain] INFO  o.s.d.r.config.RepositoryConfigurationDelegate - Multiple Spring Data modules found, entering strict repository configuration mode
2026-06-27 16:28:17.384 [restartedMain] INFO  o.s.d.r.config.RepositoryConfigurationDelegate - Bootstrapping Spring Data Redis repositories in DEFAULT mode.
2026-06-27 16:28:17.413 [restartedMain] INFO  o.s.d.r.config.RepositoryConfigurationDelegate - Finished Spring Data repository scanning in 27 ms. Found 0 Redis repository interfaces.
2026-06-27 16:28:17.578 [restartedMain] INFO  o.s.boot.web.embedded.tomcat.TomcatWebServer - Tomcat initialized with port(s): 8080 (http)
2026-06-27 16:28:17.579 [restartedMain] INFO  org.apache.coyote.http11.Http11NioProtocol - Initializing ProtocolHandler ["http-nio-8080"]
2026-06-27 16:28:17.580 [restartedMain] INFO  org.apache.catalina.core.StandardService - Starting service [Tomcat]
2026-06-27 16:28:17.580 [restartedMain] INFO  org.apache.catalina.core.StandardEngine - Starting Servlet engine: [Apache Tomcat/9.0.83]
2026-06-27 16:28:17.647 [restartedMain] INFO  o.a.c.core.ContainerBase.[Tomcat].[localhost].[/] - Initializing Spring embedded WebApplicationContext
2026-06-27 16:28:17.647 [restartedMain] INFO  o.s.b.w.s.c.ServletWebServerApplicationContext - Root WebApplicationContext: initialization completed in 605 ms
2026-06-27 16:28:17.709 [restartedMain] INFO  c.a.d.s.b.a.DruidDataSourceAutoConfigure - Init DruidDataSource
2026-06-27 16:28:17.894 [restartedMain] INFO  com.alibaba.druid.pool.DruidDataSource - {dataSource-7} inited
2026-06-27 16:28:21.238 [restartedMain] INFO  o.s.b.d.autoconfigure.OptionalLiveReloadServer - LiveReload server is running on port 35729
2026-06-27 16:28:21.268 [restartedMain] INFO  org.apache.coyote.http11.Http11NioProtocol - Starting ProtocolHandler ["http-nio-8080"]
2026-06-27 16:28:21.279 [restartedMain] INFO  o.s.boot.web.embedded.tomcat.TomcatWebServer - Tomcat started on port(s): 8080 (http) with context path ''
2026-06-27 16:28:21.283 [restartedMain] INFO  com.project.travel.TravelApplication - Started TravelApplication in 4.339 seconds (JVM running for 176.768)
2026-06-27 16:28:21.284 [restartedMain] INFO  o.s.b.d.a.ConditionEvaluationDeltaLoggingListener - Condition evaluation unchanged
2026-06-27 16:28:26.007 [File Watcher] INFO  o.s.b.d.a.LocalDevToolsAutoConfiguration$RestartingClassPathChangeChangedEventListener - Restarting due to 4 class path changes (0 additions, 0 deletions, 4 modifications)
2026-06-27 16:28:28.774 [Thread-29] INFO  org.apache.coyote.http11.Http11NioProtocol - Pausing ProtocolHandler ["http-nio-8080"]
2026-06-27 16:28:28.774 [Thread-29] INFO  org.apache.catalina.core.StandardService - Stopping service [Tomcat]
2026-06-27 16:28:28.784 [Thread-29] INFO  org.apache.coyote.http11.Http11NioProtocol - Stopping ProtocolHandler ["http-nio-8080"]
2026-06-27 16:28:28.791 [Thread-29] INFO  org.apache.coyote.http11.Http11NioProtocol - Destroying ProtocolHandler ["http-nio-8080"]
2026-06-27 16:28:28.792 [Thread-29] INFO  com.alibaba.druid.pool.DruidDataSource - {dataSource-7} closing ...
2026-06-27 16:28:28.796 [Thread-29] INFO  com.alibaba.druid.pool.DruidDataSource - {dataSource-7} closed
2026-06-27 16:28:29.198 [restartedMain] INFO  com.project.travel.TravelApplication - Starting TravelApplication using Java 1.8.0_202 on dilireba with PID 12068 (C:\maven\travel_system\travel\travel\travel-server\target\classes started by solitude in C:\maven\travel_system\travel\travel\travel-server)
2026-06-27 16:28:29.198 [restartedMain] INFO  com.project.travel.TravelApplication - The following 1 profile is active: "dev"
2026-06-27 16:28:29.586 [restartedMain] INFO  o.s.d.r.config.RepositoryConfigurationDelegate - Multiple Spring Data modules found, entering strict repository configuration mode
2026-06-27 16:28:29.586 [restartedMain] INFO  o.s.d.r.config.RepositoryConfigurationDelegate - Bootstrapping Spring Data Redis repositories in DEFAULT mode.
2026-06-27 16:28:29.614 [restartedMain] INFO  o.s.d.r.config.RepositoryConfigurationDelegate - Finished Spring Data repository scanning in 26 ms. Found 0 Redis repository interfaces.
2026-06-27 16:28:29.865 [restartedMain] INFO  o.s.boot.web.embedded.tomcat.TomcatWebServer - Tomcat initialized with port(s): 8080 (http)
2026-06-27 16:28:29.866 [restartedMain] INFO  org.apache.coyote.http11.Http11NioProtocol - Initializing ProtocolHandler ["http-nio-8080"]
2026-06-27 16:28:29.867 [restartedMain] INFO  org.apache.catalina.core.StandardService - Starting service [Tomcat]
2026-06-27 16:28:29.867 [restartedMain] INFO  org.apache.catalina.core.StandardEngine - Starting Servlet engine: [Apache Tomcat/9.0.83]
2026-06-27 16:28:29.905 [restartedMain] INFO  o.a.c.core.ContainerBase.[Tomcat].[localhost].[/] - Initializing Spring embedded WebApplicationContext
2026-06-27 16:28:29.905 [restartedMain] INFO  o.s.b.w.s.c.ServletWebServerApplicationContext - Root WebApplicationContext: initialization completed in 705 ms
2026-06-27 16:28:29.961 [restartedMain] INFO  c.a.d.s.b.a.DruidDataSourceAutoConfigure - Init DruidDataSource
2026-06-27 16:28:30.118 [restartedMain] INFO  com.alibaba.druid.pool.DruidDataSource - {dataSource-8} inited
2026-06-27 16:28:33.708 [restartedMain] INFO  o.s.b.d.autoconfigure.OptionalLiveReloadServer - LiveReload server is running on port 35729
2026-06-27 16:28:33.735 [restartedMain] INFO  org.apache.coyote.http11.Http11NioProtocol - Starting ProtocolHandler ["http-nio-8080"]
2026-06-27 16:28:33.746 [restartedMain] INFO  o.s.boot.web.embedded.tomcat.TomcatWebServer - Tomcat started on port(s): 8080 (http) with context path ''
2026-06-27 16:28:33.751 [restartedMain] INFO  com.project.travel.TravelApplication - Started TravelApplication in 4.615 seconds (JVM running for 189.236)
2026-06-27 16:28:33.752 [restartedMain] INFO  o.s.b.d.a.ConditionEvaluationDeltaLoggingListener - Condition evaluation unchanged
2026-06-27 16:28:38.618 [File Watcher] INFO  o.s.b.d.a.LocalDevToolsAutoConfiguration$RestartingClassPathChangeChangedEventListener - Restarting due to 4 class path changes (0 additions, 0 deletions, 4 modifications)
2026-06-27 16:28:41.117 [Thread-33] INFO  org.apache.coyote.http11.Http11NioProtocol - Pausing ProtocolHandler ["http-nio-8080"]
2026-06-27 16:28:41.118 [Thread-33] INFO  org.apache.catalina.core.StandardService - Stopping service [Tomcat]
2026-06-27 16:28:41.131 [Thread-33] INFO  org.apache.coyote.http11.Http11NioProtocol - Stopping ProtocolHandler ["http-nio-8080"]
2026-06-27 16:28:41.137 [Thread-33] INFO  org.apache.coyote.http11.Http11NioProtocol - Destroying ProtocolHandler ["http-nio-8080"]
2026-06-27 16:28:41.140 [Thread-33] INFO  com.alibaba.druid.pool.DruidDataSource - {dataSource-8} closing ...
2026-06-27 16:28:41.145 [Thread-33] INFO  com.alibaba.druid.pool.DruidDataSource - {dataSource-8} closed
2026-06-27 16:28:41.740 [restartedMain] INFO  com.project.travel.TravelApplication - Starting TravelApplication using Java 1.8.0_202 on dilireba with PID 12068 (C:\maven\travel_system\travel\travel\travel-server\target\classes started by solitude in C:\maven\travel_system\travel\travel\travel-server)
2026-06-27 16:28:41.740 [restartedMain] INFO  com.project.travel.TravelApplication - The following 1 profile is active: "dev"
2026-06-27 16:28:42.254 [restartedMain] INFO  o.s.d.r.config.RepositoryConfigurationDelegate - Multiple Spring Data modules found, entering strict repository configuration mode
2026-06-27 16:28:42.254 [restartedMain] INFO  o.s.d.r.config.RepositoryConfigurationDelegate - Bootstrapping Spring Data Redis repositories in DEFAULT mode.
2026-06-27 16:28:42.292 [restartedMain] INFO  o.s.d.r.config.RepositoryConfigurationDelegate - Finished Spring Data repository scanning in 37 ms. Found 0 Redis repository interfaces.
2026-06-27 16:28:42.487 [restartedMain] INFO  o.s.boot.web.embedded.tomcat.TomcatWebServer - Tomcat initialized with port(s): 8080 (http)
2026-06-27 16:28:42.488 [restartedMain] INFO  org.apache.coyote.http11.Http11NioProtocol - Initializing ProtocolHandler ["http-nio-8080"]
2026-06-27 16:28:42.488 [restartedMain] INFO  org.apache.catalina.core.StandardService - Starting service [Tomcat]
2026-06-27 16:28:42.488 [restartedMain] INFO  org.apache.catalina.core.StandardEngine - Starting Servlet engine: [Apache Tomcat/9.0.83]
2026-06-27 16:28:42.524 [restartedMain] INFO  o.a.c.core.ContainerBase.[Tomcat].[localhost].[/] - Initializing Spring embedded WebApplicationContext
2026-06-27 16:28:42.524 [restartedMain] INFO  o.s.b.w.s.c.ServletWebServerApplicationContext - Root WebApplicationContext: initialization completed in 779 ms
2026-06-27 16:28:42.585 [restartedMain] INFO  c.a.d.s.b.a.DruidDataSourceAutoConfigure - Init DruidDataSource
2026-06-27 16:28:42.760 [restartedMain] INFO  com.alibaba.druid.pool.DruidDataSource - {dataSource-9} inited
2026-06-27 16:28:46.132 [restartedMain] INFO  o.s.b.d.autoconfigure.OptionalLiveReloadServer - LiveReload server is running on port 35729
2026-06-27 16:28:46.153 [restartedMain] INFO  org.apache.coyote.http11.Http11NioProtocol - Starting ProtocolHandler ["http-nio-8080"]
2026-06-27 16:28:46.169 [restartedMain] INFO  o.s.boot.web.embedded.tomcat.TomcatWebServer - Tomcat started on port(s): 8080 (http) with context path ''
2026-06-27 16:28:46.177 [restartedMain] INFO  com.project.travel.TravelApplication - Started TravelApplication in 4.501 seconds (JVM running for 201.662)
2026-06-27 16:28:46.178 [restartedMain] INFO  o.s.b.d.a.ConditionEvaluationDeltaLoggingListener - Condition evaluation unchanged
2026-06-27 16:29:46.072 [http-nio-8080-exec-2] INFO  o.a.c.core.ContainerBase.[Tomcat].[localhost].[/] - Initializing Spring DispatcherServlet 'dispatcherServlet'
2026-06-27 16:29:46.073 [http-nio-8080-exec-2] INFO  org.springframework.web.servlet.DispatcherServlet - Initializing Servlet 'dispatcherServlet'
2026-06-27 16:29:46.076 [http-nio-8080-exec-2] INFO  org.springframework.web.servlet.DispatcherServlet - Completed initialization in 3 ms
2026-06-27 16:35:40.871 [http-nio-8080-exec-10] INFO  com.project.travel.handle.MyMetaObjectHandler - 公共字段自动填充[insert]...
2026-06-27 16:35:42.414 [http-nio-8080-exec-15] INFO  com.project.travel.handle.MyMetaObjectHandler - 公共字段自动填充[update]...
2026-06-27 16:35:42.434 [http-nio-8080-exec-15] INFO  com.project.travel.handle.MyMetaObjectHandler - 公共字段自动填充[insert]...
2026-06-27 16:35:43.341 [http-nio-8080-exec-19] INFO  com.project.travel.handle.MyMetaObjectHandler - 公共字段自动填充[update]...
2026-06-27 16:35:43.349 [http-nio-8080-exec-19] INFO  com.project.travel.handle.MyMetaObjectHandler - 公共字段自动填充[insert]...
2026-06-27 16:35:56.909 [SpringApplicationShutdownHook] INFO  com.alibaba.druid.pool.DruidDataSource - {dataSource-9} closing ...
2026-06-27 16:35:56.915 [SpringApplicationShutdownHook] INFO  com.alibaba.druid.pool.DruidDataSource - {dataSource-9} closed
2026-06-27 16:36:03.434 [restartedMain] INFO  com.project.travel.TravelApplication - Starting TravelApplication using Java 1.8.0_202 on dilireba with PID 1296 (C:\maven\travel_system\travel\travel\travel-server\target\classes started by solitude in C:\maven\travel_system\travel\travel\travel-server)
2026-06-27 16:36:03.435 [restartedMain] INFO  com.project.travel.TravelApplication - The following 1 profile is active: "dev"
2026-06-27 16:36:03.502 [restartedMain] INFO  o.s.b.d.env.DevToolsPropertyDefaultsPostProcessor - Devtools property defaults active! Set 'spring.devtools.add-properties' to 'false' to disable
2026-06-27 16:36:03.502 [restartedMain] INFO  o.s.b.d.env.DevToolsPropertyDefaultsPostProcessor - For additional web related logging consider setting the 'logging.level.web' property to 'DEBUG'
2026-06-27 16:36:04.012 [restartedMain] INFO  o.s.d.r.config.RepositoryConfigurationDelegate - Multiple Spring Data modules found, entering strict repository configuration mode
2026-06-27 16:36:04.014 [restartedMain] INFO  o.s.d.r.config.RepositoryConfigurationDelegate - Bootstrapping Spring Data Redis repositories in DEFAULT mode.
2026-06-27 16:36:04.037 [restartedMain] INFO  o.s.d.r.config.RepositoryConfigurationDelegate - Finished Spring Data repository scanning in 13 ms. Found 0 Redis repository interfaces.
2026-06-27 16:36:04.637 [restartedMain] INFO  o.s.boot.web.embedded.tomcat.TomcatWebServer - Tomcat initialized with port(s): 8080 (http)
2026-06-27 16:36:04.643 [restartedMain] INFO  org.apache.coyote.http11.Http11NioProtocol - Initializing ProtocolHandler ["http-nio-8080"]
2026-06-27 16:36:04.644 [restartedMain] INFO  org.apache.catalina.core.StandardService - Starting service [Tomcat]
2026-06-27 16:36:04.644 [restartedMain] INFO  org.apache.catalina.core.StandardEngine - Starting Servlet engine: [Apache Tomcat/9.0.83]
2026-06-27 16:36:04.719 [restartedMain] INFO  o.a.c.core.ContainerBase.[Tomcat].[localhost].[/] - Initializing Spring embedded WebApplicationContext
2026-06-27 16:36:04.719 [restartedMain] INFO  o.s.b.w.s.c.ServletWebServerApplicationContext - Root WebApplicationContext: initialization completed in 1217 ms
2026-06-27 16:36:05.063 [restartedMain] INFO  c.a.d.s.b.a.DruidDataSourceAutoConfigure - Init DruidDataSource
2026-06-27 16:36:06.365 [restartedMain] INFO  com.alibaba.druid.pool.DruidDataSource - {dataSource-1} inited
2026-06-27 16:36:09.367 [restartedMain] INFO  o.s.b.d.autoconfigure.OptionalLiveReloadServer - LiveReload server is running on port 35729
2026-06-27 16:36:09.398 [restartedMain] INFO  org.apache.coyote.http11.Http11NioProtocol - Starting ProtocolHandler ["http-nio-8080"]
2026-06-27 16:36:09.442 [restartedMain] INFO  o.s.boot.web.embedded.tomcat.TomcatWebServer - Tomcat started on port(s): 8080 (http) with context path ''
2026-06-27 16:36:09.454 [restartedMain] INFO  com.project.travel.TravelApplication - Started TravelApplication in 6.419 seconds (JVM running for 6.808)
2026-06-27 16:36:30.683 [http-nio-8080-exec-2] INFO  o.a.c.core.ContainerBase.[Tomcat].[localhost].[/] - Initializing Spring DispatcherServlet 'dispatcherServlet'
2026-06-27 16:36:30.684 [http-nio-8080-exec-2] INFO  org.springframework.web.servlet.DispatcherServlet - Initializing Servlet 'dispatcherServlet'
2026-06-27 16:36:30.686 [http-nio-8080-exec-2] INFO  org.springframework.web.servlet.DispatcherServlet - Completed initialization in 2 ms
2026-06-27 16:36:40.637 [http-nio-8080-exec-18] INFO  com.project.travel.handle.MyMetaObjectHandler - 公共字段自动填充[update]...
2026-06-27 16:36:40.673 [http-nio-8080-exec-18] INFO  com.project.travel.handle.MyMetaObjectHandler - 公共字段自动填充[update]...
2026-06-27 16:36:40.700 [http-nio-8080-exec-18] INFO  com.project.travel.handle.MyMetaObjectHandler - 公共字段自动填充[insert]...
2026-06-27 16:37:07.625 [http-nio-8080-exec-29] INFO  com.project.travel.handle.MyMetaObjectHandler - 公共字段自动填充[update]...
2026-06-27 16:37:07.644 [http-nio-8080-exec-29] INFO  com.project.travel.handle.MyMetaObjectHandler - 公共字段自动填充[insert]...
2026-06-27 16:40:01.001 [File Watcher] INFO  o.s.b.d.a.LocalDevToolsAutoConfiguration$RestartingClassPathChangeChangedEventListener - Restarting due to 1 class path change (0 additions, 0 deletions, 1 modification)
2026-06-27 16:40:03.933 [Thread-7] INFO  org.apache.coyote.http11.Http11NioProtocol - Pausing ProtocolHandler ["http-nio-8080"]
2026-06-27 16:40:03.933 [Thread-7] INFO  org.apache.catalina.core.StandardService - Stopping service [Tomcat]
2026-06-27 16:40:03.937 [Thread-7] INFO  o.a.c.core.ContainerBase.[Tomcat].[localhost].[/] - Destroying Spring FrameworkServlet 'dispatcherServlet'
2026-06-27 16:40:03.963 [Thread-7] INFO  org.apache.coyote.http11.Http11NioProtocol - Stopping ProtocolHandler ["http-nio-8080"]
2026-06-27 16:40:03.977 [Thread-7] INFO  org.apache.coyote.http11.Http11NioProtocol - Destroying ProtocolHandler ["http-nio-8080"]
2026-06-27 16:40:03.989 [Thread-7] INFO  com.alibaba.druid.pool.DruidDataSource - {dataSource-1} closing ...
2026-06-27 16:40:03.998 [Thread-7] INFO  com.alibaba.druid.pool.DruidDataSource - {dataSource-1} closed
2026-06-27 16:40:04.639 [restartedMain] INFO  com.project.travel.TravelApplication - Starting TravelApplication using Java 1.8.0_202 on dilireba with PID 1296 (C:\maven\travel_system\travel\travel\travel-server\target\classes started by solitude in C:\maven\travel_system\travel\travel\travel-server)
2026-06-27 16:40:04.640 [restartedMain] INFO  com.project.travel.TravelApplication - The following 1 profile is active: "dev"
2026-06-27 16:40:05.221 [restartedMain] INFO  o.s.d.r.config.RepositoryConfigurationDelegate - Multiple Spring Data modules found, entering strict repository configuration mode
2026-06-27 16:40:05.222 [restartedMain] INFO  o.s.d.r.config.RepositoryConfigurationDelegate - Bootstrapping Spring Data Redis repositories in DEFAULT mode.
2026-06-27 16:40:05.274 [restartedMain] INFO  o.s.d.r.config.RepositoryConfigurationDelegate - Finished Spring Data repository scanning in 51 ms. Found 0 Redis repository interfaces.
2026-06-27 16:40:06.146 [restartedMain] INFO  o.s.boot.web.embedded.tomcat.TomcatWebServer - Tomcat initialized with port(s): 8080 (http)
2026-06-27 16:40:06.149 [restartedMain] INFO  org.apache.coyote.http11.Http11NioProtocol - Initializing ProtocolHandler ["http-nio-8080"]
2026-06-27 16:40:06.149 [restartedMain] INFO  org.apache.catalina.core.StandardService - Starting service [Tomcat]
2026-06-27 16:40:06.149 [restartedMain] INFO  org.apache.catalina.core.StandardEngine - Starting Servlet engine: [Apache Tomcat/9.0.83]
2026-06-27 16:40:06.199 [restartedMain] INFO  o.a.c.core.ContainerBase.[Tomcat].[localhost].[/] - Initializing Spring embedded WebApplicationContext
2026-06-27 16:40:06.200 [restartedMain] INFO  o.s.b.w.s.c.ServletWebServerApplicationContext - Root WebApplicationContext: initialization completed in 1556 ms
2026-06-27 16:40:06.292 [restartedMain] INFO  c.a.d.s.b.a.DruidDataSourceAutoConfigure - Init DruidDataSource
2026-06-27 16:40:06.480 [restartedMain] INFO  com.alibaba.druid.pool.DruidDataSource - {dataSource-2} inited
2026-06-27 16:40:10.576 [restartedMain] INFO  o.s.b.d.autoconfigure.OptionalLiveReloadServer - LiveReload server is running on port 35729
2026-06-27 16:40:10.608 [restartedMain] INFO  org.apache.coyote.http11.Http11NioProtocol - Starting ProtocolHandler ["http-nio-8080"]
2026-06-27 16:40:10.621 [restartedMain] INFO  o.s.boot.web.embedded.tomcat.TomcatWebServer - Tomcat started on port(s): 8080 (http) with context path ''
2026-06-27 16:40:10.629 [restartedMain] INFO  com.project.travel.TravelApplication - Started TravelApplication in 6.148 seconds (JVM running for 247.983)
2026-06-27 16:40:10.631 [restartedMain] INFO  o.s.b.d.a.ConditionEvaluationDeltaLoggingListener - Condition evaluation unchanged
2026-06-27 16:41:15.297 [http-nio-8080-exec-1] INFO  o.a.c.core.ContainerBase.[Tomcat].[localhost].[/] - Initializing Spring DispatcherServlet 'dispatcherServlet'
2026-06-27 16:41:15.300 [http-nio-8080-exec-1] INFO  org.springframework.web.servlet.DispatcherServlet - Initializing Servlet 'dispatcherServlet'
2026-06-27 16:41:15.302 [http-nio-8080-exec-1] INFO  org.springframework.web.servlet.DispatcherServlet - Completed initialization in 2 ms
2026-06-27 16:46:29.842 [SpringApplicationShutdownHook] INFO  com.alibaba.druid.pool.DruidDataSource - {dataSource-2} closing ...
2026-06-27 16:46:29.845 [SpringApplicationShutdownHook] INFO  com.alibaba.druid.pool.DruidDataSource - {dataSource-2} closed
2026-06-27 16:46:36.041 [restartedMain] INFO  com.project.travel.TravelApplication - Starting TravelApplication using Java 1.8.0_202 on dilireba with PID 2848 (C:\maven\travel_system\travel\travel\travel-server\target\classes started by solitude in C:\maven\travel_system\travel\travel\travel-server)
2026-06-27 16:46:36.043 [restartedMain] INFO  com.project.travel.TravelApplication - The following 1 profile is active: "dev"
2026-06-27 16:46:36.113 [restartedMain] INFO  o.s.b.d.env.DevToolsPropertyDefaultsPostProcessor - Devtools property defaults active! Set 'spring.devtools.add-properties' to 'false' to disable
2026-06-27 16:46:36.113 [restartedMain] INFO  o.s.b.d.env.DevToolsPropertyDefaultsPostProcessor - For additional web related logging consider setting the 'logging.level.web' property to 'DEBUG'
2026-06-27 16:46:36.629 [restartedMain] INFO  o.s.d.r.config.RepositoryConfigurationDelegate - Multiple Spring Data modules found, entering strict repository configuration mode
2026-06-27 16:46:36.631 [restartedMain] INFO  o.s.d.r.config.RepositoryConfigurationDelegate - Bootstrapping Spring Data Redis repositories in DEFAULT mode.
2026-06-27 16:46:36.657 [restartedMain] INFO  o.s.d.r.config.RepositoryConfigurationDelegate - Finished Spring Data repository scanning in 16 ms. Found 0 Redis repository interfaces.
2026-06-27 16:46:37.274 [restartedMain] INFO  o.s.boot.web.embedded.tomcat.TomcatWebServer - Tomcat initialized with port(s): 8080 (http)
2026-06-27 16:46:37.281 [restartedMain] INFO  org.apache.coyote.http11.Http11NioProtocol - Initializing ProtocolHandler ["http-nio-8080"]
2026-06-27 16:46:37.282 [restartedMain] INFO  org.apache.catalina.core.StandardService - Starting service [Tomcat]
2026-06-27 16:46:37.282 [restartedMain] INFO  org.apache.catalina.core.StandardEngine - Starting Servlet engine: [Apache Tomcat/9.0.83]
2026-06-27 16:46:37.370 [restartedMain] INFO  o.a.c.core.ContainerBase.[Tomcat].[localhost].[/] - Initializing Spring embedded WebApplicationContext
2026-06-27 16:46:37.370 [restartedMain] INFO  o.s.b.w.s.c.ServletWebServerApplicationContext - Root WebApplicationContext: initialization completed in 1256 ms
2026-06-27 16:46:37.718 [restartedMain] INFO  c.a.d.s.b.a.DruidDataSourceAutoConfigure - Init DruidDataSource
2026-06-27 16:46:39.046 [restartedMain] INFO  com.alibaba.druid.pool.DruidDataSource - {dataSource-1} inited
2026-06-27 16:46:42.033 [restartedMain] INFO  o.s.b.d.autoconfigure.OptionalLiveReloadServer - LiveReload server is running on port 35729
2026-06-27 16:46:42.062 [restartedMain] INFO  org.apache.coyote.http11.Http11NioProtocol - Starting ProtocolHandler ["http-nio-8080"]
2026-06-27 16:46:42.094 [restartedMain] INFO  o.s.boot.web.embedded.tomcat.TomcatWebServer - Tomcat started on port(s): 8080 (http) with context path ''
2026-06-27 16:46:42.107 [restartedMain] INFO  com.project.travel.TravelApplication - Started TravelApplication in 6.488 seconds (JVM running for 6.91)
2026-06-27 16:46:54.821 [http-nio-8080-exec-1] INFO  o.a.c.core.ContainerBase.[Tomcat].[localhost].[/] - Initializing Spring DispatcherServlet 'dispatcherServlet'
2026-06-27 16:46:54.822 [http-nio-8080-exec-1] INFO  org.springframework.web.servlet.DispatcherServlet - Initializing Servlet 'dispatcherServlet'
2026-06-27 16:46:54.826 [http-nio-8080-exec-1] INFO  org.springframework.web.servlet.DispatcherServlet - Completed initialization in 3 ms
2026-06-27 16:47:55.859 [File Watcher] INFO  o.s.b.d.a.LocalDevToolsAutoConfiguration$RestartingClassPathChangeChangedEventListener - Restarting due to 1 class path change (0 additions, 0 deletions, 1 modification)
2026-06-27 16:47:58.361 [Thread-7] INFO  org.apache.coyote.http11.Http11NioProtocol - Pausing ProtocolHandler ["http-nio-8080"]
2026-06-27 16:47:58.362 [Thread-7] INFO  org.apache.catalina.core.StandardService - Stopping service [Tomcat]
2026-06-27 16:47:58.365 [Thread-7] INFO  o.a.c.core.ContainerBase.[Tomcat].[localhost].[/] - Destroying Spring FrameworkServlet 'dispatcherServlet'
2026-06-27 16:47:58.388 [Thread-7] INFO  org.apache.coyote.http11.Http11NioProtocol - Stopping ProtocolHandler ["http-nio-8080"]
2026-06-27 16:47:58.409 [Thread-7] INFO  org.apache.coyote.http11.Http11NioProtocol - Destroying ProtocolHandler ["http-nio-8080"]
2026-06-27 16:47:58.420 [Thread-7] INFO  com.alibaba.druid.pool.DruidDataSource - {dataSource-1} closing ...
2026-06-27 16:47:58.431 [Thread-7] INFO  com.alibaba.druid.pool.DruidDataSource - {dataSource-1} closed
2026-06-27 16:47:59.096 [restartedMain] INFO  com.project.travel.TravelApplication - Starting TravelApplication using Java 1.8.0_202 on dilireba with PID 2848 (C:\maven\travel_system\travel\travel\travel-server\target\classes started by solitude in C:\maven\travel_system\travel\travel\travel-server)
2026-06-27 16:47:59.096 [restartedMain] INFO  com.project.travel.TravelApplication - The following 1 profile is active: "dev"
2026-06-27 16:47:59.694 [restartedMain] INFO  o.s.d.r.config.RepositoryConfigurationDelegate - Multiple Spring Data modules found, entering strict repository configuration mode
2026-06-27 16:47:59.695 [restartedMain] INFO  o.s.d.r.config.RepositoryConfigurationDelegate - Bootstrapping Spring Data Redis repositories in DEFAULT mode.
2026-06-27 16:47:59.749 [restartedMain] INFO  o.s.d.r.config.RepositoryConfigurationDelegate - Finished Spring Data repository scanning in 52 ms. Found 0 Redis repository interfaces.
2026-06-27 16:48:00.654 [restartedMain] INFO  o.s.boot.web.embedded.tomcat.TomcatWebServer - Tomcat initialized with port(s): 8080 (http)
2026-06-27 16:48:00.655 [restartedMain] INFO  org.apache.coyote.http11.Http11NioProtocol - Initializing ProtocolHandler ["http-nio-8080"]
2026-06-27 16:48:00.655 [restartedMain] INFO  org.apache.catalina.core.StandardService - Starting service [Tomcat]
2026-06-27 16:48:00.656 [restartedMain] INFO  org.apache.catalina.core.StandardEngine - Starting Servlet engine: [Apache Tomcat/9.0.83]
2026-06-27 16:48:00.696 [restartedMain] INFO  o.a.c.core.ContainerBase.[Tomcat].[localhost].[/] - Initializing Spring embedded WebApplicationContext
2026-06-27 16:48:00.696 [restartedMain] INFO  o.s.b.w.s.c.ServletWebServerApplicationContext - Root WebApplicationContext: initialization completed in 1594 ms
2026-06-27 16:48:00.774 [restartedMain] INFO  c.a.d.s.b.a.DruidDataSourceAutoConfigure - Init DruidDataSource
2026-06-27 16:48:00.948 [restartedMain] INFO  com.alibaba.druid.pool.DruidDataSource - {dataSource-2} inited
2026-06-27 16:48:04.570 [restartedMain] INFO  o.s.b.d.autoconfigure.OptionalLiveReloadServer - LiveReload server is running on port 35729
2026-06-27 16:48:04.604 [restartedMain] INFO  org.apache.coyote.http11.Http11NioProtocol - Starting ProtocolHandler ["http-nio-8080"]
2026-06-27 16:48:04.616 [restartedMain] INFO  o.s.boot.web.embedded.tomcat.TomcatWebServer - Tomcat started on port(s): 8080 (http) with context path ''
2026-06-27 16:48:04.622 [restartedMain] INFO  com.project.travel.TravelApplication - Started TravelApplication in 5.695 seconds (JVM running for 89.425)
2026-06-27 16:48:04.626 [restartedMain] INFO  o.s.b.d.a.ConditionEvaluationDeltaLoggingListener - Condition evaluation unchanged
2026-06-27 16:48:49.427 [http-nio-8080-exec-1] INFO  o.a.c.core.ContainerBase.[Tomcat].[localhost].[/] - Initializing Spring DispatcherServlet 'dispatcherServlet'
2026-06-27 16:48:49.429 [http-nio-8080-exec-1] INFO  org.springframework.web.servlet.DispatcherServlet - Initializing Servlet 'dispatcherServlet'
2026-06-27 16:48:49.431 [http-nio-8080-exec-1] INFO  org.springframework.web.servlet.DispatcherServlet - Completed initialization in 1 ms
2026-06-27 16:48:50.420 [http-nio-8080-exec-5] INFO  com.project.travel.handle.MyMetaObjectHandler - 公共字段自动填充[update]...
2026-06-27 16:48:50.459 [http-nio-8080-exec-5] INFO  com.project.travel.handle.MyMetaObjectHandler - 公共字段自动填充[insert]...
2026-06-27 16:50:26.208 [File Watcher] INFO  o.s.b.d.a.LocalDevToolsAutoConfiguration$RestartingClassPathChangeChangedEventListener - Restarting due to 1 class path change (0 additions, 0 deletions, 1 modification)
2026-06-27 16:50:29.020 [Thread-9] INFO  org.apache.coyote.http11.Http11NioProtocol - Pausing ProtocolHandler ["http-nio-8080"]
2026-06-27 16:50:29.020 [Thread-9] INFO  org.apache.catalina.core.StandardService - Stopping service [Tomcat]
2026-06-27 16:50:29.025 [Thread-9] INFO  o.a.c.core.ContainerBase.[Tomcat].[localhost].[/] - Destroying Spring FrameworkServlet 'dispatcherServlet'
2026-06-27 16:50:29.049 [Thread-9] INFO  org.apache.coyote.http11.Http11NioProtocol - Stopping ProtocolHandler ["http-nio-8080"]
2026-06-27 16:50:29.062 [Thread-9] INFO  org.apache.coyote.http11.Http11NioProtocol - Destroying ProtocolHandler ["http-nio-8080"]
2026-06-27 16:50:29.098 [Thread-9] INFO  com.alibaba.druid.pool.DruidDataSource - {dataSource-2} closing ...
2026-06-27 16:50:29.105 [Thread-9] INFO  com.alibaba.druid.pool.DruidDataSource - {dataSource-2} closed
2026-06-27 16:50:29.968 [restartedMain] INFO  com.project.travel.TravelApplication - Starting TravelApplication using Java 1.8.0_202 on dilireba with PID 2848 (C:\maven\travel_system\travel\travel\travel-server\target\classes started by solitude in C:\maven\travel_system\travel\travel\travel-server)
2026-06-27 16:50:29.968 [restartedMain] INFO  com.project.travel.TravelApplication - The following 1 profile is active: "dev"
2026-06-27 16:50:30.425 [restartedMain] INFO  o.s.d.r.config.RepositoryConfigurationDelegate - Multiple Spring Data modules found, entering strict repository configuration mode
2026-06-27 16:50:30.426 [restartedMain] INFO  o.s.d.r.config.RepositoryConfigurationDelegate - Bootstrapping Spring Data Redis repositories in DEFAULT mode.
2026-06-27 16:50:30.459 [restartedMain] INFO  o.s.d.r.config.RepositoryConfigurationDelegate - Finished Spring Data repository scanning in 33 ms. Found 0 Redis repository interfaces.
2026-06-27 16:50:30.802 [restartedMain] INFO  o.s.boot.web.embedded.tomcat.TomcatWebServer - Tomcat initialized with port(s): 8080 (http)
2026-06-27 16:50:30.803 [restartedMain] INFO  org.apache.coyote.http11.Http11NioProtocol - Initializing ProtocolHandler ["http-nio-8080"]
2026-06-27 16:50:30.804 [restartedMain] INFO  org.apache.catalina.core.StandardService - Starting service [Tomcat]
2026-06-27 16:50:30.804 [restartedMain] INFO  org.apache.catalina.core.StandardEngine - Starting Servlet engine: [Apache Tomcat/9.0.83]
2026-06-27 16:50:30.848 [restartedMain] INFO  o.a.c.core.ContainerBase.[Tomcat].[localhost].[/] - Initializing Spring embedded WebApplicationContext
2026-06-27 16:50:30.849 [restartedMain] INFO  o.s.b.w.s.c.ServletWebServerApplicationContext - Root WebApplicationContext: initialization completed in 875 ms
2026-06-27 16:50:30.902 [restartedMain] INFO  c.a.d.s.b.a.DruidDataSourceAutoConfigure - Init DruidDataSource
2026-06-27 16:50:31.162 [restartedMain] INFO  com.alibaba.druid.pool.DruidDataSource - {dataSource-3} inited
2026-06-27 16:50:34.850 [restartedMain] INFO  o.s.b.d.autoconfigure.OptionalLiveReloadServer - LiveReload server is running on port 35729
2026-06-27 16:50:34.874 [restartedMain] INFO  org.apache.coyote.http11.Http11NioProtocol - Starting ProtocolHandler ["http-nio-8080"]
2026-06-27 16:50:34.887 [restartedMain] INFO  o.s.boot.web.embedded.tomcat.TomcatWebServer - Tomcat started on port(s): 8080 (http) with context path ''
2026-06-27 16:50:34.892 [restartedMain] INFO  com.project.travel.TravelApplication - Started TravelApplication in 5.1 seconds (JVM running for 239.695)
2026-06-27 16:50:34.893 [restartedMain] INFO  o.s.b.d.a.ConditionEvaluationDeltaLoggingListener - Condition evaluation unchanged
2026-06-27 16:50:36.437 [File Watcher] INFO  o.s.b.d.a.LocalDevToolsAutoConfiguration$RestartingClassPathChangeChangedEventListener - Restarting due to 1 class path change (0 additions, 0 deletions, 1 modification)
2026-06-27 16:50:38.989 [Thread-13] INFO  org.apache.coyote.http11.Http11NioProtocol - Pausing ProtocolHandler ["http-nio-8080"]
2026-06-27 16:50:38.989 [Thread-13] INFO  org.apache.catalina.core.StandardService - Stopping service [Tomcat]
2026-06-27 16:50:38.999 [Thread-13] INFO  org.apache.coyote.http11.Http11NioProtocol - Stopping ProtocolHandler ["http-nio-8080"]
2026-06-27 16:50:39.010 [Thread-13] INFO  org.apache.coyote.http11.Http11NioProtocol - Destroying ProtocolHandler ["http-nio-8080"]
2026-06-27 16:50:39.014 [Thread-13] INFO  com.alibaba.druid.pool.DruidDataSource - {dataSource-3} closing ...
2026-06-27 16:50:39.021 [Thread-13] INFO  com.alibaba.druid.pool.DruidDataSource - {dataSource-3} closed
2026-06-27 16:50:39.548 [restartedMain] INFO  com.project.travel.TravelApplication - Starting TravelApplication using Java 1.8.0_202 on dilireba with PID 2848 (C:\maven\travel_system\travel\travel\travel-server\target\classes started by solitude in C:\maven\travel_system\travel\travel\travel-server)
2026-06-27 16:50:39.549 [restartedMain] INFO  com.project.travel.TravelApplication - The following 1 profile is active: "dev"
2026-06-27 16:50:39.980 [restartedMain] INFO  o.s.d.r.config.RepositoryConfigurationDelegate - Multiple Spring Data modules found, entering strict repository configuration mode
2026-06-27 16:50:39.980 [restartedMain] INFO  o.s.d.r.config.RepositoryConfigurationDelegate - Bootstrapping Spring Data Redis repositories in DEFAULT mode.
2026-06-27 16:50:40.010 [restartedMain] INFO  o.s.d.r.config.RepositoryConfigurationDelegate - Finished Spring Data repository scanning in 29 ms. Found 0 Redis repository interfaces.
2026-06-27 16:50:40.200 [restartedMain] INFO  o.s.boot.web.embedded.tomcat.TomcatWebServer - Tomcat initialized with port(s): 8080 (http)
2026-06-27 16:50:40.200 [restartedMain] INFO  org.apache.coyote.http11.Http11NioProtocol - Initializing ProtocolHandler ["http-nio-8080"]
2026-06-27 16:50:40.200 [restartedMain] INFO  org.apache.catalina.core.StandardService - Starting service [Tomcat]
2026-06-27 16:50:40.200 [restartedMain] INFO  org.apache.catalina.core.StandardEngine - Starting Servlet engine: [Apache Tomcat/9.0.83]
2026-06-27 16:50:40.242 [restartedMain] INFO  o.a.c.core.ContainerBase.[Tomcat].[localhost].[/] - Initializing Spring embedded WebApplicationContext
2026-06-27 16:50:40.242 [restartedMain] INFO  o.s.b.w.s.c.ServletWebServerApplicationContext - Root WebApplicationContext: initialization completed in 689 ms
2026-06-27 16:50:40.332 [restartedMain] INFO  c.a.d.s.b.a.DruidDataSourceAutoConfigure - Init DruidDataSource
2026-06-27 16:50:40.538 [restartedMain] INFO  com.alibaba.druid.pool.DruidDataSource - {dataSource-4} inited
2026-06-27 16:50:44.293 [restartedMain] INFO  o.s.b.d.autoconfigure.OptionalLiveReloadServer - LiveReload server is running on port 35729
2026-06-27 16:50:44.320 [restartedMain] INFO  org.apache.coyote.http11.Http11NioProtocol - Starting ProtocolHandler ["http-nio-8080"]
2026-06-27 16:50:44.331 [restartedMain] INFO  o.s.boot.web.embedded.tomcat.TomcatWebServer - Tomcat started on port(s): 8080 (http) with context path ''
2026-06-27 16:50:44.335 [restartedMain] INFO  com.project.travel.TravelApplication - Started TravelApplication in 4.896 seconds (JVM running for 249.139)
2026-06-27 16:50:44.337 [restartedMain] INFO  o.s.b.d.a.ConditionEvaluationDeltaLoggingListener - Condition evaluation unchanged
2026-06-27 16:50:57.918 [http-nio-8080-exec-1] INFO  o.a.c.core.ContainerBase.[Tomcat].[localhost].[/] - Initializing Spring DispatcherServlet 'dispatcherServlet'
2026-06-27 16:50:57.921 [http-nio-8080-exec-1] INFO  org.springframework.web.servlet.DispatcherServlet - Initializing Servlet 'dispatcherServlet'
2026-06-27 16:50:57.924 [http-nio-8080-exec-1] INFO  org.springframework.web.servlet.DispatcherServlet - Completed initialization in 1 ms
2026-06-27 16:51:05.137 [http-nio-8080-exec-6] INFO  com.project.travel.handle.MyMetaObjectHandler - 公共字段自动填充[update]...
2026-06-27 16:51:05.154 [http-nio-8080-exec-6] INFO  com.project.travel.handle.MyMetaObjectHandler - 公共字段自动填充[update]...
2026-06-27 16:51:05.173 [http-nio-8080-exec-6] INFO  com.project.travel.handle.MyMetaObjectHandler - 公共字段自动填充[insert]...
2026-06-27 16:54:30.194 [File Watcher] INFO  o.s.b.d.a.LocalDevToolsAutoConfiguration$RestartingClassPathChangeChangedEventListener - Restarting due to 1 class path change (0 additions, 0 deletions, 1 modification)
2026-06-27 16:54:32.928 [Thread-17] INFO  org.apache.coyote.http11.Http11NioProtocol - Pausing ProtocolHandler ["http-nio-8080"]
2026-06-27 16:54:32.930 [Thread-17] INFO  org.apache.catalina.core.StandardService - Stopping service [Tomcat]
2026-06-27 16:54:32.931 [Thread-17] INFO  o.a.c.core.ContainerBase.[Tomcat].[localhost].[/] - Destroying Spring FrameworkServlet 'dispatcherServlet'
2026-06-27 16:54:32.976 [Thread-17] INFO  org.apache.coyote.http11.Http11NioProtocol - Stopping ProtocolHandler ["http-nio-8080"]
2026-06-27 16:54:32.986 [Thread-17] INFO  org.apache.coyote.http11.Http11NioProtocol - Destroying ProtocolHandler ["http-nio-8080"]
2026-06-27 16:54:32.989 [Thread-17] INFO  com.alibaba.druid.pool.DruidDataSource - {dataSource-4} closing ...
2026-06-27 16:54:32.992 [Thread-17] INFO  com.alibaba.druid.pool.DruidDataSource - {dataSource-4} closed
2026-06-27 16:54:33.810 [restartedMain] INFO  com.project.travel.TravelApplication - Starting TravelApplication using Java 1.8.0_202 on dilireba with PID 2848 (C:\maven\travel_system\travel\travel\travel-server\target\classes started by solitude in C:\maven\travel_system\travel\travel\travel-server)
2026-06-27 16:54:33.810 [restartedMain] INFO  com.project.travel.TravelApplication - The following 1 profile is active: "dev"
2026-06-27 16:54:34.252 [restartedMain] INFO  o.s.d.r.config.RepositoryConfigurationDelegate - Multiple Spring Data modules found, entering strict repository configuration mode
2026-06-27 16:54:34.252 [restartedMain] INFO  o.s.d.r.config.RepositoryConfigurationDelegate - Bootstrapping Spring Data Redis repositories in DEFAULT mode.
2026-06-27 16:54:34.297 [restartedMain] INFO  o.s.d.r.config.RepositoryConfigurationDelegate - Finished Spring Data repository scanning in 43 ms. Found 0 Redis repository interfaces.
2026-06-27 16:54:34.760 [restartedMain] INFO  o.s.boot.web.embedded.tomcat.TomcatWebServer - Tomcat initialized with port(s): 8080 (http)
2026-06-27 16:54:34.761 [restartedMain] INFO  org.apache.coyote.http11.Http11NioProtocol - Initializing ProtocolHandler ["http-nio-8080"]
2026-06-27 16:54:34.762 [restartedMain] INFO  org.apache.catalina.core.StandardService - Starting service [Tomcat]
2026-06-27 16:54:34.762 [restartedMain] INFO  org.apache.catalina.core.StandardEngine - Starting Servlet engine: [Apache Tomcat/9.0.83]
2026-06-27 16:54:34.825 [restartedMain] INFO  o.a.c.core.ContainerBase.[Tomcat].[localhost].[/] - Initializing Spring embedded WebApplicationContext
2026-06-27 16:54:34.826 [restartedMain] INFO  o.s.b.w.s.c.ServletWebServerApplicationContext - Root WebApplicationContext: initialization completed in 1011 ms
2026-06-27 16:54:34.931 [restartedMain] INFO  c.a.d.s.b.a.DruidDataSourceAutoConfigure - Init DruidDataSource
2026-06-27 16:54:35.114 [restartedMain] INFO  com.alibaba.druid.pool.DruidDataSource - {dataSource-5} inited
2026-06-27 16:54:39.185 [restartedMain] INFO  o.s.b.d.autoconfigure.OptionalLiveReloadServer - LiveReload server is running on port 35729
2026-06-27 16:54:39.213 [restartedMain] INFO  org.apache.coyote.http11.Http11NioProtocol - Starting ProtocolHandler ["http-nio-8080"]
2026-06-27 16:54:39.221 [restartedMain] INFO  o.s.boot.web.embedded.tomcat.TomcatWebServer - Tomcat started on port(s): 8080 (http) with context path ''
2026-06-27 16:54:39.227 [restartedMain] INFO  com.project.travel.TravelApplication - Started TravelApplication in 5.488 seconds (JVM running for 484.03)
2026-06-27 16:54:39.228 [restartedMain] INFO  o.s.b.d.a.ConditionEvaluationDeltaLoggingListener - Condition evaluation unchanged
2026-06-27 16:54:40.750 [File Watcher] INFO  o.s.b.d.a.LocalDevToolsAutoConfiguration$RestartingClassPathChangeChangedEventListener - Restarting due to 1 class path change (0 additions, 0 deletions, 1 modification)
2026-06-27 16:54:43.858 [Thread-21] INFO  org.apache.coyote.http11.Http11NioProtocol - Pausing ProtocolHandler ["http-nio-8080"]
2026-06-27 16:54:43.858 [Thread-21] INFO  org.apache.catalina.core.StandardService - Stopping service [Tomcat]
2026-06-27 16:54:43.875 [Thread-21] INFO  org.apache.coyote.http11.Http11NioProtocol - Stopping ProtocolHandler ["http-nio-8080"]
2026-06-27 16:54:43.896 [Thread-21] INFO  org.apache.coyote.http11.Http11NioProtocol - Destroying ProtocolHandler ["http-nio-8080"]
2026-06-27 16:54:43.904 [Thread-21] INFO  com.alibaba.druid.pool.DruidDataSource - {dataSource-5} closing ...
2026-06-27 16:54:43.920 [Thread-21] INFO  com.alibaba.druid.pool.DruidDataSource - {dataSource-5} closed
2026-06-27 16:54:44.450 [restartedMain] INFO  com.project.travel.TravelApplication - Starting TravelApplication using Java 1.8.0_202 on dilireba with PID 2848 (C:\maven\travel_system\travel\travel\travel-server\target\classes started by solitude in C:\maven\travel_system\travel\travel\travel-server)
2026-06-27 16:54:44.451 [restartedMain] INFO  com.project.travel.TravelApplication - The following 1 profile is active: "dev"
2026-06-27 16:54:44.881 [restartedMain] INFO  o.s.d.r.config.RepositoryConfigurationDelegate - Multiple Spring Data modules found, entering strict repository configuration mode
2026-06-27 16:54:44.882 [restartedMain] INFO  o.s.d.r.config.RepositoryConfigurationDelegate - Bootstrapping Spring Data Redis repositories in DEFAULT mode.
2026-06-27 16:54:44.917 [restartedMain] INFO  o.s.d.r.config.RepositoryConfigurationDelegate - Finished Spring Data repository scanning in 34 ms. Found 0 Redis repository interfaces.
2026-06-27 16:54:45.140 [restartedMain] INFO  o.s.boot.web.embedded.tomcat.TomcatWebServer - Tomcat initialized with port(s): 8080 (http)
2026-06-27 16:54:45.141 [restartedMain] INFO  org.apache.coyote.http11.Http11NioProtocol - Initializing ProtocolHandler ["http-nio-8080"]
2026-06-27 16:54:45.142 [restartedMain] INFO  org.apache.catalina.core.StandardService - Starting service [Tomcat]
2026-06-27 16:54:45.142 [restartedMain] INFO  org.apache.catalina.core.StandardEngine - Starting Servlet engine: [Apache Tomcat/9.0.83]
2026-06-27 16:54:45.179 [restartedMain] INFO  o.a.c.core.ContainerBase.[Tomcat].[localhost].[/] - Initializing Spring embedded WebApplicationContext
2026-06-27 16:54:45.179 [restartedMain] INFO  o.s.b.w.s.c.ServletWebServerApplicationContext - Root WebApplicationContext: initialization completed in 721 ms
2026-06-27 16:54:45.261 [restartedMain] INFO  c.a.d.s.b.a.DruidDataSourceAutoConfigure - Init DruidDataSource
2026-06-27 16:54:45.543 [restartedMain] INFO  com.alibaba.druid.pool.DruidDataSource - {dataSource-6} inited
2026-06-27 16:54:48.985 [restartedMain] INFO  o.s.b.d.autoconfigure.OptionalLiveReloadServer - LiveReload server is running on port 35729
2026-06-27 16:54:49.023 [restartedMain] INFO  org.apache.coyote.http11.Http11NioProtocol - Starting ProtocolHandler ["http-nio-8080"]
2026-06-27 16:54:49.035 [restartedMain] INFO  o.s.boot.web.embedded.tomcat.TomcatWebServer - Tomcat started on port(s): 8080 (http) with context path ''
2026-06-27 16:54:49.041 [restartedMain] INFO  com.project.travel.TravelApplication - Started TravelApplication in 4.685 seconds (JVM running for 493.844)
2026-06-27 16:54:49.044 [restartedMain] INFO  o.s.b.d.a.ConditionEvaluationDeltaLoggingListener - Condition evaluation unchanged
2026-06-27 16:54:56.108 [SpringApplicationShutdownHook] INFO  com.alibaba.druid.pool.DruidDataSource - {dataSource-6} closing ...
2026-06-27 16:54:56.111 [SpringApplicationShutdownHook] INFO  com.alibaba.druid.pool.DruidDataSource - {dataSource-6} closed
2026-06-27 16:55:01.784 [restartedMain] INFO  com.project.travel.TravelApplication - Starting TravelApplication using Java 1.8.0_202 on dilireba with PID 36584 (C:\maven\travel_system\travel\travel\travel-server\target\classes started by solitude in C:\maven\travel_system\travel\travel\travel-server)
2026-06-27 16:55:01.785 [restartedMain] INFO  com.project.travel.TravelApplication - The following 1 profile is active: "dev"
2026-06-27 16:55:01.865 [restartedMain] INFO  o.s.b.d.env.DevToolsPropertyDefaultsPostProcessor - Devtools property defaults active! Set 'spring.devtools.add-properties' to 'false' to disable
2026-06-27 16:55:01.865 [restartedMain] INFO  o.s.b.d.env.DevToolsPropertyDefaultsPostProcessor - For additional web related logging consider setting the 'logging.level.web' property to 'DEBUG'
2026-06-27 16:55:02.383 [restartedMain] INFO  o.s.d.r.config.RepositoryConfigurationDelegate - Multiple Spring Data modules found, entering strict repository configuration mode
2026-06-27 16:55:02.384 [restartedMain] INFO  o.s.d.r.config.RepositoryConfigurationDelegate - Bootstrapping Spring Data Redis repositories in DEFAULT mode.
2026-06-27 16:55:02.407 [restartedMain] INFO  o.s.d.r.config.RepositoryConfigurationDelegate - Finished Spring Data repository scanning in 13 ms. Found 0 Redis repository interfaces.
2026-06-27 16:55:03.012 [restartedMain] INFO  o.s.boot.web.embedded.tomcat.TomcatWebServer - Tomcat initialized with port(s): 8080 (http)
2026-06-27 16:55:03.019 [restartedMain] INFO  org.apache.coyote.http11.Http11NioProtocol - Initializing ProtocolHandler ["http-nio-8080"]
2026-06-27 16:55:03.020 [restartedMain] INFO  org.apache.catalina.core.StandardService - Starting service [Tomcat]
2026-06-27 16:55:03.021 [restartedMain] INFO  org.apache.catalina.core.StandardEngine - Starting Servlet engine: [Apache Tomcat/9.0.83]
2026-06-27 16:55:03.092 [restartedMain] INFO  o.a.c.core.ContainerBase.[Tomcat].[localhost].[/] - Initializing Spring embedded WebApplicationContext
2026-06-27 16:55:03.092 [restartedMain] INFO  o.s.b.w.s.c.ServletWebServerApplicationContext - Root WebApplicationContext: initialization completed in 1227 ms
2026-06-27 16:55:03.423 [restartedMain] INFO  c.a.d.s.b.a.DruidDataSourceAutoConfigure - Init DruidDataSource
2026-06-27 16:55:05.029 [restartedMain] INFO  com.alibaba.druid.pool.DruidDataSource - {dataSource-1} inited
2026-06-27 16:55:07.810 [restartedMain] INFO  o.s.b.d.autoconfigure.OptionalLiveReloadServer - LiveReload server is running on port 35729
2026-06-27 16:55:07.832 [restartedMain] INFO  org.apache.coyote.http11.Http11NioProtocol - Starting ProtocolHandler ["http-nio-8080"]
2026-06-27 16:55:07.860 [restartedMain] INFO  o.s.boot.web.embedded.tomcat.TomcatWebServer - Tomcat started on port(s): 8080 (http) with context path ''
2026-06-27 16:55:07.871 [restartedMain] INFO  com.project.travel.TravelApplication - Started TravelApplication in 6.506 seconds (JVM running for 6.866)
2026-06-27 16:55:31.293 [http-nio-8080-exec-1] INFO  o.a.c.core.ContainerBase.[Tomcat].[localhost].[/] - Initializing Spring DispatcherServlet 'dispatcherServlet'
2026-06-27 16:55:31.294 [http-nio-8080-exec-1] INFO  org.springframework.web.servlet.DispatcherServlet - Initializing Servlet 'dispatcherServlet'
2026-06-27 16:55:31.298 [http-nio-8080-exec-1] INFO  org.springframework.web.servlet.DispatcherServlet - Completed initialization in 4 ms
2026-06-27 16:56:59.994 [File Watcher] INFO  o.s.b.d.a.LocalDevToolsAutoConfiguration$RestartingClassPathChangeChangedEventListener - Restarting due to 1 class path change (0 additions, 0 deletions, 1 modification)
2026-06-27 16:57:02.635 [Thread-7] INFO  org.apache.coyote.http11.Http11NioProtocol - Pausing ProtocolHandler ["http-nio-8080"]
2026-06-27 16:57:02.635 [Thread-7] INFO  org.apache.catalina.core.StandardService - Stopping service [Tomcat]
2026-06-27 16:57:02.637 [Thread-7] INFO  o.a.c.core.ContainerBase.[Tomcat].[localhost].[/] - Destroying Spring FrameworkServlet 'dispatcherServlet'
2026-06-27 16:57:02.643 [Thread-7] INFO  org.apache.coyote.http11.Http11NioProtocol - Stopping ProtocolHandler ["http-nio-8080"]
2026-06-27 16:57:02.668 [Thread-7] INFO  org.apache.coyote.http11.Http11NioProtocol - Destroying ProtocolHandler ["http-nio-8080"]
2026-06-27 16:57:02.680 [Thread-7] INFO  com.alibaba.druid.pool.DruidDataSource - {dataSource-1} closing ...
2026-06-27 16:57:02.689 [Thread-7] INFO  com.alibaba.druid.pool.DruidDataSource - {dataSource-1} closed
2026-06-27 16:57:03.169 [restartedMain] INFO  com.project.travel.TravelApplication - Starting TravelApplication using Java 1.8.0_202 on dilireba with PID 36584 (C:\maven\travel_system\travel\travel\travel-server\target\classes started by solitude in C:\maven\travel_system\travel\travel\travel-server)
2026-06-27 16:57:03.170 [restartedMain] INFO  com.project.travel.TravelApplication - The following 1 profile is active: "dev"
2026-06-27 16:57:03.732 [restartedMain] INFO  o.s.d.r.config.RepositoryConfigurationDelegate - Multiple Spring Data modules found, entering strict repository configuration mode
2026-06-27 16:57:03.732 [restartedMain] INFO  o.s.d.r.config.RepositoryConfigurationDelegate - Bootstrapping Spring Data Redis repositories in DEFAULT mode.
2026-06-27 16:57:03.784 [restartedMain] INFO  o.s.d.r.config.RepositoryConfigurationDelegate - Finished Spring Data repository scanning in 51 ms. Found 0 Redis repository interfaces.
2026-06-27 16:57:04.151 [restartedMain] INFO  o.s.boot.web.embedded.tomcat.TomcatWebServer - Tomcat initialized with port(s): 8080 (http)
2026-06-27 16:57:04.152 [restartedMain] INFO  org.apache.coyote.http11.Http11NioProtocol - Initializing ProtocolHandler ["http-nio-8080"]
2026-06-27 16:57:04.152 [restartedMain] INFO  org.apache.catalina.core.StandardService - Starting service [Tomcat]
2026-06-27 16:57:04.153 [restartedMain] INFO  org.apache.catalina.core.StandardEngine - Starting Servlet engine: [Apache Tomcat/9.0.83]
2026-06-27 16:57:04.199 [restartedMain] INFO  o.a.c.core.ContainerBase.[Tomcat].[localhost].[/] - Initializing Spring embedded WebApplicationContext
2026-06-27 16:57:04.199 [restartedMain] INFO  o.s.b.w.s.c.ServletWebServerApplicationContext - Root WebApplicationContext: initialization completed in 1024 ms
2026-06-27 16:57:04.306 [restartedMain] INFO  c.a.d.s.b.a.DruidDataSourceAutoConfigure - Init DruidDataSource
2026-06-27 16:57:04.523 [restartedMain] INFO  com.alibaba.druid.pool.DruidDataSource - {dataSource-2} inited
2026-06-27 16:57:08.567 [restartedMain] INFO  o.s.b.d.autoconfigure.OptionalLiveReloadServer - LiveReload server is running on port 35729
2026-06-27 16:57:08.599 [restartedMain] INFO  org.apache.coyote.http11.Http11NioProtocol - Starting ProtocolHandler ["http-nio-8080"]
2026-06-27 16:57:08.618 [restartedMain] INFO  o.s.boot.web.embedded.tomcat.TomcatWebServer - Tomcat started on port(s): 8080 (http) with context path ''
2026-06-27 16:57:08.624 [restartedMain] INFO  com.project.travel.TravelApplication - Started TravelApplication in 5.599 seconds (JVM running for 127.619)
2026-06-27 16:57:08.629 [restartedMain] INFO  o.s.b.d.a.ConditionEvaluationDeltaLoggingListener - Condition evaluation unchanged
2026-06-27 16:57:10.125 [File Watcher] INFO  o.s.b.d.a.LocalDevToolsAutoConfiguration$RestartingClassPathChangeChangedEventListener - Restarting due to 1 class path change (0 additions, 0 deletions, 1 modification)
2026-06-27 16:57:12.658 [Thread-9] INFO  org.apache.coyote.http11.Http11NioProtocol - Pausing ProtocolHandler ["http-nio-8080"]
2026-06-27 16:57:12.658 [Thread-9] INFO  org.apache.catalina.core.StandardService - Stopping service [Tomcat]
2026-06-27 16:57:12.671 [Thread-9] INFO  org.apache.coyote.http11.Http11NioProtocol - Stopping ProtocolHandler ["http-nio-8080"]
2026-06-27 16:57:12.688 [Thread-9] INFO  org.apache.coyote.http11.Http11NioProtocol - Destroying ProtocolHandler ["http-nio-8080"]
2026-06-27 16:57:12.700 [Thread-9] INFO  com.alibaba.druid.pool.DruidDataSource - {dataSource-2} closing ...
2026-06-27 16:57:12.706 [Thread-9] INFO  com.alibaba.druid.pool.DruidDataSource - {dataSource-2} closed
2026-06-27 16:57:13.348 [restartedMain] INFO  com.project.travel.TravelApplication - Starting TravelApplication using Java 1.8.0_202 on dilireba with PID 36584 (C:\maven\travel_system\travel\travel\travel-server\target\classes started by solitude in C:\maven\travel_system\travel\travel\travel-server)
2026-06-27 16:57:13.348 [restartedMain] INFO  com.project.travel.TravelApplication - The following 1 profile is active: "dev"
2026-06-27 16:57:13.774 [restartedMain] INFO  o.s.d.r.config.RepositoryConfigurationDelegate - Multiple Spring Data modules found, entering strict repository configuration mode
2026-06-27 16:57:13.775 [restartedMain] INFO  o.s.d.r.config.RepositoryConfigurationDelegate - Bootstrapping Spring Data Redis repositories in DEFAULT mode.
2026-06-27 16:57:13.804 [restartedMain] INFO  o.s.d.r.config.RepositoryConfigurationDelegate - Finished Spring Data repository scanning in 28 ms. Found 0 Redis repository interfaces.
2026-06-27 16:57:14.066 [restartedMain] INFO  o.s.boot.web.embedded.tomcat.TomcatWebServer - Tomcat initialized with port(s): 8080 (http)
2026-06-27 16:57:14.066 [restartedMain] INFO  org.apache.coyote.http11.Http11NioProtocol - Initializing ProtocolHandler ["http-nio-8080"]
2026-06-27 16:57:14.066 [restartedMain] INFO  org.apache.catalina.core.StandardService - Starting service [Tomcat]
2026-06-27 16:57:14.068 [restartedMain] INFO  org.apache.catalina.core.StandardEngine - Starting Servlet engine: [Apache Tomcat/9.0.83]
2026-06-27 16:57:14.145 [restartedMain] INFO  o.a.c.core.ContainerBase.[Tomcat].[localhost].[/] - Initializing Spring embedded WebApplicationContext
2026-06-27 16:57:14.146 [restartedMain] INFO  o.s.b.w.s.c.ServletWebServerApplicationContext - Root WebApplicationContext: initialization completed in 792 ms
2026-06-27 16:57:14.236 [restartedMain] INFO  c.a.d.s.b.a.DruidDataSourceAutoConfigure - Init DruidDataSource
2026-06-27 16:57:14.587 [restartedMain] INFO  com.alibaba.druid.pool.DruidDataSource - {dataSource-3} inited
2026-06-27 16:57:18.349 [restartedMain] INFO  o.s.b.d.autoconfigure.OptionalLiveReloadServer - LiveReload server is running on port 35729
2026-06-27 16:57:18.376 [restartedMain] INFO  org.apache.coyote.http11.Http11NioProtocol - Starting ProtocolHandler ["http-nio-8080"]
2026-06-27 16:57:18.388 [restartedMain] INFO  o.s.boot.web.embedded.tomcat.TomcatWebServer - Tomcat started on port(s): 8080 (http) with context path ''
2026-06-27 16:57:18.396 [restartedMain] INFO  com.project.travel.TravelApplication - Started TravelApplication in 5.201 seconds (JVM running for 137.391)
2026-06-27 16:57:18.398 [restartedMain] INFO  o.s.b.d.a.ConditionEvaluationDeltaLoggingListener - Condition evaluation unchanged
2026-06-27 16:57:19.913 [File Watcher] INFO  o.s.b.d.a.LocalDevToolsAutoConfiguration$RestartingClassPathChangeChangedEventListener - Restarting due to 1 class path change (0 additions, 0 deletions, 1 modification)
2026-06-27 16:57:22.681 [Thread-13] INFO  org.apache.coyote.http11.Http11NioProtocol - Pausing ProtocolHandler ["http-nio-8080"]
2026-06-27 16:57:22.682 [Thread-13] INFO  org.apache.catalina.core.StandardService - Stopping service [Tomcat]
2026-06-27 16:57:22.710 [Thread-13] INFO  org.apache.coyote.http11.Http11NioProtocol - Stopping ProtocolHandler ["http-nio-8080"]
2026-06-27 16:57:22.723 [Thread-13] INFO  org.apache.coyote.http11.Http11NioProtocol - Destroying ProtocolHandler ["http-nio-8080"]
2026-06-27 16:57:22.735 [Thread-13] INFO  com.alibaba.druid.pool.DruidDataSource - {dataSource-3} closing ...
2026-06-27 16:57:22.754 [Thread-13] INFO  com.alibaba.druid.pool.DruidDataSource - {dataSource-3} closed
2026-06-27 16:57:23.281 [restartedMain] INFO  com.project.travel.TravelApplication - Starting TravelApplication using Java 1.8.0_202 on dilireba with PID 36584 (C:\maven\travel_system\travel\travel\travel-server\target\classes started by solitude in C:\maven\travel_system\travel\travel\travel-server)
2026-06-27 16:57:23.282 [restartedMain] INFO  com.project.travel.TravelApplication - The following 1 profile is active: "dev"
2026-06-27 16:57:23.670 [restartedMain] INFO  o.s.d.r.config.RepositoryConfigurationDelegate - Multiple Spring Data modules found, entering strict repository configuration mode
2026-06-27 16:57:23.670 [restartedMain] INFO  o.s.d.r.config.RepositoryConfigurationDelegate - Bootstrapping Spring Data Redis repositories in DEFAULT mode.
2026-06-27 16:57:23.706 [restartedMain] INFO  o.s.d.r.config.RepositoryConfigurationDelegate - Finished Spring Data repository scanning in 35 ms. Found 0 Redis repository interfaces.
2026-06-27 16:57:23.949 [restartedMain] INFO  o.s.boot.web.embedded.tomcat.TomcatWebServer - Tomcat initialized with port(s): 8080 (http)
2026-06-27 16:57:23.952 [restartedMain] INFO  org.apache.coyote.http11.Http11NioProtocol - Initializing ProtocolHandler ["http-nio-8080"]
2026-06-27 16:57:23.953 [restartedMain] INFO  org.apache.catalina.core.StandardService - Starting service [Tomcat]
2026-06-27 16:57:23.954 [restartedMain] INFO  org.apache.catalina.core.StandardEngine - Starting Servlet engine: [Apache Tomcat/9.0.83]
2026-06-27 16:57:24.016 [restartedMain] INFO  o.a.c.core.ContainerBase.[Tomcat].[localhost].[/] - Initializing Spring embedded WebApplicationContext
2026-06-27 16:57:24.017 [restartedMain] INFO  o.s.b.w.s.c.ServletWebServerApplicationContext - Root WebApplicationContext: initialization completed in 733 ms
2026-06-27 16:57:24.083 [restartedMain] INFO  c.a.d.s.b.a.DruidDataSourceAutoConfigure - Init DruidDataSource
2026-06-27 16:57:24.252 [restartedMain] INFO  com.alibaba.druid.pool.DruidDataSource - {dataSource-4} inited
2026-06-27 16:57:28.089 [restartedMain] INFO  o.s.b.d.autoconfigure.OptionalLiveReloadServer - LiveReload server is running on port 35729
2026-06-27 16:57:28.112 [restartedMain] INFO  org.apache.coyote.http11.Http11NioProtocol - Starting ProtocolHandler ["http-nio-8080"]
2026-06-27 16:57:28.122 [restartedMain] INFO  o.s.boot.web.embedded.tomcat.TomcatWebServer - Tomcat started on port(s): 8080 (http) with context path ''
2026-06-27 16:57:28.129 [restartedMain] INFO  com.project.travel.TravelApplication - Started TravelApplication in 4.939 seconds (JVM running for 147.123)
2026-06-27 16:57:28.131 [restartedMain] INFO  o.s.b.d.a.ConditionEvaluationDeltaLoggingListener - Condition evaluation unchanged
2026-06-27 16:57:30.142 [File Watcher] INFO  o.s.b.d.a.LocalDevToolsAutoConfiguration$RestartingClassPathChangeChangedEventListener - Restarting due to 2 class path changes (0 additions, 0 deletions, 2 modifications)
2026-06-27 16:57:32.757 [Thread-17] INFO  org.apache.coyote.http11.Http11NioProtocol - Pausing ProtocolHandler ["http-nio-8080"]
2026-06-27 16:57:32.757 [Thread-17] INFO  org.apache.catalina.core.StandardService - Stopping service [Tomcat]
2026-06-27 16:57:32.771 [Thread-17] INFO  org.apache.coyote.http11.Http11NioProtocol - Stopping ProtocolHandler ["http-nio-8080"]
2026-06-27 16:57:32.780 [Thread-17] INFO  org.apache.coyote.http11.Http11NioProtocol - Destroying ProtocolHandler ["http-nio-8080"]
2026-06-27 16:57:32.782 [Thread-17] INFO  com.alibaba.druid.pool.DruidDataSource - {dataSource-4} closing ...
2026-06-27 16:57:32.789 [Thread-17] INFO  com.alibaba.druid.pool.DruidDataSource - {dataSource-4} closed
2026-06-27 16:57:33.353 [restartedMain] INFO  com.project.travel.TravelApplication - Starting TravelApplication using Java 1.8.0_202 on dilireba with PID 36584 (C:\maven\travel_system\travel\travel\travel-server\target\classes started by solitude in C:\maven\travel_system\travel\travel\travel-server)
2026-06-27 16:57:33.354 [restartedMain] INFO  com.project.travel.TravelApplication - The following 1 profile is active: "dev"
2026-06-27 16:57:33.784 [restartedMain] INFO  o.s.d.r.config.RepositoryConfigurationDelegate - Multiple Spring Data modules found, entering strict repository configuration mode
2026-06-27 16:57:33.785 [restartedMain] INFO  o.s.d.r.config.RepositoryConfigurationDelegate - Bootstrapping Spring Data Redis repositories in DEFAULT mode.
2026-06-27 16:57:33.819 [restartedMain] INFO  o.s.d.r.config.RepositoryConfigurationDelegate - Finished Spring Data repository scanning in 33 ms. Found 0 Redis repository interfaces.
2026-06-27 16:57:34.028 [restartedMain] INFO  o.s.boot.web.embedded.tomcat.TomcatWebServer - Tomcat initialized with port(s): 8080 (http)
2026-06-27 16:57:34.029 [restartedMain] INFO  org.apache.coyote.http11.Http11NioProtocol - Initializing ProtocolHandler ["http-nio-8080"]
2026-06-27 16:57:34.029 [restartedMain] INFO  org.apache.catalina.core.StandardService - Starting service [Tomcat]
2026-06-27 16:57:34.029 [restartedMain] INFO  org.apache.catalina.core.StandardEngine - Starting Servlet engine: [Apache Tomcat/9.0.83]
2026-06-27 16:57:34.067 [restartedMain] INFO  o.a.c.core.ContainerBase.[Tomcat].[localhost].[/] - Initializing Spring embedded WebApplicationContext
2026-06-27 16:57:34.068 [restartedMain] INFO  o.s.b.w.s.c.ServletWebServerApplicationContext - Root WebApplicationContext: initialization completed in 711 ms
2026-06-27 16:57:34.125 [restartedMain] INFO  c.a.d.s.b.a.DruidDataSourceAutoConfigure - Init DruidDataSource
2026-06-27 16:57:34.275 [restartedMain] INFO  com.alibaba.druid.pool.DruidDataSource - {dataSource-5} inited
2026-06-27 16:57:38.247 [restartedMain] INFO  o.s.b.d.autoconfigure.OptionalLiveReloadServer - LiveReload server is running on port 35729
2026-06-27 16:57:38.266 [restartedMain] INFO  org.apache.coyote.http11.Http11NioProtocol - Starting ProtocolHandler ["http-nio-8080"]
2026-06-27 16:57:38.272 [restartedMain] INFO  o.s.boot.web.embedded.tomcat.TomcatWebServer - Tomcat started on port(s): 8080 (http) with context path ''
2026-06-27 16:57:38.276 [restartedMain] INFO  com.project.travel.TravelApplication - Started TravelApplication in 5.016 seconds (JVM running for 157.271)
2026-06-27 16:57:38.277 [restartedMain] INFO  o.s.b.d.a.ConditionEvaluationDeltaLoggingListener - Condition evaluation unchanged
2026-06-27 16:58:26.319 [http-nio-8080-exec-1] INFO  o.a.c.core.ContainerBase.[Tomcat].[localhost].[/] - Initializing Spring DispatcherServlet 'dispatcherServlet'
2026-06-27 16:58:26.320 [http-nio-8080-exec-1] INFO  org.springframework.web.servlet.DispatcherServlet - Initializing Servlet 'dispatcherServlet'
2026-06-27 16:58:26.321 [http-nio-8080-exec-1] INFO  org.springframework.web.servlet.DispatcherServlet - Completed initialization in 0 ms
2026-06-27 16:59:32.229 [SpringApplicationShutdownHook] INFO  com.alibaba.druid.pool.DruidDataSource - {dataSource-5} closing ...
2026-06-27 16:59:32.233 [SpringApplicationShutdownHook] INFO  com.alibaba.druid.pool.DruidDataSource - {dataSource-5} closed
2026-06-27 16:59:38.044 [restartedMain] INFO  com.project.travel.TravelApplication - Starting TravelApplication using Java 1.8.0_202 on dilireba with PID 36508 (C:\maven\travel_system\travel\travel\travel-server\target\classes started by solitude in C:\maven\travel_system\travel\travel\travel-server)
2026-06-27 16:59:38.045 [restartedMain] INFO  com.project.travel.TravelApplication - The following 1 profile is active: "dev"
2026-06-27 16:59:38.111 [restartedMain] INFO  o.s.b.d.env.DevToolsPropertyDefaultsPostProcessor - Devtools property defaults active! Set 'spring.devtools.add-properties' to 'false' to disable
2026-06-27 16:59:38.111 [restartedMain] INFO  o.s.b.d.env.DevToolsPropertyDefaultsPostProcessor - For additional web related logging consider setting the 'logging.level.web' property to 'DEBUG'
2026-06-27 16:59:38.593 [restartedMain] INFO  o.s.d.r.config.RepositoryConfigurationDelegate - Multiple Spring Data modules found, entering strict repository configuration mode
2026-06-27 16:59:38.594 [restartedMain] INFO  o.s.d.r.config.RepositoryConfigurationDelegate - Bootstrapping Spring Data Redis repositories in DEFAULT mode.
2026-06-27 16:59:38.619 [restartedMain] INFO  o.s.d.r.config.RepositoryConfigurationDelegate - Finished Spring Data repository scanning in 14 ms. Found 0 Redis repository interfaces.
2026-06-27 16:59:39.184 [restartedMain] INFO  o.s.boot.web.embedded.tomcat.TomcatWebServer - Tomcat initialized with port(s): 8080 (http)
2026-06-27 16:59:39.190 [restartedMain] INFO  org.apache.coyote.http11.Http11NioProtocol - Initializing ProtocolHandler ["http-nio-8080"]
2026-06-27 16:59:39.191 [restartedMain] INFO  org.apache.catalina.core.StandardService - Starting service [Tomcat]
2026-06-27 16:59:39.191 [restartedMain] INFO  org.apache.catalina.core.StandardEngine - Starting Servlet engine: [Apache Tomcat/9.0.83]
2026-06-27 16:59:39.258 [restartedMain] INFO  o.a.c.core.ContainerBase.[Tomcat].[localhost].[/] - Initializing Spring embedded WebApplicationContext
2026-06-27 16:59:39.258 [restartedMain] INFO  o.s.b.w.s.c.ServletWebServerApplicationContext - Root WebApplicationContext: initialization completed in 1147 ms
2026-06-27 16:59:39.587 [restartedMain] INFO  c.a.d.s.b.a.DruidDataSourceAutoConfigure - Init DruidDataSource
2026-06-27 16:59:41.281 [restartedMain] INFO  com.alibaba.druid.pool.DruidDataSource - {dataSource-1} inited
2026-06-27 16:59:43.894 [restartedMain] INFO  o.s.b.d.autoconfigure.OptionalLiveReloadServer - LiveReload server is running on port 35729
2026-06-27 16:59:43.915 [restartedMain] INFO  org.apache.coyote.http11.Http11NioProtocol - Starting ProtocolHandler ["http-nio-8080"]
2026-06-27 16:59:43.934 [restartedMain] INFO  o.s.boot.web.embedded.tomcat.TomcatWebServer - Tomcat started on port(s): 8080 (http) with context path ''
2026-06-27 16:59:43.944 [restartedMain] INFO  com.project.travel.TravelApplication - Started TravelApplication in 6.301 seconds (JVM running for 6.658)
2026-06-27 17:00:27.103 [http-nio-8080-exec-1] INFO  o.a.c.core.ContainerBase.[Tomcat].[localhost].[/] - Initializing Spring DispatcherServlet 'dispatcherServlet'
2026-06-27 17:00:27.103 [http-nio-8080-exec-1] INFO  org.springframework.web.servlet.DispatcherServlet - Initializing Servlet 'dispatcherServlet'
2026-06-27 17:00:27.105 [http-nio-8080-exec-1] INFO  org.springframework.web.servlet.DispatcherServlet - Completed initialization in 2 ms
2026-06-27 17:00:41.570 [File Watcher] INFO  o.s.b.d.a.LocalDevToolsAutoConfiguration$RestartingClassPathChangeChangedEventListener - Restarting due to 5 class path changes (0 additions, 0 deletions, 5 modifications)
2026-06-27 17:00:44.136 [Thread-7] INFO  org.apache.coyote.http11.Http11NioProtocol - Pausing ProtocolHandler ["http-nio-8080"]
2026-06-27 17:00:44.137 [Thread-7] INFO  org.apache.catalina.core.StandardService - Stopping service [Tomcat]
2026-06-27 17:00:44.141 [Thread-7] INFO  o.a.c.core.ContainerBase.[Tomcat].[localhost].[/] - Destroying Spring FrameworkServlet 'dispatcherServlet'
2026-06-27 17:00:44.150 [Thread-7] INFO  org.apache.coyote.http11.Http11NioProtocol - Stopping ProtocolHandler ["http-nio-8080"]
2026-06-27 17:00:44.184 [Thread-7] INFO  org.apache.coyote.http11.Http11NioProtocol - Destroying ProtocolHandler ["http-nio-8080"]
2026-06-27 17:00:44.210 [Thread-7] INFO  com.alibaba.druid.pool.DruidDataSource - {dataSource-1} closing ...
2026-06-27 17:00:44.218 [Thread-7] INFO  com.alibaba.druid.pool.DruidDataSource - {dataSource-1} closed
2026-06-27 17:00:44.641 [restartedMain] INFO  com.project.travel.TravelApplication - Starting TravelApplication using Java 1.8.0_202 on dilireba with PID 36508 (C:\maven\travel_system\travel\travel\travel-server\target\classes started by solitude in C:\maven\travel_system\travel\travel\travel-server)
2026-06-27 17:00:44.641 [restartedMain] INFO  com.project.travel.TravelApplication - The following 1 profile is active: "dev"
2026-06-27 17:00:45.052 [restartedMain] INFO  o.s.d.r.config.RepositoryConfigurationDelegate - Multiple Spring Data modules found, entering strict repository configuration mode
2026-06-27 17:00:45.053 [restartedMain] INFO  o.s.d.r.config.RepositoryConfigurationDelegate - Bootstrapping Spring Data Redis repositories in DEFAULT mode.
2026-06-27 17:00:45.063 [restartedMain] INFO  o.s.d.r.config.RepositoryConfigurationDelegate - Finished Spring Data repository scanning in 10 ms. Found 0 Redis repository interfaces.
2026-06-27 17:00:45.215 [restartedMain] INFO  o.s.boot.web.embedded.tomcat.TomcatWebServer - Tomcat initialized with port(s): 8080 (http)
2026-06-27 17:00:45.215 [restartedMain] INFO  org.apache.coyote.http11.Http11NioProtocol - Initializing ProtocolHandler ["http-nio-8080"]
2026-06-27 17:00:45.215 [restartedMain] INFO  org.apache.catalina.core.StandardService - Starting service [Tomcat]
2026-06-27 17:00:45.216 [restartedMain] INFO  org.apache.catalina.core.StandardEngine - Starting Servlet engine: [Apache Tomcat/9.0.83]
2026-06-27 17:00:45.228 [restartedMain] INFO  o.a.c.core.ContainerBase.[Tomcat].[localhost].[/] - Initializing Spring embedded WebApplicationContext
2026-06-27 17:00:45.228 [restartedMain] INFO  o.s.b.w.s.c.ServletWebServerApplicationContext - Root WebApplicationContext: initialization completed in 583 ms
2026-06-27 17:00:45.261 [restartedMain] INFO  c.a.d.s.b.a.DruidDataSourceAutoConfigure - Init DruidDataSource
2026-06-27 17:00:45.386 [restartedMain] INFO  com.alibaba.druid.pool.DruidDataSource - {dataSource-2} inited
2026-06-27 17:00:46.686 [restartedMain] INFO  o.s.b.d.autoconfigure.OptionalLiveReloadServer - LiveReload server is running on port 35729
2026-06-27 17:00:46.696 [restartedMain] INFO  org.apache.coyote.http11.Http11NioProtocol - Starting ProtocolHandler ["http-nio-8080"]
2026-06-27 17:00:46.711 [restartedMain] INFO  o.s.boot.web.embedded.tomcat.TomcatWebServer - Tomcat started on port(s): 8080 (http) with context path ''
2026-06-27 17:00:46.713 [restartedMain] INFO  com.project.travel.TravelApplication - Started TravelApplication in 2.217 seconds (JVM running for 69.427)
2026-06-27 17:00:46.715 [restartedMain] INFO  o.s.b.d.a.ConditionEvaluationDeltaLoggingListener - Condition evaluation unchanged
2026-06-27 17:00:48.319 [SpringApplicationShutdownHook] INFO  com.alibaba.druid.pool.DruidDataSource - {dataSource-2} closing ...
2026-06-27 17:00:48.321 [SpringApplicationShutdownHook] INFO  com.alibaba.druid.pool.DruidDataSource - {dataSource-2} closed
2026-06-27 17:00:54.350 [restartedMain] INFO  com.project.travel.TravelApplication - Starting TravelApplication using Java 1.8.0_202 on dilireba with PID 33768 (C:\maven\travel_system\travel\travel\travel-server\target\classes started by solitude in C:\maven\travel_system\travel\travel\travel-server)
2026-06-27 17:00:54.351 [restartedMain] INFO  com.project.travel.TravelApplication - The following 1 profile is active: "dev"
2026-06-27 17:00:54.420 [restartedMain] INFO  o.s.b.d.env.DevToolsPropertyDefaultsPostProcessor - Devtools property defaults active! Set 'spring.devtools.add-properties' to 'false' to disable
2026-06-27 17:00:54.420 [restartedMain] INFO  o.s.b.d.env.DevToolsPropertyDefaultsPostProcessor - For additional web related logging consider setting the 'logging.level.web' property to 'DEBUG'
2026-06-27 17:00:54.915 [restartedMain] INFO  o.s.d.r.config.RepositoryConfigurationDelegate - Multiple Spring Data modules found, entering strict repository configuration mode
2026-06-27 17:00:54.916 [restartedMain] INFO  o.s.d.r.config.RepositoryConfigurationDelegate - Bootstrapping Spring Data Redis repositories in DEFAULT mode.
2026-06-27 17:00:54.942 [restartedMain] INFO  o.s.d.r.config.RepositoryConfigurationDelegate - Finished Spring Data repository scanning in 15 ms. Found 0 Redis repository interfaces.
2026-06-27 17:00:55.522 [restartedMain] INFO  o.s.boot.web.embedded.tomcat.TomcatWebServer - Tomcat initialized with port(s): 8080 (http)
2026-06-27 17:00:55.529 [restartedMain] INFO  org.apache.coyote.http11.Http11NioProtocol - Initializing ProtocolHandler ["http-nio-8080"]
2026-06-27 17:00:55.530 [restartedMain] INFO  org.apache.catalina.core.StandardService - Starting service [Tomcat]
2026-06-27 17:00:55.530 [restartedMain] INFO  org.apache.catalina.core.StandardEngine - Starting Servlet engine: [Apache Tomcat/9.0.83]
2026-06-27 17:00:55.592 [restartedMain] INFO  o.a.c.core.ContainerBase.[Tomcat].[localhost].[/] - Initializing Spring embedded WebApplicationContext
2026-06-27 17:00:55.593 [restartedMain] INFO  o.s.b.w.s.c.ServletWebServerApplicationContext - Root WebApplicationContext: initialization completed in 1172 ms
2026-06-27 17:00:55.925 [restartedMain] INFO  c.a.d.s.b.a.DruidDataSourceAutoConfigure - Init DruidDataSource
2026-06-27 17:00:57.208 [restartedMain] INFO  com.alibaba.druid.pool.DruidDataSource - {dataSource-1} inited
2026-06-27 17:00:59.959 [restartedMain] INFO  o.s.b.d.autoconfigure.OptionalLiveReloadServer - LiveReload server is running on port 35729
2026-06-27 17:00:59.988 [restartedMain] INFO  org.apache.coyote.http11.Http11NioProtocol - Starting ProtocolHandler ["http-nio-8080"]
2026-06-27 17:01:00.014 [restartedMain] INFO  o.s.boot.web.embedded.tomcat.TomcatWebServer - Tomcat started on port(s): 8080 (http) with context path ''
2026-06-27 17:01:00.026 [restartedMain] INFO  com.project.travel.TravelApplication - Started TravelApplication in 6.067 seconds (JVM running for 6.444)
2026-06-27 17:01:41.968 [http-nio-8080-exec-1] INFO  o.a.c.core.ContainerBase.[Tomcat].[localhost].[/] - Initializing Spring DispatcherServlet 'dispatcherServlet'
2026-06-27 17:01:41.969 [http-nio-8080-exec-1] INFO  org.springframework.web.servlet.DispatcherServlet - Initializing Servlet 'dispatcherServlet'
2026-06-27 17:01:41.971 [http-nio-8080-exec-1] INFO  org.springframework.web.servlet.DispatcherServlet - Completed initialization in 2 ms
2026-06-27 17:04:47.493 [File Watcher] INFO  o.s.b.d.a.LocalDevToolsAutoConfiguration$RestartingClassPathChangeChangedEventListener - Restarting due to 1 class path change (0 additions, 0 deletions, 1 modification)
2026-06-27 17:04:50.102 [Thread-7] INFO  org.apache.coyote.http11.Http11NioProtocol - Pausing ProtocolHandler ["http-nio-8080"]
2026-06-27 17:04:50.103 [Thread-7] INFO  org.apache.catalina.core.StandardService - Stopping service [Tomcat]
2026-06-27 17:04:50.105 [Thread-7] INFO  o.a.c.core.ContainerBase.[Tomcat].[localhost].[/] - Destroying Spring FrameworkServlet 'dispatcherServlet'
2026-06-27 17:04:50.148 [Thread-7] INFO  org.apache.coyote.http11.Http11NioProtocol - Stopping ProtocolHandler ["http-nio-8080"]
2026-06-27 17:04:50.166 [Thread-7] INFO  org.apache.coyote.http11.Http11NioProtocol - Destroying ProtocolHandler ["http-nio-8080"]
2026-06-27 17:04:50.178 [Thread-7] INFO  com.alibaba.druid.pool.DruidDataSource - {dataSource-1} closing ...
2026-06-27 17:04:50.192 [Thread-7] INFO  com.alibaba.druid.pool.DruidDataSource - {dataSource-1} closed
2026-06-27 17:04:50.888 [restartedMain] INFO  com.project.travel.TravelApplication - Starting TravelApplication using Java 1.8.0_202 on dilireba with PID 33768 (C:\maven\travel_system\travel\travel\travel-server\target\classes started by solitude in C:\maven\travel_system\travel\travel\travel-server)
2026-06-27 17:04:50.889 [restartedMain] INFO  com.project.travel.TravelApplication - The following 1 profile is active: "dev"
2026-06-27 17:04:51.590 [restartedMain] INFO  o.s.d.r.config.RepositoryConfigurationDelegate - Multiple Spring Data modules found, entering strict repository configuration mode
2026-06-27 17:04:51.590 [restartedMain] INFO  o.s.d.r.config.RepositoryConfigurationDelegate - Bootstrapping Spring Data Redis repositories in DEFAULT mode.
2026-06-27 17:04:51.630 [restartedMain] INFO  o.s.d.r.config.RepositoryConfigurationDelegate - Finished Spring Data repository scanning in 39 ms. Found 0 Redis repository interfaces.
2026-06-27 17:04:52.132 [restartedMain] INFO  o.s.boot.web.embedded.tomcat.TomcatWebServer - Tomcat initialized with port(s): 8080 (http)
2026-06-27 17:04:52.133 [restartedMain] INFO  org.apache.coyote.http11.Http11NioProtocol - Initializing ProtocolHandler ["http-nio-8080"]
2026-06-27 17:04:52.133 [restartedMain] INFO  org.apache.catalina.core.StandardService - Starting service [Tomcat]
2026-06-27 17:04:52.134 [restartedMain] INFO  org.apache.catalina.core.StandardEngine - Starting Servlet engine: [Apache Tomcat/9.0.83]
2026-06-27 17:04:52.193 [restartedMain] INFO  o.a.c.core.ContainerBase.[Tomcat].[localhost].[/] - Initializing Spring embedded WebApplicationContext
2026-06-27 17:04:52.193 [restartedMain] INFO  o.s.b.w.s.c.ServletWebServerApplicationContext - Root WebApplicationContext: initialization completed in 1297 ms
2026-06-27 17:04:52.267 [restartedMain] INFO  c.a.d.s.b.a.DruidDataSourceAutoConfigure - Init DruidDataSource
2026-06-27 17:04:52.483 [restartedMain] INFO  com.alibaba.druid.pool.DruidDataSource - {dataSource-2} inited
2026-06-27 17:04:56.566 [restartedMain] INFO  o.s.b.d.autoconfigure.OptionalLiveReloadServer - LiveReload server is running on port 35729
2026-06-27 17:04:56.601 [restartedMain] INFO  org.apache.coyote.http11.Http11NioProtocol - Starting ProtocolHandler ["http-nio-8080"]
2026-06-27 17:04:56.617 [restartedMain] INFO  o.s.boot.web.embedded.tomcat.TomcatWebServer - Tomcat started on port(s): 8080 (http) with context path ''
2026-06-27 17:04:56.630 [restartedMain] INFO  com.project.travel.TravelApplication - Started TravelApplication in 5.968 seconds (JVM running for 243.048)
2026-06-27 17:04:56.634 [restartedMain] INFO  o.s.b.d.a.ConditionEvaluationDeltaLoggingListener - Condition evaluation unchanged
2026-06-27 17:07:28.270 [SpringApplicationShutdownHook] INFO  com.alibaba.druid.pool.DruidDataSource - {dataSource-2} closing ...
2026-06-27 17:07:28.273 [SpringApplicationShutdownHook] INFO  com.alibaba.druid.pool.DruidDataSource - {dataSource-2} closed
2026-06-27 17:07:35.306 [restartedMain] INFO  com.project.travel.TravelApplication - Starting TravelApplication using Java 1.8.0_202 on dilireba with PID 1352 (C:\maven\travel_system\travel\travel\travel-server\target\classes started by solitude in C:\maven\travel_system\travel\travel\travel-server)
2026-06-27 17:07:35.308 [restartedMain] INFO  com.project.travel.TravelApplication - The following 1 profile is active: "dev"
2026-06-27 17:07:35.374 [restartedMain] INFO  o.s.b.d.env.DevToolsPropertyDefaultsPostProcessor - Devtools property defaults active! Set 'spring.devtools.add-properties' to 'false' to disable
2026-06-27 17:07:35.374 [restartedMain] INFO  o.s.b.d.env.DevToolsPropertyDefaultsPostProcessor - For additional web related logging consider setting the 'logging.level.web' property to 'DEBUG'
2026-06-27 17:07:35.908 [restartedMain] INFO  o.s.d.r.config.RepositoryConfigurationDelegate - Multiple Spring Data modules found, entering strict repository configuration mode
2026-06-27 17:07:35.909 [restartedMain] INFO  o.s.d.r.config.RepositoryConfigurationDelegate - Bootstrapping Spring Data Redis repositories in DEFAULT mode.
2026-06-27 17:07:35.938 [restartedMain] INFO  o.s.d.r.config.RepositoryConfigurationDelegate - Finished Spring Data repository scanning in 17 ms. Found 0 Redis repository interfaces.
2026-06-27 17:07:36.544 [restartedMain] INFO  o.s.boot.web.embedded.tomcat.TomcatWebServer - Tomcat initialized with port(s): 8080 (http)
2026-06-27 17:07:36.552 [restartedMain] INFO  org.apache.coyote.http11.Http11NioProtocol - Initializing ProtocolHandler ["http-nio-8080"]
2026-06-27 17:07:36.554 [restartedMain] INFO  org.apache.catalina.core.StandardService - Starting service [Tomcat]
2026-06-27 17:07:36.554 [restartedMain] INFO  org.apache.catalina.core.StandardEngine - Starting Servlet engine: [Apache Tomcat/9.0.83]
2026-06-27 17:07:36.629 [restartedMain] INFO  o.a.c.core.ContainerBase.[Tomcat].[localhost].[/] - Initializing Spring embedded WebApplicationContext
2026-06-27 17:07:36.630 [restartedMain] INFO  o.s.b.w.s.c.ServletWebServerApplicationContext - Root WebApplicationContext: initialization completed in 1255 ms
2026-06-27 17:07:36.978 [restartedMain] INFO  c.a.d.s.b.a.DruidDataSourceAutoConfigure - Init DruidDataSource
2026-06-27 17:07:38.278 [restartedMain] INFO  com.alibaba.druid.pool.DruidDataSource - {dataSource-1} inited
2026-06-27 17:07:41.052 [restartedMain] INFO  o.s.b.d.autoconfigure.OptionalLiveReloadServer - LiveReload server is running on port 35729
2026-06-27 17:07:41.074 [restartedMain] INFO  org.apache.coyote.http11.Http11NioProtocol - Starting ProtocolHandler ["http-nio-8080"]
2026-06-27 17:07:41.099 [restartedMain] INFO  o.s.boot.web.embedded.tomcat.TomcatWebServer - Tomcat started on port(s): 8080 (http) with context path ''
2026-06-27 17:07:41.110 [restartedMain] INFO  com.project.travel.TravelApplication - Started TravelApplication in 6.19 seconds (JVM running for 6.576)
2026-06-27 17:07:56.527 [http-nio-8080-exec-1] INFO  o.a.c.core.ContainerBase.[Tomcat].[localhost].[/] - Initializing Spring DispatcherServlet 'dispatcherServlet'
2026-06-27 17:07:56.528 [http-nio-8080-exec-1] INFO  org.springframework.web.servlet.DispatcherServlet - Initializing Servlet 'dispatcherServlet'
2026-06-27 17:07:56.531 [http-nio-8080-exec-1] INFO  org.springframework.web.servlet.DispatcherServlet - Completed initialization in 3 ms
2026-06-27 17:09:14.829 [http-nio-8080-exec-54] INFO  com.project.travel.handle.MyMetaObjectHandler - 公共字段自动填充[insert]...
2026-06-27 17:09:22.463 [http-nio-8080-exec-11] INFO  com.project.travel.handle.MyMetaObjectHandler - 公共字段自动填充[insert]...
2026-06-27 17:09:43.993 [http-nio-8080-exec-43] INFO  com.project.travel.handle.MyMetaObjectHandler - 公共字段自动填充[update]...
2026-06-27 17:10:10.983 [http-nio-8080-exec-62] INFO  com.project.travel.handle.MyMetaObjectHandler - 公共字段自动填充[update]...
2026-06-27 17:10:10.992 [http-nio-8080-exec-62] INFO  com.project.travel.handle.MyMetaObjectHandler - 公共字段自动填充[insert]...
2026-06-27 17:10:17.757 [http-nio-8080-exec-64] INFO  com.project.travel.handle.MyMetaObjectHandler - 公共字段自动填充[update]...
2026-06-27 17:10:17.769 [http-nio-8080-exec-64] INFO  com.project.travel.handle.MyMetaObjectHandler - 公共字段自动填充[insert]...
2026-06-27 17:11:00.571 [http-nio-8080-exec-99] INFO  com.project.travel.handle.MyMetaObjectHandler - 公共字段自动填充[insert]...
2026-06-27 17:11:03.271 [http-nio-8080-exec-1] INFO  com.project.travel.handle.MyMetaObjectHandler - 公共字段自动填充[update]...
2026-06-27 17:11:03.280 [http-nio-8080-exec-1] INFO  com.project.travel.handle.MyMetaObjectHandler - 公共字段自动填充[insert]...
2026-06-27 17:16:00.001 [http-nio-8080-exec-2] INFO  com.project.travel.handle.MyMetaObjectHandler - 公共字段自动填充[update]...
2026-06-27 17:16:00.008 [http-nio-8080-exec-2] INFO  com.project.travel.handle.MyMetaObjectHandler - 公共字段自动填充[insert]...
2026-06-27 17:16:00.016 [http-nio-8080-exec-2] INFO  com.project.travel.handle.MyMetaObjectHandler - 公共字段自动填充[update]...
2026-06-27 17:16:00.025 [http-nio-8080-exec-2] INFO  com.project.travel.handle.MyMetaObjectHandler - 公共字段自动填充[insert]...
2026-06-27 17:16:11.642 [http-nio-8080-exec-27] INFO  com.project.travel.handle.MyMetaObjectHandler - 公共字段自动填充[update]...
2026-06-27 17:16:11.649 [http-nio-8080-exec-27] INFO  com.project.travel.handle.MyMetaObjectHandler - 公共字段自动填充[insert]...
2026-06-27 17:16:31.269 [http-nio-8080-exec-8] INFO  com.project.travel.handle.MyMetaObjectHandler - 公共字段自动填充[update]...
2026-06-27 17:16:31.281 [http-nio-8080-exec-8] INFO  com.project.travel.handle.MyMetaObjectHandler - 公共字段自动填充[update]...
2026-06-27 17:16:31.290 [http-nio-8080-exec-8] INFO  com.project.travel.handle.MyMetaObjectHandler - 公共字段自动填充[insert]...
2026-06-27 17:16:31.303 [http-nio-8080-exec-8] INFO  com.project.travel.handle.MyMetaObjectHandler - 公共字段自动填充[insert]...
2026-06-27 17:16:46.518 [http-nio-8080-exec-40] INFO  c.p.t.c.attractions.SysAttractionsController - 查询景点参数：SysAttractions(id=null, name=null, price=null, introduce=null, content=null, num=null, realName=null, images=null, scenicType=null, location=null, pv=null, open=null, time=null, state=1, createBy=null, createTime=null, updateBy=null, updateTime=null, pageNumber=1, pageSize=100)
2026-06-27 17:16:46.521 [http-nio-8080-exec-40] INFO  c.p.t.c.attractions.SysAttractionsController - location 参数值：null
2026-06-27 17:16:46.522 [http-nio-8080-exec-40] INFO  c.p.t.c.attractions.SysAttractionsController - 最终查询条件 SQL：(state = #{ew.paramNameValuePairs.MPGENVAL1}) ORDER BY create_time DESC
2026-06-27 17:16:46.539 [http-nio-8080-exec-40] INFO  c.p.t.c.attractions.SysAttractionsController - 查询结果数量：9
2026-06-27 17:16:46.555 [http-nio-8080-exec-42] INFO  c.p.t.c.attractions.SysAttractionsController - 查询景点参数：SysAttractions(id=null, name=, price=null, introduce=null, content=null, num=null, realName=null, images=null, scenicType=, location=, pv=null, open=null, time=null, state=1, createBy=null, createTime=null, updateBy=null, updateTime=null, pageNumber=1, pageSize=9)
2026-06-27 17:16:46.556 [http-nio-8080-exec-42] INFO  c.p.t.c.attractions.SysAttractionsController - location 参数值：
2026-06-27 17:16:46.555 [http-nio-8080-exec-43] INFO  c.p.t.c.attractions.SysAttractionsController - 查询景点参数：SysAttractions(id=null, name=null, price=null, introduce=null, content=null, num=null, realName=null, images=null, scenicType=null, location=null, pv=null, open=null, time=null, state=1, createBy=null, createTime=null, updateBy=null, updateTime=null, pageNumber=1, pageSize=100)
2026-06-27 17:16:46.556 [http-nio-8080-exec-43] INFO  c.p.t.c.attractions.SysAttractionsController - location 参数值：null
2026-06-27 17:16:46.556 [http-nio-8080-exec-42] INFO  c.p.t.c.attractions.SysAttractionsController - 最终查询条件 SQL：(state = #{ew.paramNameValuePairs.MPGENVAL1}) ORDER BY create_time DESC
2026-06-27 17:16:46.556 [http-nio-8080-exec-43] INFO  c.p.t.c.attractions.SysAttractionsController - 最终查询条件 SQL：(state = #{ew.paramNameValuePairs.MPGENVAL1}) ORDER BY create_time DESC
2026-06-27 17:16:46.588 [http-nio-8080-exec-42] INFO  c.p.t.c.attractions.SysAttractionsController - 查询结果数量：9
2026-06-27 17:16:46.588 [http-nio-8080-exec-43] INFO  c.p.t.c.attractions.SysAttractionsController - 查询结果数量：9
2026-06-27 17:16:48.444 [http-nio-8080-exec-47] INFO  c.p.t.c.attractions.SysAttractionsController - 查询景点参数：SysAttractions(id=null, name=null, price=null, introduce=null, content=null, num=null, realName=null, images=null, scenicType=null, location=北京, pv=null, open=null, time=null, state=1, createBy=null, createTime=null, updateBy=null, updateTime=null, pageNumber=1, pageSize=100)
2026-06-27 17:16:48.444 [http-nio-8080-exec-47] INFO  c.p.t.c.attractions.SysAttractionsController - location 参数值：北京
2026-06-27 17:16:48.450 [http-nio-8080-exec-47] INFO  c.p.t.c.attractions.SysAttractionsController - 应用地区筛选：北京
2026-06-27 17:16:48.446 [http-nio-8080-exec-46] INFO  c.p.t.c.attractions.SysAttractionsController - 查询景点参数：SysAttractions(id=null, name=, price=null, introduce=null, content=null, num=null, realName=null, images=null, scenicType=, location=北京, pv=null, open=null, time=null, state=1, createBy=null, createTime=null, updateBy=null, updateTime=null, pageNumber=1, pageSize=9)
2026-06-27 17:16:48.451 [http-nio-8080-exec-46] INFO  c.p.t.c.attractions.SysAttractionsController - location 参数值：北京
2026-06-27 17:16:48.451 [http-nio-8080-exec-46] INFO  c.p.t.c.attractions.SysAttractionsController - 应用地区筛选：北京
2026-06-27 17:16:48.454 [http-nio-8080-exec-46] INFO  c.p.t.c.attractions.SysAttractionsController - 最终查询条件 SQL：(state = #{ew.paramNameValuePairs.MPGENVAL1} AND location LIKE #{ew.paramNameValuePairs.MPGENVAL2}) ORDER BY create_time DESC
2026-06-27 17:16:48.454 [http-nio-8080-exec-47] INFO  c.p.t.c.attractions.SysAttractionsController - 最终查询条件 SQL：(state = #{ew.paramNameValuePairs.MPGENVAL1} AND location LIKE #{ew.paramNameValuePairs.MPGENVAL2}) ORDER BY create_time DESC
2026-06-27 17:16:48.473 [http-nio-8080-exec-46] INFO  c.p.t.c.attractions.SysAttractionsController - 查询结果数量：1
2026-06-27 17:16:48.478 [http-nio-8080-exec-47] INFO  c.p.t.c.attractions.SysAttractionsController - 查询结果数量：1
2026-06-27 17:16:50.096 [http-nio-8080-exec-18] INFO  com.project.travel.handle.MyMetaObjectHandler - 公共字段自动填充[update]...
2026-06-27 17:16:53.287 [http-nio-8080-exec-53] INFO  com.project.travel.handle.MyMetaObjectHandler - 公共字段自动填充[update]...
2026-06-27 17:16:55.943 [http-nio-8080-exec-56] INFO  com.project.travel.handle.MyMetaObjectHandler - 公共字段自动填充[update]...
2026-06-27 17:16:56.525 [http-nio-8080-exec-59] INFO  c.p.t.c.attractions.SysAttractionsController - 查询景点参数：SysAttractions(id=null, name=null, price=null, introduce=null, content=null, num=null, realName=null, images=null, scenicType=null, location=null, pv=null, open=null, time=null, state=1, createBy=null, createTime=null, updateBy=null, updateTime=null, pageNumber=1, pageSize=100)
2026-06-27 17:16:56.527 [http-nio-8080-exec-59] INFO  c.p.t.c.attractions.SysAttractionsController - location 参数值：null
2026-06-27 17:16:56.528 [http-nio-8080-exec-59] INFO  c.p.t.c.attractions.SysAttractionsController - 最终查询条件 SQL：(state = #{ew.paramNameValuePairs.MPGENVAL1}) ORDER BY create_time DESC
2026-06-27 17:16:56.537 [http-nio-8080-exec-59] INFO  c.p.t.c.attractions.SysAttractionsController - 查询结果数量：9
2026-06-27 17:16:56.570 [http-nio-8080-exec-62] INFO  c.p.t.c.attractions.SysAttractionsController - 查询景点参数：SysAttractions(id=null, name=null, price=null, introduce=null, content=null, num=null, realName=null, images=null, scenicType=null, location=null, pv=null, open=null, time=null, state=1, createBy=null, createTime=null, updateBy=null, updateTime=null, pageNumber=1, pageSize=100)
2026-06-27 17:16:56.571 [http-nio-8080-exec-60] INFO  c.p.t.c.attractions.SysAttractionsController - 查询景点参数：SysAttractions(id=null, name=, price=null, introduce=null, content=null, num=null, realName=null, images=null, scenicType=, location=, pv=null, open=null, time=null, state=1, createBy=null, createTime=null, updateBy=null, updateTime=null, pageNumber=1, pageSize=9)
2026-06-27 17:16:56.572 [http-nio-8080-exec-62] INFO  c.p.t.c.attractions.SysAttractionsController - location 参数值：null
2026-06-27 17:16:56.572 [http-nio-8080-exec-60] INFO  c.p.t.c.attractions.SysAttractionsController - location 参数值：
2026-06-27 17:16:56.573 [http-nio-8080-exec-60] INFO  c.p.t.c.attractions.SysAttractionsController - 最终查询条件 SQL：(state = #{ew.paramNameValuePairs.MPGENVAL1}) ORDER BY create_time DESC
2026-06-27 17:16:56.574 [http-nio-8080-exec-62] INFO  c.p.t.c.attractions.SysAttractionsController - 最终查询条件 SQL：(state = #{ew.paramNameValuePairs.MPGENVAL1}) ORDER BY create_time DESC
2026-06-27 17:16:56.597 [http-nio-8080-exec-60] INFO  c.p.t.c.attractions.SysAttractionsController - 查询结果数量：9
2026-06-27 17:16:56.598 [http-nio-8080-exec-62] INFO  c.p.t.c.attractions.SysAttractionsController - 查询结果数量：9
2026-06-27 17:16:57.786 [http-nio-8080-exec-66] INFO  c.p.t.c.attractions.SysAttractionsController - 查询景点参数：SysAttractions(id=null, name=null, price=null, introduce=null, content=null, num=null, realName=null, images=null, scenicType=null, location=北京, pv=null, open=null, time=null, state=1, createBy=null, createTime=null, updateBy=null, updateTime=null, pageNumber=1, pageSize=100)
2026-06-27 17:16:57.786 [http-nio-8080-exec-65] INFO  c.p.t.c.attractions.SysAttractionsController - 查询景点参数：SysAttractions(id=null, name=, price=null, introduce=null, content=null, num=null, realName=null, images=null, scenicType=, location=北京, pv=null, open=null, time=null, state=1, createBy=null, createTime=null, updateBy=null, updateTime=null, pageNumber=1, pageSize=9)
2026-06-27 17:16:57.786 [http-nio-8080-exec-66] INFO  c.p.t.c.attractions.SysAttractionsController - location 参数值：北京
2026-06-27 17:16:57.786 [http-nio-8080-exec-65] INFO  c.p.t.c.attractions.SysAttractionsController - location 参数值：北京
2026-06-27 17:16:57.786 [http-nio-8080-exec-66] INFO  c.p.t.c.attractions.SysAttractionsController - 应用地区筛选：北京
2026-06-27 17:16:57.786 [http-nio-8080-exec-65] INFO  c.p.t.c.attractions.SysAttractionsController - 应用地区筛选：北京
2026-06-27 17:16:57.786 [http-nio-8080-exec-66] INFO  c.p.t.c.attractions.SysAttractionsController - 最终查询条件 SQL：(state = #{ew.paramNameValuePairs.MPGENVAL1} AND location LIKE #{ew.paramNameValuePairs.MPGENVAL2}) ORDER BY create_time DESC
2026-06-27 17:16:57.786 [http-nio-8080-exec-65] INFO  c.p.t.c.attractions.SysAttractionsController - 最终查询条件 SQL：(state = #{ew.paramNameValuePairs.MPGENVAL1} AND location LIKE #{ew.paramNameValuePairs.MPGENVAL2}) ORDER BY create_time DESC
2026-06-27 17:16:57.797 [http-nio-8080-exec-66] INFO  c.p.t.c.attractions.SysAttractionsController - 查询结果数量：1
2026-06-27 17:16:57.797 [http-nio-8080-exec-65] INFO  c.p.t.c.attractions.SysAttractionsController - 查询结果数量：1
2026-06-27 17:16:59.341 [http-nio-8080-exec-29] INFO  com.project.travel.handle.MyMetaObjectHandler - 公共字段自动填充[update]...
2026-06-27 17:20:09.931 [http-nio-8080-exec-73] INFO  com.project.travel.handle.MyMetaObjectHandler - 公共字段自动填充[update]...
2026-06-27 17:20:11.051 [http-nio-8080-exec-76] INFO  com.project.travel.handle.MyMetaObjectHandler - 公共字段自动填充[update]...
2026-06-27 17:20:11.514 [http-nio-8080-exec-80] INFO  c.p.t.c.attractions.SysAttractionsController - 查询景点参数：SysAttractions(id=null, name=null, price=null, introduce=null, content=null, num=null, realName=null, images=null, scenicType=null, location=null, pv=null, open=null, time=null, state=1, createBy=null, createTime=null, updateBy=null, updateTime=null, pageNumber=1, pageSize=100)
2026-06-27 17:20:11.517 [http-nio-8080-exec-80] INFO  c.p.t.c.attractions.SysAttractionsController - location 参数值：null
2026-06-27 17:20:11.518 [http-nio-8080-exec-80] INFO  c.p.t.c.attractions.SysAttractionsController - 最终查询条件 SQL：(state = #{ew.paramNameValuePairs.MPGENVAL1}) ORDER BY create_time DESC
2026-06-27 17:20:11.532 [http-nio-8080-exec-80] INFO  c.p.t.c.attractions.SysAttractionsController - 查询结果数量：9
2026-06-27 17:20:11.558 [http-nio-8080-exec-82] INFO  c.p.t.c.attractions.SysAttractionsController - 查询景点参数：SysAttractions(id=null, name=null, price=null, introduce=null, content=null, num=null, realName=null, images=null, scenicType=null, location=null, pv=null, open=null, time=null, state=1, createBy=null, createTime=null, updateBy=null, updateTime=null, pageNumber=1, pageSize=100)
2026-06-27 17:20:11.558 [http-nio-8080-exec-82] INFO  c.p.t.c.attractions.SysAttractionsController - location 参数值：null
2026-06-27 17:20:11.558 [http-nio-8080-exec-81] INFO  c.p.t.c.attractions.SysAttractionsController - 查询景点参数：SysAttractions(id=null, name=, price=null, introduce=null, content=null, num=null, realName=null, images=null, scenicType=, location=, pv=null, open=null, time=null, state=1, createBy=null, createTime=null, updateBy=null, updateTime=null, pageNumber=1, pageSize=9)
2026-06-27 17:20:11.558 [http-nio-8080-exec-81] INFO  c.p.t.c.attractions.SysAttractionsController - location 参数值：
2026-06-27 17:20:11.559 [http-nio-8080-exec-82] INFO  c.p.t.c.attractions.SysAttractionsController - 最终查询条件 SQL：(state = #{ew.paramNameValuePairs.MPGENVAL1}) ORDER BY create_time DESC
2026-06-27 17:20:11.560 [http-nio-8080-exec-81] INFO  c.p.t.c.attractions.SysAttractionsController - 最终查询条件 SQL：(state = #{ew.paramNameValuePairs.MPGENVAL1}) ORDER BY create_time DESC
2026-06-27 17:20:11.580 [http-nio-8080-exec-82] INFO  c.p.t.c.attractions.SysAttractionsController - 查询结果数量：9
2026-06-27 17:20:11.582 [http-nio-8080-exec-81] INFO  c.p.t.c.attractions.SysAttractionsController - 查询结果数量：9
2026-06-27 17:20:13.154 [http-nio-8080-exec-85] INFO  c.p.t.c.attractions.SysAttractionsController - 查询景点参数：SysAttractions(id=null, name=, price=null, introduce=null, content=null, num=null, realName=null, images=null, scenicType=, location=北京, pv=null, open=null, time=null, state=1, createBy=null, createTime=null, updateBy=null, updateTime=null, pageNumber=1, pageSize=9)
2026-06-27 17:20:13.154 [http-nio-8080-exec-86] INFO  c.p.t.c.attractions.SysAttractionsController - 查询景点参数：SysAttractions(id=null, name=null, price=null, introduce=null, content=null, num=null, realName=null, images=null, scenicType=null, location=北京, pv=null, open=null, time=null, state=1, createBy=null, createTime=null, updateBy=null, updateTime=null, pageNumber=1, pageSize=100)
2026-06-27 17:20:13.154 [http-nio-8080-exec-85] INFO  c.p.t.c.attractions.SysAttractionsController - location 参数值：北京
2026-06-27 17:20:13.154 [http-nio-8080-exec-85] INFO  c.p.t.c.attractions.SysAttractionsController - 应用地区筛选：北京
2026-06-27 17:20:13.154 [http-nio-8080-exec-86] INFO  c.p.t.c.attractions.SysAttractionsController - location 参数值：北京
2026-06-27 17:20:13.156 [http-nio-8080-exec-86] INFO  c.p.t.c.attractions.SysAttractionsController - 应用地区筛选：北京
2026-06-27 17:20:13.157 [http-nio-8080-exec-85] INFO  c.p.t.c.attractions.SysAttractionsController - 最终查询条件 SQL：(state = #{ew.paramNameValuePairs.MPGENVAL1} AND location LIKE #{ew.paramNameValuePairs.MPGENVAL2}) ORDER BY create_time DESC
2026-06-27 17:20:13.158 [http-nio-8080-exec-86] INFO  c.p.t.c.attractions.SysAttractionsController - 最终查询条件 SQL：(state = #{ew.paramNameValuePairs.MPGENVAL1} AND location LIKE #{ew.paramNameValuePairs.MPGENVAL2}) ORDER BY create_time DESC
2026-06-27 17:20:13.175 [http-nio-8080-exec-85] INFO  c.p.t.c.attractions.SysAttractionsController - 查询结果数量：1
2026-06-27 17:20:13.175 [http-nio-8080-exec-86] INFO  c.p.t.c.attractions.SysAttractionsController - 查询结果数量：1
2026-06-27 17:20:14.672 [http-nio-8080-exec-89] INFO  com.project.travel.handle.MyMetaObjectHandler - 公共字段自动填充[update]...
2026-06-27 17:21:27.858 [http-nio-8080-exec-94] INFO  c.p.t.c.attractions.SysAttractionsController - 查询景点参数：SysAttractions(id=null, name=null, price=null, introduce=null, content=null, num=null, realName=null, images=null, scenicType=null, location=null, pv=null, open=null, time=null, state=1, createBy=null, createTime=null, updateBy=null, updateTime=null, pageNumber=1, pageSize=100)
2026-06-27 17:21:27.858 [http-nio-8080-exec-94] INFO  c.p.t.c.attractions.SysAttractionsController - location 参数值：null
2026-06-27 17:21:27.860 [http-nio-8080-exec-94] INFO  c.p.t.c.attractions.SysAttractionsController - 最终查询条件 SQL：(state = #{ew.paramNameValuePairs.MPGENVAL1}) ORDER BY create_time DESC
2026-06-27 17:21:27.869 [http-nio-8080-exec-94] INFO  c.p.t.c.attractions.SysAttractionsController - 查询结果数量：9
2026-06-27 17:21:27.886 [http-nio-8080-exec-96] INFO  c.p.t.c.attractions.SysAttractionsController - 查询景点参数：SysAttractions(id=null, name=null, price=null, introduce=null, content=null, num=null, realName=null, images=null, scenicType=null, location=null, pv=null, open=null, time=null, state=1, createBy=null, createTime=null, updateBy=null, updateTime=null, pageNumber=1, pageSize=100)
2026-06-27 17:21:27.888 [http-nio-8080-exec-95] INFO  c.p.t.c.attractions.SysAttractionsController - 查询景点参数：SysAttractions(id=null, name=, price=null, introduce=null, content=null, num=null, realName=null, images=null, scenicType=, location=, pv=null, open=null, time=null, state=1, createBy=null, createTime=null, updateBy=null, updateTime=null, pageNumber=1, pageSize=9)
2026-06-27 17:21:27.888 [http-nio-8080-exec-95] INFO  c.p.t.c.attractions.SysAttractionsController - location 参数值：
2026-06-27 17:21:27.890 [http-nio-8080-exec-96] INFO  c.p.t.c.attractions.SysAttractionsController - location 参数值：null
2026-06-27 17:21:27.892 [http-nio-8080-exec-95] INFO  c.p.t.c.attractions.SysAttractionsController - 最终查询条件 SQL：(state = #{ew.paramNameValuePairs.MPGENVAL1}) ORDER BY create_time DESC
2026-06-27 17:21:27.892 [http-nio-8080-exec-96] INFO  c.p.t.c.attractions.SysAttractionsController - 最终查询条件 SQL：(state = #{ew.paramNameValuePairs.MPGENVAL1}) ORDER BY create_time DESC
2026-06-27 17:21:27.914 [http-nio-8080-exec-96] INFO  c.p.t.c.attractions.SysAttractionsController - 查询结果数量：9
2026-06-27 17:21:27.914 [http-nio-8080-exec-95] INFO  c.p.t.c.attractions.SysAttractionsController - 查询结果数量：9
2026-06-27 17:21:29.095 [http-nio-8080-exec-100] INFO  c.p.t.c.attractions.SysAttractionsController - 查询景点参数：SysAttractions(id=null, name=null, price=null, introduce=null, content=null, num=null, realName=null, images=null, scenicType=null, location=null, pv=null, open=null, time=null, state=1, createBy=null, createTime=null, updateBy=null, updateTime=null, pageNumber=1, pageSize=100)
2026-06-27 17:21:29.095 [http-nio-8080-exec-100] INFO  c.p.t.c.attractions.SysAttractionsController - location 参数值：null
2026-06-27 17:21:29.095 [http-nio-8080-exec-100] INFO  c.p.t.c.attractions.SysAttractionsController - 最终查询条件 SQL：(state = #{ew.paramNameValuePairs.MPGENVAL1}) ORDER BY create_time DESC
2026-06-27 17:21:29.103 [http-nio-8080-exec-100] INFO  c.p.t.c.attractions.SysAttractionsController - 查询结果数量：9
2026-06-27 17:21:30.379 [http-nio-8080-exec-7] INFO  com.project.travel.handle.MyMetaObjectHandler - 公共字段自动填充[update]...
2026-06-27 17:21:31.871 [http-nio-8080-exec-6] INFO  c.p.t.c.attractions.SysAttractionsController - 查询景点参数：SysAttractions(id=null, name=null, price=null, introduce=null, content=null, num=null, realName=null, images=null, scenicType=null, location=null, pv=null, open=null, time=null, state=1, createBy=null, createTime=null, updateBy=null, updateTime=null, pageNumber=1, pageSize=100)
2026-06-27 17:21:31.872 [http-nio-8080-exec-6] INFO  c.p.t.c.attractions.SysAttractionsController - location 参数值：null
2026-06-27 17:21:31.872 [http-nio-8080-exec-6] INFO  c.p.t.c.attractions.SysAttractionsController - 最终查询条件 SQL：(state = #{ew.paramNameValuePairs.MPGENVAL1}) ORDER BY create_time DESC
2026-06-27 17:21:31.882 [http-nio-8080-exec-6] INFO  c.p.t.c.attractions.SysAttractionsController - 查询结果数量：9
2026-06-27 17:21:31.898 [http-nio-8080-exec-25] INFO  c.p.t.c.attractions.SysAttractionsController - 查询景点参数：SysAttractions(id=null, name=, price=null, introduce=null, content=null, num=null, realName=null, images=null, scenicType=, location=, pv=null, open=null, time=null, state=1, createBy=null, createTime=null, updateBy=null, updateTime=null, pageNumber=1, pageSize=9)
2026-06-27 17:21:31.898 [http-nio-8080-exec-9] INFO  c.p.t.c.attractions.SysAttractionsController - 查询景点参数：SysAttractions(id=null, name=null, price=null, introduce=null, content=null, num=null, realName=null, images=null, scenicType=null, location=null, pv=null, open=null, time=null, state=1, createBy=null, createTime=null, updateBy=null, updateTime=null, pageNumber=1, pageSize=100)
2026-06-27 17:21:31.898 [http-nio-8080-exec-25] INFO  c.p.t.c.attractions.SysAttractionsController - location 参数值：
2026-06-27 17:21:31.898 [http-nio-8080-exec-25] INFO  c.p.t.c.attractions.SysAttractionsController - 最终查询条件 SQL：(state = #{ew.paramNameValuePairs.MPGENVAL1}) ORDER BY create_time DESC
2026-06-27 17:21:31.898 [http-nio-8080-exec-9] INFO  c.p.t.c.attractions.SysAttractionsController - location 参数值：null
2026-06-27 17:21:31.900 [http-nio-8080-exec-9] INFO  c.p.t.c.attractions.SysAttractionsController - 最终查询条件 SQL：(state = #{ew.paramNameValuePairs.MPGENVAL1}) ORDER BY create_time DESC
2026-06-27 17:21:31.925 [http-nio-8080-exec-25] INFO  c.p.t.c.attractions.SysAttractionsController - 查询结果数量：9
2026-06-27 17:21:31.925 [http-nio-8080-exec-9] INFO  c.p.t.c.attractions.SysAttractionsController - 查询结果数量：9
2026-06-27 17:21:33.467 [http-nio-8080-exec-33] INFO  c.p.t.c.attractions.SysAttractionsController - 查询景点参数：SysAttractions(id=null, name=null, price=null, introduce=null, content=null, num=null, realName=null, images=null, scenicType=null, location=null, pv=null, open=null, time=null, state=1, createBy=null, createTime=null, updateBy=null, updateTime=null, pageNumber=1, pageSize=100)
2026-06-27 17:21:33.467 [http-nio-8080-exec-33] INFO  c.p.t.c.attractions.SysAttractionsController - location 参数值：null
2026-06-27 17:21:33.467 [http-nio-8080-exec-33] INFO  c.p.t.c.attractions.SysAttractionsController - 最终查询条件 SQL：(state = #{ew.paramNameValuePairs.MPGENVAL1}) ORDER BY create_time DESC
2026-06-27 17:21:33.476 [http-nio-8080-exec-33] INFO  c.p.t.c.attractions.SysAttractionsController - 查询结果数量：9
2026-06-27 17:21:35.152 [http-nio-8080-exec-16] INFO  com.project.travel.handle.MyMetaObjectHandler - 公共字段自动填充[update]...
2026-06-27 17:21:42.134 [File Watcher] INFO  o.s.b.d.a.LocalDevToolsAutoConfiguration$RestartingClassPathChangeChangedEventListener - Restarting due to 1 class path change (0 additions, 0 deletions, 1 modification)
2026-06-27 17:21:45.370 [Thread-7] INFO  org.apache.coyote.http11.Http11NioProtocol - Pausing ProtocolHandler ["http-nio-8080"]
2026-06-27 17:21:45.375 [Thread-7] INFO  org.apache.catalina.core.StandardService - Stopping service [Tomcat]
2026-06-27 17:21:45.379 [Thread-7] INFO  o.a.c.core.ContainerBase.[Tomcat].[localhost].[/] - Destroying Spring FrameworkServlet 'dispatcherServlet'
2026-06-27 17:21:45.427 [Thread-7] INFO  org.apache.coyote.http11.Http11NioProtocol - Stopping ProtocolHandler ["http-nio-8080"]
2026-06-27 17:21:45.445 [Thread-7] INFO  org.apache.coyote.http11.Http11NioProtocol - Destroying ProtocolHandler ["http-nio-8080"]
2026-06-27 17:21:45.466 [Thread-7] INFO  com.alibaba.druid.pool.DruidDataSource - {dataSource-1} closing ...
2026-06-27 17:21:45.482 [Thread-7] INFO  com.alibaba.druid.pool.DruidDataSource - {dataSource-1} closed
2026-06-27 17:21:46.206 [restartedMain] INFO  com.project.travel.TravelApplication - Starting TravelApplication using Java 1.8.0_202 on dilireba with PID 1352 (C:\maven\travel_system\travel\travel\travel-server\target\classes started by solitude in C:\maven\travel_system\travel\travel\travel-server)
2026-06-27 17:21:46.208 [restartedMain] INFO  com.project.travel.TravelApplication - The following 1 profile is active: "dev"
2026-06-27 17:21:46.806 [restartedMain] INFO  o.s.d.r.config.RepositoryConfigurationDelegate - Multiple Spring Data modules found, entering strict repository configuration mode
2026-06-27 17:21:46.806 [restartedMain] INFO  o.s.d.r.config.RepositoryConfigurationDelegate - Bootstrapping Spring Data Redis repositories in DEFAULT mode.
2026-06-27 17:21:46.851 [restartedMain] INFO  o.s.d.r.config.RepositoryConfigurationDelegate - Finished Spring Data repository scanning in 44 ms. Found 0 Redis repository interfaces.
2026-06-27 17:21:47.694 [restartedMain] INFO  o.s.boot.web.embedded.tomcat.TomcatWebServer - Tomcat initialized with port(s): 8080 (http)
2026-06-27 17:21:47.696 [restartedMain] INFO  org.apache.coyote.http11.Http11NioProtocol - Initializing ProtocolHandler ["http-nio-8080"]
2026-06-27 17:21:47.696 [restartedMain] INFO  org.apache.catalina.core.StandardService - Starting service [Tomcat]
2026-06-27 17:21:47.699 [restartedMain] INFO  org.apache.catalina.core.StandardEngine - Starting Servlet engine: [Apache Tomcat/9.0.83]
2026-06-27 17:21:47.751 [restartedMain] INFO  o.a.c.core.ContainerBase.[Tomcat].[localhost].[/] - Initializing Spring embedded WebApplicationContext
2026-06-27 17:21:47.753 [restartedMain] INFO  o.s.b.w.s.c.ServletWebServerApplicationContext - Root WebApplicationContext: initialization completed in 1538 ms
2026-06-27 17:21:47.936 [restartedMain] INFO  c.a.d.s.b.a.DruidDataSourceAutoConfigure - Init DruidDataSource
2026-06-27 17:21:48.173 [restartedMain] INFO  com.alibaba.druid.pool.DruidDataSource - {dataSource-2} inited
2026-06-27 17:21:52.316 [restartedMain] INFO  o.s.b.d.autoconfigure.OptionalLiveReloadServer - LiveReload server is running on port 35729
2026-06-27 17:21:52.346 [restartedMain] INFO  org.apache.coyote.http11.Http11NioProtocol - Starting ProtocolHandler ["http-nio-8080"]
2026-06-27 17:21:52.362 [restartedMain] INFO  o.s.boot.web.embedded.tomcat.TomcatWebServer - Tomcat started on port(s): 8080 (http) with context path ''
2026-06-27 17:21:52.369 [restartedMain] INFO  com.project.travel.TravelApplication - Started TravelApplication in 6.361 seconds (JVM running for 857.835)
2026-06-27 17:21:52.372 [restartedMain] INFO  o.s.b.d.a.ConditionEvaluationDeltaLoggingListener - Condition evaluation unchanged
2026-06-27 17:21:57.158 [File Watcher] INFO  o.s.b.d.a.LocalDevToolsAutoConfiguration$RestartingClassPathChangeChangedEventListener - Restarting due to 1 class path change (0 additions, 0 deletions, 1 modification)
2026-06-27 17:22:00.000 [Thread-9] INFO  org.apache.coyote.http11.Http11NioProtocol - Pausing ProtocolHandler ["http-nio-8080"]
2026-06-27 17:22:00.000 [Thread-9] INFO  org.apache.catalina.core.StandardService - Stopping service [Tomcat]
2026-06-27 17:22:00.007 [Thread-9] INFO  org.apache.coyote.http11.Http11NioProtocol - Stopping ProtocolHandler ["http-nio-8080"]
2026-06-27 17:22:00.021 [Thread-9] INFO  org.apache.coyote.http11.Http11NioProtocol - Destroying ProtocolHandler ["http-nio-8080"]
2026-06-27 17:22:00.027 [Thread-9] INFO  com.alibaba.druid.pool.DruidDataSource - {dataSource-2} closing ...
2026-06-27 17:22:00.041 [Thread-9] INFO  com.alibaba.druid.pool.DruidDataSource - {dataSource-2} closed
2026-06-27 17:22:00.631 [restartedMain] INFO  com.project.travel.TravelApplication - Starting TravelApplication using Java 1.8.0_202 on dilireba with PID 1352 (C:\maven\travel_system\travel\travel\travel-server\target\classes started by solitude in C:\maven\travel_system\travel\travel\travel-server)
2026-06-27 17:22:00.632 [restartedMain] INFO  com.project.travel.TravelApplication - The following 1 profile is active: "dev"
2026-06-27 17:22:01.126 [restartedMain] INFO  o.s.d.r.config.RepositoryConfigurationDelegate - Multiple Spring Data modules found, entering strict repository configuration mode
2026-06-27 17:22:01.126 [restartedMain] INFO  o.s.d.r.config.RepositoryConfigurationDelegate - Bootstrapping Spring Data Redis repositories in DEFAULT mode.
2026-06-27 17:22:01.156 [restartedMain] INFO  o.s.d.r.config.RepositoryConfigurationDelegate - Finished Spring Data repository scanning in 30 ms. Found 0 Redis repository interfaces.
2026-06-27 17:22:01.348 [restartedMain] INFO  o.s.boot.web.embedded.tomcat.TomcatWebServer - Tomcat initialized with port(s): 8080 (http)
2026-06-27 17:22:01.348 [restartedMain] INFO  org.apache.coyote.http11.Http11NioProtocol - Initializing ProtocolHandler ["http-nio-8080"]
2026-06-27 17:22:01.350 [restartedMain] INFO  org.apache.catalina.core.StandardService - Starting service [Tomcat]
2026-06-27 17:22:01.350 [restartedMain] INFO  org.apache.catalina.core.StandardEngine - Starting Servlet engine: [Apache Tomcat/9.0.83]
2026-06-27 17:22:01.385 [restartedMain] INFO  o.a.c.core.ContainerBase.[Tomcat].[localhost].[/] - Initializing Spring embedded WebApplicationContext
2026-06-27 17:22:01.385 [restartedMain] INFO  o.s.b.w.s.c.ServletWebServerApplicationContext - Root WebApplicationContext: initialization completed in 748 ms
2026-06-27 17:22:01.446 [restartedMain] INFO  c.a.d.s.b.a.DruidDataSourceAutoConfigure - Init DruidDataSource
2026-06-27 17:22:01.698 [restartedMain] INFO  com.alibaba.druid.pool.DruidDataSource - {dataSource-3} inited
2026-06-27 17:22:05.372 [restartedMain] INFO  o.s.b.d.autoconfigure.OptionalLiveReloadServer - LiveReload server is running on port 35729
2026-06-27 17:22:05.397 [restartedMain] INFO  org.apache.coyote.http11.Http11NioProtocol - Starting ProtocolHandler ["http-nio-8080"]
2026-06-27 17:22:05.406 [restartedMain] INFO  o.s.boot.web.embedded.tomcat.TomcatWebServer - Tomcat started on port(s): 8080 (http) with context path ''
2026-06-27 17:22:05.413 [restartedMain] INFO  com.project.travel.TravelApplication - Started TravelApplication in 4.908 seconds (JVM running for 870.879)
2026-06-27 17:22:05.416 [restartedMain] INFO  o.s.b.d.a.ConditionEvaluationDeltaLoggingListener - Condition evaluation unchanged
2026-06-27 17:22:40.968 [http-nio-8080-exec-1] INFO  o.a.c.core.ContainerBase.[Tomcat].[localhost].[/] - Initializing Spring DispatcherServlet 'dispatcherServlet'
2026-06-27 17:22:40.970 [http-nio-8080-exec-1] INFO  org.springframework.web.servlet.DispatcherServlet - Initializing Servlet 'dispatcherServlet'
2026-06-27 17:22:40.973 [http-nio-8080-exec-1] INFO  org.springframework.web.servlet.DispatcherServlet - Completed initialization in 2 ms
2026-06-27 17:23:04.975 [http-nio-8080-exec-20] INFO  c.p.t.c.attractions.SysAttractionsController - 查询景点参数：SysAttractions(id=null, name=null, price=null, introduce=null, content=null, num=null, realName=null, images=null, scenicType=null, location=null, pv=null, open=null, time=null, state=1, createBy=null, createTime=null, updateBy=null, updateTime=null, pageNumber=1, pageSize=100)
2026-06-27 17:23:04.976 [http-nio-8080-exec-20] INFO  c.p.t.c.attractions.SysAttractionsController - location 参数值：null
2026-06-27 17:23:04.978 [http-nio-8080-exec-20] INFO  c.p.t.c.attractions.SysAttractionsController - 最终查询条件 SQL：(state = #{ew.paramNameValuePairs.MPGENVAL1}) ORDER BY create_time DESC
2026-06-27 17:23:05.006 [http-nio-8080-exec-20] INFO  c.p.t.c.attractions.SysAttractionsController - 查询结果数量：9
2026-06-27 17:23:05.031 [http-nio-8080-exec-23] INFO  c.p.t.c.attractions.SysAttractionsController - 查询景点参数：SysAttractions(id=null, name=null, price=null, introduce=null, content=null, num=null, realName=null, images=null, scenicType=null, location=null, pv=null, open=null, time=null, state=1, createBy=null, createTime=null, updateBy=null, updateTime=null, pageNumber=1, pageSize=100)
2026-06-27 17:23:05.031 [http-nio-8080-exec-23] INFO  c.p.t.c.attractions.SysAttractionsController - location 参数值：null
2026-06-27 17:23:05.032 [http-nio-8080-exec-23] INFO  c.p.t.c.attractions.SysAttractionsController - 最终查询条件 SQL：(state = #{ew.paramNameValuePairs.MPGENVAL1}) ORDER BY create_time DESC
2026-06-27 17:23:05.040 [http-nio-8080-exec-22] INFO  c.p.t.c.attractions.SysAttractionsController - 查询景点参数：SysAttractions(id=null, name=, price=null, introduce=null, content=null, num=null, realName=null, images=null, scenicType=, location=, pv=null, open=null, time=null, state=1, createBy=null, createTime=null, updateBy=null, updateTime=null, pageNumber=1, pageSize=9)
2026-06-27 17:23:05.040 [http-nio-8080-exec-22] INFO  c.p.t.c.attractions.SysAttractionsController - location 参数值：
2026-06-27 17:23:05.040 [http-nio-8080-exec-22] INFO  c.p.t.c.attractions.SysAttractionsController - 最终查询条件 SQL：(state = #{ew.paramNameValuePairs.MPGENVAL1}) ORDER BY create_time DESC
2026-06-27 17:23:05.058 [http-nio-8080-exec-22] INFO  c.p.t.c.attractions.SysAttractionsController - 查询结果数量：9
2026-06-27 17:23:05.058 [http-nio-8080-exec-23] INFO  c.p.t.c.attractions.SysAttractionsController - 查询结果数量：9
2026-06-27 17:23:06.545 [http-nio-8080-exec-26] INFO  c.p.t.c.attractions.SysAttractionsController - 查询景点参数：SysAttractions(id=null, name=, price=null, introduce=null, content=null, num=null, realName=null, images=null, scenicType=, location=北京, pv=null, open=null, time=null, state=1, createBy=null, createTime=null, updateBy=null, updateTime=null, pageNumber=1, pageSize=9)
2026-06-27 17:23:06.545 [http-nio-8080-exec-27] INFO  c.p.t.c.attractions.SysAttractionsController - 查询景点参数：SysAttractions(id=null, name=null, price=null, introduce=null, content=null, num=null, realName=null, images=null, scenicType=null, location=北京, pv=null, open=null, time=null, state=1, createBy=null, createTime=null, updateBy=null, updateTime=null, pageNumber=1, pageSize=100)
2026-06-27 17:23:06.547 [http-nio-8080-exec-26] INFO  c.p.t.c.attractions.SysAttractionsController - location 参数值：北京
2026-06-27 17:23:06.548 [http-nio-8080-exec-27] INFO  c.p.t.c.attractions.SysAttractionsController - location 参数值：北京
2026-06-27 17:23:06.549 [http-nio-8080-exec-27] INFO  c.p.t.c.attractions.SysAttractionsController - 应用地区筛选：北京
2026-06-27 17:23:06.549 [http-nio-8080-exec-26] INFO  c.p.t.c.attractions.SysAttractionsController - 应用地区筛选：北京
2026-06-27 17:23:06.550 [http-nio-8080-exec-26] INFO  c.p.t.c.attractions.SysAttractionsController - 最终查询条件 SQL：(state = #{ew.paramNameValuePairs.MPGENVAL1} AND location LIKE #{ew.paramNameValuePairs.MPGENVAL2}) ORDER BY create_time DESC
2026-06-27 17:23:06.550 [http-nio-8080-exec-27] INFO  c.p.t.c.attractions.SysAttractionsController - 最终查询条件 SQL：(state = #{ew.paramNameValuePairs.MPGENVAL1} AND location LIKE #{ew.paramNameValuePairs.MPGENVAL2}) ORDER BY create_time DESC
2026-06-27 17:23:06.558 [http-nio-8080-exec-26] INFO  c.p.t.c.attractions.SysAttractionsController - 查询结果数量：1
2026-06-27 17:23:06.559 [http-nio-8080-exec-27] INFO  c.p.t.c.attractions.SysAttractionsController - 查询结果数量：1
2026-06-27 17:23:07.695 [http-nio-8080-exec-30] INFO  com.project.travel.handle.MyMetaObjectHandler - 公共字段自动填充[update]...
2026-06-27 17:23:10.298 [http-nio-8080-exec-33] INFO  com.project.travel.handle.MyMetaObjectHandler - 公共字段自动填充[update]...
2026-06-27 17:23:10.886 [http-nio-8080-exec-37] INFO  com.project.travel.handle.MyMetaObjectHandler - 公共字段自动填充[update]...
2026-06-27 17:23:21.002 [http-nio-8080-exec-39] INFO  c.p.t.c.attractions.SysAttractionsController - 查询景点参数：SysAttractions(id=null, name=null, price=null, introduce=null, content=null, num=null, realName=null, images=null, scenicType=null, location=null, pv=null, open=null, time=null, state=1, createBy=null, createTime=null, updateBy=null, updateTime=null, pageNumber=1, pageSize=100)
2026-06-27 17:23:21.002 [http-nio-8080-exec-39] INFO  c.p.t.c.attractions.SysAttractionsController - location 参数值：null
2026-06-27 17:23:21.002 [http-nio-8080-exec-39] INFO  c.p.t.c.attractions.SysAttractionsController - 最终查询条件 SQL：(state = #{ew.paramNameValuePairs.MPGENVAL1}) ORDER BY create_time DESC
2026-06-27 17:23:21.009 [http-nio-8080-exec-39] INFO  c.p.t.c.attractions.SysAttractionsController - 查询结果数量：9
2026-06-27 17:23:21.027 [http-nio-8080-exec-41] INFO  c.p.t.c.attractions.SysAttractionsController - 查询景点参数：SysAttractions(id=null, name=, price=null, introduce=null, content=null, num=null, realName=null, images=null, scenicType=, location=, pv=null, open=null, time=null, state=1, createBy=null, createTime=null, updateBy=null, updateTime=null, pageNumber=1, pageSize=9)
2026-06-27 17:23:21.027 [http-nio-8080-exec-41] INFO  c.p.t.c.attractions.SysAttractionsController - location 参数值：
2026-06-27 17:23:21.027 [http-nio-8080-exec-42] INFO  c.p.t.c.attractions.SysAttractionsController - 查询景点参数：SysAttractions(id=null, name=null, price=null, introduce=null, content=null, num=null, realName=null, images=null, scenicType=null, location=null, pv=null, open=null, time=null, state=1, createBy=null, createTime=null, updateBy=null, updateTime=null, pageNumber=1, pageSize=100)
2026-06-27 17:23:21.028 [http-nio-8080-exec-42] INFO  c.p.t.c.attractions.SysAttractionsController - location 参数值：null
2026-06-27 17:23:21.030 [http-nio-8080-exec-42] INFO  c.p.t.c.attractions.SysAttractionsController - 最终查询条件 SQL：(state = #{ew.paramNameValuePairs.MPGENVAL1}) ORDER BY create_time DESC
2026-06-27 17:23:21.030 [http-nio-8080-exec-41] INFO  c.p.t.c.attractions.SysAttractionsController - 最终查询条件 SQL：(state = #{ew.paramNameValuePairs.MPGENVAL1}) ORDER BY create_time DESC
2026-06-27 17:23:21.048 [http-nio-8080-exec-42] INFO  c.p.t.c.attractions.SysAttractionsController - 查询结果数量：9
2026-06-27 17:23:21.048 [http-nio-8080-exec-41] INFO  c.p.t.c.attractions.SysAttractionsController - 查询结果数量：9
2026-06-27 17:23:22.677 [http-nio-8080-exec-45] INFO  c.p.t.c.attractions.SysAttractionsController - 查询景点参数：SysAttractions(id=null, name=null, price=null, introduce=null, content=null, num=null, realName=null, images=null, scenicType=null, location=null, pv=null, open=null, time=null, state=1, createBy=null, createTime=null, updateBy=null, updateTime=null, pageNumber=1, pageSize=100)
2026-06-27 17:23:22.677 [http-nio-8080-exec-45] INFO  c.p.t.c.attractions.SysAttractionsController - location 参数值：null
2026-06-27 17:23:22.677 [http-nio-8080-exec-45] INFO  c.p.t.c.attractions.SysAttractionsController - 最终查询条件 SQL：(state = #{ew.paramNameValuePairs.MPGENVAL1}) ORDER BY create_time DESC
2026-06-27 17:23:22.686 [http-nio-8080-exec-45] INFO  c.p.t.c.attractions.SysAttractionsController - 查询结果数量：9
2026-06-27 17:23:23.414 [http-nio-8080-exec-48] INFO  com.project.travel.handle.MyMetaObjectHandler - 公共字段自动填充[update]...
2026-06-27 17:23:24.601 [http-nio-8080-exec-49] INFO  c.p.t.c.attractions.SysAttractionsController - 查询景点参数：SysAttractions(id=null, name=null, price=null, introduce=null, content=null, num=null, realName=null, images=null, scenicType=null, location=null, pv=null, open=null, time=null, state=1, createBy=null, createTime=null, updateBy=null, updateTime=null, pageNumber=1, pageSize=100)
2026-06-27 17:23:24.602 [http-nio-8080-exec-49] INFO  c.p.t.c.attractions.SysAttractionsController - location 参数值：null
2026-06-27 17:23:24.602 [http-nio-8080-exec-49] INFO  c.p.t.c.attractions.SysAttractionsController - 最终查询条件 SQL：(state = #{ew.paramNameValuePairs.MPGENVAL1}) ORDER BY create_time DESC
2026-06-27 17:23:24.608 [http-nio-8080-exec-49] INFO  c.p.t.c.attractions.SysAttractionsController - 查询结果数量：9
2026-06-27 17:23:24.625 [http-nio-8080-exec-54] INFO  c.p.t.c.attractions.SysAttractionsController - 查询景点参数：SysAttractions(id=null, name=, price=null, introduce=null, content=null, num=null, realName=null, images=null, scenicType=, location=, pv=null, open=null, time=null, state=1, createBy=null, createTime=null, updateBy=null, updateTime=null, pageNumber=1, pageSize=9)
2026-06-27 17:23:24.625 [http-nio-8080-exec-54] INFO  c.p.t.c.attractions.SysAttractionsController - location 参数值：
2026-06-27 17:23:24.625 [http-nio-8080-exec-54] INFO  c.p.t.c.attractions.SysAttractionsController - 最终查询条件 SQL：(state = #{ew.paramNameValuePairs.MPGENVAL1}) ORDER BY create_time DESC
2026-06-27 17:23:24.631 [http-nio-8080-exec-53] INFO  c.p.t.c.attractions.SysAttractionsController - 查询景点参数：SysAttractions(id=null, name=null, price=null, introduce=null, content=null, num=null, realName=null, images=null, scenicType=null, location=null, pv=null, open=null, time=null, state=1, createBy=null, createTime=null, updateBy=null, updateTime=null, pageNumber=1, pageSize=100)
2026-06-27 17:23:24.631 [http-nio-8080-exec-53] INFO  c.p.t.c.attractions.SysAttractionsController - location 参数值：null
2026-06-27 17:23:24.632 [http-nio-8080-exec-53] INFO  c.p.t.c.attractions.SysAttractionsController - 最终查询条件 SQL：(state = #{ew.paramNameValuePairs.MPGENVAL1}) ORDER BY create_time DESC
2026-06-27 17:23:24.644 [http-nio-8080-exec-54] INFO  c.p.t.c.attractions.SysAttractionsController - 查询结果数量：9
2026-06-27 17:23:24.646 [http-nio-8080-exec-53] INFO  c.p.t.c.attractions.SysAttractionsController - 查询结果数量：9
2026-06-27 17:23:25.851 [http-nio-8080-exec-57] INFO  c.p.t.c.attractions.SysAttractionsController - 查询景点参数：SysAttractions(id=null, name=null, price=null, introduce=null, content=null, num=null, realName=null, images=null, scenicType=null, location=null, pv=null, open=null, time=null, state=1, createBy=null, createTime=null, updateBy=null, updateTime=null, pageNumber=1, pageSize=100)
2026-06-27 17:23:25.851 [http-nio-8080-exec-57] INFO  c.p.t.c.attractions.SysAttractionsController - location 参数值：null
2026-06-27 17:23:25.853 [http-nio-8080-exec-57] INFO  c.p.t.c.attractions.SysAttractionsController - 最终查询条件 SQL：(state = #{ew.paramNameValuePairs.MPGENVAL1}) ORDER BY create_time DESC
2026-06-27 17:23:25.861 [http-nio-8080-exec-57] INFO  c.p.t.c.attractions.SysAttractionsController - 查询结果数量：9
2026-06-27 17:23:32.509 [http-nio-8080-exec-75] INFO  com.project.travel.handle.MyMetaObjectHandler - 公共字段自动填充[update]...
2026-06-27 17:23:36.935 [http-nio-8080-exec-76] INFO  com.project.travel.handle.MyMetaObjectHandler - 公共字段自动填充[update]...
2026-06-27 17:24:17.729 [http-nio-8080-exec-19] INFO  c.p.t.c.attractions.SysAttractionsController - 查询景点参数：SysAttractions(id=null, name=null, price=null, introduce=null, content=null, num=null, realName=null, images=null, scenicType=null, location=null, pv=null, open=null, time=null, state=1, createBy=null, createTime=null, updateBy=null, updateTime=null, pageNumber=1, pageSize=100)
2026-06-27 17:24:17.729 [http-nio-8080-exec-19] INFO  c.p.t.c.attractions.SysAttractionsController - location 参数值：null
2026-06-27 17:24:17.730 [http-nio-8080-exec-19] INFO  c.p.t.c.attractions.SysAttractionsController - 最终查询条件 SQL：(state = #{ew.paramNameValuePairs.MPGENVAL1}) ORDER BY create_time DESC
2026-06-27 17:24:17.737 [http-nio-8080-exec-19] INFO  c.p.t.c.attractions.SysAttractionsController - 查询结果数量：9
2026-06-27 17:24:17.749 [http-nio-8080-exec-21] INFO  c.p.t.c.attractions.SysAttractionsController - 查询景点参数：SysAttractions(id=null, name=null, price=null, introduce=null, content=null, num=null, realName=null, images=null, scenicType=null, location=null, pv=null, open=null, time=null, state=1, createBy=null, createTime=null, updateBy=null, updateTime=null, pageNumber=1, pageSize=100)
2026-06-27 17:24:17.749 [http-nio-8080-exec-18] INFO  c.p.t.c.attractions.SysAttractionsController - 查询景点参数：SysAttractions(id=null, name=, price=null, introduce=null, content=null, num=null, realName=null, images=null, scenicType=, location=, pv=null, open=null, time=null, state=1, createBy=null, createTime=null, updateBy=null, updateTime=null, pageNumber=1, pageSize=9)
2026-06-27 17:24:17.749 [http-nio-8080-exec-21] INFO  c.p.t.c.attractions.SysAttractionsController - location 参数值：null
2026-06-27 17:24:17.749 [http-nio-8080-exec-18] INFO  c.p.t.c.attractions.SysAttractionsController - location 参数值：
2026-06-27 17:24:17.749 [http-nio-8080-exec-21] INFO  c.p.t.c.attractions.SysAttractionsController - 最终查询条件 SQL：(state = #{ew.paramNameValuePairs.MPGENVAL1}) ORDER BY create_time DESC
2026-06-27 17:24:17.749 [http-nio-8080-exec-18] INFO  c.p.t.c.attractions.SysAttractionsController - 最终查询条件 SQL：(state = #{ew.paramNameValuePairs.MPGENVAL1}) ORDER BY create_time DESC
2026-06-27 17:24:17.758 [http-nio-8080-exec-18] INFO  c.p.t.c.attractions.SysAttractionsController - 查询结果数量：9
2026-06-27 17:24:17.758 [http-nio-8080-exec-21] INFO  c.p.t.c.attractions.SysAttractionsController - 查询结果数量：9
2026-06-27 17:24:19.310 [http-nio-8080-exec-24] INFO  c.p.t.c.attractions.SysAttractionsController - 查询景点参数：SysAttractions(id=null, name=null, price=null, introduce=null, content=null, num=null, realName=null, images=null, scenicType=null, location=北京, pv=null, open=null, time=null, state=1, createBy=null, createTime=null, updateBy=null, updateTime=null, pageNumber=1, pageSize=100)
2026-06-27 17:24:19.310 [http-nio-8080-exec-22] INFO  c.p.t.c.attractions.SysAttractionsController - 查询景点参数：SysAttractions(id=null, name=, price=null, introduce=null, content=null, num=null, realName=null, images=null, scenicType=, location=北京, pv=null, open=null, time=null, state=1, createBy=null, createTime=null, updateBy=null, updateTime=null, pageNumber=1, pageSize=9)
2026-06-27 17:24:19.310 [http-nio-8080-exec-24] INFO  c.p.t.c.attractions.SysAttractionsController - location 参数值：北京
2026-06-27 17:24:19.310 [http-nio-8080-exec-22] INFO  c.p.t.c.attractions.SysAttractionsController - location 参数值：北京
2026-06-27 17:24:19.311 [http-nio-8080-exec-24] INFO  c.p.t.c.attractions.SysAttractionsController - 应用地区筛选：北京
2026-06-27 17:24:19.311 [http-nio-8080-exec-22] INFO  c.p.t.c.attractions.SysAttractionsController - 应用地区筛选：北京
2026-06-27 17:24:19.311 [http-nio-8080-exec-22] INFO  c.p.t.c.attractions.SysAttractionsController - 最终查询条件 SQL：(state = #{ew.paramNameValuePairs.MPGENVAL1} AND location LIKE #{ew.paramNameValuePairs.MPGENVAL2}) ORDER BY create_time DESC
2026-06-27 17:24:19.311 [http-nio-8080-exec-24] INFO  c.p.t.c.attractions.SysAttractionsController - 最终查询条件 SQL：(state = #{ew.paramNameValuePairs.MPGENVAL1} AND location LIKE #{ew.paramNameValuePairs.MPGENVAL2}) ORDER BY create_time DESC
2026-06-27 17:24:19.319 [http-nio-8080-exec-24] INFO  c.p.t.c.attractions.SysAttractionsController - 查询结果数量：1
2026-06-27 17:24:19.319 [http-nio-8080-exec-22] INFO  c.p.t.c.attractions.SysAttractionsController - 查询结果数量：1
2026-06-27 17:24:21.267 [http-nio-8080-exec-26] INFO  c.p.t.c.attractions.SysAttractionsController - 查询景点参数：SysAttractions(id=null, name=, price=null, introduce=null, content=null, num=null, realName=null, images=null, scenicType=, location=北京, pv=null, open=null, time=null, state=1, createBy=null, createTime=null, updateBy=null, updateTime=null, pageNumber=1, pageSize=9)
2026-06-27 17:24:21.267 [http-nio-8080-exec-27] INFO  c.p.t.c.attractions.SysAttractionsController - 查询景点参数：SysAttractions(id=null, name=null, price=null, introduce=null, content=null, num=null, realName=null, images=null, scenicType=null, location=北京, pv=null, open=null, time=null, state=1, createBy=null, createTime=null, updateBy=null, updateTime=null, pageNumber=1, pageSize=100)
2026-06-27 17:24:21.267 [http-nio-8080-exec-26] INFO  c.p.t.c.attractions.SysAttractionsController - location 参数值：北京
2026-06-27 17:24:21.267 [http-nio-8080-exec-27] INFO  c.p.t.c.attractions.SysAttractionsController - location 参数值：北京
2026-06-27 17:24:21.267 [http-nio-8080-exec-26] INFO  c.p.t.c.attractions.SysAttractionsController - 应用地区筛选：北京
2026-06-27 17:24:21.267 [http-nio-8080-exec-27] INFO  c.p.t.c.attractions.SysAttractionsController - 应用地区筛选：北京
2026-06-27 17:24:21.268 [http-nio-8080-exec-27] INFO  c.p.t.c.attractions.SysAttractionsController - 最终查询条件 SQL：(state = #{ew.paramNameValuePairs.MPGENVAL1} AND location LIKE #{ew.paramNameValuePairs.MPGENVAL2}) ORDER BY create_time DESC
2026-06-27 17:24:21.268 [http-nio-8080-exec-26] INFO  c.p.t.c.attractions.SysAttractionsController - 最终查询条件 SQL：(state = #{ew.paramNameValuePairs.MPGENVAL1} AND location LIKE #{ew.paramNameValuePairs.MPGENVAL2}) ORDER BY create_time DESC
2026-06-27 17:24:21.273 [http-nio-8080-exec-27] INFO  c.p.t.c.attractions.SysAttractionsController - 查询结果数量：1
2026-06-27 17:24:21.273 [http-nio-8080-exec-26] INFO  c.p.t.c.attractions.SysAttractionsController - 查询结果数量：1
2026-06-27 17:24:25.693 [http-nio-8080-exec-29] INFO  c.p.t.c.attractions.SysAttractionsController - 查询景点参数：SysAttractions(id=null, name=null, price=null, introduce=null, content=null, num=null, realName=null, images=null, scenicType=null, location=null, pv=null, open=null, time=null, state=1, createBy=null, createTime=null, updateBy=null, updateTime=null, pageNumber=1, pageSize=100)
2026-06-27 17:24:25.694 [http-nio-8080-exec-29] INFO  c.p.t.c.attractions.SysAttractionsController - location 参数值：null
2026-06-27 17:24:25.694 [http-nio-8080-exec-29] INFO  c.p.t.c.attractions.SysAttractionsController - 最终查询条件 SQL：(state = #{ew.paramNameValuePairs.MPGENVAL1}) ORDER BY create_time DESC
2026-06-27 17:24:25.700 [http-nio-8080-exec-30] INFO  c.p.t.c.attractions.SysAttractionsController - 查询景点参数：SysAttractions(id=null, name=, price=null, introduce=null, content=null, num=null, realName=null, images=null, scenicType=, location=, pv=null, open=null, time=null, state=1, createBy=null, createTime=null, updateBy=null, updateTime=null, pageNumber=1, pageSize=9)
2026-06-27 17:24:25.700 [http-nio-8080-exec-30] INFO  c.p.t.c.attractions.SysAttractionsController - location 参数值：
2026-06-27 17:24:25.701 [http-nio-8080-exec-30] INFO  c.p.t.c.attractions.SysAttractionsController - 最终查询条件 SQL：(state = #{ew.paramNameValuePairs.MPGENVAL1}) ORDER BY create_time DESC
2026-06-27 17:24:25.708 [http-nio-8080-exec-29] INFO  c.p.t.c.attractions.SysAttractionsController - 查询结果数量：9
2026-06-27 17:24:25.729 [http-nio-8080-exec-30] INFO  c.p.t.c.attractions.SysAttractionsController - 查询结果数量：9
2026-06-27 17:24:26.980 [http-nio-8080-exec-33] INFO  com.project.travel.handle.MyMetaObjectHandler - 公共字段自动填充[update]...
2026-06-27 17:24:28.116 [http-nio-8080-exec-36] INFO  c.p.t.c.attractions.SysAttractionsController - 查询景点参数：SysAttractions(id=null, name=null, price=null, introduce=null, content=null, num=null, realName=null, images=null, scenicType=null, location=null, pv=null, open=null, time=null, state=1, createBy=null, createTime=null, updateBy=null, updateTime=null, pageNumber=1, pageSize=100)
2026-06-27 17:24:28.116 [http-nio-8080-exec-36] INFO  c.p.t.c.attractions.SysAttractionsController - location 参数值：null
2026-06-27 17:24:28.116 [http-nio-8080-exec-36] INFO  c.p.t.c.attractions.SysAttractionsController - 最终查询条件 SQL：(state = #{ew.paramNameValuePairs.MPGENVAL1}) ORDER BY create_time DESC
2026-06-27 17:24:28.123 [http-nio-8080-exec-36] INFO  c.p.t.c.attractions.SysAttractionsController - 查询结果数量：9
2026-06-27 17:24:28.142 [http-nio-8080-exec-40] INFO  c.p.t.c.attractions.SysAttractionsController - 查询景点参数：SysAttractions(id=null, name=null, price=null, introduce=null, content=null, num=null, realName=null, images=null, scenicType=null, location=null, pv=null, open=null, time=null, state=1, createBy=null, createTime=null, updateBy=null, updateTime=null, pageNumber=1, pageSize=100)
2026-06-27 17:24:28.142 [http-nio-8080-exec-38] INFO  c.p.t.c.attractions.SysAttractionsController - 查询景点参数：SysAttractions(id=null, name=, price=null, introduce=null, content=null, num=null, realName=null, images=null, scenicType=, location=, pv=null, open=null, time=null, state=1, createBy=null, createTime=null, updateBy=null, updateTime=null, pageNumber=1, pageSize=9)
2026-06-27 17:24:28.142 [http-nio-8080-exec-38] INFO  c.p.t.c.attractions.SysAttractionsController - location 参数值：
2026-06-27 17:24:28.142 [http-nio-8080-exec-40] INFO  c.p.t.c.attractions.SysAttractionsController - location 参数值：null
2026-06-27 17:24:28.143 [http-nio-8080-exec-38] INFO  c.p.t.c.attractions.SysAttractionsController - 最终查询条件 SQL：(state = #{ew.paramNameValuePairs.MPGENVAL1}) ORDER BY create_time DESC
2026-06-27 17:24:28.144 [http-nio-8080-exec-40] INFO  c.p.t.c.attractions.SysAttractionsController - 最终查询条件 SQL：(state = #{ew.paramNameValuePairs.MPGENVAL1}) ORDER BY create_time DESC
2026-06-27 17:24:28.156 [http-nio-8080-exec-38] INFO  c.p.t.c.attractions.SysAttractionsController - 查询结果数量：9
2026-06-27 17:24:28.157 [http-nio-8080-exec-40] INFO  c.p.t.c.attractions.SysAttractionsController - 查询结果数量：9
2026-06-27 17:24:29.339 [http-nio-8080-exec-41] INFO  c.p.t.c.attractions.SysAttractionsController - 查询景点参数：SysAttractions(id=null, name=null, price=null, introduce=null, content=null, num=null, realName=null, images=null, scenicType=null, location=null, pv=null, open=null, time=null, state=1, createBy=null, createTime=null, updateBy=null, updateTime=null, pageNumber=1, pageSize=100)
2026-06-27 17:24:29.339 [http-nio-8080-exec-41] INFO  c.p.t.c.attractions.SysAttractionsController - location 参数值：null
2026-06-27 17:24:29.340 [http-nio-8080-exec-41] INFO  c.p.t.c.attractions.SysAttractionsController - 最终查询条件 SQL：(state = #{ew.paramNameValuePairs.MPGENVAL1}) ORDER BY create_time DESC
2026-06-27 17:24:29.347 [http-nio-8080-exec-41] INFO  c.p.t.c.attractions.SysAttractionsController - 查询结果数量：9
2026-06-27 17:24:49.774 [http-nio-8080-exec-49] INFO  com.project.travel.handle.MyMetaObjectHandler - 公共字段自动填充[insert]...
2026-06-27 17:24:59.747 [http-nio-8080-exec-69] INFO  c.p.t.c.attractions.SysAttractionsController - 查询景点参数：SysAttractions(id=null, name=null, price=null, introduce=null, content=null, num=null, realName=null, images=null, scenicType=null, location=null, pv=null, open=null, time=null, state=1, createBy=null, createTime=null, updateBy=null, updateTime=null, pageNumber=1, pageSize=100)
2026-06-27 17:24:59.748 [http-nio-8080-exec-69] INFO  c.p.t.c.attractions.SysAttractionsController - location 参数值：null
2026-06-27 17:24:59.749 [http-nio-8080-exec-69] INFO  c.p.t.c.attractions.SysAttractionsController - 最终查询条件 SQL：(state = #{ew.paramNameValuePairs.MPGENVAL1}) ORDER BY create_time DESC
2026-06-27 17:24:59.758 [http-nio-8080-exec-69] INFO  c.p.t.c.attractions.SysAttractionsController - 查询结果数量：9
2026-06-27 17:24:59.774 [http-nio-8080-exec-70] INFO  c.p.t.c.attractions.SysAttractionsController - 查询景点参数：SysAttractions(id=null, name=, price=null, introduce=null, content=null, num=null, realName=null, images=null, scenicType=, location=, pv=null, open=null, time=null, state=1, createBy=null, createTime=null, updateBy=null, updateTime=null, pageNumber=1, pageSize=9)
2026-06-27 17:24:59.774 [http-nio-8080-exec-70] INFO  c.p.t.c.attractions.SysAttractionsController - location 参数值：
2026-06-27 17:24:59.777 [http-nio-8080-exec-70] INFO  c.p.t.c.attractions.SysAttractionsController - 最终查询条件 SQL：(state = #{ew.paramNameValuePairs.MPGENVAL1}) ORDER BY create_time DESC
2026-06-27 17:24:59.781 [http-nio-8080-exec-73] INFO  c.p.t.c.attractions.SysAttractionsController - 查询景点参数：SysAttractions(id=null, name=null, price=null, introduce=null, content=null, num=null, realName=null, images=null, scenicType=null, location=null, pv=null, open=null, time=null, state=1, createBy=null, createTime=null, updateBy=null, updateTime=null, pageNumber=1, pageSize=100)
2026-06-27 17:24:59.781 [http-nio-8080-exec-73] INFO  c.p.t.c.attractions.SysAttractionsController - location 参数值：null
2026-06-27 17:24:59.783 [http-nio-8080-exec-73] INFO  c.p.t.c.attractions.SysAttractionsController - 最终查询条件 SQL：(state = #{ew.paramNameValuePairs.MPGENVAL1}) ORDER BY create_time DESC
2026-06-27 17:24:59.791 [http-nio-8080-exec-70] INFO  c.p.t.c.attractions.SysAttractionsController - 查询结果数量：9
2026-06-27 17:24:59.791 [http-nio-8080-exec-73] INFO  c.p.t.c.attractions.SysAttractionsController - 查询结果数量：9
2026-06-27 17:27:16.476 [http-nio-8080-exec-76] INFO  c.p.t.c.attractions.SysAttractionsController - 查询景点参数：SysAttractions(id=null, name=null, price=null, introduce=null, content=null, num=null, realName=null, images=null, scenicType=null, location=null, pv=null, open=null, time=null, state=1, createBy=null, createTime=null, updateBy=null, updateTime=null, pageNumber=1, pageSize=100)
2026-06-27 17:27:16.477 [http-nio-8080-exec-76] INFO  c.p.t.c.attractions.SysAttractionsController - location 参数值：null
2026-06-27 17:27:16.477 [http-nio-8080-exec-76] INFO  c.p.t.c.attractions.SysAttractionsController - 最终查询条件 SQL：(state = #{ew.paramNameValuePairs.MPGENVAL1}) ORDER BY create_time DESC
2026-06-27 17:27:16.490 [http-nio-8080-exec-76] INFO  c.p.t.c.attractions.SysAttractionsController - 查询结果数量：9
2026-06-27 17:27:16.509 [http-nio-8080-exec-80] INFO  c.p.t.c.attractions.SysAttractionsController - 查询景点参数：SysAttractions(id=null, name=, price=null, introduce=null, content=null, num=null, realName=null, images=null, scenicType=, location=, pv=null, open=null, time=null, state=1, createBy=null, createTime=null, updateBy=null, updateTime=null, pageNumber=1, pageSize=9)
2026-06-27 17:27:16.509 [http-nio-8080-exec-81] INFO  c.p.t.c.attractions.SysAttractionsController - 查询景点参数：SysAttractions(id=null, name=null, price=null, introduce=null, content=null, num=null, realName=null, images=null, scenicType=null, location=null, pv=null, open=null, time=null, state=1, createBy=null, createTime=null, updateBy=null, updateTime=null, pageNumber=1, pageSize=100)
2026-06-27 17:27:16.509 [http-nio-8080-exec-80] INFO  c.p.t.c.attractions.SysAttractionsController - location 参数值：
2026-06-27 17:27:16.509 [http-nio-8080-exec-81] INFO  c.p.t.c.attractions.SysAttractionsController - location 参数值：null
2026-06-27 17:27:16.509 [http-nio-8080-exec-80] INFO  c.p.t.c.attractions.SysAttractionsController - 最终查询条件 SQL：(state = #{ew.paramNameValuePairs.MPGENVAL1}) ORDER BY create_time DESC
2026-06-27 17:27:16.509 [http-nio-8080-exec-81] INFO  c.p.t.c.attractions.SysAttractionsController - 最终查询条件 SQL：(state = #{ew.paramNameValuePairs.MPGENVAL1}) ORDER BY create_time DESC
2026-06-27 17:27:16.535 [http-nio-8080-exec-80] INFO  c.p.t.c.attractions.SysAttractionsController - 查询结果数量：9
2026-06-27 17:27:16.538 [http-nio-8080-exec-81] INFO  c.p.t.c.attractions.SysAttractionsController - 查询结果数量：9
2026-06-27 17:27:17.874 [http-nio-8080-exec-84] INFO  c.p.t.c.attractions.SysAttractionsController - 查询景点参数：SysAttractions(id=null, name=, price=null, introduce=null, content=null, num=null, realName=null, images=null, scenicType=, location=北京, pv=null, open=null, time=null, state=1, createBy=null, createTime=null, updateBy=null, updateTime=null, pageNumber=1, pageSize=9)
2026-06-27 17:27:17.874 [http-nio-8080-exec-85] INFO  c.p.t.c.attractions.SysAttractionsController - 查询景点参数：SysAttractions(id=null, name=null, price=null, introduce=null, content=null, num=null, realName=null, images=null, scenicType=null, location=北京, pv=null, open=null, time=null, state=1, createBy=null, createTime=null, updateBy=null, updateTime=null, pageNumber=1, pageSize=100)
2026-06-27 17:27:17.874 [http-nio-8080-exec-84] INFO  c.p.t.c.attractions.SysAttractionsController - location 参数值：北京
2026-06-27 17:27:17.874 [http-nio-8080-exec-85] INFO  c.p.t.c.attractions.SysAttractionsController - location 参数值：北京
2026-06-27 17:27:17.874 [http-nio-8080-exec-84] INFO  c.p.t.c.attractions.SysAttractionsController - 应用地区筛选：北京
2026-06-27 17:27:17.874 [http-nio-8080-exec-85] INFO  c.p.t.c.attractions.SysAttractionsController - 应用地区筛选：北京
2026-06-27 17:27:17.875 [http-nio-8080-exec-84] INFO  c.p.t.c.attractions.SysAttractionsController - 最终查询条件 SQL：(state = #{ew.paramNameValuePairs.MPGENVAL1} AND location LIKE #{ew.paramNameValuePairs.MPGENVAL2}) ORDER BY create_time DESC
2026-06-27 17:27:17.875 [http-nio-8080-exec-85] INFO  c.p.t.c.attractions.SysAttractionsController - 最终查询条件 SQL：(state = #{ew.paramNameValuePairs.MPGENVAL1} AND location LIKE #{ew.paramNameValuePairs.MPGENVAL2}) ORDER BY create_time DESC
2026-06-27 17:27:17.880 [http-nio-8080-exec-84] INFO  c.p.t.c.attractions.SysAttractionsController - 查询结果数量：1
2026-06-27 17:27:17.880 [http-nio-8080-exec-85] INFO  c.p.t.c.attractions.SysAttractionsController - 查询结果数量：1
2026-06-27 17:27:18.850 [http-nio-8080-exec-79] INFO  com.project.travel.handle.MyMetaObjectHandler - 公共字段自动填充[update]...
2026-06-27 17:27:21.244 [http-nio-8080-exec-91] INFO  com.project.travel.handle.MyMetaObjectHandler - 公共字段自动填充[update]...
2026-06-27 17:27:21.702 [http-nio-8080-exec-82] INFO  c.p.t.c.attractions.SysAttractionsController - 查询景点参数：SysAttractions(id=null, name=null, price=null, introduce=null, content=null, num=null, realName=null, images=null, scenicType=null, location=null, pv=null, open=null, time=null, state=1, createBy=null, createTime=null, updateBy=null, updateTime=null, pageNumber=1, pageSize=100)
2026-06-27 17:27:21.703 [http-nio-8080-exec-82] INFO  c.p.t.c.attractions.SysAttractionsController - location 参数值：null
2026-06-27 17:27:21.703 [http-nio-8080-exec-82] INFO  c.p.t.c.attractions.SysAttractionsController - 最终查询条件 SQL：(state = #{ew.paramNameValuePairs.MPGENVAL1}) ORDER BY create_time DESC
2026-06-27 17:27:21.710 [http-nio-8080-exec-82] INFO  c.p.t.c.attractions.SysAttractionsController - 查询结果数量：9
2026-06-27 17:27:21.733 [http-nio-8080-exec-83] INFO  c.p.t.c.attractions.SysAttractionsController - 查询景点参数：SysAttractions(id=null, name=, price=null, introduce=null, content=null, num=null, realName=null, images=null, scenicType=, location=, pv=null, open=null, time=null, state=1, createBy=null, createTime=null, updateBy=null, updateTime=null, pageNumber=1, pageSize=9)
2026-06-27 17:27:21.734 [http-nio-8080-exec-83] INFO  c.p.t.c.attractions.SysAttractionsController - location 参数值：
2026-06-27 17:27:21.733 [http-nio-8080-exec-97] INFO  c.p.t.c.attractions.SysAttractionsController - 查询景点参数：SysAttractions(id=null, name=null, price=null, introduce=null, content=null, num=null, realName=null, images=null, scenicType=null, location=null, pv=null, open=null, time=null, state=1, createBy=null, createTime=null, updateBy=null, updateTime=null, pageNumber=1, pageSize=100)
2026-06-27 17:27:21.734 [http-nio-8080-exec-97] INFO  c.p.t.c.attractions.SysAttractionsController - location 参数值：null
2026-06-27 17:27:21.734 [http-nio-8080-exec-83] INFO  c.p.t.c.attractions.SysAttractionsController - 最终查询条件 SQL：(state = #{ew.paramNameValuePairs.MPGENVAL1}) ORDER BY create_time DESC
2026-06-27 17:27:21.734 [http-nio-8080-exec-97] INFO  c.p.t.c.attractions.SysAttractionsController - 最终查询条件 SQL：(state = #{ew.paramNameValuePairs.MPGENVAL1}) ORDER BY create_time DESC
2026-06-27 17:27:21.751 [http-nio-8080-exec-97] INFO  c.p.t.c.attractions.SysAttractionsController - 查询结果数量：9
2026-06-27 17:27:21.751 [http-nio-8080-exec-83] INFO  c.p.t.c.attractions.SysAttractionsController - 查询结果数量：9
2026-06-27 17:27:23.469 [http-nio-8080-exec-7] INFO  c.p.t.c.attractions.SysAttractionsController - 查询景点参数：SysAttractions(id=null, name=null, price=null, introduce=null, content=null, num=null, realName=null, images=null, scenicType=null, location=null, pv=null, open=null, time=null, state=1, createBy=null, createTime=null, updateBy=null, updateTime=null, pageNumber=1, pageSize=100)
2026-06-27 17:27:23.470 [http-nio-8080-exec-7] INFO  c.p.t.c.attractions.SysAttractionsController - location 参数值：null
2026-06-27 17:27:23.470 [http-nio-8080-exec-7] INFO  c.p.t.c.attractions.SysAttractionsController - 最终查询条件 SQL：(state = #{ew.paramNameValuePairs.MPGENVAL1}) ORDER BY create_time DESC
2026-06-27 17:27:23.476 [http-nio-8080-exec-7] INFO  c.p.t.c.attractions.SysAttractionsController - 查询结果数量：9
2026-06-27 17:27:28.102 [http-nio-8080-exec-16] INFO  com.project.travel.handle.MyMetaObjectHandler - 公共字段自动填充[update]...
2026-06-27 17:29:32.461 [http-nio-8080-exec-33] INFO  com.project.travel.handle.MyMetaObjectHandler - 公共字段自动填充[update]...
2026-06-27 17:32:29.183 [http-nio-8080-exec-50] INFO  c.p.t.c.attractions.SysAttractionsController - 查询景点参数：SysAttractions(id=null, name=null, price=null, introduce=null, content=null, num=null, realName=null, images=null, scenicType=null, location=null, pv=null, open=null, time=null, state=1, createBy=null, createTime=null, updateBy=null, updateTime=null, pageNumber=1, pageSize=100)
2026-06-27 17:32:29.184 [http-nio-8080-exec-50] INFO  c.p.t.c.attractions.SysAttractionsController - location 参数值：null
2026-06-27 17:32:29.185 [http-nio-8080-exec-50] INFO  c.p.t.c.attractions.SysAttractionsController - 最终查询条件 SQL：(state = #{ew.paramNameValuePairs.MPGENVAL1}) ORDER BY create_time DESC
2026-06-27 17:32:29.194 [http-nio-8080-exec-50] INFO  c.p.t.c.attractions.SysAttractionsController - 查询结果数量：9
2026-06-27 17:32:29.210 [http-nio-8080-exec-52] INFO  c.p.t.c.attractions.SysAttractionsController - 查询景点参数：SysAttractions(id=null, name=, price=null, introduce=null, content=null, num=null, realName=null, images=null, scenicType=, location=, pv=null, open=null, time=null, state=1, createBy=null, createTime=null, updateBy=null, updateTime=null, pageNumber=1, pageSize=9)
2026-06-27 17:32:29.210 [http-nio-8080-exec-52] INFO  c.p.t.c.attractions.SysAttractionsController - location 参数值：
2026-06-27 17:32:29.210 [http-nio-8080-exec-52] INFO  c.p.t.c.attractions.SysAttractionsController - 最终查询条件 SQL：(state = #{ew.paramNameValuePairs.MPGENVAL1}) ORDER BY create_time DESC
2026-06-27 17:32:29.210 [http-nio-8080-exec-49] INFO  c.p.t.c.attractions.SysAttractionsController - 查询景点参数：SysAttractions(id=null, name=null, price=null, introduce=null, content=null, num=null, realName=null, images=null, scenicType=null, location=null, pv=null, open=null, time=null, state=1, createBy=null, createTime=null, updateBy=null, updateTime=null, pageNumber=1, pageSize=100)
2026-06-27 17:32:29.210 [http-nio-8080-exec-49] INFO  c.p.t.c.attractions.SysAttractionsController - location 参数值：null
2026-06-27 17:32:29.210 [http-nio-8080-exec-49] INFO  c.p.t.c.attractions.SysAttractionsController - 最终查询条件 SQL：(state = #{ew.paramNameValuePairs.MPGENVAL1}) ORDER BY create_time DESC
2026-06-27 17:32:29.218 [http-nio-8080-exec-52] INFO  c.p.t.c.attractions.SysAttractionsController - 查询结果数量：9
2026-06-27 17:32:29.218 [http-nio-8080-exec-49] INFO  c.p.t.c.attractions.SysAttractionsController - 查询结果数量：9
2026-06-27 17:32:30.846 [http-nio-8080-exec-55] INFO  c.p.t.c.attractions.SysAttractionsController - 查询景点参数：SysAttractions(id=null, name=null, price=null, introduce=null, content=null, num=null, realName=null, images=null, scenicType=null, location=null, pv=null, open=null, time=null, state=1, createBy=null, createTime=null, updateBy=null, updateTime=null, pageNumber=1, pageSize=100)
2026-06-27 17:32:30.847 [http-nio-8080-exec-55] INFO  c.p.t.c.attractions.SysAttractionsController - location 参数值：null
2026-06-27 17:32:30.847 [http-nio-8080-exec-55] INFO  c.p.t.c.attractions.SysAttractionsController - 最终查询条件 SQL：(state = #{ew.paramNameValuePairs.MPGENVAL1}) ORDER BY create_time DESC
2026-06-27 17:32:30.854 [http-nio-8080-exec-55] INFO  c.p.t.c.attractions.SysAttractionsController - 查询结果数量：9
2026-06-27 17:32:31.951 [http-nio-8080-exec-58] INFO  com.project.travel.handle.MyMetaObjectHandler - 公共字段自动填充[update]...
2026-06-27 17:32:34.025 [http-nio-8080-exec-62] INFO  c.p.t.c.attractions.SysAttractionsController - 查询景点参数：SysAttractions(id=null, name=null, price=null, introduce=null, content=null, num=null, realName=null, images=null, scenicType=null, location=null, pv=null, open=null, time=null, state=1, createBy=null, createTime=null, updateBy=null, updateTime=null, pageNumber=1, pageSize=100)
2026-06-27 17:32:34.026 [http-nio-8080-exec-62] INFO  c.p.t.c.attractions.SysAttractionsController - location 参数值：null
2026-06-27 17:32:34.026 [http-nio-8080-exec-62] INFO  c.p.t.c.attractions.SysAttractionsController - 最终查询条件 SQL：(state = #{ew.paramNameValuePairs.MPGENVAL1}) ORDER BY create_time DESC
2026-06-27 17:32:34.034 [http-nio-8080-exec-62] INFO  c.p.t.c.attractions.SysAttractionsController - 查询结果数量：9
2026-06-27 17:32:34.052 [http-nio-8080-exec-63] INFO  c.p.t.c.attractions.SysAttractionsController - 查询景点参数：SysAttractions(id=null, name=, price=null, introduce=null, content=null, num=null, realName=null, images=null, scenicType=, location=, pv=null, open=null, time=null, state=1, createBy=null, createTime=null, updateBy=null, updateTime=null, pageNumber=1, pageSize=9)
2026-06-27 17:32:34.052 [http-nio-8080-exec-64] INFO  c.p.t.c.attractions.SysAttractionsController - 查询景点参数：SysAttractions(id=null, name=null, price=null, introduce=null, content=null, num=null, realName=null, images=null, scenicType=null, location=null, pv=null, open=null, time=null, state=1, createBy=null, createTime=null, updateBy=null, updateTime=null, pageNumber=1, pageSize=100)
2026-06-27 17:32:34.054 [http-nio-8080-exec-64] INFO  c.p.t.c.attractions.SysAttractionsController - location 参数值：null
2026-06-27 17:32:34.052 [http-nio-8080-exec-63] INFO  c.p.t.c.attractions.SysAttractionsController - location 参数值：
2026-06-27 17:32:34.054 [http-nio-8080-exec-64] INFO  c.p.t.c.attractions.SysAttractionsController - 最终查询条件 SQL：(state = #{ew.paramNameValuePairs.MPGENVAL1}) ORDER BY create_time DESC
2026-06-27 17:32:34.054 [http-nio-8080-exec-63] INFO  c.p.t.c.attractions.SysAttractionsController - 最终查询条件 SQL：(state = #{ew.paramNameValuePairs.MPGENVAL1}) ORDER BY create_time DESC
2026-06-27 17:32:34.066 [http-nio-8080-exec-64] INFO  c.p.t.c.attractions.SysAttractionsController - 查询结果数量：9
2026-06-27 17:32:34.067 [http-nio-8080-exec-63] INFO  c.p.t.c.attractions.SysAttractionsController - 查询结果数量：9
2026-06-27 17:32:35.567 [http-nio-8080-exec-67] INFO  c.p.t.c.attractions.SysAttractionsController - 查询景点参数：SysAttractions(id=null, name=null, price=null, introduce=null, content=null, num=null, realName=null, images=null, scenicType=null, location=null, pv=null, open=null, time=null, state=1, createBy=null, createTime=null, updateBy=null, updateTime=null, pageNumber=1, pageSize=100)
2026-06-27 17:32:35.568 [http-nio-8080-exec-67] INFO  c.p.t.c.attractions.SysAttractionsController - location 参数值：null
2026-06-27 17:32:35.568 [http-nio-8080-exec-67] INFO  c.p.t.c.attractions.SysAttractionsController - 最终查询条件 SQL：(state = #{ew.paramNameValuePairs.MPGENVAL1}) ORDER BY create_time DESC
2026-06-27 17:32:35.576 [http-nio-8080-exec-67] INFO  c.p.t.c.attractions.SysAttractionsController - 查询结果数量：9
2026-06-27 17:32:48.517 [http-nio-8080-exec-81] INFO  com.project.travel.handle.MyMetaObjectHandler - 公共字段自动填充[update]...
2026-06-27 17:33:12.247 [http-nio-8080-exec-18] INFO  c.p.t.c.attractions.SysAttractionsController - 查询景点参数：SysAttractions(id=null, name=null, price=null, introduce=null, content=null, num=null, realName=null, images=null, scenicType=null, location=null, pv=null, open=null, time=null, state=1, createBy=null, createTime=null, updateBy=null, updateTime=null, pageNumber=1, pageSize=100)
2026-06-27 17:33:12.247 [http-nio-8080-exec-18] INFO  c.p.t.c.attractions.SysAttractionsController - location 参数值：null
2026-06-27 17:33:12.247 [http-nio-8080-exec-18] INFO  c.p.t.c.attractions.SysAttractionsController - 最终查询条件 SQL：(state = #{ew.paramNameValuePairs.MPGENVAL1}) ORDER BY create_time DESC
2026-06-27 17:33:12.254 [http-nio-8080-exec-18] INFO  c.p.t.c.attractions.SysAttractionsController - 查询结果数量：9
2026-06-27 17:33:12.283 [http-nio-8080-exec-20] INFO  c.p.t.c.attractions.SysAttractionsController - 查询景点参数：SysAttractions(id=null, name=, price=null, introduce=null, content=null, num=null, realName=null, images=null, scenicType=, location=, pv=null, open=null, time=null, state=1, createBy=null, createTime=null, updateBy=null, updateTime=null, pageNumber=1, pageSize=9)
2026-06-27 17:33:12.284 [http-nio-8080-exec-20] INFO  c.p.t.c.attractions.SysAttractionsController - location 参数值：
2026-06-27 17:33:12.284 [http-nio-8080-exec-20] INFO  c.p.t.c.attractions.SysAttractionsController - 最终查询条件 SQL：(state = #{ew.paramNameValuePairs.MPGENVAL1}) ORDER BY create_time DESC
2026-06-27 17:33:12.286 [http-nio-8080-exec-24] INFO  c.p.t.c.attractions.SysAttractionsController - 查询景点参数：SysAttractions(id=null, name=null, price=null, introduce=null, content=null, num=null, realName=null, images=null, scenicType=null, location=null, pv=null, open=null, time=null, state=1, createBy=null, createTime=null, updateBy=null, updateTime=null, pageNumber=1, pageSize=100)
2026-06-27 17:33:12.287 [http-nio-8080-exec-24] INFO  c.p.t.c.attractions.SysAttractionsController - location 参数值：null
2026-06-27 17:33:12.288 [http-nio-8080-exec-24] INFO  c.p.t.c.attractions.SysAttractionsController - 最终查询条件 SQL：(state = #{ew.paramNameValuePairs.MPGENVAL1}) ORDER BY create_time DESC
2026-06-27 17:33:12.323 [http-nio-8080-exec-20] INFO  c.p.t.c.attractions.SysAttractionsController - 查询结果数量：9
2026-06-27 17:33:12.326 [http-nio-8080-exec-24] INFO  c.p.t.c.attractions.SysAttractionsController - 查询结果数量：9
2026-06-27 17:33:13.800 [http-nio-8080-exec-27] INFO  c.p.t.c.attractions.SysAttractionsController - 查询景点参数：SysAttractions(id=null, name=, price=null, introduce=null, content=null, num=null, realName=null, images=null, scenicType=, location=甘肃, pv=null, open=null, time=null, state=1, createBy=null, createTime=null, updateBy=null, updateTime=null, pageNumber=1, pageSize=9)
2026-06-27 17:33:13.800 [http-nio-8080-exec-28] INFO  c.p.t.c.attractions.SysAttractionsController - 查询景点参数：SysAttractions(id=null, name=null, price=null, introduce=null, content=null, num=null, realName=null, images=null, scenicType=null, location=甘肃, pv=null, open=null, time=null, state=1, createBy=null, createTime=null, updateBy=null, updateTime=null, pageNumber=1, pageSize=100)
2026-06-27 17:33:13.800 [http-nio-8080-exec-27] INFO  c.p.t.c.attractions.SysAttractionsController - location 参数值：甘肃
2026-06-27 17:33:13.800 [http-nio-8080-exec-28] INFO  c.p.t.c.attractions.SysAttractionsController - location 参数值：甘肃
2026-06-27 17:33:13.800 [http-nio-8080-exec-27] INFO  c.p.t.c.attractions.SysAttractionsController - 应用地区筛选：甘肃
2026-06-27 17:33:13.800 [http-nio-8080-exec-28] INFO  c.p.t.c.attractions.SysAttractionsController - 应用地区筛选：甘肃
2026-06-27 17:33:13.800 [http-nio-8080-exec-27] INFO  c.p.t.c.attractions.SysAttractionsController - 最终查询条件 SQL：(state = #{ew.paramNameValuePairs.MPGENVAL1} AND location LIKE #{ew.paramNameValuePairs.MPGENVAL2}) ORDER BY create_time DESC
2026-06-27 17:33:13.800 [http-nio-8080-exec-28] INFO  c.p.t.c.attractions.SysAttractionsController - 最终查询条件 SQL：(state = #{ew.paramNameValuePairs.MPGENVAL1} AND location LIKE #{ew.paramNameValuePairs.MPGENVAL2}) ORDER BY create_time DESC
2026-06-27 17:33:13.808 [http-nio-8080-exec-27] INFO  c.p.t.c.attractions.SysAttractionsController - 查询结果数量：2
2026-06-27 17:33:13.808 [http-nio-8080-exec-28] INFO  c.p.t.c.attractions.SysAttractionsController - 查询结果数量：2
2026-06-27 17:33:14.719 [http-nio-8080-exec-26] INFO  com.project.travel.handle.MyMetaObjectHandler - 公共字段自动填充[update]...
2026-06-27 17:33:16.639 [http-nio-8080-exec-35] INFO  c.p.t.c.attractions.SysAttractionsController - 查询景点参数：SysAttractions(id=null, name=null, price=null, introduce=null, content=null, num=null, realName=null, images=null, scenicType=null, location=null, pv=null, open=null, time=null, state=1, createBy=null, createTime=null, updateBy=null, updateTime=null, pageNumber=1, pageSize=100)
2026-06-27 17:33:16.639 [http-nio-8080-exec-35] INFO  c.p.t.c.attractions.SysAttractionsController - location 参数值：null
2026-06-27 17:33:16.640 [http-nio-8080-exec-35] INFO  c.p.t.c.attractions.SysAttractionsController - 最终查询条件 SQL：(state = #{ew.paramNameValuePairs.MPGENVAL1}) ORDER BY create_time DESC
2026-06-27 17:33:16.649 [http-nio-8080-exec-35] INFO  c.p.t.c.attractions.SysAttractionsController - 查询结果数量：9
2026-06-27 17:33:16.667 [http-nio-8080-exec-32] INFO  c.p.t.c.attractions.SysAttractionsController - 查询景点参数：SysAttractions(id=null, name=null, price=null, introduce=null, content=null, num=null, realName=null, images=null, scenicType=null, location=null, pv=null, open=null, time=null, state=1, createBy=null, createTime=null, updateBy=null, updateTime=null, pageNumber=1, pageSize=100)
2026-06-27 17:33:16.667 [http-nio-8080-exec-34] INFO  c.p.t.c.attractions.SysAttractionsController - 查询景点参数：SysAttractions(id=null, name=, price=null, introduce=null, content=null, num=null, realName=null, images=null, scenicType=, location=, pv=null, open=null, time=null, state=1, createBy=null, createTime=null, updateBy=null, updateTime=null, pageNumber=1, pageSize=9)
2026-06-27 17:33:16.667 [http-nio-8080-exec-34] INFO  c.p.t.c.attractions.SysAttractionsController - location 参数值：
2026-06-27 17:33:16.667 [http-nio-8080-exec-34] INFO  c.p.t.c.attractions.SysAttractionsController - 最终查询条件 SQL：(state = #{ew.paramNameValuePairs.MPGENVAL1}) ORDER BY create_time DESC
2026-06-27 17:33:16.667 [http-nio-8080-exec-32] INFO  c.p.t.c.attractions.SysAttractionsController - location 参数值：null
2026-06-27 17:33:16.668 [http-nio-8080-exec-32] INFO  c.p.t.c.attractions.SysAttractionsController - 最终查询条件 SQL：(state = #{ew.paramNameValuePairs.MPGENVAL1}) ORDER BY create_time DESC
2026-06-27 17:33:16.677 [http-nio-8080-exec-32] INFO  c.p.t.c.attractions.SysAttractionsController - 查询结果数量：9
2026-06-27 17:33:16.677 [http-nio-8080-exec-34] INFO  c.p.t.c.attractions.SysAttractionsController - 查询结果数量：9
2026-06-27 17:33:18.002 [http-nio-8080-exec-38] INFO  c.p.t.c.attractions.SysAttractionsController - 查询景点参数：SysAttractions(id=null, name=null, price=null, introduce=null, content=null, num=null, realName=null, images=null, scenicType=null, location=null, pv=null, open=null, time=null, state=1, createBy=null, createTime=null, updateBy=null, updateTime=null, pageNumber=1, pageSize=100)
2026-06-27 17:33:18.002 [http-nio-8080-exec-38] INFO  c.p.t.c.attractions.SysAttractionsController - location 参数值：null
2026-06-27 17:33:18.002 [http-nio-8080-exec-38] INFO  c.p.t.c.attractions.SysAttractionsController - 最终查询条件 SQL：(state = #{ew.paramNameValuePairs.MPGENVAL1}) ORDER BY create_time DESC
2026-06-27 17:33:18.010 [http-nio-8080-exec-38] INFO  c.p.t.c.attractions.SysAttractionsController - 查询结果数量：9
2026-06-27 17:34:44.131 [File Watcher] INFO  o.s.b.d.a.LocalDevToolsAutoConfiguration$RestartingClassPathChangeChangedEventListener - Restarting due to 1 class path change (0 additions, 0 deletions, 1 modification)
2026-06-27 17:34:47.675 [Thread-13] INFO  org.apache.coyote.http11.Http11NioProtocol - Pausing ProtocolHandler ["http-nio-8080"]
2026-06-27 17:34:47.675 [Thread-13] INFO  org.apache.catalina.core.StandardService - Stopping service [Tomcat]
2026-06-27 17:34:47.680 [Thread-13] INFO  o.a.c.core.ContainerBase.[Tomcat].[localhost].[/] - Destroying Spring FrameworkServlet 'dispatcherServlet'
2026-06-27 17:34:47.712 [Thread-13] INFO  org.apache.coyote.http11.Http11NioProtocol - Stopping ProtocolHandler ["http-nio-8080"]
2026-06-27 17:34:47.717 [Thread-13] INFO  org.apache.coyote.http11.Http11NioProtocol - Destroying ProtocolHandler ["http-nio-8080"]
2026-06-27 17:34:47.721 [Thread-13] INFO  com.alibaba.druid.pool.DruidDataSource - {dataSource-3} closing ...
2026-06-27 17:34:47.725 [Thread-13] INFO  com.alibaba.druid.pool.DruidDataSource - {dataSource-3} closed
2026-06-27 17:34:48.502 [restartedMain] INFO  com.project.travel.TravelApplication - Starting TravelApplication using Java 1.8.0_202 on dilireba with PID 1352 (C:\maven\travel_system\travel\travel\travel-server\target\classes started by solitude in C:\maven\travel_system\travel\travel\travel-server)
2026-06-27 17:34:48.503 [restartedMain] INFO  com.project.travel.TravelApplication - The following 1 profile is active: "dev"
2026-06-27 17:34:48.956 [restartedMain] INFO  o.s.d.r.config.RepositoryConfigurationDelegate - Multiple Spring Data modules found, entering strict repository configuration mode
2026-06-27 17:34:48.956 [restartedMain] INFO  o.s.d.r.config.RepositoryConfigurationDelegate - Bootstrapping Spring Data Redis repositories in DEFAULT mode.
2026-06-27 17:34:48.989 [restartedMain] INFO  o.s.d.r.config.RepositoryConfigurationDelegate - Finished Spring Data repository scanning in 34 ms. Found 0 Redis repository interfaces.
2026-06-27 17:34:49.301 [restartedMain] INFO  o.s.boot.web.embedded.tomcat.TomcatWebServer - Tomcat initialized with port(s): 8080 (http)
2026-06-27 17:34:49.303 [restartedMain] INFO  org.apache.coyote.http11.Http11NioProtocol - Initializing ProtocolHandler ["http-nio-8080"]
2026-06-27 17:34:49.303 [restartedMain] INFO  org.apache.catalina.core.StandardService - Starting service [Tomcat]
2026-06-27 17:34:49.304 [restartedMain] INFO  org.apache.catalina.core.StandardEngine - Starting Servlet engine: [Apache Tomcat/9.0.83]
2026-06-27 17:34:49.346 [restartedMain] INFO  o.a.c.core.ContainerBase.[Tomcat].[localhost].[/] - Initializing Spring embedded WebApplicationContext
2026-06-27 17:34:49.346 [restartedMain] INFO  o.s.b.w.s.c.ServletWebServerApplicationContext - Root WebApplicationContext: initialization completed in 839 ms
2026-06-27 17:34:49.403 [restartedMain] INFO  c.a.d.s.b.a.DruidDataSourceAutoConfigure - Init DruidDataSource
2026-06-27 17:34:49.585 [restartedMain] INFO  com.alibaba.druid.pool.DruidDataSource - {dataSource-4} inited
2026-06-27 17:34:54.139 [restartedMain] INFO  o.s.b.d.autoconfigure.OptionalLiveReloadServer - LiveReload server is running on port 35729
2026-06-27 17:34:54.168 [restartedMain] INFO  org.apache.coyote.http11.Http11NioProtocol - Starting ProtocolHandler ["http-nio-8080"]
2026-06-27 17:34:54.177 [restartedMain] INFO  o.s.boot.web.embedded.tomcat.TomcatWebServer - Tomcat started on port(s): 8080 (http) with context path ''
2026-06-27 17:34:54.183 [restartedMain] INFO  com.project.travel.TravelApplication - Started TravelApplication in 5.773 seconds (JVM running for 1639.649)
2026-06-27 17:34:54.185 [restartedMain] INFO  o.s.b.d.a.ConditionEvaluationDeltaLoggingListener - Condition evaluation unchanged
2026-06-27 17:35:16.174 [File Watcher] INFO  o.s.b.d.a.LocalDevToolsAutoConfiguration$RestartingClassPathChangeChangedEventListener - Restarting due to 1 class path change (0 additions, 0 deletions, 1 modification)
2026-06-27 17:35:19.684 [Thread-17] INFO  org.apache.coyote.http11.Http11NioProtocol - Pausing ProtocolHandler ["http-nio-8080"]
2026-06-27 17:35:19.685 [Thread-17] INFO  org.apache.catalina.core.StandardService - Stopping service [Tomcat]
2026-06-27 17:35:19.690 [Thread-17] INFO  org.apache.coyote.http11.Http11NioProtocol - Stopping ProtocolHandler ["http-nio-8080"]
2026-06-27 17:35:19.696 [Thread-17] INFO  org.apache.coyote.http11.Http11NioProtocol - Destroying ProtocolHandler ["http-nio-8080"]
2026-06-27 17:35:19.698 [Thread-17] INFO  com.alibaba.druid.pool.DruidDataSource - {dataSource-4} closing ...
2026-06-27 17:35:19.701 [Thread-17] INFO  com.alibaba.druid.pool.DruidDataSource - {dataSource-4} closed
2026-06-27 17:35:20.242 [restartedMain] INFO  com.project.travel.TravelApplication - Starting TravelApplication using Java 1.8.0_202 on dilireba with PID 1352 (C:\maven\travel_system\travel\travel\travel-server\target\classes started by solitude in C:\maven\travel_system\travel\travel\travel-server)
2026-06-27 17:35:20.242 [restartedMain] INFO  com.project.travel.TravelApplication - The following 1 profile is active: "dev"
2026-06-27 17:35:20.630 [restartedMain] INFO  o.s.d.r.config.RepositoryConfigurationDelegate - Multiple Spring Data modules found, entering strict repository configuration mode
2026-06-27 17:35:20.630 [restartedMain] INFO  o.s.d.r.config.RepositoryConfigurationDelegate - Bootstrapping Spring Data Redis repositories in DEFAULT mode.
2026-06-27 17:35:20.661 [restartedMain] INFO  o.s.d.r.config.RepositoryConfigurationDelegate - Finished Spring Data repository scanning in 30 ms. Found 0 Redis repository interfaces.
2026-06-27 17:35:20.910 [restartedMain] INFO  o.s.boot.web.embedded.tomcat.TomcatWebServer - Tomcat initialized with port(s): 8080 (http)
2026-06-27 17:35:20.911 [restartedMain] INFO  org.apache.coyote.http11.Http11NioProtocol - Initializing ProtocolHandler ["http-nio-8080"]
2026-06-27 17:35:20.912 [restartedMain] INFO  org.apache.catalina.core.StandardService - Starting service [Tomcat]
2026-06-27 17:35:20.912 [restartedMain] INFO  org.apache.catalina.core.StandardEngine - Starting Servlet engine: [Apache Tomcat/9.0.83]
2026-06-27 17:35:20.944 [restartedMain] INFO  o.a.c.core.ContainerBase.[Tomcat].[localhost].[/] - Initializing Spring embedded WebApplicationContext
2026-06-27 17:35:20.944 [restartedMain] INFO  o.s.b.w.s.c.ServletWebServerApplicationContext - Root WebApplicationContext: initialization completed in 697 ms
2026-06-27 17:35:20.995 [restartedMain] INFO  c.a.d.s.b.a.DruidDataSourceAutoConfigure - Init DruidDataSource
2026-06-27 17:35:21.145 [restartedMain] INFO  com.alibaba.druid.pool.DruidDataSource - {dataSource-5} inited
2026-06-27 17:35:25.686 [restartedMain] INFO  o.s.b.d.autoconfigure.OptionalLiveReloadServer - LiveReload server is running on port 35729
2026-06-27 17:35:25.715 [restartedMain] INFO  org.apache.coyote.http11.Http11NioProtocol - Starting ProtocolHandler ["http-nio-8080"]
2026-06-27 17:35:25.725 [restartedMain] INFO  o.s.boot.web.embedded.tomcat.TomcatWebServer - Tomcat started on port(s): 8080 (http) with context path ''
2026-06-27 17:35:25.729 [restartedMain] INFO  com.project.travel.TravelApplication - Started TravelApplication in 5.559 seconds (JVM running for 1671.195)
2026-06-27 17:35:25.730 [restartedMain] INFO  o.s.b.d.a.ConditionEvaluationDeltaLoggingListener - Condition evaluation unchanged
2026-06-27 17:36:18.146 [http-nio-8080-exec-1] INFO  o.a.c.core.ContainerBase.[Tomcat].[localhost].[/] - Initializing Spring DispatcherServlet 'dispatcherServlet'
2026-06-27 17:36:18.148 [http-nio-8080-exec-1] INFO  org.springframework.web.servlet.DispatcherServlet - Initializing Servlet 'dispatcherServlet'
2026-06-27 17:36:18.150 [http-nio-8080-exec-1] INFO  org.springframework.web.servlet.DispatcherServlet - Completed initialization in 1 ms
2026-06-27 17:37:38.002 [http-nio-8080-exec-9] INFO  com.project.travel.handle.MyMetaObjectHandler - 公共字段自动填充[update]...
2026-06-27 17:37:38.014 [http-nio-8080-exec-9] INFO  com.project.travel.handle.MyMetaObjectHandler - 公共字段自动填充[insert]...
2026-06-27 17:37:38.018 [http-nio-8080-exec-9] INFO  com.project.travel.handle.MyMetaObjectHandler - 公共字段自动填充[update]...
2026-06-27 17:37:38.029 [http-nio-8080-exec-9] INFO  com.project.travel.handle.MyMetaObjectHandler - 公共字段自动填充[insert]...
2026-06-27 17:37:44.278 [http-nio-8080-exec-5] INFO  c.p.t.c.attractions.SysAttractionsController - 查询景点参数：SysAttractions(id=null, name=null, price=null, introduce=null, content=null, num=null, realName=null, images=null, scenicType=null, location=null, pv=null, open=null, time=null, state=1, createBy=null, createTime=null, updateBy=null, updateTime=null, pageNumber=1, pageSize=100)
2026-06-27 17:37:44.279 [http-nio-8080-exec-5] INFO  c.p.t.c.attractions.SysAttractionsController - location 参数值：null
2026-06-27 17:37:44.286 [http-nio-8080-exec-5] INFO  c.p.t.c.attractions.SysAttractionsController - 最终查询条件 SQL：(state = #{ew.paramNameValuePairs.MPGENVAL1}) ORDER BY create_time DESC
2026-06-27 17:37:44.295 [http-nio-8080-exec-13] INFO  c.p.t.c.attractions.SysAttractionsController - 查询景点参数：SysAttractions(id=null, name=, price=null, introduce=null, content=null, num=null, realName=null, images=null, scenicType=, location=, pv=null, open=null, time=null, state=1, createBy=null, createTime=null, updateBy=null, updateTime=null, pageNumber=1, pageSize=9)
2026-06-27 17:37:44.295 [http-nio-8080-exec-13] INFO  c.p.t.c.attractions.SysAttractionsController - location 参数值：
2026-06-27 17:37:44.295 [http-nio-8080-exec-13] INFO  c.p.t.c.attractions.SysAttractionsController - 最终查询条件 SQL：(state = #{ew.paramNameValuePairs.MPGENVAL1}) ORDER BY create_time DESC
2026-06-27 17:37:44.301 [http-nio-8080-exec-14] INFO  c.p.t.c.attractions.SysAttractionsController - 查询景点参数：SysAttractions(id=null, name=null, price=null, introduce=null, content=null, num=null, realName=null, images=null, scenicType=null, location=null, pv=null, open=null, time=null, state=1, createBy=null, createTime=null, updateBy=null, updateTime=null, pageNumber=1, pageSize=100)
2026-06-27 17:37:44.304 [http-nio-8080-exec-14] INFO  c.p.t.c.attractions.SysAttractionsController - location 参数值：null
2026-06-27 17:37:44.304 [http-nio-8080-exec-14] INFO  c.p.t.c.attractions.SysAttractionsController - 最终查询条件 SQL：(state = #{ew.paramNameValuePairs.MPGENVAL1}) ORDER BY create_time DESC
2026-06-27 17:37:44.307 [http-nio-8080-exec-5] INFO  c.p.t.c.attractions.SysAttractionsController - 查询结果数量：9
2026-06-27 17:37:44.321 [http-nio-8080-exec-13] INFO  c.p.t.c.attractions.SysAttractionsController - 查询结果数量：9
2026-06-27 17:37:44.322 [http-nio-8080-exec-14] INFO  c.p.t.c.attractions.SysAttractionsController - 查询结果数量：9
2026-06-27 17:37:46.080 [http-nio-8080-exec-17] INFO  c.p.t.c.attractions.SysAttractionsController - 查询景点参数：SysAttractions(id=null, name=, price=null, introduce=null, content=null, num=null, realName=null, images=null, scenicType=, location=甘肃, pv=null, open=null, time=null, state=1, createBy=null, createTime=null, updateBy=null, updateTime=null, pageNumber=1, pageSize=9)
2026-06-27 17:37:46.081 [http-nio-8080-exec-18] INFO  c.p.t.c.attractions.SysAttractionsController - 查询景点参数：SysAttractions(id=null, name=null, price=null, introduce=null, content=null, num=null, realName=null, images=null, scenicType=null, location=甘肃, pv=null, open=null, time=null, state=1, createBy=null, createTime=null, updateBy=null, updateTime=null, pageNumber=1, pageSize=100)
2026-06-27 17:37:46.081 [http-nio-8080-exec-17] INFO  c.p.t.c.attractions.SysAttractionsController - location 参数值：甘肃
2026-06-27 17:37:46.081 [http-nio-8080-exec-18] INFO  c.p.t.c.attractions.SysAttractionsController - location 参数值：甘肃
2026-06-27 17:37:46.081 [http-nio-8080-exec-17] INFO  c.p.t.c.attractions.SysAttractionsController - 应用地区筛选：甘肃
2026-06-27 17:37:46.081 [http-nio-8080-exec-18] INFO  c.p.t.c.attractions.SysAttractionsController - 应用地区筛选：甘肃
2026-06-27 17:37:46.082 [http-nio-8080-exec-18] INFO  c.p.t.c.attractions.SysAttractionsController - 最终查询条件 SQL：(state = #{ew.paramNameValuePairs.MPGENVAL1} AND location LIKE #{ew.paramNameValuePairs.MPGENVAL2}) ORDER BY create_time DESC
2026-06-27 17:37:46.082 [http-nio-8080-exec-17] INFO  c.p.t.c.attractions.SysAttractionsController - 最终查询条件 SQL：(state = #{ew.paramNameValuePairs.MPGENVAL1} AND location LIKE #{ew.paramNameValuePairs.MPGENVAL2}) ORDER BY create_time DESC
2026-06-27 17:37:46.094 [http-nio-8080-exec-17] INFO  c.p.t.c.attractions.SysAttractionsController - 查询结果数量：2
2026-06-27 17:37:46.095 [http-nio-8080-exec-18] INFO  c.p.t.c.attractions.SysAttractionsController - 查询结果数量：2
2026-06-27 17:37:47.609 [http-nio-8080-exec-30] INFO  com.project.travel.handle.MyMetaObjectHandler - 公共字段自动填充[update]...
2026-06-27 19:05:34.251 [http-nio-8080-exec-23] INFO  com.project.travel.handle.MyMetaObjectHandler - 公共字段自动填充[update]...
2026-06-27 19:06:19.962 [http-nio-8080-exec-26] INFO  com.project.travel.handle.MyMetaObjectHandler - 公共字段自动填充[update]...
2026-06-27 19:06:28.127 [http-nio-8080-exec-21] INFO  c.p.t.c.attractions.SysAttractionsController - 查询景点参数：SysAttractions(id=null, name=null, price=null, introduce=null, content=null, num=null, realName=null, images=null, scenicType=null, location=null, pv=null, open=null, time=null, state=1, createBy=null, createTime=null, updateBy=null, updateTime=null, pageNumber=1, pageSize=100)
2026-06-27 19:06:28.127 [http-nio-8080-exec-21] INFO  c.p.t.c.attractions.SysAttractionsController - location 参数值：null
2026-06-27 19:06:28.128 [http-nio-8080-exec-21] INFO  c.p.t.c.attractions.SysAttractionsController - 最终查询条件 SQL：(state = #{ew.paramNameValuePairs.MPGENVAL1}) ORDER BY create_time DESC
2026-06-27 19:06:28.138 [http-nio-8080-exec-21] INFO  c.p.t.c.attractions.SysAttractionsController - 查询结果数量：9
2026-06-27 19:06:28.177 [http-nio-8080-exec-32] INFO  c.p.t.c.attractions.SysAttractionsController - 查询景点参数：SysAttractions(id=null, name=null, price=null, introduce=null, content=null, num=null, realName=null, images=null, scenicType=null, location=null, pv=null, open=null, time=null, state=1, createBy=null, createTime=null, updateBy=null, updateTime=null, pageNumber=1, pageSize=100)
2026-06-27 19:06:28.177 [http-nio-8080-exec-32] INFO  c.p.t.c.attractions.SysAttractionsController - location 参数值：null
2026-06-27 19:06:28.177 [http-nio-8080-exec-31] INFO  c.p.t.c.attractions.SysAttractionsController - 查询景点参数：SysAttractions(id=null, name=, price=null, introduce=null, content=null, num=null, realName=null, images=null, scenicType=, location=, pv=null, open=null, time=null, state=1, createBy=null, createTime=null, updateBy=null, updateTime=null, pageNumber=1, pageSize=9)
2026-06-27 19:06:28.178 [http-nio-8080-exec-31] INFO  c.p.t.c.attractions.SysAttractionsController - location 参数值：
2026-06-27 19:06:28.178 [http-nio-8080-exec-31] INFO  c.p.t.c.attractions.SysAttractionsController - 最终查询条件 SQL：(state = #{ew.paramNameValuePairs.MPGENVAL1}) ORDER BY create_time DESC
2026-06-27 19:06:28.180 [http-nio-8080-exec-32] INFO  c.p.t.c.attractions.SysAttractionsController - 最终查询条件 SQL：(state = #{ew.paramNameValuePairs.MPGENVAL1}) ORDER BY create_time DESC
2026-06-27 19:06:28.189 [http-nio-8080-exec-32] INFO  c.p.t.c.attractions.SysAttractionsController - 查询结果数量：9
2026-06-27 19:06:28.189 [http-nio-8080-exec-31] INFO  c.p.t.c.attractions.SysAttractionsController - 查询结果数量：9
2026-06-27 19:06:29.761 [http-nio-8080-exec-27] INFO  c.p.t.c.attractions.SysAttractionsController - 查询景点参数：SysAttractions(id=null, name=null, price=null, introduce=null, content=null, num=null, realName=null, images=null, scenicType=null, location=null, pv=null, open=null, time=null, state=1, createBy=null, createTime=null, updateBy=null, updateTime=null, pageNumber=1, pageSize=100)
2026-06-27 19:06:29.762 [http-nio-8080-exec-27] INFO  c.p.t.c.attractions.SysAttractionsController - location 参数值：null
2026-06-27 19:06:29.762 [http-nio-8080-exec-27] INFO  c.p.t.c.attractions.SysAttractionsController - 最终查询条件 SQL：(state = #{ew.paramNameValuePairs.MPGENVAL1}) ORDER BY create_time DESC
2026-06-27 19:06:29.768 [http-nio-8080-exec-27] INFO  c.p.t.c.attractions.SysAttractionsController - 查询结果数量：9
2026-06-27 19:06:32.596 [http-nio-8080-exec-38] INFO  com.project.travel.handle.MyMetaObjectHandler - 公共字段自动填充[update]...
2026-06-27 19:06:34.159 [http-nio-8080-exec-40] INFO  c.p.t.c.attractions.SysAttractionsController - 查询景点参数：SysAttractions(id=null, name=null, price=null, introduce=null, content=null, num=null, realName=null, images=null, scenicType=null, location=null, pv=null, open=null, time=null, state=1, createBy=null, createTime=null, updateBy=null, updateTime=null, pageNumber=1, pageSize=100)
2026-06-27 19:06:34.160 [http-nio-8080-exec-40] INFO  c.p.t.c.attractions.SysAttractionsController - location 参数值：null
2026-06-27 19:06:34.160 [http-nio-8080-exec-40] INFO  c.p.t.c.attractions.SysAttractionsController - 最终查询条件 SQL：(state = #{ew.paramNameValuePairs.MPGENVAL1}) ORDER BY create_time DESC
2026-06-27 19:06:34.173 [http-nio-8080-exec-40] INFO  c.p.t.c.attractions.SysAttractionsController - 查询结果数量：9
2026-06-27 19:06:34.194 [http-nio-8080-exec-42] INFO  c.p.t.c.attractions.SysAttractionsController - 查询景点参数：SysAttractions(id=null, name=, price=null, introduce=null, content=null, num=null, realName=null, images=null, scenicType=, location=, pv=null, open=null, time=null, state=1, createBy=null, createTime=null, updateBy=null, updateTime=null, pageNumber=1, pageSize=9)
2026-06-27 19:06:34.195 [http-nio-8080-exec-42] INFO  c.p.t.c.attractions.SysAttractionsController - location 参数值：
2026-06-27 19:06:34.194 [http-nio-8080-exec-43] INFO  c.p.t.c.attractions.SysAttractionsController - 查询景点参数：SysAttractions(id=null, name=null, price=null, introduce=null, content=null, num=null, realName=null, images=null, scenicType=null, location=null, pv=null, open=null, time=null, state=1, createBy=null, createTime=null, updateBy=null, updateTime=null, pageNumber=1, pageSize=100)
2026-06-27 19:06:34.196 [http-nio-8080-exec-42] INFO  c.p.t.c.attractions.SysAttractionsController - 最终查询条件 SQL：(state = #{ew.paramNameValuePairs.MPGENVAL1}) ORDER BY create_time DESC
2026-06-27 19:06:34.196 [http-nio-8080-exec-43] INFO  c.p.t.c.attractions.SysAttractionsController - location 参数值：null
2026-06-27 19:06:34.198 [http-nio-8080-exec-43] INFO  c.p.t.c.attractions.SysAttractionsController - 最终查询条件 SQL：(state = #{ew.paramNameValuePairs.MPGENVAL1}) ORDER BY create_time DESC
2026-06-27 19:06:34.214 [http-nio-8080-exec-43] INFO  c.p.t.c.attractions.SysAttractionsController - 查询结果数量：9
2026-06-27 19:06:34.217 [http-nio-8080-exec-42] INFO  c.p.t.c.attractions.SysAttractionsController - 查询结果数量：9
2026-06-27 19:06:35.927 [http-nio-8080-exec-46] INFO  c.p.t.c.attractions.SysAttractionsController - 查询景点参数：SysAttractions(id=null, name=null, price=null, introduce=null, content=null, num=null, realName=null, images=null, scenicType=null, location=null, pv=null, open=null, time=null, state=1, createBy=null, createTime=null, updateBy=null, updateTime=null, pageNumber=1, pageSize=100)
2026-06-27 19:06:35.928 [http-nio-8080-exec-46] INFO  c.p.t.c.attractions.SysAttractionsController - location 参数值：null
2026-06-27 19:06:35.928 [http-nio-8080-exec-46] INFO  c.p.t.c.attractions.SysAttractionsController - 最终查询条件 SQL：(state = #{ew.paramNameValuePairs.MPGENVAL1}) ORDER BY create_time DESC
2026-06-27 19:06:35.933 [http-nio-8080-exec-46] INFO  c.p.t.c.attractions.SysAttractionsController - 查询结果数量：9
2026-06-27 19:08:27.808 [http-nio-8080-exec-47] INFO  c.p.t.c.attractions.SysAttractionsController - 查询景点参数：SysAttractions(id=null, name=null, price=null, introduce=null, content=null, num=null, realName=null, images=null, scenicType=null, location=null, pv=null, open=null, time=null, state=1, createBy=null, createTime=null, updateBy=null, updateTime=null, pageNumber=1, pageSize=100)
2026-06-27 19:08:27.808 [http-nio-8080-exec-47] INFO  c.p.t.c.attractions.SysAttractionsController - location 参数值：null
2026-06-27 19:08:27.808 [http-nio-8080-exec-47] INFO  c.p.t.c.attractions.SysAttractionsController - 最终查询条件 SQL：(state = #{ew.paramNameValuePairs.MPGENVAL1}) ORDER BY create_time DESC
2026-06-27 19:08:27.816 [http-nio-8080-exec-47] INFO  c.p.t.c.attractions.SysAttractionsController - 查询结果数量：9
2026-06-27 19:08:27.829 [http-nio-8080-exec-58] INFO  c.p.t.c.attractions.SysAttractionsController - 查询景点参数：SysAttractions(id=null, name=, price=null, introduce=null, content=null, num=null, realName=null, images=null, scenicType=, location=, pv=null, open=null, time=null, state=1, createBy=null, createTime=null, updateBy=null, updateTime=null, pageNumber=1, pageSize=9)
2026-06-27 19:08:27.830 [http-nio-8080-exec-58] INFO  c.p.t.c.attractions.SysAttractionsController - location 参数值：
2026-06-27 19:08:27.830 [http-nio-8080-exec-58] INFO  c.p.t.c.attractions.SysAttractionsController - 最终查询条件 SQL：(state = #{ew.paramNameValuePairs.MPGENVAL1}) ORDER BY create_time DESC
2026-06-27 19:08:27.830 [http-nio-8080-exec-59] INFO  c.p.t.c.attractions.SysAttractionsController - 查询景点参数：SysAttractions(id=null, name=null, price=null, introduce=null, content=null, num=null, realName=null, images=null, scenicType=null, location=null, pv=null, open=null, time=null, state=1, createBy=null, createTime=null, updateBy=null, updateTime=null, pageNumber=1, pageSize=100)
2026-06-27 19:08:27.831 [http-nio-8080-exec-59] INFO  c.p.t.c.attractions.SysAttractionsController - location 参数值：null
2026-06-27 19:08:27.832 [http-nio-8080-exec-59] INFO  c.p.t.c.attractions.SysAttractionsController - 最终查询条件 SQL：(state = #{ew.paramNameValuePairs.MPGENVAL1}) ORDER BY create_time DESC
2026-06-27 19:08:27.846 [http-nio-8080-exec-58] INFO  c.p.t.c.attractions.SysAttractionsController - 查询结果数量：9
2026-06-27 19:08:27.847 [http-nio-8080-exec-59] INFO  c.p.t.c.attractions.SysAttractionsController - 查询结果数量：9
2026-06-27 19:08:29.368 [http-nio-8080-exec-63] INFO  c.p.t.c.attractions.SysAttractionsController - 查询景点参数：SysAttractions(id=null, name=null, price=null, introduce=null, content=null, num=null, realName=null, images=null, scenicType=null, location=甘肃, pv=null, open=null, time=null, state=1, createBy=null, createTime=null, updateBy=null, updateTime=null, pageNumber=1, pageSize=100)
2026-06-27 19:08:29.368 [http-nio-8080-exec-52] INFO  c.p.t.c.attractions.SysAttractionsController - 查询景点参数：SysAttractions(id=null, name=, price=null, introduce=null, content=null, num=null, realName=null, images=null, scenicType=, location=甘肃, pv=null, open=null, time=null, state=1, createBy=null, createTime=null, updateBy=null, updateTime=null, pageNumber=1, pageSize=9)
2026-06-27 19:08:29.368 [http-nio-8080-exec-63] INFO  c.p.t.c.attractions.SysAttractionsController - location 参数值：甘肃
2026-06-27 19:08:29.368 [http-nio-8080-exec-52] INFO  c.p.t.c.attractions.SysAttractionsController - location 参数值：甘肃
2026-06-27 19:08:29.368 [http-nio-8080-exec-63] INFO  c.p.t.c.attractions.SysAttractionsController - 应用地区筛选：甘肃
2026-06-27 19:08:29.368 [http-nio-8080-exec-52] INFO  c.p.t.c.attractions.SysAttractionsController - 应用地区筛选：甘肃
2026-06-27 19:08:29.368 [http-nio-8080-exec-63] INFO  c.p.t.c.attractions.SysAttractionsController - 最终查询条件 SQL：(state = #{ew.paramNameValuePairs.MPGENVAL1} AND location LIKE #{ew.paramNameValuePairs.MPGENVAL2}) ORDER BY create_time DESC
2026-06-27 19:08:29.368 [http-nio-8080-exec-52] INFO  c.p.t.c.attractions.SysAttractionsController - 最终查询条件 SQL：(state = #{ew.paramNameValuePairs.MPGENVAL1} AND location LIKE #{ew.paramNameValuePairs.MPGENVAL2}) ORDER BY create_time DESC
2026-06-27 19:08:29.375 [http-nio-8080-exec-52] INFO  c.p.t.c.attractions.SysAttractionsController - 查询结果数量：2
2026-06-27 19:08:29.375 [http-nio-8080-exec-63] INFO  c.p.t.c.attractions.SysAttractionsController - 查询结果数量：2
2026-06-27 19:08:31.039 [http-nio-8080-exec-66] INFO  com.project.travel.handle.MyMetaObjectHandler - 公共字段自动填充[update]...
2026-06-27 19:36:29.489 [http-nio-8080-exec-55] INFO  c.p.t.c.attractions.SysAttractionsController - 查询景点参数：SysAttractions(id=null, name=null, price=null, introduce=null, content=null, num=null, realName=null, images=null, scenicType=null, location=null, pv=null, open=null, time=null, state=1, createBy=null, createTime=null, updateBy=null, updateTime=null, pageNumber=1, pageSize=100)
2026-06-27 19:36:29.490 [http-nio-8080-exec-55] INFO  c.p.t.c.attractions.SysAttractionsController - location 参数值：null
2026-06-27 19:36:29.490 [http-nio-8080-exec-55] INFO  c.p.t.c.attractions.SysAttractionsController - 最终查询条件 SQL：(state = #{ew.paramNameValuePairs.MPGENVAL1}) ORDER BY create_time DESC
2026-06-27 19:36:29.498 [http-nio-8080-exec-55] INFO  c.p.t.c.attractions.SysAttractionsController - 查询结果数量：9
2026-06-27 19:36:29.509 [http-nio-8080-exec-58] INFO  c.p.t.c.attractions.SysAttractionsController - 查询景点参数：SysAttractions(id=null, name=null, price=null, introduce=null, content=null, num=null, realName=null, images=null, scenicType=null, location=null, pv=null, open=null, time=null, state=1, createBy=null, createTime=null, updateBy=null, updateTime=null, pageNumber=1, pageSize=100)
2026-06-27 19:36:29.509 [http-nio-8080-exec-47] INFO  c.p.t.c.attractions.SysAttractionsController - 查询景点参数：SysAttractions(id=null, name=, price=null, introduce=null, content=null, num=null, realName=null, images=null, scenicType=, location=, pv=null, open=null, time=null, state=1, createBy=null, createTime=null, updateBy=null, updateTime=null, pageNumber=1, pageSize=9)
2026-06-27 19:36:29.509 [http-nio-8080-exec-58] INFO  c.p.t.c.attractions.SysAttractionsController - location 参数值：null
2026-06-27 19:36:29.509 [http-nio-8080-exec-47] INFO  c.p.t.c.attractions.SysAttractionsController - location 参数值：
2026-06-27 19:36:29.509 [http-nio-8080-exec-47] INFO  c.p.t.c.attractions.SysAttractionsController - 最终查询条件 SQL：(state = #{ew.paramNameValuePairs.MPGENVAL1}) ORDER BY create_time DESC
2026-06-27 19:36:29.509 [http-nio-8080-exec-58] INFO  c.p.t.c.attractions.SysAttractionsController - 最终查询条件 SQL：(state = #{ew.paramNameValuePairs.MPGENVAL1}) ORDER BY create_time DESC
2026-06-27 19:36:29.521 [http-nio-8080-exec-47] INFO  c.p.t.c.attractions.SysAttractionsController - 查询结果数量：9
2026-06-27 19:36:29.521 [http-nio-8080-exec-58] INFO  c.p.t.c.attractions.SysAttractionsController - 查询结果数量：9
2026-06-27 19:36:31.195 [http-nio-8080-exec-61] INFO  c.p.t.c.attractions.SysAttractionsController - 查询景点参数：SysAttractions(id=null, name=null, price=null, introduce=null, content=null, num=null, realName=null, images=null, scenicType=null, location=null, pv=null, open=null, time=null, state=1, createBy=null, createTime=null, updateBy=null, updateTime=null, pageNumber=1, pageSize=100)
2026-06-27 19:36:31.197 [http-nio-8080-exec-61] INFO  c.p.t.c.attractions.SysAttractionsController - location 参数值：null
2026-06-27 19:36:31.197 [http-nio-8080-exec-61] INFO  c.p.t.c.attractions.SysAttractionsController - 最终查询条件 SQL：(state = #{ew.paramNameValuePairs.MPGENVAL1}) ORDER BY create_time DESC
2026-06-27 19:36:31.205 [http-nio-8080-exec-61] INFO  c.p.t.c.attractions.SysAttractionsController - 查询结果数量：9
2026-06-27 19:36:33.421 [http-nio-8080-exec-52] INFO  c.p.t.c.attractions.SysAttractionsController - 查询景点参数：SysAttractions(id=null, name=null, price=null, introduce=null, content=null, num=null, realName=null, images=null, scenicType=null, location=null, pv=null, open=null, time=null, state=1, createBy=null, createTime=null, updateBy=null, updateTime=null, pageNumber=1, pageSize=100)
2026-06-27 19:36:33.423 [http-nio-8080-exec-52] INFO  c.p.t.c.attractions.SysAttractionsController - location 参数值：null
2026-06-27 19:36:33.424 [http-nio-8080-exec-52] INFO  c.p.t.c.attractions.SysAttractionsController - 最终查询条件 SQL：(state = #{ew.paramNameValuePairs.MPGENVAL1}) ORDER BY create_time DESC
2026-06-27 19:36:33.430 [http-nio-8080-exec-52] INFO  c.p.t.c.attractions.SysAttractionsController - 查询结果数量：9
2026-06-27 19:36:33.450 [http-nio-8080-exec-69] INFO  c.p.t.c.attractions.SysAttractionsController - 查询景点参数：SysAttractions(id=null, name=, price=null, introduce=null, content=null, num=null, realName=null, images=null, scenicType=, location=, pv=null, open=null, time=null, state=1, createBy=null, createTime=null, updateBy=null, updateTime=null, pageNumber=1, pageSize=9)
2026-06-27 19:36:33.451 [http-nio-8080-exec-69] INFO  c.p.t.c.attractions.SysAttractionsController - location 参数值：
2026-06-27 19:36:33.452 [http-nio-8080-exec-69] INFO  c.p.t.c.attractions.SysAttractionsController - 最终查询条件 SQL：(state = #{ew.paramNameValuePairs.MPGENVAL1}) ORDER BY create_time DESC
2026-06-27 19:36:33.454 [http-nio-8080-exec-70] INFO  c.p.t.c.attractions.SysAttractionsController - 查询景点参数：SysAttractions(id=null, name=null, price=null, introduce=null, content=null, num=null, realName=null, images=null, scenicType=null, location=null, pv=null, open=null, time=null, state=1, createBy=null, createTime=null, updateBy=null, updateTime=null, pageNumber=1, pageSize=100)
2026-06-27 19:36:33.455 [http-nio-8080-exec-70] INFO  c.p.t.c.attractions.SysAttractionsController - location 参数值：null
2026-06-27 19:36:33.455 [http-nio-8080-exec-70] INFO  c.p.t.c.attractions.SysAttractionsController - 最终查询条件 SQL：(state = #{ew.paramNameValuePairs.MPGENVAL1}) ORDER BY create_time DESC
2026-06-27 19:36:33.468 [http-nio-8080-exec-69] INFO  c.p.t.c.attractions.SysAttractionsController - 查询结果数量：9
2026-06-27 19:36:33.472 [http-nio-8080-exec-70] INFO  c.p.t.c.attractions.SysAttractionsController - 查询结果数量：9
2026-06-27 19:36:35.000 [http-nio-8080-exec-73] INFO  c.p.t.c.attractions.SysAttractionsController - 查询景点参数：SysAttractions(id=null, name=null, price=null, introduce=null, content=null, num=null, realName=null, images=null, scenicType=null, location=null, pv=null, open=null, time=null, state=1, createBy=null, createTime=null, updateBy=null, updateTime=null, pageNumber=1, pageSize=100)
2026-06-27 19:36:35.001 [http-nio-8080-exec-73] INFO  c.p.t.c.attractions.SysAttractionsController - location 参数值：null
2026-06-27 19:36:35.001 [http-nio-8080-exec-73] INFO  c.p.t.c.attractions.SysAttractionsController - 最终查询条件 SQL：(state = #{ew.paramNameValuePairs.MPGENVAL1}) ORDER BY create_time DESC
2026-06-27 19:36:35.008 [http-nio-8080-exec-73] INFO  c.p.t.c.attractions.SysAttractionsController - 查询结果数量：9
2026-06-27 19:37:15.695 [File Watcher] INFO  o.s.b.d.a.LocalDevToolsAutoConfiguration$RestartingClassPathChangeChangedEventListener - Restarting due to 1 class path change (0 additions, 0 deletions, 1 modification)
2026-06-27 19:37:19.035 [Thread-21] INFO  org.apache.coyote.http11.Http11NioProtocol - Pausing ProtocolHandler ["http-nio-8080"]
2026-06-27 19:37:19.036 [Thread-21] INFO  org.apache.catalina.core.StandardService - Stopping service [Tomcat]
2026-06-27 19:37:19.045 [Thread-21] INFO  o.a.c.core.ContainerBase.[Tomcat].[localhost].[/] - Destroying Spring FrameworkServlet 'dispatcherServlet'
2026-06-27 19:37:19.116 [Thread-21] INFO  org.apache.coyote.http11.Http11NioProtocol - Stopping ProtocolHandler ["http-nio-8080"]
2026-06-27 19:37:19.134 [Thread-21] INFO  org.apache.coyote.http11.Http11NioProtocol - Destroying ProtocolHandler ["http-nio-8080"]
2026-06-27 19:37:19.142 [Thread-21] INFO  com.alibaba.druid.pool.DruidDataSource - {dataSource-5} closing ...
2026-06-27 19:37:19.146 [Thread-21] INFO  com.alibaba.druid.pool.DruidDataSource - {dataSource-5} closed
2026-06-27 19:37:20.228 [restartedMain] INFO  com.project.travel.TravelApplication - Starting TravelApplication using Java 1.8.0_202 on dilireba with PID 1352 (C:\maven\travel_system\travel\travel\travel-server\target\classes started by solitude in C:\maven\travel_system\travel\travel\travel-server)
2026-06-27 19:37:20.228 [restartedMain] INFO  com.project.travel.TravelApplication - The following 1 profile is active: "dev"
2026-06-27 19:37:20.794 [restartedMain] INFO  o.s.d.r.config.RepositoryConfigurationDelegate - Multiple Spring Data modules found, entering strict repository configuration mode
2026-06-27 19:37:20.795 [restartedMain] INFO  o.s.d.r.config.RepositoryConfigurationDelegate - Bootstrapping Spring Data Redis repositories in DEFAULT mode.
2026-06-27 19:37:20.841 [restartedMain] INFO  o.s.d.r.config.RepositoryConfigurationDelegate - Finished Spring Data repository scanning in 44 ms. Found 0 Redis repository interfaces.
2026-06-27 19:37:21.245 [restartedMain] INFO  o.s.boot.web.embedded.tomcat.TomcatWebServer - Tomcat initialized with port(s): 8080 (http)
2026-06-27 19:37:21.246 [restartedMain] INFO  org.apache.coyote.http11.Http11NioProtocol - Initializing ProtocolHandler ["http-nio-8080"]
2026-06-27 19:37:21.246 [restartedMain] INFO  org.apache.catalina.core.StandardService - Starting service [Tomcat]
2026-06-27 19:37:21.247 [restartedMain] INFO  org.apache.catalina.core.StandardEngine - Starting Servlet engine: [Apache Tomcat/9.0.83]
2026-06-27 19:37:21.281 [restartedMain] INFO  o.a.c.core.ContainerBase.[Tomcat].[localhost].[/] - Initializing Spring embedded WebApplicationContext
2026-06-27 19:37:21.282 [restartedMain] INFO  o.s.b.w.s.c.ServletWebServerApplicationContext - Root WebApplicationContext: initialization completed in 1048 ms
2026-06-27 19:37:21.375 [restartedMain] INFO  c.a.d.s.b.a.DruidDataSourceAutoConfigure - Init DruidDataSource
2026-06-27 19:37:21.841 [restartedMain] INFO  com.alibaba.druid.pool.DruidDataSource - {dataSource-6} inited
2026-06-27 19:37:26.813 [restartedMain] INFO  o.s.b.d.autoconfigure.OptionalLiveReloadServer - LiveReload server is running on port 35729
2026-06-27 19:37:26.857 [restartedMain] INFO  org.apache.coyote.http11.Http11NioProtocol - Starting ProtocolHandler ["http-nio-8080"]
2026-06-27 19:37:26.890 [restartedMain] INFO  o.s.boot.web.embedded.tomcat.TomcatWebServer - Tomcat started on port(s): 8080 (http) with context path ''
2026-06-27 19:37:26.914 [restartedMain] INFO  com.project.travel.TravelApplication - Started TravelApplication in 6.802 seconds (JVM running for 8992.38)
2026-06-27 19:37:26.917 [restartedMain] INFO  o.s.b.d.a.ConditionEvaluationDeltaLoggingListener - Condition evaluation unchanged
2026-06-27 19:37:30.755 [File Watcher] INFO  o.s.b.d.a.LocalDevToolsAutoConfiguration$RestartingClassPathChangeChangedEventListener - Restarting due to 2 class path changes (0 additions, 0 deletions, 2 modifications)
2026-06-27 19:37:33.879 [Thread-25] INFO  org.apache.coyote.http11.Http11NioProtocol - Pausing ProtocolHandler ["http-nio-8080"]
2026-06-27 19:37:33.880 [Thread-25] INFO  org.apache.catalina.core.StandardService - Stopping service [Tomcat]
2026-06-27 19:37:33.901 [Thread-25] INFO  org.apache.coyote.http11.Http11NioProtocol - Stopping ProtocolHandler ["http-nio-8080"]
2026-06-27 19:37:33.911 [Thread-25] INFO  org.apache.coyote.http11.Http11NioProtocol - Destroying ProtocolHandler ["http-nio-8080"]
2026-06-27 19:37:33.913 [Thread-25] INFO  com.alibaba.druid.pool.DruidDataSource - {dataSource-6} closing ...
2026-06-27 19:37:33.921 [Thread-25] INFO  com.alibaba.druid.pool.DruidDataSource - {dataSource-6} closed
2026-06-27 19:37:34.918 [restartedMain] INFO  com.project.travel.TravelApplication - Starting TravelApplication using Java 1.8.0_202 on dilireba with PID 1352 (C:\maven\travel_system\travel\travel\travel-server\target\classes started by solitude in C:\maven\travel_system\travel\travel\travel-server)
2026-06-27 19:37:34.918 [restartedMain] INFO  com.project.travel.TravelApplication - The following 1 profile is active: "dev"
2026-06-27 19:37:35.306 [restartedMain] INFO  o.s.d.r.config.RepositoryConfigurationDelegate - Multiple Spring Data modules found, entering strict repository configuration mode
2026-06-27 19:37:35.306 [restartedMain] INFO  o.s.d.r.config.RepositoryConfigurationDelegate - Bootstrapping Spring Data Redis repositories in DEFAULT mode.
2026-06-27 19:37:35.337 [restartedMain] INFO  o.s.d.r.config.RepositoryConfigurationDelegate - Finished Spring Data repository scanning in 31 ms. Found 0 Redis repository interfaces.
2026-06-27 19:37:35.544 [restartedMain] INFO  o.s.boot.web.embedded.tomcat.TomcatWebServer - Tomcat initialized with port(s): 8080 (http)
2026-06-27 19:37:35.545 [restartedMain] INFO  org.apache.coyote.http11.Http11NioProtocol - Initializing ProtocolHandler ["http-nio-8080"]
2026-06-27 19:37:35.545 [restartedMain] INFO  org.apache.catalina.core.StandardService - Starting service [Tomcat]
2026-06-27 19:37:35.545 [restartedMain] INFO  org.apache.catalina.core.StandardEngine - Starting Servlet engine: [Apache Tomcat/9.0.83]
2026-06-27 19:37:35.581 [restartedMain] INFO  o.a.c.core.ContainerBase.[Tomcat].[localhost].[/] - Initializing Spring embedded WebApplicationContext
2026-06-27 19:37:35.582 [restartedMain] INFO  o.s.b.w.s.c.ServletWebServerApplicationContext - Root WebApplicationContext: initialization completed in 662 ms
2026-06-27 19:37:35.632 [restartedMain] INFO  c.a.d.s.b.a.DruidDataSourceAutoConfigure - Init DruidDataSource
2026-06-27 19:37:35.813 [restartedMain] INFO  com.alibaba.druid.pool.DruidDataSource - {dataSource-7} inited
2026-06-27 19:37:39.970 [restartedMain] INFO  o.s.b.d.autoconfigure.OptionalLiveReloadServer - LiveReload server is running on port 35729
2026-06-27 19:37:39.997 [restartedMain] INFO  org.apache.coyote.http11.Http11NioProtocol - Starting ProtocolHandler ["http-nio-8080"]
2026-06-27 19:37:40.010 [restartedMain] INFO  o.s.boot.web.embedded.tomcat.TomcatWebServer - Tomcat started on port(s): 8080 (http) with context path ''
2026-06-27 19:37:40.016 [restartedMain] INFO  com.project.travel.TravelApplication - Started TravelApplication in 5.189 seconds (JVM running for 9005.481)
2026-06-27 19:37:40.017 [restartedMain] INFO  o.s.b.d.a.ConditionEvaluationDeltaLoggingListener - Condition evaluation unchanged
2026-06-27 19:39:15.725 [http-nio-8080-exec-2] INFO  o.a.c.core.ContainerBase.[Tomcat].[localhost].[/] - Initializing Spring DispatcherServlet 'dispatcherServlet'
2026-06-27 19:39:15.727 [http-nio-8080-exec-2] INFO  org.springframework.web.servlet.DispatcherServlet - Initializing Servlet 'dispatcherServlet'
2026-06-27 19:39:15.730 [http-nio-8080-exec-2] INFO  org.springframework.web.servlet.DispatcherServlet - Completed initialization in 3 ms
2026-06-27 19:39:15.816 [http-nio-8080-exec-2] INFO  c.p.t.c.attractions.SysAttractionsController - 查询景点参数：SysAttractions(id=null, name=null, price=null, introduce=null, content=null, num=null, realName=null, images=null, scenicType=null, location=null, pv=null, open=null, time=null, state=1, createBy=null, createTime=null, updateBy=null, updateTime=null, pageNumber=1, pageSize=100)
2026-06-27 19:39:15.819 [http-nio-8080-exec-2] INFO  c.p.t.c.attractions.SysAttractionsController - location 参数值：null
2026-06-27 19:39:15.832 [http-nio-8080-exec-2] INFO  c.p.t.c.attractions.SysAttractionsController - 最终查询条件 SQL：(state = #{ew.paramNameValuePairs.MPGENVAL1}) ORDER BY create_time DESC
2026-06-27 19:39:15.851 [http-nio-8080-exec-2] INFO  c.p.t.c.attractions.SysAttractionsController - 查询结果数量：9
2026-06-27 19:39:15.862 [http-nio-8080-exec-3] INFO  c.p.t.c.attractions.SysAttractionsController - 查询景点参数：SysAttractions(id=null, name=, price=null, introduce=null, content=null, num=null, realName=null, images=null, scenicType=, location=, pv=null, open=null, time=null, state=1, createBy=null, createTime=null, updateBy=null, updateTime=null, pageNumber=1, pageSize=9)
2026-06-27 19:39:15.863 [http-nio-8080-exec-3] INFO  c.p.t.c.attractions.SysAttractionsController - location 参数值：
2026-06-27 19:39:15.863 [http-nio-8080-exec-3] INFO  c.p.t.c.attractions.SysAttractionsController - 最终查询条件 SQL：(state = #{ew.paramNameValuePairs.MPGENVAL1}) ORDER BY create_time DESC
2026-06-27 19:39:15.863 [http-nio-8080-exec-5] INFO  c.p.t.c.attractions.SysAttractionsController - 查询景点参数：SysAttractions(id=null, name=null, price=null, introduce=null, content=null, num=null, realName=null, images=null, scenicType=null, location=null, pv=null, open=null, time=null, state=1, createBy=null, createTime=null, updateBy=null, updateTime=null, pageNumber=1, pageSize=100)
2026-06-27 19:39:15.863 [http-nio-8080-exec-5] INFO  c.p.t.c.attractions.SysAttractionsController - location 参数值：null
2026-06-27 19:39:15.863 [http-nio-8080-exec-5] INFO  c.p.t.c.attractions.SysAttractionsController - 最终查询条件 SQL：(state = #{ew.paramNameValuePairs.MPGENVAL1}) ORDER BY create_time DESC
2026-06-27 19:39:15.881 [http-nio-8080-exec-3] INFO  c.p.t.c.attractions.SysAttractionsController - 查询结果数量：9
2026-06-27 19:39:15.882 [http-nio-8080-exec-5] INFO  c.p.t.c.attractions.SysAttractionsController - 查询结果数量：9
2026-06-27 19:39:17.432 [http-nio-8080-exec-4] INFO  c.p.t.c.attractions.SysAttractionsController - 查询景点参数：SysAttractions(id=null, name=null, price=null, introduce=null, content=null, num=null, realName=null, images=null, scenicType=null, location=甘肃, pv=null, open=null, time=null, state=1, createBy=null, createTime=null, updateBy=null, updateTime=null, pageNumber=1, pageSize=100)
2026-06-27 19:39:17.432 [http-nio-8080-exec-10] INFO  c.p.t.c.attractions.SysAttractionsController - 查询景点参数：SysAttractions(id=null, name=, price=null, introduce=null, content=null, num=null, realName=null, images=null, scenicType=, location=甘肃, pv=null, open=null, time=null, state=1, createBy=null, createTime=null, updateBy=null, updateTime=null, pageNumber=1, pageSize=9)
2026-06-27 19:39:17.432 [http-nio-8080-exec-4] INFO  c.p.t.c.attractions.SysAttractionsController - location 参数值：甘肃
2026-06-27 19:39:17.432 [http-nio-8080-exec-10] INFO  c.p.t.c.attractions.SysAttractionsController - location 参数值：甘肃
2026-06-27 19:39:17.432 [http-nio-8080-exec-4] INFO  c.p.t.c.attractions.SysAttractionsController - 应用地区筛选：甘肃
2026-06-27 19:39:17.432 [http-nio-8080-exec-10] INFO  c.p.t.c.attractions.SysAttractionsController - 应用地区筛选：甘肃
2026-06-27 19:39:17.434 [http-nio-8080-exec-4] INFO  c.p.t.c.attractions.SysAttractionsController - 最终查询条件 SQL：(state = #{ew.paramNameValuePairs.MPGENVAL1} AND location LIKE #{ew.paramNameValuePairs.MPGENVAL2}) ORDER BY create_time DESC
2026-06-27 19:39:17.434 [http-nio-8080-exec-10] INFO  c.p.t.c.attractions.SysAttractionsController - 最终查询条件 SQL：(state = #{ew.paramNameValuePairs.MPGENVAL1} AND location LIKE #{ew.paramNameValuePairs.MPGENVAL2}) ORDER BY create_time DESC
2026-06-27 19:39:17.440 [http-nio-8080-exec-10] INFO  c.p.t.c.attractions.SysAttractionsController - 查询结果数量：2
2026-06-27 19:39:17.440 [http-nio-8080-exec-4] INFO  c.p.t.c.attractions.SysAttractionsController - 查询结果数量：2
2026-06-27 19:39:18.265 [http-nio-8080-exec-11] INFO  com.project.travel.handle.MyMetaObjectHandler - 公共字段自动填充[update]...
2026-06-27 19:39:25.226 [http-nio-8080-exec-13] INFO  com.project.travel.handle.MyMetaObjectHandler - 公共字段自动填充[update]...
2026-06-27 19:39:25.234 [http-nio-8080-exec-13] INFO  com.project.travel.handle.MyMetaObjectHandler - 公共字段自动填充[insert]...
2026-06-27 19:39:26.949 [http-nio-8080-exec-14] INFO  com.project.travel.handle.MyMetaObjectHandler - 公共字段自动填充[update]...
2026-06-27 19:39:26.955 [http-nio-8080-exec-14] INFO  com.project.travel.handle.MyMetaObjectHandler - 公共字段自动填充[insert]...
2026-06-27 19:39:27.380 [http-nio-8080-exec-15] INFO  com.project.travel.handle.MyMetaObjectHandler - 公共字段自动填充[update]...
2026-06-27 19:39:27.385 [http-nio-8080-exec-15] INFO  com.project.travel.handle.MyMetaObjectHandler - 公共字段自动填充[insert]...
2026-06-27 19:39:27.546 [http-nio-8080-exec-22] INFO  com.project.travel.handle.MyMetaObjectHandler - 公共字段自动填充[update]...
2026-06-27 19:39:27.552 [http-nio-8080-exec-22] INFO  com.project.travel.handle.MyMetaObjectHandler - 公共字段自动填充[insert]...
2026-06-27 19:39:34.179 [SpringApplicationShutdownHook] INFO  com.alibaba.druid.pool.DruidDataSource - {dataSource-7} closing ...
2026-06-27 19:39:34.181 [SpringApplicationShutdownHook] INFO  com.alibaba.druid.pool.DruidDataSource - {dataSource-7} closed
2026-06-27 19:39:40.606 [restartedMain] INFO  com.project.travel.TravelApplication - Starting TravelApplication using Java 1.8.0_202 on dilireba with PID 37036 (C:\maven\travel_system\travel\travel\travel-server\target\classes started by solitude in C:\maven\travel_system\travel\travel\travel-server)
2026-06-27 19:39:40.607 [restartedMain] INFO  com.project.travel.TravelApplication - The following 1 profile is active: "dev"
2026-06-27 19:39:40.664 [restartedMain] INFO  o.s.b.d.env.DevToolsPropertyDefaultsPostProcessor - Devtools property defaults active! Set 'spring.devtools.add-properties' to 'false' to disable
2026-06-27 19:39:40.664 [restartedMain] INFO  o.s.b.d.env.DevToolsPropertyDefaultsPostProcessor - For additional web related logging consider setting the 'logging.level.web' property to 'DEBUG'
2026-06-27 19:39:41.170 [restartedMain] INFO  o.s.d.r.config.RepositoryConfigurationDelegate - Multiple Spring Data modules found, entering strict repository configuration mode
2026-06-27 19:39:41.171 [restartedMain] INFO  o.s.d.r.config.RepositoryConfigurationDelegate - Bootstrapping Spring Data Redis repositories in DEFAULT mode.
2026-06-27 19:39:41.198 [restartedMain] INFO  o.s.d.r.config.RepositoryConfigurationDelegate - Finished Spring Data repository scanning in 15 ms. Found 0 Redis repository interfaces.
2026-06-27 19:39:41.805 [restartedMain] INFO  o.s.boot.web.embedded.tomcat.TomcatWebServer - Tomcat initialized with port(s): 8080 (http)
2026-06-27 19:39:41.811 [restartedMain] INFO  org.apache.coyote.http11.Http11NioProtocol - Initializing ProtocolHandler ["http-nio-8080"]
2026-06-27 19:39:41.813 [restartedMain] INFO  org.apache.catalina.core.StandardService - Starting service [Tomcat]
2026-06-27 19:39:41.813 [restartedMain] INFO  org.apache.catalina.core.StandardEngine - Starting Servlet engine: [Apache Tomcat/9.0.83]
2026-06-27 19:39:41.883 [restartedMain] INFO  o.a.c.core.ContainerBase.[Tomcat].[localhost].[/] - Initializing Spring embedded WebApplicationContext
2026-06-27 19:39:41.884 [restartedMain] INFO  o.s.b.w.s.c.ServletWebServerApplicationContext - Root WebApplicationContext: initialization completed in 1220 ms
2026-06-27 19:39:42.233 [restartedMain] INFO  c.a.d.s.b.a.DruidDataSourceAutoConfigure - Init DruidDataSource
2026-06-27 19:39:43.907 [restartedMain] INFO  com.alibaba.druid.pool.DruidDataSource - {dataSource-1} inited
2026-06-27 19:39:46.630 [restartedMain] INFO  o.s.b.d.autoconfigure.OptionalLiveReloadServer - LiveReload server is running on port 35729
2026-06-27 19:39:46.658 [restartedMain] INFO  org.apache.coyote.http11.Http11NioProtocol - Starting ProtocolHandler ["http-nio-8080"]
2026-06-27 19:39:46.689 [restartedMain] INFO  o.s.boot.web.embedded.tomcat.TomcatWebServer - Tomcat started on port(s): 8080 (http) with context path ''
2026-06-27 19:39:46.702 [restartedMain] INFO  com.project.travel.TravelApplication - Started TravelApplication in 6.494 seconds (JVM running for 6.859)
2026-06-27 19:40:01.680 [http-nio-8080-exec-1] INFO  o.a.c.core.ContainerBase.[Tomcat].[localhost].[/] - Initializing Spring DispatcherServlet 'dispatcherServlet'
2026-06-27 19:40:01.680 [http-nio-8080-exec-1] INFO  org.springframework.web.servlet.DispatcherServlet - Initializing Servlet 'dispatcherServlet'
2026-06-27 19:40:01.683 [http-nio-8080-exec-1] INFO  org.springframework.web.servlet.DispatcherServlet - Completed initialization in 3 ms
2026-06-27 19:40:05.883 [http-nio-8080-exec-2] INFO  com.project.travel.handle.MyMetaObjectHandler - 公共字段自动填充[update]...
2026-06-27 19:40:16.922 [http-nio-8080-exec-6] INFO  com.project.travel.handle.MyMetaObjectHandler - 公共字段自动填充[update]...
2026-06-27 19:40:16.957 [http-nio-8080-exec-6] INFO  com.project.travel.handle.MyMetaObjectHandler - 公共字段自动填充[insert]...
2026-06-27 19:40:17.842 [http-nio-8080-exec-5] INFO  com.project.travel.handle.MyMetaObjectHandler - 公共字段自动填充[update]...
2026-06-27 19:40:17.870 [http-nio-8080-exec-5] INFO  com.project.travel.handle.MyMetaObjectHandler - 公共字段自动填充[insert]...
2026-06-27 19:40:18.217 [http-nio-8080-exec-4] INFO  com.project.travel.handle.MyMetaObjectHandler - 公共字段自动填充[update]...
2026-06-27 19:40:18.230 [http-nio-8080-exec-4] INFO  com.project.travel.handle.MyMetaObjectHandler - 公共字段自动填充[insert]...
2026-06-27 19:40:18.355 [http-nio-8080-exec-7] INFO  com.project.travel.handle.MyMetaObjectHandler - 公共字段自动填充[update]...
2026-06-27 19:40:18.376 [http-nio-8080-exec-7] INFO  com.project.travel.handle.MyMetaObjectHandler - 公共字段自动填充[insert]...
2026-06-27 19:40:44.385 [http-nio-8080-exec-24] INFO  c.p.t.c.attractions.SysAttractionsController - 查询景点参数：SysAttractions(id=null, name=null, price=null, introduce=null, content=null, num=null, realName=null, images=null, scenicType=null, location=null, pv=null, open=null, time=null, state=1, createBy=null, createTime=null, updateBy=null, updateTime=null, pageNumber=1, pageSize=100)
2026-06-27 19:40:44.387 [http-nio-8080-exec-24] INFO  c.p.t.c.attractions.SysAttractionsController - location 参数值：null
2026-06-27 19:40:44.390 [http-nio-8080-exec-24] INFO  c.p.t.c.attractions.SysAttractionsController - 最终查询条件 SQL：(state = #{ew.paramNameValuePairs.MPGENVAL1}) ORDER BY create_time DESC
2026-06-27 19:40:44.413 [http-nio-8080-exec-26] INFO  c.p.t.c.attractions.SysAttractionsController - 查询景点参数：SysAttractions(id=null, name=, price=null, introduce=null, content=null, num=null, realName=null, images=null, scenicType=, location=, pv=null, open=null, time=null, state=1, createBy=null, createTime=null, updateBy=null, updateTime=null, pageNumber=1, pageSize=9)
2026-06-27 19:40:44.415 [http-nio-8080-exec-26] INFO  c.p.t.c.attractions.SysAttractionsController - location 参数值：
2026-06-27 19:40:44.415 [http-nio-8080-exec-26] INFO  c.p.t.c.attractions.SysAttractionsController - 最终查询条件 SQL：(state = #{ew.paramNameValuePairs.MPGENVAL1}) ORDER BY create_time DESC
2026-06-27 19:40:44.418 [http-nio-8080-exec-24] INFO  c.p.t.c.attractions.SysAttractionsController - 查询结果数量：9
2026-06-27 19:40:44.430 [http-nio-8080-exec-27] INFO  c.p.t.c.attractions.SysAttractionsController - 查询景点参数：SysAttractions(id=null, name=null, price=null, introduce=null, content=null, num=null, realName=null, images=null, scenicType=null, location=null, pv=null, open=null, time=null, state=1, createBy=null, createTime=null, updateBy=null, updateTime=null, pageNumber=1, pageSize=100)
2026-06-27 19:40:44.430 [http-nio-8080-exec-27] INFO  c.p.t.c.attractions.SysAttractionsController - location 参数值：null
2026-06-27 19:40:44.432 [http-nio-8080-exec-27] INFO  c.p.t.c.attractions.SysAttractionsController - 最终查询条件 SQL：(state = #{ew.paramNameValuePairs.MPGENVAL1}) ORDER BY create_time DESC
2026-06-27 19:40:44.444 [http-nio-8080-exec-26] INFO  c.p.t.c.attractions.SysAttractionsController - 查询结果数量：9
2026-06-27 19:40:44.457 [http-nio-8080-exec-27] INFO  c.p.t.c.attractions.SysAttractionsController - 查询结果数量：9
2026-06-27 19:40:45.739 [http-nio-8080-exec-30] INFO  c.p.t.c.attractions.SysAttractionsController - 查询景点参数：SysAttractions(id=null, name=null, price=null, introduce=null, content=null, num=null, realName=null, images=null, scenicType=null, location=null, pv=null, open=null, time=null, state=1, createBy=null, createTime=null, updateBy=null, updateTime=null, pageNumber=1, pageSize=100)
2026-06-27 19:40:45.739 [http-nio-8080-exec-30] INFO  c.p.t.c.attractions.SysAttractionsController - location 参数值：null
2026-06-27 19:40:45.740 [http-nio-8080-exec-30] INFO  c.p.t.c.attractions.SysAttractionsController - 最终查询条件 SQL：(state = #{ew.paramNameValuePairs.MPGENVAL1}) ORDER BY create_time DESC
2026-06-27 19:40:45.756 [http-nio-8080-exec-30] INFO  c.p.t.c.attractions.SysAttractionsController - 查询结果数量：9
2026-06-27 19:40:47.505 [http-nio-8080-exec-33] INFO  com.project.travel.handle.MyMetaObjectHandler - 公共字段自动填充[update]...
2026-06-27 19:40:53.813 [http-nio-8080-exec-35] INFO  com.project.travel.handle.MyMetaObjectHandler - 公共字段自动填充[update]...
2026-06-27 19:40:53.823 [http-nio-8080-exec-35] INFO  com.project.travel.handle.MyMetaObjectHandler - 公共字段自动填充[insert]...
2026-06-27 19:40:54.165 [http-nio-8080-exec-36] INFO  com.project.travel.handle.MyMetaObjectHandler - 公共字段自动填充[update]...
2026-06-27 19:40:54.175 [http-nio-8080-exec-36] INFO  com.project.travel.handle.MyMetaObjectHandler - 公共字段自动填充[insert]...
2026-06-27 19:41:44.169 [File Watcher] INFO  o.s.b.d.a.LocalDevToolsAutoConfiguration$RestartingClassPathChangeChangedEventListener - Restarting due to 1 class path change (0 additions, 0 deletions, 1 modification)
2026-06-27 19:41:46.537 [Thread-7] INFO  org.apache.coyote.http11.Http11NioProtocol - Pausing ProtocolHandler ["http-nio-8080"]
2026-06-27 19:41:46.538 [Thread-7] INFO  org.apache.catalina.core.StandardService - Stopping service [Tomcat]
2026-06-27 19:41:46.540 [Thread-7] INFO  o.a.c.core.ContainerBase.[Tomcat].[localhost].[/] - Destroying Spring FrameworkServlet 'dispatcherServlet'
2026-06-27 19:41:46.571 [Thread-7] INFO  org.apache.coyote.http11.Http11NioProtocol - Stopping ProtocolHandler ["http-nio-8080"]
2026-06-27 19:41:46.591 [Thread-7] INFO  org.apache.coyote.http11.Http11NioProtocol - Destroying ProtocolHandler ["http-nio-8080"]
2026-06-27 19:41:46.606 [Thread-7] INFO  com.alibaba.druid.pool.DruidDataSource - {dataSource-1} closing ...
2026-06-27 19:41:46.618 [Thread-7] INFO  com.alibaba.druid.pool.DruidDataSource - {dataSource-1} closed
2026-06-27 19:41:47.267 [restartedMain] INFO  com.project.travel.TravelApplication - Starting TravelApplication using Java 1.8.0_202 on dilireba with PID 37036 (C:\maven\travel_system\travel\travel\travel-server\target\classes started by solitude in C:\maven\travel_system\travel\travel\travel-server)
2026-06-27 19:41:47.268 [restartedMain] INFO  com.project.travel.TravelApplication - The following 1 profile is active: "dev"
2026-06-27 19:41:47.923 [restartedMain] INFO  o.s.d.r.config.RepositoryConfigurationDelegate - Multiple Spring Data modules found, entering strict repository configuration mode
2026-06-27 19:41:47.923 [restartedMain] INFO  o.s.d.r.config.RepositoryConfigurationDelegate - Bootstrapping Spring Data Redis repositories in DEFAULT mode.
2026-06-27 19:41:47.966 [restartedMain] INFO  o.s.d.r.config.RepositoryConfigurationDelegate - Finished Spring Data repository scanning in 42 ms. Found 0 Redis repository interfaces.
2026-06-27 19:41:48.588 [restartedMain] INFO  o.s.boot.web.embedded.tomcat.TomcatWebServer - Tomcat initialized with port(s): 8080 (http)
2026-06-27 19:41:48.589 [restartedMain] INFO  org.apache.coyote.http11.Http11NioProtocol - Initializing ProtocolHandler ["http-nio-8080"]
2026-06-27 19:41:48.590 [restartedMain] INFO  org.apache.catalina.core.StandardService - Starting service [Tomcat]
2026-06-27 19:41:48.591 [restartedMain] INFO  org.apache.catalina.core.StandardEngine - Starting Servlet engine: [Apache Tomcat/9.0.83]
2026-06-27 19:41:48.649 [restartedMain] INFO  o.a.c.core.ContainerBase.[Tomcat].[localhost].[/] - Initializing Spring embedded WebApplicationContext
2026-06-27 19:41:48.649 [restartedMain] INFO  o.s.b.w.s.c.ServletWebServerApplicationContext - Root WebApplicationContext: initialization completed in 1363 ms
2026-06-27 19:41:48.773 [restartedMain] INFO  c.a.d.s.b.a.DruidDataSourceAutoConfigure - Init DruidDataSource
2026-06-27 19:41:49.038 [restartedMain] INFO  com.alibaba.druid.pool.DruidDataSource - {dataSource-2} inited
2026-06-27 19:41:52.755 [restartedMain] INFO  o.s.b.d.autoconfigure.OptionalLiveReloadServer - LiveReload server is running on port 35729
2026-06-27 19:41:52.789 [restartedMain] INFO  org.apache.coyote.http11.Http11NioProtocol - Starting ProtocolHandler ["http-nio-8080"]
2026-06-27 19:41:52.803 [restartedMain] INFO  o.s.boot.web.embedded.tomcat.TomcatWebServer - Tomcat started on port(s): 8080 (http) with context path ''
2026-06-27 19:41:52.832 [restartedMain] INFO  com.project.travel.TravelApplication - Started TravelApplication in 5.768 seconds (JVM running for 132.989)
2026-06-27 19:41:52.835 [restartedMain] INFO  o.s.b.d.a.ConditionEvaluationDeltaLoggingListener - Condition evaluation unchanged
2026-06-27 19:41:54.315 [File Watcher] INFO  o.s.b.d.a.LocalDevToolsAutoConfiguration$RestartingClassPathChangeChangedEventListener - Restarting due to 3 class path changes (0 additions, 0 deletions, 3 modifications)
2026-06-27 19:41:57.057 [Thread-9] INFO  org.apache.coyote.http11.Http11NioProtocol - Pausing ProtocolHandler ["http-nio-8080"]
2026-06-27 19:41:57.058 [Thread-9] INFO  org.apache.catalina.core.StandardService - Stopping service [Tomcat]
2026-06-27 19:41:57.069 [Thread-9] INFO  org.apache.coyote.http11.Http11NioProtocol - Stopping ProtocolHandler ["http-nio-8080"]
2026-06-27 19:41:57.087 [Thread-9] INFO  org.apache.coyote.http11.Http11NioProtocol - Destroying ProtocolHandler ["http-nio-8080"]
2026-06-27 19:41:57.090 [Thread-9] INFO  com.alibaba.druid.pool.DruidDataSource - {dataSource-2} closing ...
2026-06-27 19:41:57.096 [Thread-9] INFO  com.alibaba.druid.pool.DruidDataSource - {dataSource-2} closed
2026-06-27 19:41:57.670 [restartedMain] INFO  com.project.travel.TravelApplication - Starting TravelApplication using Java 1.8.0_202 on dilireba with PID 37036 (C:\maven\travel_system\travel\travel\travel-server\target\classes started by solitude in C:\maven\travel_system\travel\travel\travel-server)
2026-06-27 19:41:57.672 [restartedMain] INFO  com.project.travel.TravelApplication - The following 1 profile is active: "dev"
2026-06-27 19:41:58.236 [restartedMain] INFO  o.s.d.r.config.RepositoryConfigurationDelegate - Multiple Spring Data modules found, entering strict repository configuration mode
2026-06-27 19:41:58.236 [restartedMain] INFO  o.s.d.r.config.RepositoryConfigurationDelegate - Bootstrapping Spring Data Redis repositories in DEFAULT mode.
2026-06-27 19:41:58.258 [restartedMain] INFO  o.s.d.r.config.RepositoryConfigurationDelegate - Finished Spring Data repository scanning in 22 ms. Found 0 Redis repository interfaces.
2026-06-27 19:41:58.476 [restartedMain] INFO  o.s.boot.web.embedded.tomcat.TomcatWebServer - Tomcat initialized with port(s): 8080 (http)
2026-06-27 19:41:58.478 [restartedMain] INFO  org.apache.coyote.http11.Http11NioProtocol - Initializing ProtocolHandler ["http-nio-8080"]
2026-06-27 19:41:58.478 [restartedMain] INFO  org.apache.catalina.core.StandardService - Starting service [Tomcat]
2026-06-27 19:41:58.479 [restartedMain] INFO  org.apache.catalina.core.StandardEngine - Starting Servlet engine: [Apache Tomcat/9.0.83]
2026-06-27 19:41:58.521 [restartedMain] INFO  o.a.c.core.ContainerBase.[Tomcat].[localhost].[/] - Initializing Spring embedded WebApplicationContext
2026-06-27 19:41:58.521 [restartedMain] INFO  o.s.b.w.s.c.ServletWebServerApplicationContext - Root WebApplicationContext: initialization completed in 845 ms
2026-06-27 19:41:58.581 [restartedMain] INFO  c.a.d.s.b.a.DruidDataSourceAutoConfigure - Init DruidDataSource
2026-06-27 19:41:58.827 [restartedMain] INFO  com.alibaba.druid.pool.DruidDataSource - {dataSource-3} inited
2026-06-27 19:42:02.704 [restartedMain] INFO  o.s.b.d.autoconfigure.OptionalLiveReloadServer - LiveReload server is running on port 35729
2026-06-27 19:42:02.735 [restartedMain] INFO  org.apache.coyote.http11.Http11NioProtocol - Starting ProtocolHandler ["http-nio-8080"]
2026-06-27 19:42:02.747 [restartedMain] INFO  o.s.boot.web.embedded.tomcat.TomcatWebServer - Tomcat started on port(s): 8080 (http) with context path ''
2026-06-27 19:42:02.753 [restartedMain] INFO  com.project.travel.TravelApplication - Started TravelApplication in 5.182 seconds (JVM running for 142.91)
2026-06-27 19:42:02.754 [restartedMain] INFO  o.s.b.d.a.ConditionEvaluationDeltaLoggingListener - Condition evaluation unchanged
2026-06-27 19:42:16.082 [File Watcher] INFO  o.s.b.d.a.LocalDevToolsAutoConfiguration$RestartingClassPathChangeChangedEventListener - Restarting due to 4 class path changes (0 additions, 0 deletions, 4 modifications)
2026-06-27 19:42:18.907 [Thread-13] INFO  org.apache.coyote.http11.Http11NioProtocol - Pausing ProtocolHandler ["http-nio-8080"]
2026-06-27 19:42:18.908 [Thread-13] INFO  org.apache.catalina.core.StandardService - Stopping service [Tomcat]
2026-06-27 19:42:18.922 [Thread-13] INFO  org.apache.coyote.http11.Http11NioProtocol - Stopping ProtocolHandler ["http-nio-8080"]
2026-06-27 19:42:18.932 [Thread-13] INFO  org.apache.coyote.http11.Http11NioProtocol - Destroying ProtocolHandler ["http-nio-8080"]
2026-06-27 19:42:18.938 [Thread-13] INFO  com.alibaba.druid.pool.DruidDataSource - {dataSource-3} closing ...
2026-06-27 19:42:18.944 [Thread-13] INFO  com.alibaba.druid.pool.DruidDataSource - {dataSource-3} closed
2026-06-27 19:42:19.458 [restartedMain] INFO  com.project.travel.TravelApplication - Starting TravelApplication using Java 1.8.0_202 on dilireba with PID 37036 (C:\maven\travel_system\travel\travel\travel-server\target\classes started by solitude in C:\maven\travel_system\travel\travel\travel-server)
2026-06-27 19:42:19.459 [restartedMain] INFO  com.project.travel.TravelApplication - The following 1 profile is active: "dev"
2026-06-27 19:42:19.855 [restartedMain] INFO  o.s.d.r.config.RepositoryConfigurationDelegate - Multiple Spring Data modules found, entering strict repository configuration mode
2026-06-27 19:42:19.855 [restartedMain] INFO  o.s.d.r.config.RepositoryConfigurationDelegate - Bootstrapping Spring Data Redis repositories in DEFAULT mode.
2026-06-27 19:42:19.884 [restartedMain] INFO  o.s.d.r.config.RepositoryConfigurationDelegate - Finished Spring Data repository scanning in 29 ms. Found 0 Redis repository interfaces.
2026-06-27 19:42:20.152 [restartedMain] INFO  o.s.boot.web.embedded.tomcat.TomcatWebServer - Tomcat initialized with port(s): 8080 (http)
2026-06-27 19:42:20.152 [restartedMain] INFO  org.apache.coyote.http11.Http11NioProtocol - Initializing ProtocolHandler ["http-nio-8080"]
2026-06-27 19:42:20.152 [restartedMain] INFO  org.apache.catalina.core.StandardService - Starting service [Tomcat]
2026-06-27 19:42:20.153 [restartedMain] INFO  org.apache.catalina.core.StandardEngine - Starting Servlet engine: [Apache Tomcat/9.0.83]
2026-06-27 19:42:20.190 [restartedMain] INFO  o.a.c.core.ContainerBase.[Tomcat].[localhost].[/] - Initializing Spring embedded WebApplicationContext
2026-06-27 19:42:20.192 [restartedMain] INFO  o.s.b.w.s.c.ServletWebServerApplicationContext - Root WebApplicationContext: initialization completed in 730 ms
2026-06-27 19:42:20.247 [restartedMain] INFO  c.a.d.s.b.a.DruidDataSourceAutoConfigure - Init DruidDataSource
2026-06-27 19:42:20.422 [restartedMain] INFO  com.alibaba.druid.pool.DruidDataSource - {dataSource-4} inited
2026-06-27 19:42:24.087 [restartedMain] INFO  o.s.b.d.autoconfigure.OptionalLiveReloadServer - LiveReload server is running on port 35729
2026-06-27 19:42:24.117 [restartedMain] INFO  org.apache.coyote.http11.Http11NioProtocol - Starting ProtocolHandler ["http-nio-8080"]
2026-06-27 19:42:24.131 [restartedMain] INFO  o.s.boot.web.embedded.tomcat.TomcatWebServer - Tomcat started on port(s): 8080 (http) with context path ''
2026-06-27 19:42:24.140 [restartedMain] INFO  com.project.travel.TravelApplication - Started TravelApplication in 4.756 seconds (JVM running for 164.296)
2026-06-27 19:42:24.142 [restartedMain] INFO  o.s.b.d.a.ConditionEvaluationDeltaLoggingListener - Condition evaluation unchanged
2026-06-27 19:43:07.526 [File Watcher] INFO  o.s.b.d.a.LocalDevToolsAutoConfiguration$RestartingClassPathChangeChangedEventListener - Restarting due to 1 class path change (0 additions, 0 deletions, 1 modification)
2026-06-27 19:43:10.355 [Thread-17] INFO  org.apache.coyote.http11.Http11NioProtocol - Pausing ProtocolHandler ["http-nio-8080"]
2026-06-27 19:43:10.357 [Thread-17] INFO  org.apache.catalina.core.StandardService - Stopping service [Tomcat]
2026-06-27 19:43:10.372 [Thread-17] INFO  org.apache.coyote.http11.Http11NioProtocol - Stopping ProtocolHandler ["http-nio-8080"]
2026-06-27 19:43:10.383 [Thread-17] INFO  org.apache.coyote.http11.Http11NioProtocol - Destroying ProtocolHandler ["http-nio-8080"]
2026-06-27 19:43:10.386 [Thread-17] INFO  com.alibaba.druid.pool.DruidDataSource - {dataSource-4} closing ...
2026-06-27 19:43:10.396 [Thread-17] INFO  com.alibaba.druid.pool.DruidDataSource - {dataSource-4} closed
2026-06-27 19:43:10.894 [restartedMain] INFO  com.project.travel.TravelApplication - Starting TravelApplication using Java 1.8.0_202 on dilireba with PID 37036 (C:\maven\travel_system\travel\travel\travel-server\target\classes started by solitude in C:\maven\travel_system\travel\travel\travel-server)
2026-06-27 19:43:10.896 [restartedMain] INFO  com.project.travel.TravelApplication - The following 1 profile is active: "dev"
2026-06-27 19:43:11.284 [restartedMain] INFO  o.s.d.r.config.RepositoryConfigurationDelegate - Multiple Spring Data modules found, entering strict repository configuration mode
2026-06-27 19:43:11.284 [restartedMain] INFO  o.s.d.r.config.RepositoryConfigurationDelegate - Bootstrapping Spring Data Redis repositories in DEFAULT mode.
2026-06-27 19:43:11.315 [restartedMain] INFO  o.s.d.r.config.RepositoryConfigurationDelegate - Finished Spring Data repository scanning in 30 ms. Found 0 Redis repository interfaces.
2026-06-27 19:43:11.560 [restartedMain] INFO  o.s.boot.web.embedded.tomcat.TomcatWebServer - Tomcat initialized with port(s): 8080 (http)
2026-06-27 19:43:11.562 [restartedMain] INFO  org.apache.coyote.http11.Http11NioProtocol - Initializing ProtocolHandler ["http-nio-8080"]
2026-06-27 19:43:11.562 [restartedMain] INFO  org.apache.catalina.core.StandardService - Starting service [Tomcat]
2026-06-27 19:43:11.562 [restartedMain] INFO  org.apache.catalina.core.StandardEngine - Starting Servlet engine: [Apache Tomcat/9.0.83]
2026-06-27 19:43:11.603 [restartedMain] INFO  o.a.c.core.ContainerBase.[Tomcat].[localhost].[/] - Initializing Spring embedded WebApplicationContext
2026-06-27 19:43:11.605 [restartedMain] INFO  o.s.b.w.s.c.ServletWebServerApplicationContext - Root WebApplicationContext: initialization completed in 706 ms
2026-06-27 19:43:11.660 [restartedMain] INFO  c.a.d.s.b.a.DruidDataSourceAutoConfigure - Init DruidDataSource
2026-06-27 19:43:11.850 [restartedMain] INFO  com.alibaba.druid.pool.DruidDataSource - {dataSource-5} inited
2026-06-27 19:43:15.934 [restartedMain] INFO  o.s.b.d.autoconfigure.OptionalLiveReloadServer - LiveReload server is running on port 35729
2026-06-27 19:43:15.960 [restartedMain] INFO  org.apache.coyote.http11.Http11NioProtocol - Starting ProtocolHandler ["http-nio-8080"]
2026-06-27 19:43:15.974 [restartedMain] INFO  o.s.boot.web.embedded.tomcat.TomcatWebServer - Tomcat started on port(s): 8080 (http) with context path ''
2026-06-27 19:43:15.979 [restartedMain] INFO  com.project.travel.TravelApplication - Started TravelApplication in 5.181 seconds (JVM running for 216.136)
2026-06-27 19:43:15.982 [restartedMain] INFO  o.s.b.d.a.ConditionEvaluationDeltaLoggingListener - Condition evaluation unchanged
2026-06-27 19:43:30.412 [File Watcher] INFO  o.s.b.d.a.LocalDevToolsAutoConfiguration$RestartingClassPathChangeChangedEventListener - Restarting due to 1 class path change (0 additions, 0 deletions, 1 modification)
2026-06-27 19:43:33.897 [Thread-21] INFO  org.apache.coyote.http11.Http11NioProtocol - Pausing ProtocolHandler ["http-nio-8080"]
2026-06-27 19:43:33.897 [Thread-21] INFO  org.apache.catalina.core.StandardService - Stopping service [Tomcat]
2026-06-27 19:43:33.914 [Thread-21] INFO  org.apache.coyote.http11.Http11NioProtocol - Stopping ProtocolHandler ["http-nio-8080"]
2026-06-27 19:43:33.924 [Thread-21] INFO  org.apache.coyote.http11.Http11NioProtocol - Destroying ProtocolHandler ["http-nio-8080"]
2026-06-27 19:43:33.927 [Thread-21] INFO  com.alibaba.druid.pool.DruidDataSource - {dataSource-5} closing ...
2026-06-27 19:43:33.938 [Thread-21] INFO  com.alibaba.druid.pool.DruidDataSource - {dataSource-5} closed
2026-06-27 19:43:34.337 [restartedMain] INFO  com.project.travel.TravelApplication - Starting TravelApplication using Java 1.8.0_202 on dilireba with PID 37036 (C:\maven\travel_system\travel\travel\travel-server\target\classes started by solitude in C:\maven\travel_system\travel\travel\travel-server)
2026-06-27 19:43:34.337 [restartedMain] INFO  com.project.travel.TravelApplication - The following 1 profile is active: "dev"
2026-06-27 19:43:34.642 [restartedMain] INFO  o.s.d.r.config.RepositoryConfigurationDelegate - Multiple Spring Data modules found, entering strict repository configuration mode
2026-06-27 19:43:34.642 [restartedMain] INFO  o.s.d.r.config.RepositoryConfigurationDelegate - Bootstrapping Spring Data Redis repositories in DEFAULT mode.
2026-06-27 19:43:34.673 [restartedMain] INFO  o.s.d.r.config.RepositoryConfigurationDelegate - Finished Spring Data repository scanning in 30 ms. Found 0 Redis repository interfaces.
2026-06-27 19:43:34.847 [restartedMain] INFO  o.s.boot.web.embedded.tomcat.TomcatWebServer - Tomcat initialized with port(s): 8080 (http)
2026-06-27 19:43:34.848 [restartedMain] INFO  org.apache.coyote.http11.Http11NioProtocol - Initializing ProtocolHandler ["http-nio-8080"]
2026-06-27 19:43:34.848 [restartedMain] INFO  org.apache.catalina.core.StandardService - Starting service [Tomcat]
2026-06-27 19:43:34.848 [restartedMain] INFO  org.apache.catalina.core.StandardEngine - Starting Servlet engine: [Apache Tomcat/9.0.83]
2026-06-27 19:43:34.890 [restartedMain] INFO  o.a.c.core.ContainerBase.[Tomcat].[localhost].[/] - Initializing Spring embedded WebApplicationContext
2026-06-27 19:43:34.891 [restartedMain] INFO  o.s.b.w.s.c.ServletWebServerApplicationContext - Root WebApplicationContext: initialization completed in 551 ms
2026-06-27 19:43:34.947 [restartedMain] INFO  c.a.d.s.b.a.DruidDataSourceAutoConfigure - Init DruidDataSource
2026-06-27 19:43:35.141 [restartedMain] INFO  com.alibaba.druid.pool.DruidDataSource - {dataSource-6} inited
2026-06-27 19:43:38.875 [restartedMain] INFO  o.s.b.d.autoconfigure.OptionalLiveReloadServer - LiveReload server is running on port 35729
2026-06-27 19:43:38.903 [restartedMain] INFO  org.apache.coyote.http11.Http11NioProtocol - Starting ProtocolHandler ["http-nio-8080"]
2026-06-27 19:43:38.914 [restartedMain] INFO  o.s.boot.web.embedded.tomcat.TomcatWebServer - Tomcat started on port(s): 8080 (http) with context path ''
2026-06-27 19:43:38.919 [restartedMain] INFO  com.project.travel.TravelApplication - Started TravelApplication in 4.649 seconds (JVM running for 239.076)
2026-06-27 19:43:38.921 [restartedMain] INFO  o.s.b.d.a.ConditionEvaluationDeltaLoggingListener - Condition evaluation unchanged
2026-06-27 19:45:03.060 [SpringApplicationShutdownHook] INFO  com.alibaba.druid.pool.DruidDataSource - {dataSource-6} closing ...
2026-06-27 19:45:03.062 [SpringApplicationShutdownHook] INFO  com.alibaba.druid.pool.DruidDataSource - {dataSource-6} closed
2026-06-27 19:45:09.209 [restartedMain] INFO  com.project.travel.TravelApplication - Starting TravelApplication using Java 1.8.0_202 on dilireba with PID 12352 (C:\maven\travel_system\travel\travel\travel-server\target\classes started by solitude in C:\maven\travel_system\travel\travel\travel-server)
2026-06-27 19:45:09.210 [restartedMain] INFO  com.project.travel.TravelApplication - The following 1 profile is active: "dev"
2026-06-27 19:45:09.278 [restartedMain] INFO  o.s.b.d.env.DevToolsPropertyDefaultsPostProcessor - Devtools property defaults active! Set 'spring.devtools.add-properties' to 'false' to disable
2026-06-27 19:45:09.278 [restartedMain] INFO  o.s.b.d.env.DevToolsPropertyDefaultsPostProcessor - For additional web related logging consider setting the 'logging.level.web' property to 'DEBUG'
2026-06-27 19:45:09.792 [restartedMain] INFO  o.s.d.r.config.RepositoryConfigurationDelegate - Multiple Spring Data modules found, entering strict repository configuration mode
2026-06-27 19:45:09.794 [restartedMain] INFO  o.s.d.r.config.RepositoryConfigurationDelegate - Bootstrapping Spring Data Redis repositories in DEFAULT mode.
2026-06-27 19:45:09.825 [restartedMain] INFO  o.s.d.r.config.RepositoryConfigurationDelegate - Finished Spring Data repository scanning in 20 ms. Found 0 Redis repository interfaces.
2026-06-27 19:45:10.410 [restartedMain] INFO  o.s.boot.web.embedded.tomcat.TomcatWebServer - Tomcat initialized with port(s): 8080 (http)
2026-06-27 19:45:10.417 [restartedMain] INFO  org.apache.coyote.http11.Http11NioProtocol - Initializing ProtocolHandler ["http-nio-8080"]
2026-06-27 19:45:10.420 [restartedMain] INFO  org.apache.catalina.core.StandardService - Starting service [Tomcat]
2026-06-27 19:45:10.420 [restartedMain] INFO  org.apache.catalina.core.StandardEngine - Starting Servlet engine: [Apache Tomcat/9.0.83]
2026-06-27 19:45:10.487 [restartedMain] INFO  o.a.c.core.ContainerBase.[Tomcat].[localhost].[/] - Initializing Spring embedded WebApplicationContext
2026-06-27 19:45:10.487 [restartedMain] INFO  o.s.b.w.s.c.ServletWebServerApplicationContext - Root WebApplicationContext: initialization completed in 1208 ms
2026-06-27 19:45:10.831 [restartedMain] INFO  c.a.d.s.b.a.DruidDataSourceAutoConfigure - Init DruidDataSource
2026-06-27 19:45:12.143 [restartedMain] INFO  com.alibaba.druid.pool.DruidDataSource - {dataSource-1} inited
2026-06-27 19:45:15.179 [restartedMain] INFO  o.s.b.d.autoconfigure.OptionalLiveReloadServer - LiveReload server is running on port 35729
2026-06-27 19:45:15.209 [restartedMain] INFO  org.apache.coyote.http11.Http11NioProtocol - Starting ProtocolHandler ["http-nio-8080"]
2026-06-27 19:45:15.241 [restartedMain] INFO  o.s.boot.web.embedded.tomcat.TomcatWebServer - Tomcat started on port(s): 8080 (http) with context path ''
2026-06-27 19:45:15.253 [restartedMain] INFO  com.project.travel.TravelApplication - Started TravelApplication in 6.433 seconds (JVM running for 6.801)
2026-06-27 19:45:58.834 [http-nio-8080-exec-1] INFO  o.a.c.core.ContainerBase.[Tomcat].[localhost].[/] - Initializing Spring DispatcherServlet 'dispatcherServlet'
2026-06-27 19:45:58.834 [http-nio-8080-exec-1] INFO  org.springframework.web.servlet.DispatcherServlet - Initializing Servlet 'dispatcherServlet'
2026-06-27 19:45:58.836 [http-nio-8080-exec-1] INFO  org.springframework.web.servlet.DispatcherServlet - Completed initialization in 2 ms
2026-06-27 19:46:07.607 [http-nio-8080-exec-11] INFO  c.p.t.c.attractions.SysAttractionsController - 查询景点参数：SysAttractions(id=null, name=, price=null, introduce=null, content=null, num=null, realName=null, images=null, scenicType=, location=, pv=null, open=null, time=null, state=1, createBy=null, createTime=null, updateBy=null, updateTime=null, pageNumber=1, pageSize=9)
2026-06-27 19:46:07.607 [http-nio-8080-exec-16] INFO  c.p.t.c.attractions.SysAttractionsController - 查询景点参数：SysAttractions(id=null, name=null, price=null, introduce=null, content=null, num=null, realName=null, images=null, scenicType=null, location=null, pv=null, open=null, time=null, state=1, createBy=null, createTime=null, updateBy=null, updateTime=null, pageNumber=1, pageSize=100)
2026-06-27 19:46:07.607 [http-nio-8080-exec-9] INFO  c.p.t.c.attractions.SysAttractionsController - 查询景点参数：SysAttractions(id=null, name=null, price=null, introduce=null, content=null, num=null, realName=null, images=null, scenicType=null, location=null, pv=null, open=null, time=null, state=1, createBy=null, createTime=null, updateBy=null, updateTime=null, pageNumber=1, pageSize=100)
2026-06-27 19:46:07.613 [http-nio-8080-exec-11] INFO  c.p.t.c.attractions.SysAttractionsController - location 参数值：
2026-06-27 19:46:07.613 [http-nio-8080-exec-9] INFO  c.p.t.c.attractions.SysAttractionsController - location 参数值：null
2026-06-27 19:46:07.613 [http-nio-8080-exec-16] INFO  c.p.t.c.attractions.SysAttractionsController - location 参数值：null
2026-06-27 19:46:07.614 [http-nio-8080-exec-16] INFO  c.p.t.c.attractions.SysAttractionsController - 最终查询条件 SQL：(state = #{ew.paramNameValuePairs.MPGENVAL1}) ORDER BY create_time DESC
2026-06-27 19:46:07.614 [http-nio-8080-exec-11] INFO  c.p.t.c.attractions.SysAttractionsController - 最终查询条件 SQL：(state = #{ew.paramNameValuePairs.MPGENVAL1}) ORDER BY create_time DESC
2026-06-27 19:46:07.614 [http-nio-8080-exec-9] INFO  c.p.t.c.attractions.SysAttractionsController - 最终查询条件 SQL：(state = #{ew.paramNameValuePairs.MPGENVAL1}) ORDER BY create_time DESC
2026-06-27 19:46:07.825 [http-nio-8080-exec-11] INFO  c.p.t.c.attractions.SysAttractionsController - 查询结果数量：9
2026-06-27 19:46:07.829 [http-nio-8080-exec-9] INFO  c.p.t.c.attractions.SysAttractionsController - 查询结果数量：9
2026-06-27 19:46:07.838 [http-nio-8080-exec-16] INFO  c.p.t.c.attractions.SysAttractionsController - 查询结果数量：9
2026-06-27 19:46:08.953 [http-nio-8080-exec-23] INFO  c.p.t.c.attractions.SysAttractionsController - 查询景点参数：SysAttractions(id=null, name=null, price=null, introduce=null, content=null, num=null, realName=null, images=null, scenicType=null, location=甘肃, pv=null, open=null, time=null, state=1, createBy=null, createTime=null, updateBy=null, updateTime=null, pageNumber=1, pageSize=100)
2026-06-27 19:46:08.953 [http-nio-8080-exec-23] INFO  c.p.t.c.attractions.SysAttractionsController - location 参数值：甘肃
2026-06-27 19:46:08.953 [http-nio-8080-exec-21] INFO  c.p.t.c.attractions.SysAttractionsController - 查询景点参数：SysAttractions(id=null, name=, price=null, introduce=null, content=null, num=null, realName=null, images=null, scenicType=, location=甘肃, pv=null, open=null, time=null, state=1, createBy=null, createTime=null, updateBy=null, updateTime=null, pageNumber=1, pageSize=9)
2026-06-27 19:46:08.954 [http-nio-8080-exec-21] INFO  c.p.t.c.attractions.SysAttractionsController - location 参数值：甘肃
2026-06-27 19:46:08.955 [http-nio-8080-exec-23] INFO  c.p.t.c.attractions.SysAttractionsController - 应用地区筛选：甘肃
2026-06-27 19:46:08.955 [http-nio-8080-exec-21] INFO  c.p.t.c.attractions.SysAttractionsController - 应用地区筛选：甘肃
2026-06-27 19:46:08.959 [http-nio-8080-exec-21] INFO  c.p.t.c.attractions.SysAttractionsController - 最终查询条件 SQL：(state = #{ew.paramNameValuePairs.MPGENVAL1} AND location LIKE #{ew.paramNameValuePairs.MPGENVAL2}) ORDER BY create_time DESC
2026-06-27 19:46:08.960 [http-nio-8080-exec-23] INFO  c.p.t.c.attractions.SysAttractionsController - 最终查询条件 SQL：(state = #{ew.paramNameValuePairs.MPGENVAL1} AND location LIKE #{ew.paramNameValuePairs.MPGENVAL2}) ORDER BY create_time DESC
2026-06-27 19:46:08.991 [http-nio-8080-exec-23] INFO  c.p.t.c.attractions.SysAttractionsController - 查询结果数量：2
2026-06-27 19:46:08.995 [http-nio-8080-exec-21] INFO  c.p.t.c.attractions.SysAttractionsController - 查询结果数量：2
2026-06-27 19:46:09.751 [http-nio-8080-exec-19] INFO  com.project.travel.handle.MyMetaObjectHandler - 公共字段自动填充[update]...
2026-06-27 19:46:17.466 [http-nio-8080-exec-15] INFO  com.project.travel.handle.MyMetaObjectHandler - 公共字段自动填充[update]...
2026-06-27 19:46:17.483 [http-nio-8080-exec-15] INFO  com.project.travel.handle.MyMetaObjectHandler - 公共字段自动填充[insert]...
2026-06-27 19:46:35.676 [http-nio-8080-exec-24] INFO  c.p.t.c.attractions.SysAttractionsController - 查询景点参数：SysAttractions(id=null, name=null, price=null, introduce=null, content=null, num=null, realName=null, images=null, scenicType=null, location=null, pv=null, open=null, time=null, state=1, createBy=null, createTime=null, updateBy=null, updateTime=null, pageNumber=1, pageSize=100)
2026-06-27 19:46:35.678 [http-nio-8080-exec-24] INFO  c.p.t.c.attractions.SysAttractionsController - location 参数值：null
2026-06-27 19:46:35.678 [http-nio-8080-exec-24] INFO  c.p.t.c.attractions.SysAttractionsController - 最终查询条件 SQL：(state = #{ew.paramNameValuePairs.MPGENVAL1}) ORDER BY create_time DESC
2026-06-27 19:46:35.694 [http-nio-8080-exec-24] INFO  c.p.t.c.attractions.SysAttractionsController - 查询结果数量：9
2026-06-27 19:46:35.727 [http-nio-8080-exec-35] INFO  c.p.t.c.attractions.SysAttractionsController - 查询景点参数：SysAttractions(id=null, name=null, price=null, introduce=null, content=null, num=null, realName=null, images=null, scenicType=null, location=null, pv=null, open=null, time=null, state=1, createBy=null, createTime=null, updateBy=null, updateTime=null, pageNumber=1, pageSize=100)
2026-06-27 19:46:35.728 [http-nio-8080-exec-35] INFO  c.p.t.c.attractions.SysAttractionsController - location 参数值：null
2026-06-27 19:46:35.727 [http-nio-8080-exec-34] INFO  c.p.t.c.attractions.SysAttractionsController - 查询景点参数：SysAttractions(id=null, name=, price=null, introduce=null, content=null, num=null, realName=null, images=null, scenicType=, location=, pv=null, open=null, time=null, state=1, createBy=null, createTime=null, updateBy=null, updateTime=null, pageNumber=1, pageSize=9)
2026-06-27 19:46:35.728 [http-nio-8080-exec-34] INFO  c.p.t.c.attractions.SysAttractionsController - location 参数值：
2026-06-27 19:46:35.728 [http-nio-8080-exec-35] INFO  c.p.t.c.attractions.SysAttractionsController - 最终查询条件 SQL：(state = #{ew.paramNameValuePairs.MPGENVAL1}) ORDER BY create_time DESC
2026-06-27 19:46:35.729 [http-nio-8080-exec-34] INFO  c.p.t.c.attractions.SysAttractionsController - 最终查询条件 SQL：(state = #{ew.paramNameValuePairs.MPGENVAL1}) ORDER BY create_time DESC
2026-06-27 19:46:35.781 [http-nio-8080-exec-35] INFO  c.p.t.c.attractions.SysAttractionsController - 查询结果数量：9
2026-06-27 19:46:35.811 [http-nio-8080-exec-34] INFO  c.p.t.c.attractions.SysAttractionsController - 查询结果数量：9
2026-06-27 19:46:37.114 [http-nio-8080-exec-46] INFO  c.p.t.c.attractions.SysAttractionsController - 查询景点参数：SysAttractions(id=null, name=null, price=null, introduce=null, content=null, num=null, realName=null, images=null, scenicType=null, location=甘肃, pv=null, open=null, time=null, state=1, createBy=null, createTime=null, updateBy=null, updateTime=null, pageNumber=1, pageSize=100)
2026-06-27 19:46:37.114 [http-nio-8080-exec-38] INFO  c.p.t.c.attractions.SysAttractionsController - 查询景点参数：SysAttractions(id=null, name=, price=null, introduce=null, content=null, num=null, realName=null, images=null, scenicType=, location=甘肃, pv=null, open=null, time=null, state=1, createBy=null, createTime=null, updateBy=null, updateTime=null, pageNumber=1, pageSize=9)
2026-06-27 19:46:37.114 [http-nio-8080-exec-46] INFO  c.p.t.c.attractions.SysAttractionsController - location 参数值：甘肃
2026-06-27 19:46:37.114 [http-nio-8080-exec-38] INFO  c.p.t.c.attractions.SysAttractionsController - location 参数值：甘肃
2026-06-27 19:46:37.114 [http-nio-8080-exec-46] INFO  c.p.t.c.attractions.SysAttractionsController - 应用地区筛选：甘肃
2026-06-27 19:46:37.114 [http-nio-8080-exec-38] INFO  c.p.t.c.attractions.SysAttractionsController - 应用地区筛选：甘肃
2026-06-27 19:46:37.116 [http-nio-8080-exec-38] INFO  c.p.t.c.attractions.SysAttractionsController - 最终查询条件 SQL：(state = #{ew.paramNameValuePairs.MPGENVAL1} AND location LIKE #{ew.paramNameValuePairs.MPGENVAL2}) ORDER BY create_time DESC
2026-06-27 19:46:37.116 [http-nio-8080-exec-46] INFO  c.p.t.c.attractions.SysAttractionsController - 最终查询条件 SQL：(state = #{ew.paramNameValuePairs.MPGENVAL1} AND location LIKE #{ew.paramNameValuePairs.MPGENVAL2}) ORDER BY create_time DESC
2026-06-27 19:46:37.131 [http-nio-8080-exec-46] INFO  c.p.t.c.attractions.SysAttractionsController - 查询结果数量：2
2026-06-27 19:46:37.133 [http-nio-8080-exec-38] INFO  c.p.t.c.attractions.SysAttractionsController - 查询结果数量：2
2026-06-27 19:46:37.955 [http-nio-8080-exec-49] INFO  com.project.travel.handle.MyMetaObjectHandler - 公共字段自动填充[update]...
2026-06-27 19:46:48.510 [http-nio-8080-exec-42] INFO  com.project.travel.handle.MyMetaObjectHandler - 公共字段自动填充[update]...
2026-06-27 19:46:48.522 [http-nio-8080-exec-42] INFO  com.project.travel.handle.MyMetaObjectHandler - 公共字段自动填充[update]...
2026-06-27 19:46:48.536 [http-nio-8080-exec-42] INFO  com.project.travel.handle.MyMetaObjectHandler - 公共字段自动填充[insert]...
2026-06-27 19:46:48.560 [http-nio-8080-exec-42] INFO  com.project.travel.handle.MyMetaObjectHandler - 公共字段自动填充[insert]...
2026-06-27 19:46:51.165 [http-nio-8080-exec-54] INFO  c.p.t.c.attractions.SysAttractionsController - 查询景点参数：SysAttractions(id=null, name=null, price=null, introduce=null, content=null, num=null, realName=null, images=null, scenicType=null, location=null, pv=null, open=null, time=null, state=1, createBy=null, createTime=null, updateBy=null, updateTime=null, pageNumber=1, pageSize=100)
2026-06-27 19:46:51.165 [http-nio-8080-exec-54] INFO  c.p.t.c.attractions.SysAttractionsController - location 参数值：null
2026-06-27 19:46:51.166 [http-nio-8080-exec-54] INFO  c.p.t.c.attractions.SysAttractionsController - 最终查询条件 SQL：(state = #{ew.paramNameValuePairs.MPGENVAL1}) ORDER BY create_time DESC
2026-06-27 19:46:51.184 [http-nio-8080-exec-54] INFO  c.p.t.c.attractions.SysAttractionsController - 查询结果数量：9
2026-06-27 19:46:51.213 [http-nio-8080-exec-56] INFO  c.p.t.c.attractions.SysAttractionsController - 查询景点参数：SysAttractions(id=null, name=, price=null, introduce=null, content=null, num=null, realName=null, images=null, scenicType=, location=, pv=null, open=null, time=null, state=1, createBy=null, createTime=null, updateBy=null, updateTime=null, pageNumber=1, pageSize=9)
2026-06-27 19:46:51.214 [http-nio-8080-exec-56] INFO  c.p.t.c.attractions.SysAttractionsController - location 参数值：
2026-06-27 19:46:51.215 [http-nio-8080-exec-57] INFO  c.p.t.c.attractions.SysAttractionsController - 查询景点参数：SysAttractions(id=null, name=null, price=null, introduce=null, content=null, num=null, realName=null, images=null, scenicType=null, location=null, pv=null, open=null, time=null, state=1, createBy=null, createTime=null, updateBy=null, updateTime=null, pageNumber=1, pageSize=100)
2026-06-27 19:46:51.215 [http-nio-8080-exec-56] INFO  c.p.t.c.attractions.SysAttractionsController - 最终查询条件 SQL：(state = #{ew.paramNameValuePairs.MPGENVAL1}) ORDER BY create_time DESC
2026-06-27 19:46:51.215 [http-nio-8080-exec-57] INFO  c.p.t.c.attractions.SysAttractionsController - location 参数值：null
2026-06-27 19:46:51.217 [http-nio-8080-exec-57] INFO  c.p.t.c.attractions.SysAttractionsController - 最终查询条件 SQL：(state = #{ew.paramNameValuePairs.MPGENVAL1}) ORDER BY create_time DESC
2026-06-27 19:46:51.239 [http-nio-8080-exec-56] INFO  c.p.t.c.attractions.SysAttractionsController - 查询结果数量：9
2026-06-27 19:46:51.244 [http-nio-8080-exec-57] INFO  c.p.t.c.attractions.SysAttractionsController - 查询结果数量：9
2026-06-27 19:46:52.461 [http-nio-8080-exec-68] INFO  c.p.t.c.attractions.SysAttractionsController - 查询景点参数：SysAttractions(id=null, name=, price=null, introduce=null, content=null, num=null, realName=null, images=null, scenicType=, location=甘肃, pv=null, open=null, time=null, state=1, createBy=null, createTime=null, updateBy=null, updateTime=null, pageNumber=1, pageSize=9)
2026-06-27 19:46:52.461 [http-nio-8080-exec-61] INFO  c.p.t.c.attractions.SysAttractionsController - 查询景点参数：SysAttractions(id=null, name=null, price=null, introduce=null, content=null, num=null, realName=null, images=null, scenicType=null, location=甘肃, pv=null, open=null, time=null, state=1, createBy=null, createTime=null, updateBy=null, updateTime=null, pageNumber=1, pageSize=100)
2026-06-27 19:46:52.461 [http-nio-8080-exec-68] INFO  c.p.t.c.attractions.SysAttractionsController - location 参数值：甘肃
2026-06-27 19:46:52.463 [http-nio-8080-exec-61] INFO  c.p.t.c.attractions.SysAttractionsController - location 参数值：甘肃
2026-06-27 19:46:52.463 [http-nio-8080-exec-68] INFO  c.p.t.c.attractions.SysAttractionsController - 应用地区筛选：甘肃
2026-06-27 19:46:52.463 [http-nio-8080-exec-61] INFO  c.p.t.c.attractions.SysAttractionsController - 应用地区筛选：甘肃
2026-06-27 19:46:52.463 [http-nio-8080-exec-68] INFO  c.p.t.c.attractions.SysAttractionsController - 最终查询条件 SQL：(state = #{ew.paramNameValuePairs.MPGENVAL1} AND location LIKE #{ew.paramNameValuePairs.MPGENVAL2}) ORDER BY create_time DESC
2026-06-27 19:46:52.463 [http-nio-8080-exec-61] INFO  c.p.t.c.attractions.SysAttractionsController - 最终查询条件 SQL：(state = #{ew.paramNameValuePairs.MPGENVAL1} AND location LIKE #{ew.paramNameValuePairs.MPGENVAL2}) ORDER BY create_time DESC
2026-06-27 19:46:52.474 [http-nio-8080-exec-68] INFO  c.p.t.c.attractions.SysAttractionsController - 查询结果数量：2
2026-06-27 19:46:52.474 [http-nio-8080-exec-61] INFO  c.p.t.c.attractions.SysAttractionsController - 查询结果数量：2
2026-06-27 19:46:53.230 [http-nio-8080-exec-64] INFO  com.project.travel.handle.MyMetaObjectHandler - 公共字段自动填充[update]...
2026-06-27 19:47:02.645 [http-nio-8080-exec-66] INFO  com.project.travel.handle.MyMetaObjectHandler - 公共字段自动填充[update]...
2026-06-27 19:47:02.652 [http-nio-8080-exec-66] INFO  com.project.travel.handle.MyMetaObjectHandler - 公共字段自动填充[insert]...
2026-06-27 19:47:09.804 [http-nio-8080-exec-60] INFO  com.project.travel.handle.MyMetaObjectHandler - 公共字段自动填充[update]...
2026-06-27 19:48:18.714 [http-nio-8080-exec-92] INFO  c.p.t.c.attractions.SysAttractionsController - 查询景点参数：SysAttractions(id=null, name=null, price=null, introduce=null, content=null, num=null, realName=null, images=null, scenicType=null, location=null, pv=null, open=null, time=null, state=null, createBy=null, createTime=null, updateBy=null, updateTime=null, pageNumber=1, pageSize=1000)
2026-06-27 19:48:18.714 [http-nio-8080-exec-92] INFO  c.p.t.c.attractions.SysAttractionsController - location 参数值：null
2026-06-27 19:48:18.716 [http-nio-8080-exec-92] INFO  c.p.t.c.attractions.SysAttractionsController - 最终查询条件 SQL： ORDER BY create_time DESC
2026-06-27 19:48:18.725 [http-nio-8080-exec-92] INFO  c.p.t.c.attractions.SysAttractionsController - 查询结果数量：11
2026-06-27 19:48:40.343 [http-nio-8080-exec-13] INFO  c.p.t.c.attractions.SysAttractionsController - 查询景点参数：SysAttractions(id=null, name=, price=null, introduce=null, content=null, num=null, realName=null, images=null, scenicType=, location=null, pv=null, open=null, time=null, state=null, createBy=null, createTime=null, updateBy=null, updateTime=null, pageNumber=1, pageSize=10)
2026-06-27 19:48:40.344 [http-nio-8080-exec-13] INFO  c.p.t.c.attractions.SysAttractionsController - location 参数值：null
2026-06-27 19:48:40.345 [http-nio-8080-exec-13] INFO  c.p.t.c.attractions.SysAttractionsController - 最终查询条件 SQL： ORDER BY create_time DESC
2026-06-27 19:48:40.354 [http-nio-8080-exec-13] INFO  c.p.t.c.attractions.SysAttractionsController - 查询结果数量：10
2026-06-27 19:49:23.509 [http-nio-8080-exec-24] INFO  c.p.t.c.attractions.SysAttractionsController - 查询景点参数：SysAttractions(id=null, name=null, price=null, introduce=null, content=null, num=null, realName=null, images=null, scenicType=null, location=null, pv=null, open=null, time=null, state=1, createBy=null, createTime=null, updateBy=null, updateTime=null, pageNumber=1, pageSize=100)
2026-06-27 19:49:23.509 [http-nio-8080-exec-24] INFO  c.p.t.c.attractions.SysAttractionsController - location 参数值：null
2026-06-27 19:49:23.510 [http-nio-8080-exec-24] INFO  c.p.t.c.attractions.SysAttractionsController - 最终查询条件 SQL：(state = #{ew.paramNameValuePairs.MPGENVAL1}) ORDER BY create_time DESC
2026-06-27 19:49:23.530 [http-nio-8080-exec-24] INFO  c.p.t.c.attractions.SysAttractionsController - 查询结果数量：9
2026-06-27 19:49:23.552 [http-nio-8080-exec-34] INFO  c.p.t.c.attractions.SysAttractionsController - 查询景点参数：SysAttractions(id=null, name=, price=null, introduce=null, content=null, num=null, realName=null, images=null, scenicType=, location=, pv=null, open=null, time=null, state=1, createBy=null, createTime=null, updateBy=null, updateTime=null, pageNumber=1, pageSize=9)
2026-06-27 19:49:23.553 [http-nio-8080-exec-34] INFO  c.p.t.c.attractions.SysAttractionsController - location 参数值：
2026-06-27 19:49:23.554 [http-nio-8080-exec-28] INFO  c.p.t.c.attractions.SysAttractionsController - 查询景点参数：SysAttractions(id=null, name=null, price=null, introduce=null, content=null, num=null, realName=null, images=null, scenicType=null, location=null, pv=null, open=null, time=null, state=1, createBy=null, createTime=null, updateBy=null, updateTime=null, pageNumber=1, pageSize=100)
2026-06-27 19:49:23.554 [http-nio-8080-exec-28] INFO  c.p.t.c.attractions.SysAttractionsController - location 参数值：null
2026-06-27 19:49:23.554 [http-nio-8080-exec-34] INFO  c.p.t.c.attractions.SysAttractionsController - 最终查询条件 SQL：(state = #{ew.paramNameValuePairs.MPGENVAL1}) ORDER BY create_time DESC
2026-06-27 19:49:23.555 [http-nio-8080-exec-28] INFO  c.p.t.c.attractions.SysAttractionsController - 最终查询条件 SQL：(state = #{ew.paramNameValuePairs.MPGENVAL1}) ORDER BY create_time DESC
2026-06-27 19:49:23.564 [http-nio-8080-exec-28] INFO  c.p.t.c.attractions.SysAttractionsController - 查询结果数量：9
2026-06-27 19:49:23.564 [http-nio-8080-exec-34] INFO  c.p.t.c.attractions.SysAttractionsController - 查询结果数量：9
2026-06-27 19:49:24.892 [http-nio-8080-exec-38] INFO  c.p.t.c.attractions.SysAttractionsController - 查询景点参数：SysAttractions(id=null, name=null, price=null, introduce=null, content=null, num=null, realName=null, images=null, scenicType=null, location=null, pv=null, open=null, time=null, state=1, createBy=null, createTime=null, updateBy=null, updateTime=null, pageNumber=1, pageSize=100)
2026-06-27 19:49:24.892 [http-nio-8080-exec-38] INFO  c.p.t.c.attractions.SysAttractionsController - location 参数值：null
2026-06-27 19:49:24.893 [http-nio-8080-exec-38] INFO  c.p.t.c.attractions.SysAttractionsController - 最终查询条件 SQL：(state = #{ew.paramNameValuePairs.MPGENVAL1}) ORDER BY create_time DESC
2026-06-27 19:49:24.902 [http-nio-8080-exec-38] INFO  c.p.t.c.attractions.SysAttractionsController - 查询结果数量：9
2026-06-27 19:53:14.847 [http-nio-8080-exec-74] INFO  c.p.t.c.attractions.SysAttractionsController - 查询景点参数：SysAttractions(id=null, name=null, price=null, introduce=null, content=null, num=null, realName=null, images=null, scenicType=null, location=null, pv=null, open=null, time=null, state=1, createBy=null, createTime=null, updateBy=null, updateTime=null, pageNumber=1, pageSize=100)
2026-06-27 19:53:14.848 [http-nio-8080-exec-74] INFO  c.p.t.c.attractions.SysAttractionsController - location 参数值：null
2026-06-27 19:53:14.849 [http-nio-8080-exec-74] INFO  c.p.t.c.attractions.SysAttractionsController - 最终查询条件 SQL：(state = #{ew.paramNameValuePairs.MPGENVAL1}) ORDER BY create_time DESC
2026-06-27 19:53:14.861 [http-nio-8080-exec-74] INFO  c.p.t.c.attractions.SysAttractionsController - 查询结果数量：9
2026-06-27 19:53:14.879 [http-nio-8080-exec-77] INFO  c.p.t.c.attractions.SysAttractionsController - 查询景点参数：SysAttractions(id=null, name=null, price=null, introduce=null, content=null, num=null, realName=null, images=null, scenicType=null, location=null, pv=null, open=null, time=null, state=1, createBy=null, createTime=null, updateBy=null, updateTime=null, pageNumber=1, pageSize=100)
2026-06-27 19:53:14.879 [http-nio-8080-exec-76] INFO  c.p.t.c.attractions.SysAttractionsController - 查询景点参数：SysAttractions(id=null, name=, price=null, introduce=null, content=null, num=null, realName=null, images=null, scenicType=, location=, pv=null, open=null, time=null, state=1, createBy=null, createTime=null, updateBy=null, updateTime=null, pageNumber=1, pageSize=9)
2026-06-27 19:53:14.884 [http-nio-8080-exec-77] INFO  c.p.t.c.attractions.SysAttractionsController - location 参数值：null
2026-06-27 19:53:14.885 [http-nio-8080-exec-77] INFO  c.p.t.c.attractions.SysAttractionsController - 最终查询条件 SQL：(state = #{ew.paramNameValuePairs.MPGENVAL1}) ORDER BY create_time DESC
2026-06-27 19:53:14.884 [http-nio-8080-exec-76] INFO  c.p.t.c.attractions.SysAttractionsController - location 参数值：
2026-06-27 19:53:14.888 [http-nio-8080-exec-76] INFO  c.p.t.c.attractions.SysAttractionsController - 最终查询条件 SQL：(state = #{ew.paramNameValuePairs.MPGENVAL1}) ORDER BY create_time DESC
2026-06-27 19:53:14.905 [http-nio-8080-exec-76] INFO  c.p.t.c.attractions.SysAttractionsController - 查询结果数量：9
2026-06-27 19:53:14.923 [http-nio-8080-exec-77] INFO  c.p.t.c.attractions.SysAttractionsController - 查询结果数量：9
2026-06-27 19:53:17.019 [http-nio-8080-exec-80] INFO  c.p.t.c.attractions.SysAttractionsController - 查询景点参数：SysAttractions(id=null, name=null, price=null, introduce=null, content=null, num=null, realName=null, images=null, scenicType=null, location=null, pv=null, open=null, time=null, state=1, createBy=null, createTime=null, updateBy=null, updateTime=null, pageNumber=1, pageSize=100)
2026-06-27 19:53:17.020 [http-nio-8080-exec-80] INFO  c.p.t.c.attractions.SysAttractionsController - location 参数值：null
2026-06-27 19:53:17.020 [http-nio-8080-exec-80] INFO  c.p.t.c.attractions.SysAttractionsController - 最终查询条件 SQL：(state = #{ew.paramNameValuePairs.MPGENVAL1}) ORDER BY create_time DESC
2026-06-27 19:53:17.030 [http-nio-8080-exec-80] INFO  c.p.t.c.attractions.SysAttractionsController - 查询结果数量：9
2026-06-27 19:54:37.491 [File Watcher] INFO  o.s.b.d.a.LocalDevToolsAutoConfiguration$RestartingClassPathChangeChangedEventListener - Restarting due to 1 class path change (0 additions, 0 deletions, 1 modification)
2026-06-27 19:54:40.200 [Thread-7] INFO  org.apache.coyote.http11.Http11NioProtocol - Pausing ProtocolHandler ["http-nio-8080"]
2026-06-27 19:54:40.200 [Thread-7] INFO  org.apache.catalina.core.StandardService - Stopping service [Tomcat]
2026-06-27 19:54:40.204 [Thread-7] INFO  o.a.c.core.ContainerBase.[Tomcat].[localhost].[/] - Destroying Spring FrameworkServlet 'dispatcherServlet'
2026-06-27 19:54:40.232 [Thread-7] INFO  org.apache.coyote.http11.Http11NioProtocol - Stopping ProtocolHandler ["http-nio-8080"]
2026-06-27 19:54:40.247 [Thread-7] INFO  org.apache.coyote.http11.Http11NioProtocol - Destroying ProtocolHandler ["http-nio-8080"]
2026-06-27 19:54:40.258 [Thread-7] INFO  com.alibaba.druid.pool.DruidDataSource - {dataSource-1} closing ...
2026-06-27 19:54:40.267 [Thread-7] INFO  com.alibaba.druid.pool.DruidDataSource - {dataSource-1} closed
2026-06-27 19:54:40.846 [restartedMain] INFO  com.project.travel.TravelApplication - Starting TravelApplication using Java 1.8.0_202 on dilireba with PID 12352 (C:\maven\travel_system\travel\travel\travel-server\target\classes started by solitude in C:\maven\travel_system\travel\travel\travel-server)
2026-06-27 19:54:40.848 [restartedMain] INFO  com.project.travel.TravelApplication - The following 1 profile is active: "dev"
2026-06-27 19:54:41.378 [restartedMain] INFO  o.s.d.r.config.RepositoryConfigurationDelegate - Multiple Spring Data modules found, entering strict repository configuration mode
2026-06-27 19:54:41.379 [restartedMain] INFO  o.s.d.r.config.RepositoryConfigurationDelegate - Bootstrapping Spring Data Redis repositories in DEFAULT mode.
2026-06-27 19:54:41.421 [restartedMain] INFO  o.s.d.r.config.RepositoryConfigurationDelegate - Finished Spring Data repository scanning in 40 ms. Found 0 Redis repository interfaces.
2026-06-27 19:54:42.006 [restartedMain] INFO  o.s.boot.web.embedded.tomcat.TomcatWebServer - Tomcat initialized with port(s): 8080 (http)
2026-06-27 19:54:42.007 [restartedMain] INFO  org.apache.coyote.http11.Http11NioProtocol - Initializing ProtocolHandler ["http-nio-8080"]
2026-06-27 19:54:42.009 [restartedMain] INFO  org.apache.catalina.core.StandardService - Starting service [Tomcat]
2026-06-27 19:54:42.009 [restartedMain] INFO  org.apache.catalina.core.StandardEngine - Starting Servlet engine: [Apache Tomcat/9.0.83]
2026-06-27 19:54:42.050 [restartedMain] INFO  o.a.c.core.ContainerBase.[Tomcat].[localhost].[/] - Initializing Spring embedded WebApplicationContext
2026-06-27 19:54:42.050 [restartedMain] INFO  o.s.b.w.s.c.ServletWebServerApplicationContext - Root WebApplicationContext: initialization completed in 1199 ms
2026-06-27 19:54:42.145 [restartedMain] INFO  c.a.d.s.b.a.DruidDataSourceAutoConfigure - Init DruidDataSource
2026-06-27 19:54:42.481 [restartedMain] INFO  com.alibaba.druid.pool.DruidDataSource - {dataSource-2} inited
2026-06-27 19:54:46.502 [restartedMain] INFO  o.s.b.d.autoconfigure.OptionalLiveReloadServer - LiveReload server is running on port 35729
2026-06-27 19:54:46.530 [restartedMain] INFO  org.apache.coyote.http11.Http11NioProtocol - Starting ProtocolHandler ["http-nio-8080"]
2026-06-27 19:54:46.547 [restartedMain] INFO  o.s.boot.web.embedded.tomcat.TomcatWebServer - Tomcat started on port(s): 8080 (http) with context path ''
2026-06-27 19:54:46.552 [restartedMain] INFO  com.project.travel.TravelApplication - Started TravelApplication in 5.837 seconds (JVM running for 578.101)
2026-06-27 19:54:46.556 [restartedMain] INFO  o.s.b.d.a.ConditionEvaluationDeltaLoggingListener - Condition evaluation unchanged
2026-06-27 19:55:03.145 [File Watcher] INFO  o.s.b.d.a.LocalDevToolsAutoConfiguration$RestartingClassPathChangeChangedEventListener - Restarting due to 1 class path change (0 additions, 0 deletions, 1 modification)
2026-06-27 19:55:05.925 [Thread-9] INFO  org.apache.coyote.http11.Http11NioProtocol - Pausing ProtocolHandler ["http-nio-8080"]
2026-06-27 19:55:05.927 [Thread-9] INFO  org.apache.catalina.core.StandardService - Stopping service [Tomcat]
2026-06-27 19:55:05.937 [Thread-9] INFO  org.apache.coyote.http11.Http11NioProtocol - Stopping ProtocolHandler ["http-nio-8080"]
2026-06-27 19:55:05.946 [Thread-9] INFO  org.apache.coyote.http11.Http11NioProtocol - Destroying ProtocolHandler ["http-nio-8080"]
2026-06-27 19:55:05.954 [Thread-9] INFO  com.alibaba.druid.pool.DruidDataSource - {dataSource-2} closing ...
2026-06-27 19:55:05.963 [Thread-9] INFO  com.alibaba.druid.pool.DruidDataSource - {dataSource-2} closed
2026-06-27 19:55:06.523 [restartedMain] INFO  com.project.travel.TravelApplication - Starting TravelApplication using Java 1.8.0_202 on dilireba with PID 12352 (C:\maven\travel_system\travel\travel\travel-server\target\classes started by solitude in C:\maven\travel_system\travel\travel\travel-server)
2026-06-27 19:55:06.528 [restartedMain] INFO  com.project.travel.TravelApplication - The following 1 profile is active: "dev"
2026-06-27 19:55:07.038 [restartedMain] INFO  o.s.d.r.config.RepositoryConfigurationDelegate - Multiple Spring Data modules found, entering strict repository configuration mode
2026-06-27 19:55:07.038 [restartedMain] INFO  o.s.d.r.config.RepositoryConfigurationDelegate - Bootstrapping Spring Data Redis repositories in DEFAULT mode.
2026-06-27 19:55:07.071 [restartedMain] INFO  o.s.d.r.config.RepositoryConfigurationDelegate - Finished Spring Data repository scanning in 32 ms. Found 0 Redis repository interfaces.
2026-06-27 19:55:07.249 [restartedMain] INFO  o.s.boot.web.embedded.tomcat.TomcatWebServer - Tomcat initialized with port(s): 8080 (http)
2026-06-27 19:55:07.249 [restartedMain] INFO  org.apache.coyote.http11.Http11NioProtocol - Initializing ProtocolHandler ["http-nio-8080"]
2026-06-27 19:55:07.250 [restartedMain] INFO  org.apache.catalina.core.StandardService - Starting service [Tomcat]
2026-06-27 19:55:07.250 [restartedMain] INFO  org.apache.catalina.core.StandardEngine - Starting Servlet engine: [Apache Tomcat/9.0.83]
2026-06-27 19:55:07.293 [restartedMain] INFO  o.a.c.core.ContainerBase.[Tomcat].[localhost].[/] - Initializing Spring embedded WebApplicationContext
2026-06-27 19:55:07.293 [restartedMain] INFO  o.s.b.w.s.c.ServletWebServerApplicationContext - Root WebApplicationContext: initialization completed in 747 ms
2026-06-27 19:55:07.355 [restartedMain] INFO  c.a.d.s.b.a.DruidDataSourceAutoConfigure - Init DruidDataSource
2026-06-27 19:55:07.627 [restartedMain] INFO  com.alibaba.druid.pool.DruidDataSource - {dataSource-3} inited
2026-06-27 19:55:11.171 [restartedMain] INFO  o.s.b.d.autoconfigure.OptionalLiveReloadServer - LiveReload server is running on port 35729
2026-06-27 19:55:11.217 [restartedMain] INFO  org.apache.coyote.http11.Http11NioProtocol - Starting ProtocolHandler ["http-nio-8080"]
2026-06-27 19:55:11.231 [restartedMain] INFO  o.s.boot.web.embedded.tomcat.TomcatWebServer - Tomcat started on port(s): 8080 (http) with context path ''
2026-06-27 19:55:11.239 [restartedMain] INFO  com.project.travel.TravelApplication - Started TravelApplication in 4.821 seconds (JVM running for 602.787)
2026-06-27 19:55:11.241 [restartedMain] INFO  o.s.b.d.a.ConditionEvaluationDeltaLoggingListener - Condition evaluation unchanged
2026-06-27 19:55:19.275 [File Watcher] INFO  o.s.b.d.a.LocalDevToolsAutoConfiguration$RestartingClassPathChangeChangedEventListener - Restarting due to 1 class path change (0 additions, 0 deletions, 1 modification)
2026-06-27 19:55:21.871 [Thread-13] INFO  org.apache.coyote.http11.Http11NioProtocol - Pausing ProtocolHandler ["http-nio-8080"]
2026-06-27 19:55:21.872 [Thread-13] INFO  org.apache.catalina.core.StandardService - Stopping service [Tomcat]
2026-06-27 19:55:21.883 [Thread-13] INFO  org.apache.coyote.http11.Http11NioProtocol - Stopping ProtocolHandler ["http-nio-8080"]
2026-06-27 19:55:21.894 [Thread-13] INFO  org.apache.coyote.http11.Http11NioProtocol - Destroying ProtocolHandler ["http-nio-8080"]
2026-06-27 19:55:21.897 [Thread-13] INFO  com.alibaba.druid.pool.DruidDataSource - {dataSource-3} closing ...
2026-06-27 19:55:21.902 [Thread-13] INFO  com.alibaba.druid.pool.DruidDataSource - {dataSource-3} closed
2026-06-27 19:55:22.417 [restartedMain] INFO  com.project.travel.TravelApplication - Starting TravelApplication using Java 1.8.0_202 on dilireba with PID 12352 (C:\maven\travel_system\travel\travel\travel-server\target\classes started by solitude in C:\maven\travel_system\travel\travel\travel-server)
2026-06-27 19:55:22.417 [restartedMain] INFO  com.project.travel.TravelApplication - The following 1 profile is active: "dev"
2026-06-27 19:55:22.768 [restartedMain] INFO  o.s.d.r.config.RepositoryConfigurationDelegate - Multiple Spring Data modules found, entering strict repository configuration mode
2026-06-27 19:55:22.768 [restartedMain] INFO  o.s.d.r.config.RepositoryConfigurationDelegate - Bootstrapping Spring Data Redis repositories in DEFAULT mode.
2026-06-27 19:55:22.798 [restartedMain] INFO  o.s.d.r.config.RepositoryConfigurationDelegate - Finished Spring Data repository scanning in 29 ms. Found 0 Redis repository interfaces.
2026-06-27 19:55:23.012 [restartedMain] INFO  o.s.boot.web.embedded.tomcat.TomcatWebServer - Tomcat initialized with port(s): 8080 (http)
2026-06-27 19:55:23.013 [restartedMain] INFO  org.apache.coyote.http11.Http11NioProtocol - Initializing ProtocolHandler ["http-nio-8080"]
2026-06-27 19:55:23.013 [restartedMain] INFO  org.apache.catalina.core.StandardService - Starting service [Tomcat]
2026-06-27 19:55:23.013 [restartedMain] INFO  org.apache.catalina.core.StandardEngine - Starting Servlet engine: [Apache Tomcat/9.0.83]
2026-06-27 19:55:23.038 [restartedMain] INFO  o.a.c.core.ContainerBase.[Tomcat].[localhost].[/] - Initializing Spring embedded WebApplicationContext
2026-06-27 19:55:23.038 [restartedMain] INFO  o.s.b.w.s.c.ServletWebServerApplicationContext - Root WebApplicationContext: initialization completed in 617 ms
2026-06-27 19:55:23.076 [restartedMain] INFO  c.a.d.s.b.a.DruidDataSourceAutoConfigure - Init DruidDataSource
2026-06-27 19:55:23.201 [restartedMain] INFO  com.alibaba.druid.pool.DruidDataSource - {dataSource-4} inited
2026-06-27 19:55:26.955 [restartedMain] INFO  o.s.b.d.autoconfigure.OptionalLiveReloadServer - LiveReload server is running on port 35729
2026-06-27 19:55:26.982 [restartedMain] INFO  org.apache.coyote.http11.Http11NioProtocol - Starting ProtocolHandler ["http-nio-8080"]
2026-06-27 19:55:27.011 [restartedMain] INFO  o.s.boot.web.embedded.tomcat.TomcatWebServer - Tomcat started on port(s): 8080 (http) with context path ''
2026-06-27 19:55:27.016 [restartedMain] INFO  com.project.travel.TravelApplication - Started TravelApplication in 4.69 seconds (JVM running for 618.565)
2026-06-27 19:55:27.018 [restartedMain] INFO  o.s.b.d.a.ConditionEvaluationDeltaLoggingListener - Condition evaluation unchanged
2026-06-27 19:55:45.734 [File Watcher] INFO  o.s.b.d.a.LocalDevToolsAutoConfiguration$RestartingClassPathChangeChangedEventListener - Restarting due to 1 class path change (0 additions, 0 deletions, 1 modification)
2026-06-27 19:55:48.243 [Thread-17] INFO  org.apache.coyote.http11.Http11NioProtocol - Pausing ProtocolHandler ["http-nio-8080"]
2026-06-27 19:55:48.245 [Thread-17] INFO  org.apache.catalina.core.StandardService - Stopping service [Tomcat]
2026-06-27 19:55:48.258 [Thread-17] INFO  org.apache.coyote.http11.Http11NioProtocol - Stopping ProtocolHandler ["http-nio-8080"]
2026-06-27 19:55:48.278 [Thread-17] INFO  org.apache.coyote.http11.Http11NioProtocol - Destroying ProtocolHandler ["http-nio-8080"]
2026-06-27 19:55:48.281 [Thread-17] INFO  com.alibaba.druid.pool.DruidDataSource - {dataSource-4} closing ...
2026-06-27 19:55:48.290 [Thread-17] INFO  com.alibaba.druid.pool.DruidDataSource - {dataSource-4} closed
2026-06-27 19:55:48.821 [restartedMain] INFO  com.project.travel.TravelApplication - Starting TravelApplication using Java 1.8.0_202 on dilireba with PID 12352 (C:\maven\travel_system\travel\travel\travel-server\target\classes started by solitude in C:\maven\travel_system\travel\travel\travel-server)
2026-06-27 19:55:48.822 [restartedMain] INFO  com.project.travel.TravelApplication - The following 1 profile is active: "dev"
2026-06-27 19:55:49.254 [restartedMain] INFO  o.s.d.r.config.RepositoryConfigurationDelegate - Multiple Spring Data modules found, entering strict repository configuration mode
2026-06-27 19:55:49.255 [restartedMain] INFO  o.s.d.r.config.RepositoryConfigurationDelegate - Bootstrapping Spring Data Redis repositories in DEFAULT mode.
2026-06-27 19:55:49.291 [restartedMain] INFO  o.s.d.r.config.RepositoryConfigurationDelegate - Finished Spring Data repository scanning in 34 ms. Found 0 Redis repository interfaces.
2026-06-27 19:55:49.478 [restartedMain] INFO  o.s.boot.web.embedded.tomcat.TomcatWebServer - Tomcat initialized with port(s): 8080 (http)
2026-06-27 19:55:49.480 [restartedMain] INFO  org.apache.coyote.http11.Http11NioProtocol - Initializing ProtocolHandler ["http-nio-8080"]
2026-06-27 19:55:49.480 [restartedMain] INFO  org.apache.catalina.core.StandardService - Starting service [Tomcat]
2026-06-27 19:55:49.480 [restartedMain] INFO  org.apache.catalina.core.StandardEngine - Starting Servlet engine: [Apache Tomcat/9.0.83]
2026-06-27 19:55:49.519 [restartedMain] INFO  o.a.c.core.ContainerBase.[Tomcat].[localhost].[/] - Initializing Spring embedded WebApplicationContext
2026-06-27 19:55:49.520 [restartedMain] INFO  o.s.b.w.s.c.ServletWebServerApplicationContext - Root WebApplicationContext: initialization completed in 694 ms
2026-06-27 19:55:49.565 [restartedMain] INFO  c.a.d.s.b.a.DruidDataSourceAutoConfigure - Init DruidDataSource
2026-06-27 19:55:49.704 [restartedMain] INFO  com.alibaba.druid.pool.DruidDataSource - {dataSource-5} inited
2026-06-27 19:55:53.154 [restartedMain] INFO  o.s.b.d.autoconfigure.OptionalLiveReloadServer - LiveReload server is running on port 35729
2026-06-27 19:55:53.182 [restartedMain] INFO  org.apache.coyote.http11.Http11NioProtocol - Starting ProtocolHandler ["http-nio-8080"]
2026-06-27 19:55:53.191 [restartedMain] INFO  o.s.boot.web.embedded.tomcat.TomcatWebServer - Tomcat started on port(s): 8080 (http) with context path ''
2026-06-27 19:55:53.196 [restartedMain] INFO  com.project.travel.TravelApplication - Started TravelApplication in 4.47 seconds (JVM running for 644.744)
2026-06-27 19:55:53.198 [restartedMain] INFO  o.s.b.d.a.ConditionEvaluationDeltaLoggingListener - Condition evaluation unchanged
2026-06-27 19:56:35.775 [http-nio-8080-exec-1] INFO  o.a.c.core.ContainerBase.[Tomcat].[localhost].[/] - Initializing Spring DispatcherServlet 'dispatcherServlet'
2026-06-27 19:56:35.780 [http-nio-8080-exec-1] INFO  org.springframework.web.servlet.DispatcherServlet - Initializing Servlet 'dispatcherServlet'
2026-06-27 19:56:35.784 [http-nio-8080-exec-1] INFO  org.springframework.web.servlet.DispatcherServlet - Completed initialization in 3 ms
2026-06-27 19:56:37.238 [http-nio-8080-exec-9] INFO  c.p.t.c.attractions.SysAttractionsController - 查询景点参数：SysAttractions(id=null, name=null, price=null, introduce=null, content=null, num=null, realName=null, images=null, scenicType=null, location=null, pv=null, open=null, time=null, state=1, createBy=null, createTime=null, updateBy=null, updateTime=null, pageNumber=1, pageSize=100)
2026-06-27 19:56:37.238 [http-nio-8080-exec-9] INFO  c.p.t.c.attractions.SysAttractionsController - location 参数值：null
2026-06-27 19:56:37.240 [http-nio-8080-exec-9] INFO  c.p.t.c.attractions.SysAttractionsController - 最终查询条件 SQL：(state = #{ew.paramNameValuePairs.MPGENVAL1}) ORDER BY create_time DESC
2026-06-27 19:56:37.255 [http-nio-8080-exec-12] INFO  c.p.t.c.attractions.SysAttractionsController - 查询景点参数：SysAttractions(id=null, name=null, price=null, introduce=null, content=null, num=null, realName=null, images=null, scenicType=null, location=null, pv=null, open=null, time=null, state=1, createBy=null, createTime=null, updateBy=null, updateTime=null, pageNumber=1, pageSize=100)
2026-06-27 19:56:37.255 [http-nio-8080-exec-12] INFO  c.p.t.c.attractions.SysAttractionsController - location 参数值：null
2026-06-27 19:56:37.255 [http-nio-8080-exec-21] INFO  c.p.t.c.attractions.SysAttractionsController - 查询景点参数：SysAttractions(id=null, name=, price=null, introduce=null, content=null, num=null, realName=null, images=null, scenicType=, location=, pv=null, open=null, time=null, state=1, createBy=null, createTime=null, updateBy=null, updateTime=null, pageNumber=1, pageSize=9)
2026-06-27 19:56:37.256 [http-nio-8080-exec-21] INFO  c.p.t.c.attractions.SysAttractionsController - location 参数值：
2026-06-27 19:56:37.256 [http-nio-8080-exec-21] INFO  c.p.t.c.attractions.SysAttractionsController - 最终查询条件 SQL：(state = #{ew.paramNameValuePairs.MPGENVAL1}) ORDER BY create_time DESC
2026-06-27 19:56:37.256 [http-nio-8080-exec-12] INFO  c.p.t.c.attractions.SysAttractionsController - 最终查询条件 SQL：(state = #{ew.paramNameValuePairs.MPGENVAL1}) ORDER BY create_time DESC
2026-06-27 19:56:37.261 [http-nio-8080-exec-9] INFO  c.p.t.c.attractions.SysAttractionsController - 查询结果数量：9
2026-06-27 19:56:37.278 [http-nio-8080-exec-21] INFO  c.p.t.c.attractions.SysAttractionsController - 查询结果数量：9
2026-06-27 19:56:37.278 [http-nio-8080-exec-12] INFO  c.p.t.c.attractions.SysAttractionsController - 查询结果数量：9
2026-06-27 19:56:38.735 [http-nio-8080-exec-28] INFO  c.p.t.c.attractions.SysAttractionsController - 查询景点参数：SysAttractions(id=null, name=null, price=null, introduce=null, content=null, num=null, realName=null, images=null, scenicType=null, location=甘肃, pv=null, open=null, time=null, state=1, createBy=null, createTime=null, updateBy=null, updateTime=null, pageNumber=1, pageSize=100)
2026-06-27 19:56:38.735 [http-nio-8080-exec-25] INFO  c.p.t.c.attractions.SysAttractionsController - 查询景点参数：SysAttractions(id=null, name=, price=null, introduce=null, content=null, num=null, realName=null, images=null, scenicType=, location=甘肃, pv=null, open=null, time=null, state=1, createBy=null, createTime=null, updateBy=null, updateTime=null, pageNumber=1, pageSize=9)
2026-06-27 19:56:38.735 [http-nio-8080-exec-28] INFO  c.p.t.c.attractions.SysAttractionsController - location 参数值：甘肃
2026-06-27 19:56:38.737 [http-nio-8080-exec-28] INFO  c.p.t.c.attractions.SysAttractionsController - 应用地区筛选：甘肃
2026-06-27 19:56:38.735 [http-nio-8080-exec-25] INFO  c.p.t.c.attractions.SysAttractionsController - location 参数值：甘肃
2026-06-27 19:56:38.737 [http-nio-8080-exec-25] INFO  c.p.t.c.attractions.SysAttractionsController - 应用地区筛选：甘肃
2026-06-27 19:56:38.738 [http-nio-8080-exec-28] INFO  c.p.t.c.attractions.SysAttractionsController - 最终查询条件 SQL：(state = #{ew.paramNameValuePairs.MPGENVAL1} AND location LIKE #{ew.paramNameValuePairs.MPGENVAL2}) ORDER BY create_time DESC
2026-06-27 19:56:38.738 [http-nio-8080-exec-25] INFO  c.p.t.c.attractions.SysAttractionsController - 最终查询条件 SQL：(state = #{ew.paramNameValuePairs.MPGENVAL1} AND location LIKE #{ew.paramNameValuePairs.MPGENVAL2}) ORDER BY create_time DESC
2026-06-27 19:56:38.748 [http-nio-8080-exec-28] INFO  c.p.t.c.attractions.SysAttractionsController - 查询结果数量：2
2026-06-27 19:56:38.748 [http-nio-8080-exec-25] INFO  c.p.t.c.attractions.SysAttractionsController - 查询结果数量：2
2026-06-27 19:56:39.555 [http-nio-8080-exec-19] INFO  com.project.travel.handle.MyMetaObjectHandler - 公共字段自动填充[update]...
2026-06-27 19:56:46.311 [http-nio-8080-exec-11] INFO  com.project.travel.handle.MyMetaObjectHandler - 公共字段自动填充[update]...
2026-06-27 19:56:46.319 [http-nio-8080-exec-11] INFO  com.project.travel.handle.MyMetaObjectHandler - 公共字段自动填充[insert]...
2026-06-27 19:56:46.331 [http-nio-8080-exec-11] INFO  com.project.travel.handle.MyMetaObjectHandler - 公共字段自动填充[update]...
2026-06-27 19:56:46.344 [http-nio-8080-exec-11] INFO  com.project.travel.handle.MyMetaObjectHandler - 公共字段自动填充[insert]...
2026-06-27 20:00:24.079 [File Watcher] INFO  o.s.b.d.a.LocalDevToolsAutoConfiguration$RestartingClassPathChangeChangedEventListener - Restarting due to 1 class path change (0 additions, 0 deletions, 1 modification)
2026-06-27 20:00:26.855 [Thread-21] INFO  org.apache.coyote.http11.Http11NioProtocol - Pausing ProtocolHandler ["http-nio-8080"]
2026-06-27 20:00:26.855 [Thread-21] INFO  org.apache.catalina.core.StandardService - Stopping service [Tomcat]
2026-06-27 20:00:26.861 [Thread-21] INFO  o.a.c.core.ContainerBase.[Tomcat].[localhost].[/] - Destroying Spring FrameworkServlet 'dispatcherServlet'
2026-06-27 20:00:26.910 [Thread-21] INFO  org.apache.coyote.http11.Http11NioProtocol - Stopping ProtocolHandler ["http-nio-8080"]
2026-06-27 20:00:26.925 [Thread-21] INFO  org.apache.coyote.http11.Http11NioProtocol - Destroying ProtocolHandler ["http-nio-8080"]
2026-06-27 20:00:26.929 [Thread-21] INFO  com.alibaba.druid.pool.DruidDataSource - {dataSource-5} closing ...
2026-06-27 20:00:26.933 [Thread-21] INFO  com.alibaba.druid.pool.DruidDataSource - {dataSource-5} closed
2026-06-27 20:00:27.594 [restartedMain] INFO  com.project.travel.TravelApplication - Starting TravelApplication using Java 1.8.0_202 on dilireba with PID 12352 (C:\maven\travel_system\travel\travel\travel-server\target\classes started by solitude in C:\maven\travel_system\travel\travel\travel-server)
2026-06-27 20:00:27.595 [restartedMain] INFO  com.project.travel.TravelApplication - The following 1 profile is active: "dev"
2026-06-27 20:00:28.383 [restartedMain] INFO  o.s.d.r.config.RepositoryConfigurationDelegate - Multiple Spring Data modules found, entering strict repository configuration mode
2026-06-27 20:00:28.383 [restartedMain] INFO  o.s.d.r.config.RepositoryConfigurationDelegate - Bootstrapping Spring Data Redis repositories in DEFAULT mode.
2026-06-27 20:00:28.484 [restartedMain] INFO  o.s.d.r.config.RepositoryConfigurationDelegate - Finished Spring Data repository scanning in 95 ms. Found 0 Redis repository interfaces.
2026-06-27 20:00:28.754 [restartedMain] INFO  o.s.boot.web.embedded.tomcat.TomcatWebServer - Tomcat initialized with port(s): 8080 (http)
2026-06-27 20:00:28.754 [restartedMain] INFO  org.apache.coyote.http11.Http11NioProtocol - Initializing ProtocolHandler ["http-nio-8080"]
2026-06-27 20:00:28.755 [restartedMain] INFO  org.apache.catalina.core.StandardService - Starting service [Tomcat]
2026-06-27 20:00:28.755 [restartedMain] INFO  org.apache.catalina.core.StandardEngine - Starting Servlet engine: [Apache Tomcat/9.0.83]
2026-06-27 20:00:28.787 [restartedMain] INFO  o.a.c.core.ContainerBase.[Tomcat].[localhost].[/] - Initializing Spring embedded WebApplicationContext
2026-06-27 20:00:28.787 [restartedMain] INFO  o.s.b.w.s.c.ServletWebServerApplicationContext - Root WebApplicationContext: initialization completed in 1189 ms
2026-06-27 20:00:28.838 [restartedMain] INFO  c.a.d.s.b.a.DruidDataSourceAutoConfigure - Init DruidDataSource
2026-06-27 20:00:29.016 [restartedMain] INFO  com.alibaba.druid.pool.DruidDataSource - {dataSource-6} inited
2026-06-27 20:00:32.792 [restartedMain] INFO  o.s.b.d.autoconfigure.OptionalLiveReloadServer - LiveReload server is running on port 35729
2026-06-27 20:00:32.821 [restartedMain] INFO  org.apache.coyote.http11.Http11NioProtocol - Starting ProtocolHandler ["http-nio-8080"]
2026-06-27 20:00:32.835 [restartedMain] INFO  o.s.boot.web.embedded.tomcat.TomcatWebServer - Tomcat started on port(s): 8080 (http) with context path ''
2026-06-27 20:00:32.841 [restartedMain] INFO  com.project.travel.TravelApplication - Started TravelApplication in 5.326 seconds (JVM running for 924.389)
2026-06-27 20:00:32.842 [restartedMain] INFO  o.s.b.d.a.ConditionEvaluationDeltaLoggingListener - Condition evaluation unchanged
2026-06-27 20:00:45.289 [File Watcher] INFO  o.s.b.d.a.LocalDevToolsAutoConfiguration$RestartingClassPathChangeChangedEventListener - Restarting due to 1 class path change (0 additions, 0 deletions, 1 modification)
2026-06-27 20:00:48.091 [Thread-25] INFO  org.apache.coyote.http11.Http11NioProtocol - Pausing ProtocolHandler ["http-nio-8080"]
2026-06-27 20:00:48.092 [Thread-25] INFO  org.apache.catalina.core.StandardService - Stopping service [Tomcat]
2026-06-27 20:00:48.104 [Thread-25] INFO  org.apache.coyote.http11.Http11NioProtocol - Stopping ProtocolHandler ["http-nio-8080"]
2026-06-27 20:00:48.114 [Thread-25] INFO  org.apache.coyote.http11.Http11NioProtocol - Destroying ProtocolHandler ["http-nio-8080"]
2026-06-27 20:00:48.118 [Thread-25] INFO  com.alibaba.druid.pool.DruidDataSource - {dataSource-6} closing ...
2026-06-27 20:00:48.126 [Thread-25] INFO  com.alibaba.druid.pool.DruidDataSource - {dataSource-6} closed
2026-06-27 20:00:48.754 [restartedMain] INFO  com.project.travel.TravelApplication - Starting TravelApplication using Java 1.8.0_202 on dilireba with PID 12352 (C:\maven\travel_system\travel\travel\travel-server\target\classes started by solitude in C:\maven\travel_system\travel\travel\travel-server)
2026-06-27 20:00:48.755 [restartedMain] INFO  com.project.travel.TravelApplication - The following 1 profile is active: "dev"
2026-06-27 20:00:49.103 [restartedMain] INFO  o.s.d.r.config.RepositoryConfigurationDelegate - Multiple Spring Data modules found, entering strict repository configuration mode
2026-06-27 20:00:49.104 [restartedMain] INFO  o.s.d.r.config.RepositoryConfigurationDelegate - Bootstrapping Spring Data Redis repositories in DEFAULT mode.
2026-06-27 20:00:49.131 [restartedMain] INFO  o.s.d.r.config.RepositoryConfigurationDelegate - Finished Spring Data repository scanning in 27 ms. Found 0 Redis repository interfaces.
2026-06-27 20:00:49.324 [restartedMain] INFO  o.s.boot.web.embedded.tomcat.TomcatWebServer - Tomcat initialized with port(s): 8080 (http)
2026-06-27 20:00:49.324 [restartedMain] INFO  org.apache.coyote.http11.Http11NioProtocol - Initializing ProtocolHandler ["http-nio-8080"]
2026-06-27 20:00:49.326 [restartedMain] INFO  org.apache.catalina.core.StandardService - Starting service [Tomcat]
2026-06-27 20:00:49.326 [restartedMain] INFO  org.apache.catalina.core.StandardEngine - Starting Servlet engine: [Apache Tomcat/9.0.83]
2026-06-27 20:00:49.363 [restartedMain] INFO  o.a.c.core.ContainerBase.[Tomcat].[localhost].[/] - Initializing Spring embedded WebApplicationContext
2026-06-27 20:00:49.364 [restartedMain] INFO  o.s.b.w.s.c.ServletWebServerApplicationContext - Root WebApplicationContext: initialization completed in 606 ms
2026-06-27 20:00:49.414 [restartedMain] INFO  c.a.d.s.b.a.DruidDataSourceAutoConfigure - Init DruidDataSource
2026-06-27 20:00:49.579 [restartedMain] INFO  com.alibaba.druid.pool.DruidDataSource - {dataSource-7} inited
2026-06-27 20:00:53.272 [restartedMain] INFO  o.s.b.d.autoconfigure.OptionalLiveReloadServer - LiveReload server is running on port 35729
2026-06-27 20:00:53.297 [restartedMain] INFO  org.apache.coyote.http11.Http11NioProtocol - Starting ProtocolHandler ["http-nio-8080"]
2026-06-27 20:00:53.306 [restartedMain] INFO  o.s.boot.web.embedded.tomcat.TomcatWebServer - Tomcat started on port(s): 8080 (http) with context path ''
2026-06-27 20:00:53.312 [restartedMain] INFO  com.project.travel.TravelApplication - Started TravelApplication in 4.632 seconds (JVM running for 944.86)
2026-06-27 20:00:53.313 [restartedMain] INFO  o.s.b.d.a.ConditionEvaluationDeltaLoggingListener - Condition evaluation unchanged
2026-06-27 20:01:11.682 [http-nio-8080-exec-1] INFO  o.a.c.core.ContainerBase.[Tomcat].[localhost].[/] - Initializing Spring DispatcherServlet 'dispatcherServlet'
2026-06-27 20:01:11.684 [http-nio-8080-exec-1] INFO  org.springframework.web.servlet.DispatcherServlet - Initializing Servlet 'dispatcherServlet'
2026-06-27 20:01:11.688 [http-nio-8080-exec-1] INFO  org.springframework.web.servlet.DispatcherServlet - Completed initialization in 2 ms
2026-06-27 20:05:05.283 [SpringApplicationShutdownHook] INFO  com.alibaba.druid.pool.DruidDataSource - {dataSource-7} closing ...
2026-06-27 20:05:05.285 [SpringApplicationShutdownHook] INFO  com.alibaba.druid.pool.DruidDataSource - {dataSource-7} closed
2026-06-27 20:05:11.717 [restartedMain] INFO  com.project.travel.TravelApplication - Starting TravelApplication using Java 1.8.0_202 on dilireba with PID 364 (C:\maven\travel_system\travel\travel\travel-server\target\classes started by solitude in C:\maven\travel_system\travel\travel\travel-server)
2026-06-27 20:05:11.719 [restartedMain] INFO  com.project.travel.TravelApplication - The following 1 profile is active: "dev"
2026-06-27 20:05:11.785 [restartedMain] INFO  o.s.b.d.env.DevToolsPropertyDefaultsPostProcessor - Devtools property defaults active! Set 'spring.devtools.add-properties' to 'false' to disable
2026-06-27 20:05:11.785 [restartedMain] INFO  o.s.b.d.env.DevToolsPropertyDefaultsPostProcessor - For additional web related logging consider setting the 'logging.level.web' property to 'DEBUG'
2026-06-27 20:05:12.325 [restartedMain] INFO  o.s.d.r.config.RepositoryConfigurationDelegate - Multiple Spring Data modules found, entering strict repository configuration mode
2026-06-27 20:05:12.327 [restartedMain] INFO  o.s.d.r.config.RepositoryConfigurationDelegate - Bootstrapping Spring Data Redis repositories in DEFAULT mode.
2026-06-27 20:05:12.358 [restartedMain] INFO  o.s.d.r.config.RepositoryConfigurationDelegate - Finished Spring Data repository scanning in 21 ms. Found 0 Redis repository interfaces.
2026-06-27 20:05:12.947 [restartedMain] INFO  o.s.boot.web.embedded.tomcat.TomcatWebServer - Tomcat initialized with port(s): 8080 (http)
2026-06-27 20:05:12.955 [restartedMain] INFO  org.apache.coyote.http11.Http11NioProtocol - Initializing ProtocolHandler ["http-nio-8080"]
2026-06-27 20:05:12.956 [restartedMain] INFO  org.apache.catalina.core.StandardService - Starting service [Tomcat]
2026-06-27 20:05:12.956 [restartedMain] INFO  org.apache.catalina.core.StandardEngine - Starting Servlet engine: [Apache Tomcat/9.0.83]
2026-06-27 20:05:13.022 [restartedMain] INFO  o.a.c.core.ContainerBase.[Tomcat].[localhost].[/] - Initializing Spring embedded WebApplicationContext
2026-06-27 20:05:13.022 [restartedMain] INFO  o.s.b.w.s.c.ServletWebServerApplicationContext - Root WebApplicationContext: initialization completed in 1237 ms
2026-06-27 20:05:13.362 [restartedMain] INFO  c.a.d.s.b.a.DruidDataSourceAutoConfigure - Init DruidDataSource
2026-06-27 20:05:14.713 [restartedMain] INFO  com.alibaba.druid.pool.DruidDataSource - {dataSource-1} inited
2026-06-27 20:05:23.876 [restartedMain] INFO  o.s.b.d.autoconfigure.OptionalLiveReloadServer - LiveReload server is running on port 35729
2026-06-27 20:05:24.019 [restartedMain] INFO  org.apache.coyote.http11.Http11NioProtocol - Starting ProtocolHandler ["http-nio-8080"]
2026-06-27 20:05:24.103 [restartedMain] INFO  o.s.boot.web.embedded.tomcat.TomcatWebServer - Tomcat started on port(s): 8080 (http) with context path ''
2026-06-27 20:05:24.183 [restartedMain] INFO  com.project.travel.TravelApplication - Started TravelApplication in 12.863 seconds (JVM running for 13.216)
2026-06-27 20:06:57.243 [http-nio-8080-exec-1] INFO  o.a.c.core.ContainerBase.[Tomcat].[localhost].[/] - Initializing Spring DispatcherServlet 'dispatcherServlet'
2026-06-27 20:06:57.243 [http-nio-8080-exec-1] INFO  org.springframework.web.servlet.DispatcherServlet - Initializing Servlet 'dispatcherServlet'
2026-06-27 20:06:57.250 [http-nio-8080-exec-1] INFO  org.springframework.web.servlet.DispatcherServlet - Completed initialization in 7 ms
2026-06-27 20:07:15.484 [http-nio-8080-exec-6] INFO  c.p.t.c.attractions.SysAttractionsController - 查询景点参数：SysAttractions(id=null, name=null, price=null, introduce=null, content=null, num=null, realName=null, images=null, scenicType=null, location=null, pv=null, open=null, time=null, state=1, createBy=null, createTime=null, updateBy=null, updateTime=null, pageNumber=1, pageSize=100)
2026-06-27 20:07:15.493 [http-nio-8080-exec-6] INFO  c.p.t.c.attractions.SysAttractionsController - location 参数值：null
2026-06-27 20:07:15.497 [http-nio-8080-exec-6] INFO  c.p.t.c.attractions.SysAttractionsController - 最终查询条件 SQL：(state = #{ew.paramNameValuePairs.MPGENVAL1}) ORDER BY create_time DESC
2026-06-27 20:07:15.564 [http-nio-8080-exec-6] INFO  c.p.t.c.attractions.SysAttractionsController - 查询结果数量：9
2026-06-27 20:07:15.573 [http-nio-8080-exec-8] INFO  c.p.t.c.attractions.SysAttractionsController - 查询景点参数：SysAttractions(id=null, name=, price=null, introduce=null, content=null, num=null, realName=null, images=null, scenicType=, location=, pv=null, open=null, time=null, state=1, createBy=null, createTime=null, updateBy=null, updateTime=null, pageNumber=1, pageSize=9)
2026-06-27 20:07:15.577 [http-nio-8080-exec-8] INFO  c.p.t.c.attractions.SysAttractionsController - location 参数值：
2026-06-27 20:07:15.583 [http-nio-8080-exec-8] INFO  c.p.t.c.attractions.SysAttractionsController - 最终查询条件 SQL：(state = #{ew.paramNameValuePairs.MPGENVAL1}) ORDER BY create_time DESC
2026-06-27 20:07:15.588 [http-nio-8080-exec-9] INFO  c.p.t.c.attractions.SysAttractionsController - 查询景点参数：SysAttractions(id=null, name=null, price=null, introduce=null, content=null, num=null, realName=null, images=null, scenicType=null, location=null, pv=null, open=null, time=null, state=1, createBy=null, createTime=null, updateBy=null, updateTime=null, pageNumber=1, pageSize=100)
2026-06-27 20:07:15.590 [http-nio-8080-exec-9] INFO  c.p.t.c.attractions.SysAttractionsController - location 参数值：null
2026-06-27 20:07:15.591 [http-nio-8080-exec-9] INFO  c.p.t.c.attractions.SysAttractionsController - 最终查询条件 SQL：(state = #{ew.paramNameValuePairs.MPGENVAL1}) ORDER BY create_time DESC
2026-06-27 20:07:15.643 [http-nio-8080-exec-8] INFO  c.p.t.c.attractions.SysAttractionsController - 查询结果数量：9
2026-06-27 20:07:15.648 [http-nio-8080-exec-9] INFO  c.p.t.c.attractions.SysAttractionsController - 查询结果数量：9
2026-06-27 20:07:16.887 [http-nio-8080-exec-12] INFO  c.p.t.c.attractions.SysAttractionsController - 查询景点参数：SysAttractions(id=null, name=null, price=null, introduce=null, content=null, num=null, realName=null, images=null, scenicType=null, location=null, pv=null, open=null, time=null, state=1, createBy=null, createTime=null, updateBy=null, updateTime=null, pageNumber=1, pageSize=100)
2026-06-27 20:07:16.890 [http-nio-8080-exec-12] INFO  c.p.t.c.attractions.SysAttractionsController - location 参数值：null
2026-06-27 20:07:16.891 [http-nio-8080-exec-12] INFO  c.p.t.c.attractions.SysAttractionsController - 最终查询条件 SQL：(state = #{ew.paramNameValuePairs.MPGENVAL1}) ORDER BY create_time DESC
2026-06-27 20:07:16.908 [http-nio-8080-exec-12] INFO  c.p.t.c.attractions.SysAttractionsController - 查询结果数量：9
2026-06-27 22:21:29.098 [http-nio-8080-exec-17] INFO  c.p.t.c.attractions.SysAttractionsController - 查询景点参数：SysAttractions(id=null, name=null, price=null, introduce=null, content=null, num=null, realName=null, images=null, scenicType=null, location=null, pv=null, open=null, time=null, state=1, createBy=null, createTime=null, updateBy=null, updateTime=null, pageNumber=1, pageSize=100)
2026-06-27 22:21:29.105 [http-nio-8080-exec-17] INFO  c.p.t.c.attractions.SysAttractionsController - location 参数值：null
2026-06-27 22:21:29.108 [http-nio-8080-exec-17] INFO  c.p.t.c.attractions.SysAttractionsController - 最终查询条件 SQL：(state = #{ew.paramNameValuePairs.MPGENVAL1}) ORDER BY create_time DESC
2026-06-27 22:21:29.149 [http-nio-8080-exec-17] INFO  c.p.t.c.attractions.SysAttractionsController - 查询结果数量：9
2026-06-27 22:21:29.165 [http-nio-8080-exec-19] INFO  c.p.t.c.attractions.SysAttractionsController - 查询景点参数：SysAttractions(id=null, name=null, price=null, introduce=null, content=null, num=null, realName=null, images=null, scenicType=null, location=null, pv=null, open=null, time=null, state=1, createBy=null, createTime=null, updateBy=null, updateTime=null, pageNumber=1, pageSize=100)
2026-06-27 22:21:29.166 [http-nio-8080-exec-19] INFO  c.p.t.c.attractions.SysAttractionsController - location 参数值：null
2026-06-27 22:21:29.170 [http-nio-8080-exec-19] INFO  c.p.t.c.attractions.SysAttractionsController - 最终查询条件 SQL：(state = #{ew.paramNameValuePairs.MPGENVAL1}) ORDER BY create_time DESC
2026-06-27 22:21:29.171 [http-nio-8080-exec-18] INFO  c.p.t.c.attractions.SysAttractionsController - 查询景点参数：SysAttractions(id=null, name=, price=null, introduce=null, content=null, num=null, realName=null, images=null, scenicType=, location=, pv=null, open=null, time=null, state=1, createBy=null, createTime=null, updateBy=null, updateTime=null, pageNumber=1, pageSize=9)
2026-06-27 22:21:29.173 [http-nio-8080-exec-18] INFO  c.p.t.c.attractions.SysAttractionsController - location 参数值：
2026-06-27 22:21:29.173 [http-nio-8080-exec-18] INFO  c.p.t.c.attractions.SysAttractionsController - 最终查询条件 SQL：(state = #{ew.paramNameValuePairs.MPGENVAL1}) ORDER BY create_time DESC
2026-06-27 22:21:29.208 [http-nio-8080-exec-19] INFO  c.p.t.c.attractions.SysAttractionsController - 查询结果数量：9
2026-06-27 22:21:29.211 [http-nio-8080-exec-18] INFO  c.p.t.c.attractions.SysAttractionsController - 查询结果数量：9
2026-06-27 22:21:30.503 [http-nio-8080-exec-22] INFO  c.p.t.c.attractions.SysAttractionsController - 查询景点参数：SysAttractions(id=null, name=null, price=null, introduce=null, content=null, num=null, realName=null, images=null, scenicType=null, location=null, pv=null, open=null, time=null, state=1, createBy=null, createTime=null, updateBy=null, updateTime=null, pageNumber=1, pageSize=100)
2026-06-27 22:21:30.504 [http-nio-8080-exec-22] INFO  c.p.t.c.attractions.SysAttractionsController - location 参数值：null
2026-06-27 22:21:30.506 [http-nio-8080-exec-22] INFO  c.p.t.c.attractions.SysAttractionsController - 最终查询条件 SQL：(state = #{ew.paramNameValuePairs.MPGENVAL1}) ORDER BY create_time DESC
2026-06-27 22:21:30.521 [http-nio-8080-exec-22] INFO  c.p.t.c.attractions.SysAttractionsController - 查询结果数量：9
2026-06-27 22:26:55.205 [http-nio-8080-exec-45] INFO  c.p.t.c.attractions.SysAttractionsController - 查询景点参数：SysAttractions(id=null, name=null, price=null, introduce=null, content=null, num=null, realName=null, images=null, scenicType=null, location=null, pv=null, open=null, time=null, state=1, createBy=null, createTime=null, updateBy=null, updateTime=null, pageNumber=1, pageSize=100)
2026-06-27 22:26:55.206 [http-nio-8080-exec-45] INFO  c.p.t.c.attractions.SysAttractionsController - location 参数值：null
2026-06-27 22:26:55.207 [http-nio-8080-exec-45] INFO  c.p.t.c.attractions.SysAttractionsController - 最终查询条件 SQL：(state = #{ew.paramNameValuePairs.MPGENVAL1}) ORDER BY create_time DESC
2026-06-27 22:26:55.217 [http-nio-8080-exec-45] INFO  c.p.t.c.attractions.SysAttractionsController - 查询结果数量：9
2026-06-27 22:26:55.241 [http-nio-8080-exec-47] INFO  c.p.t.c.attractions.SysAttractionsController - 查询景点参数：SysAttractions(id=null, name=, price=null, introduce=null, content=null, num=null, realName=null, images=null, scenicType=, location=, pv=null, open=null, time=null, state=1, createBy=null, createTime=null, updateBy=null, updateTime=null, pageNumber=1, pageSize=9)
2026-06-27 22:26:55.243 [http-nio-8080-exec-48] INFO  c.p.t.c.attractions.SysAttractionsController - 查询景点参数：SysAttractions(id=null, name=null, price=null, introduce=null, content=null, num=null, realName=null, images=null, scenicType=null, location=null, pv=null, open=null, time=null, state=1, createBy=null, createTime=null, updateBy=null, updateTime=null, pageNumber=1, pageSize=100)
2026-06-27 22:26:55.244 [http-nio-8080-exec-48] INFO  c.p.t.c.attractions.SysAttractionsController - location 参数值：null
2026-06-27 22:26:55.245 [http-nio-8080-exec-47] INFO  c.p.t.c.attractions.SysAttractionsController - location 参数值：
2026-06-27 22:26:55.245 [http-nio-8080-exec-48] INFO  c.p.t.c.attractions.SysAttractionsController - 最终查询条件 SQL：(state = #{ew.paramNameValuePairs.MPGENVAL1}) ORDER BY create_time DESC
2026-06-27 22:26:55.246 [http-nio-8080-exec-47] INFO  c.p.t.c.attractions.SysAttractionsController - 最终查询条件 SQL：(state = #{ew.paramNameValuePairs.MPGENVAL1}) ORDER BY create_time DESC
2026-06-27 22:26:55.288 [http-nio-8080-exec-47] INFO  c.p.t.c.attractions.SysAttractionsController - 查询结果数量：9
2026-06-27 22:26:55.288 [http-nio-8080-exec-48] INFO  c.p.t.c.attractions.SysAttractionsController - 查询结果数量：9
2026-06-27 22:26:56.405 [http-nio-8080-exec-51] INFO  c.p.t.c.attractions.SysAttractionsController - 查询景点参数：SysAttractions(id=null, name=null, price=null, introduce=null, content=null, num=null, realName=null, images=null, scenicType=null, location=null, pv=null, open=null, time=null, state=1, createBy=null, createTime=null, updateBy=null, updateTime=null, pageNumber=1, pageSize=100)
2026-06-27 22:26:56.406 [http-nio-8080-exec-51] INFO  c.p.t.c.attractions.SysAttractionsController - location 参数值：null
2026-06-27 22:26:56.407 [http-nio-8080-exec-51] INFO  c.p.t.c.attractions.SysAttractionsController - 最终查询条件 SQL：(state = #{ew.paramNameValuePairs.MPGENVAL1}) ORDER BY create_time DESC
2026-06-27 22:26:56.420 [http-nio-8080-exec-51] INFO  c.p.t.c.attractions.SysAttractionsController - 查询结果数量：9
2026-06-27 22:26:59.236 [http-nio-8080-exec-53] INFO  com.project.travel.handle.MyMetaObjectHandler - 公共字段自动填充[update]...
2026-06-27 22:27:03.244 [http-nio-8080-exec-57] INFO  com.project.travel.handle.MyMetaObjectHandler - 公共字段自动填充[update]...
2026-06-27 22:27:08.980 [http-nio-8080-exec-66] INFO  com.project.travel.handle.MyMetaObjectHandler - 公共字段自动填充[update]...
2026-06-27 22:33:01.328 [http-nio-8080-exec-76] INFO  c.p.t.c.attractions.SysAttractionsController - 查询景点参数：SysAttractions(id=null, name=null, price=null, introduce=null, content=null, num=null, realName=null, images=null, scenicType=null, location=null, pv=null, open=null, time=null, state=1, createBy=null, createTime=null, updateBy=null, updateTime=null, pageNumber=1, pageSize=100)
2026-06-27 22:33:01.328 [http-nio-8080-exec-76] INFO  c.p.t.c.attractions.SysAttractionsController - location 参数值：null
2026-06-27 22:33:01.329 [http-nio-8080-exec-76] INFO  c.p.t.c.attractions.SysAttractionsController - 最终查询条件 SQL：(state = #{ew.paramNameValuePairs.MPGENVAL1}) ORDER BY create_time DESC
2026-06-27 22:33:01.341 [http-nio-8080-exec-76] INFO  c.p.t.c.attractions.SysAttractionsController - 查询结果数量：9
2026-06-27 22:33:01.368 [http-nio-8080-exec-80] INFO  c.p.t.c.attractions.SysAttractionsController - 查询景点参数：SysAttractions(id=null, name=null, price=null, introduce=null, content=null, num=null, realName=null, images=null, scenicType=null, location=null, pv=null, open=null, time=null, state=1, createBy=null, createTime=null, updateBy=null, updateTime=null, pageNumber=1, pageSize=100)
2026-06-27 22:33:01.369 [http-nio-8080-exec-80] INFO  c.p.t.c.attractions.SysAttractionsController - location 参数值：null
2026-06-27 22:33:01.369 [http-nio-8080-exec-80] INFO  c.p.t.c.attractions.SysAttractionsController - 最终查询条件 SQL：(state = #{ew.paramNameValuePairs.MPGENVAL1}) ORDER BY create_time DESC
2026-06-27 22:33:01.377 [http-nio-8080-exec-78] INFO  c.p.t.c.attractions.SysAttractionsController - 查询景点参数：SysAttractions(id=null, name=, price=null, introduce=null, content=null, num=null, realName=null, images=null, scenicType=, location=, pv=null, open=null, time=null, state=1, createBy=null, createTime=null, updateBy=null, updateTime=null, pageNumber=1, pageSize=9)
2026-06-27 22:33:01.378 [http-nio-8080-exec-78] INFO  c.p.t.c.attractions.SysAttractionsController - location 参数值：
2026-06-27 22:33:01.378 [http-nio-8080-exec-78] INFO  c.p.t.c.attractions.SysAttractionsController - 最终查询条件 SQL：(state = #{ew.paramNameValuePairs.MPGENVAL1}) ORDER BY create_time DESC
2026-06-27 22:33:01.391 [http-nio-8080-exec-80] INFO  c.p.t.c.attractions.SysAttractionsController - 查询结果数量：9
2026-06-27 22:33:01.400 [http-nio-8080-exec-78] INFO  c.p.t.c.attractions.SysAttractionsController - 查询结果数量：9
2026-06-27 22:33:02.622 [http-nio-8080-exec-81] INFO  c.p.t.c.attractions.SysAttractionsController - 查询景点参数：SysAttractions(id=null, name=null, price=null, introduce=null, content=null, num=null, realName=null, images=null, scenicType=null, location=null, pv=null, open=null, time=null, state=1, createBy=null, createTime=null, updateBy=null, updateTime=null, pageNumber=1, pageSize=100)
2026-06-27 22:33:02.623 [http-nio-8080-exec-81] INFO  c.p.t.c.attractions.SysAttractionsController - location 参数值：null
2026-06-27 22:33:02.625 [http-nio-8080-exec-81] INFO  c.p.t.c.attractions.SysAttractionsController - 最终查询条件 SQL：(state = #{ew.paramNameValuePairs.MPGENVAL1}) ORDER BY create_time DESC
2026-06-27 22:33:02.637 [http-nio-8080-exec-81] INFO  c.p.t.c.attractions.SysAttractionsController - 查询结果数量：9
2026-06-27 22:33:04.175 [http-nio-8080-exec-85] INFO  com.project.travel.handle.MyMetaObjectHandler - 公共字段自动填充[update]...
2026-06-27 22:40:10.656 [http-nio-8080-exec-87] INFO  com.project.travel.handle.MyMetaObjectHandler - 公共字段自动填充[update]...
2026-06-27 22:40:10.672 [http-nio-8080-exec-87] INFO  com.project.travel.handle.MyMetaObjectHandler - 公共字段自动填充[insert]...
2026-06-27 22:40:11.042 [http-nio-8080-exec-87] INFO  com.project.travel.handle.MyMetaObjectHandler - 公共字段自动填充[update]...
2026-06-27 22:40:11.063 [http-nio-8080-exec-87] INFO  com.project.travel.handle.MyMetaObjectHandler - 公共字段自动填充[insert]...
2026-06-27 22:41:10.033 [http-nio-8080-exec-41] INFO  com.project.travel.handle.MyMetaObjectHandler - 公共字段自动填充[insert]...
2026-06-27 22:41:15.343 [http-nio-8080-exec-43] INFO  com.project.travel.handle.MyMetaObjectHandler - 公共字段自动填充[update]...
2026-06-27 22:41:15.350 [http-nio-8080-exec-43] INFO  com.project.travel.handle.MyMetaObjectHandler - 公共字段自动填充[insert]...
2026-06-27 22:41:15.361 [http-nio-8080-exec-43] INFO  com.project.travel.handle.MyMetaObjectHandler - 公共字段自动填充[update]...
2026-06-27 22:41:15.368 [http-nio-8080-exec-43] INFO  com.project.travel.handle.MyMetaObjectHandler - 公共字段自动填充[insert]...
2026-06-27 22:41:29.040 [http-nio-8080-exec-61] INFO  c.p.t.c.attractions.SysAttractionsController - 查询景点参数：SysAttractions(id=null, name=null, price=null, introduce=null, content=null, num=null, realName=null, images=null, scenicType=null, location=null, pv=null, open=null, time=null, state=1, createBy=null, createTime=null, updateBy=null, updateTime=null, pageNumber=1, pageSize=100)
2026-06-27 22:41:29.041 [http-nio-8080-exec-61] INFO  c.p.t.c.attractions.SysAttractionsController - location 参数值：null
2026-06-27 22:41:29.042 [http-nio-8080-exec-61] INFO  c.p.t.c.attractions.SysAttractionsController - 最终查询条件 SQL：(state = #{ew.paramNameValuePairs.MPGENVAL1}) ORDER BY create_time DESC
2026-06-27 22:41:29.052 [http-nio-8080-exec-61] INFO  c.p.t.c.attractions.SysAttractionsController - 查询结果数量：9
2026-06-27 22:41:29.091 [http-nio-8080-exec-62] INFO  c.p.t.c.attractions.SysAttractionsController - 查询景点参数：SysAttractions(id=null, name=, price=null, introduce=null, content=null, num=null, realName=null, images=null, scenicType=, location=, pv=null, open=null, time=null, state=1, createBy=null, createTime=null, updateBy=null, updateTime=null, pageNumber=1, pageSize=9)
2026-06-27 22:41:29.093 [http-nio-8080-exec-62] INFO  c.p.t.c.attractions.SysAttractionsController - location 参数值：
2026-06-27 22:41:29.095 [http-nio-8080-exec-62] INFO  c.p.t.c.attractions.SysAttractionsController - 最终查询条件 SQL：(state = #{ew.paramNameValuePairs.MPGENVAL1}) ORDER BY create_time DESC
2026-06-27 22:41:29.099 [http-nio-8080-exec-65] INFO  c.p.t.c.attractions.SysAttractionsController - 查询景点参数：SysAttractions(id=null, name=null, price=null, introduce=null, content=null, num=null, realName=null, images=null, scenicType=null, location=null, pv=null, open=null, time=null, state=1, createBy=null, createTime=null, updateBy=null, updateTime=null, pageNumber=1, pageSize=100)
2026-06-27 22:41:29.100 [http-nio-8080-exec-65] INFO  c.p.t.c.attractions.SysAttractionsController - location 参数值：null
2026-06-27 22:41:29.100 [http-nio-8080-exec-65] INFO  c.p.t.c.attractions.SysAttractionsController - 最终查询条件 SQL：(state = #{ew.paramNameValuePairs.MPGENVAL1}) ORDER BY create_time DESC
2026-06-27 22:41:29.121 [http-nio-8080-exec-62] INFO  c.p.t.c.attractions.SysAttractionsController - 查询结果数量：9
2026-06-27 22:41:29.130 [http-nio-8080-exec-65] INFO  c.p.t.c.attractions.SysAttractionsController - 查询结果数量：9
2026-06-27 22:41:31.005 [http-nio-8080-exec-69] INFO  c.p.t.c.attractions.SysAttractionsController - 查询景点参数：SysAttractions(id=null, name=, price=null, introduce=null, content=null, num=null, realName=null, images=null, scenicType=, location=北京, pv=null, open=null, time=null, state=1, createBy=null, createTime=null, updateBy=null, updateTime=null, pageNumber=1, pageSize=9)
2026-06-27 22:41:31.005 [http-nio-8080-exec-69] INFO  c.p.t.c.attractions.SysAttractionsController - location 参数值：北京
2026-06-27 22:41:31.005 [http-nio-8080-exec-69] INFO  c.p.t.c.attractions.SysAttractionsController - 应用地区筛选：北京
2026-06-27 22:41:31.006 [http-nio-8080-exec-68] INFO  c.p.t.c.attractions.SysAttractionsController - 查询景点参数：SysAttractions(id=null, name=null, price=null, introduce=null, content=null, num=null, realName=null, images=null, scenicType=null, location=北京, pv=null, open=null, time=null, state=1, createBy=null, createTime=null, updateBy=null, updateTime=null, pageNumber=1, pageSize=100)
2026-06-27 22:41:31.006 [http-nio-8080-exec-68] INFO  c.p.t.c.attractions.SysAttractionsController - location 参数值：北京
2026-06-27 22:41:31.007 [http-nio-8080-exec-68] INFO  c.p.t.c.attractions.SysAttractionsController - 应用地区筛选：北京
2026-06-27 22:41:31.007 [http-nio-8080-exec-69] INFO  c.p.t.c.attractions.SysAttractionsController - 最终查询条件 SQL：(state = #{ew.paramNameValuePairs.MPGENVAL1} AND location LIKE #{ew.paramNameValuePairs.MPGENVAL2}) ORDER BY create_time DESC
2026-06-27 22:41:31.007 [http-nio-8080-exec-68] INFO  c.p.t.c.attractions.SysAttractionsController - 最终查询条件 SQL：(state = #{ew.paramNameValuePairs.MPGENVAL1} AND location LIKE #{ew.paramNameValuePairs.MPGENVAL2}) ORDER BY create_time DESC
2026-06-27 22:41:31.019 [http-nio-8080-exec-69] INFO  c.p.t.c.attractions.SysAttractionsController - 查询结果数量：1
2026-06-27 22:41:31.022 [http-nio-8080-exec-68] INFO  c.p.t.c.attractions.SysAttractionsController - 查询结果数量：1
2026-06-27 22:41:31.871 [http-nio-8080-exec-74] INFO  com.project.travel.handle.MyMetaObjectHandler - 公共字段自动填充[update]...
2026-06-27 22:41:38.077 [http-nio-8080-exec-75] INFO  com.project.travel.handle.MyMetaObjectHandler - 公共字段自动填充[update]...
2026-06-27 22:41:38.085 [http-nio-8080-exec-75] INFO  com.project.travel.handle.MyMetaObjectHandler - 公共字段自动填充[insert]...
2026-06-27 22:41:38.103 [http-nio-8080-exec-75] INFO  com.project.travel.handle.MyMetaObjectHandler - 公共字段自动填充[update]...
2026-06-27 22:41:38.109 [http-nio-8080-exec-75] INFO  com.project.travel.handle.MyMetaObjectHandler - 公共字段自动填充[insert]...
2026-06-27 22:42:34.164 [http-nio-8080-exec-94] INFO  com.project.travel.handle.MyMetaObjectHandler - 公共字段自动填充[update]...
2026-06-27 22:42:34.169 [http-nio-8080-exec-94] INFO  com.project.travel.handle.MyMetaObjectHandler - 公共字段自动填充[insert]...
2026-06-27 22:42:34.176 [http-nio-8080-exec-94] INFO  com.project.travel.handle.MyMetaObjectHandler - 公共字段自动填充[update]...
2026-06-27 22:42:34.183 [http-nio-8080-exec-94] INFO  com.project.travel.handle.MyMetaObjectHandler - 公共字段自动填充[insert]...
2026-06-27 22:42:58.651 [http-nio-8080-exec-7] INFO  c.p.t.c.attractions.SysAttractionsController - 查询景点参数：SysAttractions(id=null, name=null, price=null, introduce=null, content=null, num=null, realName=null, images=null, scenicType=null, location=null, pv=null, open=null, time=null, state=1, createBy=null, createTime=null, updateBy=null, updateTime=null, pageNumber=1, pageSize=100)
2026-06-27 22:42:58.651 [http-nio-8080-exec-7] INFO  c.p.t.c.attractions.SysAttractionsController - location 参数值：null
2026-06-27 22:42:58.651 [http-nio-8080-exec-7] INFO  c.p.t.c.attractions.SysAttractionsController - 最终查询条件 SQL：(state = #{ew.paramNameValuePairs.MPGENVAL1}) ORDER BY create_time DESC
2026-06-27 22:42:58.660 [http-nio-8080-exec-7] INFO  c.p.t.c.attractions.SysAttractionsController - 查询结果数量：9
2026-06-27 22:42:58.689 [http-nio-8080-exec-11] INFO  c.p.t.c.attractions.SysAttractionsController - 查询景点参数：SysAttractions(id=null, name=, price=null, introduce=null, content=null, num=null, realName=null, images=null, scenicType=, location=, pv=null, open=null, time=null, state=1, createBy=null, createTime=null, updateBy=null, updateTime=null, pageNumber=1, pageSize=9)
2026-06-27 22:42:58.689 [http-nio-8080-exec-11] INFO  c.p.t.c.attractions.SysAttractionsController - location 参数值：
2026-06-27 22:42:58.690 [http-nio-8080-exec-8] INFO  c.p.t.c.attractions.SysAttractionsController - 查询景点参数：SysAttractions(id=null, name=null, price=null, introduce=null, content=null, num=null, realName=null, images=null, scenicType=null, location=null, pv=null, open=null, time=null, state=1, createBy=null, createTime=null, updateBy=null, updateTime=null, pageNumber=1, pageSize=100)
2026-06-27 22:42:58.691 [http-nio-8080-exec-8] INFO  c.p.t.c.attractions.SysAttractionsController - location 参数值：null
2026-06-27 22:42:58.691 [http-nio-8080-exec-8] INFO  c.p.t.c.attractions.SysAttractionsController - 最终查询条件 SQL：(state = #{ew.paramNameValuePairs.MPGENVAL1}) ORDER BY create_time DESC
2026-06-27 22:42:58.692 [http-nio-8080-exec-11] INFO  c.p.t.c.attractions.SysAttractionsController - 最终查询条件 SQL：(state = #{ew.paramNameValuePairs.MPGENVAL1}) ORDER BY create_time DESC
2026-06-27 22:42:58.714 [http-nio-8080-exec-11] INFO  c.p.t.c.attractions.SysAttractionsController - 查询结果数量：9
2026-06-27 22:42:58.716 [http-nio-8080-exec-8] INFO  c.p.t.c.attractions.SysAttractionsController - 查询结果数量：9
2026-06-27 22:43:01.706 [http-nio-8080-exec-12] INFO  c.p.t.c.attractions.SysAttractionsController - 查询景点参数：SysAttractions(id=null, name=, price=null, introduce=null, content=null, num=null, realName=null, images=null, scenicType=, location=北京, pv=null, open=null, time=null, state=1, createBy=null, createTime=null, updateBy=null, updateTime=null, pageNumber=1, pageSize=9)
2026-06-27 22:43:01.707 [http-nio-8080-exec-12] INFO  c.p.t.c.attractions.SysAttractionsController - location 参数值：北京
2026-06-27 22:43:01.707 [http-nio-8080-exec-13] INFO  c.p.t.c.attractions.SysAttractionsController - 查询景点参数：SysAttractions(id=null, name=null, price=null, introduce=null, content=null, num=null, realName=null, images=null, scenicType=null, location=北京, pv=null, open=null, time=null, state=1, createBy=null, createTime=null, updateBy=null, updateTime=null, pageNumber=1, pageSize=100)
2026-06-27 22:43:01.707 [http-nio-8080-exec-12] INFO  c.p.t.c.attractions.SysAttractionsController - 应用地区筛选：北京
2026-06-27 22:43:01.707 [http-nio-8080-exec-13] INFO  c.p.t.c.attractions.SysAttractionsController - location 参数值：北京
2026-06-27 22:43:01.708 [http-nio-8080-exec-12] INFO  c.p.t.c.attractions.SysAttractionsController - 最终查询条件 SQL：(state = #{ew.paramNameValuePairs.MPGENVAL1} AND location LIKE #{ew.paramNameValuePairs.MPGENVAL2}) ORDER BY create_time DESC
2026-06-27 22:43:01.707 [http-nio-8080-exec-13] INFO  c.p.t.c.attractions.SysAttractionsController - 应用地区筛选：北京
2026-06-27 22:43:01.708 [http-nio-8080-exec-13] INFO  c.p.t.c.attractions.SysAttractionsController - 最终查询条件 SQL：(state = #{ew.paramNameValuePairs.MPGENVAL1} AND location LIKE #{ew.paramNameValuePairs.MPGENVAL2}) ORDER BY create_time DESC
2026-06-27 22:43:01.716 [http-nio-8080-exec-13] INFO  c.p.t.c.attractions.SysAttractionsController - 查询结果数量：1
2026-06-27 22:43:01.716 [http-nio-8080-exec-12] INFO  c.p.t.c.attractions.SysAttractionsController - 查询结果数量：1
2026-06-27 22:43:03.508 [http-nio-8080-exec-14] INFO  c.p.t.c.attractions.SysAttractionsController - 查询景点参数：SysAttractions(id=null, name=, price=null, introduce=null, content=null, num=null, realName=null, images=null, scenicType=, location=, pv=null, open=null, time=null, state=1, createBy=null, createTime=null, updateBy=null, updateTime=null, pageNumber=1, pageSize=9)
2026-06-27 22:43:03.508 [http-nio-8080-exec-14] INFO  c.p.t.c.attractions.SysAttractionsController - location 参数值：
2026-06-27 22:43:03.508 [http-nio-8080-exec-16] INFO  c.p.t.c.attractions.SysAttractionsController - 查询景点参数：SysAttractions(id=null, name=null, price=null, introduce=null, content=null, num=null, realName=null, images=null, scenicType=null, location=null, pv=null, open=null, time=null, state=1, createBy=null, createTime=null, updateBy=null, updateTime=null, pageNumber=1, pageSize=100)
2026-06-27 22:43:03.509 [http-nio-8080-exec-14] INFO  c.p.t.c.attractions.SysAttractionsController - 最终查询条件 SQL：(state = #{ew.paramNameValuePairs.MPGENVAL1}) ORDER BY create_time DESC
2026-06-27 22:43:03.509 [http-nio-8080-exec-16] INFO  c.p.t.c.attractions.SysAttractionsController - location 参数值：null
2026-06-27 22:43:03.510 [http-nio-8080-exec-16] INFO  c.p.t.c.attractions.SysAttractionsController - 最终查询条件 SQL：(state = #{ew.paramNameValuePairs.MPGENVAL1}) ORDER BY create_time DESC
2026-06-27 22:43:03.518 [http-nio-8080-exec-14] INFO  c.p.t.c.attractions.SysAttractionsController - 查询结果数量：9
2026-06-27 22:43:03.518 [http-nio-8080-exec-16] INFO  c.p.t.c.attractions.SysAttractionsController - 查询结果数量：9
2026-06-27 22:43:07.905 [http-nio-8080-exec-19] INFO  c.p.t.c.attractions.SysAttractionsController - 查询景点参数：SysAttractions(id=null, name=, price=null, introduce=null, content=null, num=null, realName=null, images=null, scenicType=, location=北京, pv=null, open=null, time=null, state=1, createBy=null, createTime=null, updateBy=null, updateTime=null, pageNumber=1, pageSize=9)
2026-06-27 22:43:07.905 [http-nio-8080-exec-18] INFO  c.p.t.c.attractions.SysAttractionsController - 查询景点参数：SysAttractions(id=null, name=null, price=null, introduce=null, content=null, num=null, realName=null, images=null, scenicType=null, location=北京, pv=null, open=null, time=null, state=1, createBy=null, createTime=null, updateBy=null, updateTime=null, pageNumber=1, pageSize=100)
2026-06-27 22:43:07.906 [http-nio-8080-exec-19] INFO  c.p.t.c.attractions.SysAttractionsController - location 参数值：北京
2026-06-27 22:43:07.906 [http-nio-8080-exec-18] INFO  c.p.t.c.attractions.SysAttractionsController - location 参数值：北京
2026-06-27 22:43:07.906 [http-nio-8080-exec-19] INFO  c.p.t.c.attractions.SysAttractionsController - 应用地区筛选：北京
2026-06-27 22:43:07.906 [http-nio-8080-exec-18] INFO  c.p.t.c.attractions.SysAttractionsController - 应用地区筛选：北京
2026-06-27 22:43:07.906 [http-nio-8080-exec-19] INFO  c.p.t.c.attractions.SysAttractionsController - 最终查询条件 SQL：(state = #{ew.paramNameValuePairs.MPGENVAL1} AND location LIKE #{ew.paramNameValuePairs.MPGENVAL2}) ORDER BY create_time DESC
2026-06-27 22:43:07.906 [http-nio-8080-exec-18] INFO  c.p.t.c.attractions.SysAttractionsController - 最终查询条件 SQL：(state = #{ew.paramNameValuePairs.MPGENVAL1} AND location LIKE #{ew.paramNameValuePairs.MPGENVAL2}) ORDER BY create_time DESC
2026-06-27 22:43:07.914 [http-nio-8080-exec-19] INFO  c.p.t.c.attractions.SysAttractionsController - 查询结果数量：1
2026-06-27 22:43:07.914 [http-nio-8080-exec-18] INFO  c.p.t.c.attractions.SysAttractionsController - 查询结果数量：1
