2026-06-28 09:56:34.154 [Thread-7] WARN  org.apache.catalina.loader.WebappClassLoaderBase - The web application [ROOT] appears to have started a thread named [lettuce-nioEventLoop-4-1] but has failed to stop it. This is very likely to create a memory leak. Stack trace of thread:
 sun.nio.ch.WindowsSelectorImpl$SubSelector.poll0(Native Method)
 sun.nio.ch.WindowsSelectorImpl$SubSelector.poll(WindowsSelectorImpl.java:296)
 sun.nio.ch.WindowsSelectorImpl$SubSelector.access$400(WindowsSelectorImpl.java:278)
 sun.nio.ch.WindowsSelectorImpl.doSelect(WindowsSelectorImpl.java:159)
 sun.nio.ch.SelectorImpl.lockAndDoSelect(SelectorImpl.java:86)
 sun.nio.ch.SelectorImpl.select(SelectorImpl.java:97)
 sun.nio.ch.SelectorImpl.select(SelectorImpl.java:101)
 io.netty.channel.nio.SelectedSelectionKeySetSelector.select(SelectedSelectionKeySetSelector.java:68)
 io.netty.channel.nio.NioEventLoop.select(NioEventLoop.java:879)
 io.netty.channel.nio.NioEventLoop.run(NioEventLoop.java:526)
 io.netty.util.concurrent.SingleThreadEventExecutor$4.run(SingleThreadEventExecutor.java:997)
 io.netty.util.internal.ThreadExecutorMap$2.run(ThreadExecutorMap.java:74)
 io.netty.util.concurrent.FastThreadLocalRunnable.run(FastThreadLocalRunnable.java:30)
 java.lang.Thread.run(Thread.java:748)
2026-06-28 09:56:34.161 [Thread-7] WARN  org.apache.catalina.loader.WebappClassLoaderBase - The web application [ROOT] appears to have started a thread named [lettuce-eventExecutorLoop-1-1] but has failed to stop it. This is very likely to create a memory leak. Stack trace of thread:
 sun.misc.Unsafe.park(Native Method)
 java.util.concurrent.locks.LockSupport.park(LockSupport.java:175)
 java.util.concurrent.locks.AbstractQueuedSynchronizer$ConditionObject.await(AbstractQueuedSynchronizer.java:2039)
 java.util.concurrent.LinkedBlockingQueue.take(LinkedBlockingQueue.java:442)
 io.netty.util.concurrent.SingleThreadEventExecutor.takeTask(SingleThreadEventExecutor.java:244)
 io.netty.util.concurrent.DefaultEventExecutor.run(DefaultEventExecutor.java:64)
 io.netty.util.concurrent.SingleThreadEventExecutor$4.run(SingleThreadEventExecutor.java:997)
 io.netty.util.internal.ThreadExecutorMap$2.run(ThreadExecutorMap.java:74)
 io.netty.util.concurrent.FastThreadLocalRunnable.run(FastThreadLocalRunnable.java:30)
 java.lang.Thread.run(Thread.java:748)
2026-06-28 09:56:34.165 [Thread-7] WARN  org.apache.catalina.loader.WebappClassLoaderBase - The web application [ROOT] appears to have started a thread named [lettuce-eventExecutorLoop-1-2] but has failed to stop it. This is very likely to create a memory leak. Stack trace of thread:
 sun.misc.Unsafe.park(Native Method)
 java.util.concurrent.locks.LockSupport.park(LockSupport.java:175)
 java.util.concurrent.locks.AbstractQueuedSynchronizer$ConditionObject.await(AbstractQueuedSynchronizer.java:2039)
 java.util.concurrent.LinkedBlockingQueue.take(LinkedBlockingQueue.java:442)
 io.netty.util.concurrent.SingleThreadEventExecutor.takeTask(SingleThreadEventExecutor.java:244)
 io.netty.util.concurrent.DefaultEventExecutor.run(DefaultEventExecutor.java:64)
 io.netty.util.concurrent.SingleThreadEventExecutor$4.run(SingleThreadEventExecutor.java:997)
 io.netty.util.internal.ThreadExecutorMap$2.run(ThreadExecutorMap.java:74)
 io.netty.util.concurrent.FastThreadLocalRunnable.run(FastThreadLocalRunnable.java:30)
 java.lang.Thread.run(Thread.java:748)
2026-06-28 09:56:34.166 [Thread-7] WARN  org.apache.catalina.loader.WebappClassLoaderBase - The web application [ROOT] appears to have started a thread named [lettuce-eventExecutorLoop-1-3] but has failed to stop it. This is very likely to create a memory leak. Stack trace of thread:
 sun.misc.Unsafe.park(Native Method)
 java.util.concurrent.locks.LockSupport.park(LockSupport.java:175)
 java.util.concurrent.locks.AbstractQueuedSynchronizer$ConditionObject.await(AbstractQueuedSynchronizer.java:2039)
 java.util.concurrent.LinkedBlockingQueue.take(LinkedBlockingQueue.java:442)
 io.netty.util.concurrent.SingleThreadEventExecutor.takeTask(SingleThreadEventExecutor.java:244)
 io.netty.util.concurrent.DefaultEventExecutor.run(DefaultEventExecutor.java:64)
 io.netty.util.concurrent.SingleThreadEventExecutor$4.run(SingleThreadEventExecutor.java:997)
 io.netty.util.internal.ThreadExecutorMap$2.run(ThreadExecutorMap.java:74)
 io.netty.util.concurrent.FastThreadLocalRunnable.run(FastThreadLocalRunnable.java:30)
 java.lang.Thread.run(Thread.java:748)
2026-06-28 09:56:34.167 [Thread-7] WARN  org.apache.catalina.loader.WebappClassLoaderBase - The web application [ROOT] appears to have started a thread named [lettuce-eventExecutorLoop-1-4] but has failed to stop it. This is very likely to create a memory leak. Stack trace of thread:
 sun.misc.Unsafe.park(Native Method)
 java.util.concurrent.locks.LockSupport.park(LockSupport.java:175)
 java.util.concurrent.locks.AbstractQueuedSynchronizer$ConditionObject.await(AbstractQueuedSynchronizer.java:2039)
 java.util.concurrent.LinkedBlockingQueue.take(LinkedBlockingQueue.java:442)
 io.netty.util.concurrent.SingleThreadEventExecutor.takeTask(SingleThreadEventExecutor.java:244)
 io.netty.util.concurrent.DefaultEventExecutor.run(DefaultEventExecutor.java:64)
 io.netty.util.concurrent.SingleThreadEventExecutor$4.run(SingleThreadEventExecutor.java:997)
 io.netty.util.internal.ThreadExecutorMap$2.run(ThreadExecutorMap.java:74)
 io.netty.util.concurrent.FastThreadLocalRunnable.run(FastThreadLocalRunnable.java:30)
 java.lang.Thread.run(Thread.java:748)
2026-06-28 09:56:34.168 [Thread-7] WARN  org.apache.catalina.loader.WebappClassLoaderBase - The web application [ROOT] appears to have started a thread named [lettuce-eventExecutorLoop-1-5] but has failed to stop it. This is very likely to create a memory leak. Stack trace of thread:
 sun.misc.Unsafe.park(Native Method)
 java.util.concurrent.locks.LockSupport.park(LockSupport.java:175)
 java.util.concurrent.locks.AbstractQueuedSynchronizer$ConditionObject.await(AbstractQueuedSynchronizer.java:2039)
 java.util.concurrent.LinkedBlockingQueue.take(LinkedBlockingQueue.java:442)
 io.netty.util.concurrent.SingleThreadEventExecutor.takeTask(SingleThreadEventExecutor.java:244)
 io.netty.util.concurrent.DefaultEventExecutor.run(DefaultEventExecutor.java:64)
 io.netty.util.concurrent.SingleThreadEventExecutor$4.run(SingleThreadEventExecutor.java:997)
 io.netty.util.internal.ThreadExecutorMap$2.run(ThreadExecutorMap.java:74)
 io.netty.util.concurrent.FastThreadLocalRunnable.run(FastThreadLocalRunnable.java:30)
 java.lang.Thread.run(Thread.java:748)
2026-06-28 09:56:34.169 [Thread-7] WARN  org.apache.catalina.loader.WebappClassLoaderBase - The web application [ROOT] appears to have started a thread named [lettuce-eventExecutorLoop-1-6] but has failed to stop it. This is very likely to create a memory leak. Stack trace of thread:
 sun.misc.Unsafe.park(Native Method)
 java.util.concurrent.locks.LockSupport.park(LockSupport.java:175)
 java.util.concurrent.locks.AbstractQueuedSynchronizer$ConditionObject.await(AbstractQueuedSynchronizer.java:2039)
 java.util.concurrent.LinkedBlockingQueue.take(LinkedBlockingQueue.java:442)
 io.netty.util.concurrent.SingleThreadEventExecutor.takeTask(SingleThreadEventExecutor.java:244)
 io.netty.util.concurrent.DefaultEventExecutor.run(DefaultEventExecutor.java:64)
 io.netty.util.concurrent.SingleThreadEventExecutor$4.run(SingleThreadEventExecutor.java:997)
 io.netty.util.internal.ThreadExecutorMap$2.run(ThreadExecutorMap.java:74)
 io.netty.util.concurrent.FastThreadLocalRunnable.run(FastThreadLocalRunnable.java:30)
 java.lang.Thread.run(Thread.java:748)
2026-06-28 09:56:34.172 [Thread-7] WARN  org.apache.catalina.loader.WebappClassLoaderBase - The web application [ROOT] appears to have started a thread named [lettuce-eventExecutorLoop-1-7] but has failed to stop it. This is very likely to create a memory leak. Stack trace of thread:
 sun.misc.Unsafe.park(Native Method)
 java.util.concurrent.locks.LockSupport.park(LockSupport.java:175)
 java.util.concurrent.locks.AbstractQueuedSynchronizer$ConditionObject.await(AbstractQueuedSynchronizer.java:2039)
 java.util.concurrent.LinkedBlockingQueue.take(LinkedBlockingQueue.java:442)
 io.netty.util.concurrent.SingleThreadEventExecutor.takeTask(SingleThreadEventExecutor.java:244)
 io.netty.util.concurrent.DefaultEventExecutor.run(DefaultEventExecutor.java:64)
 io.netty.util.concurrent.SingleThreadEventExecutor$4.run(SingleThreadEventExecutor.java:997)
 io.netty.util.internal.ThreadExecutorMap$2.run(ThreadExecutorMap.java:74)
 io.netty.util.concurrent.FastThreadLocalRunnable.run(FastThreadLocalRunnable.java:30)
 java.lang.Thread.run(Thread.java:748)
2026-06-28 09:56:34.174 [Thread-7] WARN  org.apache.catalina.loader.WebappClassLoaderBase - The web application [ROOT] appears to have started a thread named [lettuce-eventExecutorLoop-1-8] but has failed to stop it. This is very likely to create a memory leak. Stack trace of thread:
 sun.misc.Unsafe.park(Native Method)
 java.util.concurrent.locks.LockSupport.park(LockSupport.java:175)
 java.util.concurrent.locks.AbstractQueuedSynchronizer$ConditionObject.await(AbstractQueuedSynchronizer.java:2039)
 java.util.concurrent.LinkedBlockingQueue.take(LinkedBlockingQueue.java:442)
 io.netty.util.concurrent.SingleThreadEventExecutor.takeTask(SingleThreadEventExecutor.java:244)
 io.netty.util.concurrent.DefaultEventExecutor.run(DefaultEventExecutor.java:64)
 io.netty.util.concurrent.SingleThreadEventExecutor$4.run(SingleThreadEventExecutor.java:997)
 io.netty.util.internal.ThreadExecutorMap$2.run(ThreadExecutorMap.java:74)
 io.netty.util.concurrent.FastThreadLocalRunnable.run(FastThreadLocalRunnable.java:30)
 java.lang.Thread.run(Thread.java:748)
2026-06-28 09:56:34.175 [Thread-7] WARN  org.apache.catalina.loader.WebappClassLoaderBase - The web application [ROOT] appears to have started a thread named [lettuce-eventExecutorLoop-1-9] but has failed to stop it. This is very likely to create a memory leak. Stack trace of thread:
 sun.misc.Unsafe.park(Native Method)
 java.util.concurrent.locks.LockSupport.park(LockSupport.java:175)
 java.util.concurrent.locks.AbstractQueuedSynchronizer$ConditionObject.await(AbstractQueuedSynchronizer.java:2039)
 java.util.concurrent.LinkedBlockingQueue.take(LinkedBlockingQueue.java:442)
 io.netty.util.concurrent.SingleThreadEventExecutor.takeTask(SingleThreadEventExecutor.java:244)
 io.netty.util.concurrent.DefaultEventExecutor.run(DefaultEventExecutor.java:64)
 io.netty.util.concurrent.SingleThreadEventExecutor$4.run(SingleThreadEventExecutor.java:997)
 io.netty.util.internal.ThreadExecutorMap$2.run(ThreadExecutorMap.java:74)
 io.netty.util.concurrent.FastThreadLocalRunnable.run(FastThreadLocalRunnable.java:30)
 java.lang.Thread.run(Thread.java:748)
2026-06-28 09:56:34.177 [Thread-7] WARN  org.apache.catalina.loader.WebappClassLoaderBase - The web application [ROOT] appears to have started a thread named [lettuce-eventExecutorLoop-1-10] but has failed to stop it. This is very likely to create a memory leak. Stack trace of thread:
 sun.misc.Unsafe.park(Native Method)
 java.util.concurrent.locks.LockSupport.park(LockSupport.java:175)
 java.util.concurrent.locks.AbstractQueuedSynchronizer$ConditionObject.await(AbstractQueuedSynchronizer.java:2039)
 java.util.concurrent.LinkedBlockingQueue.take(LinkedBlockingQueue.java:442)
 io.netty.util.concurrent.SingleThreadEventExecutor.takeTask(SingleThreadEventExecutor.java:244)
 io.netty.util.concurrent.DefaultEventExecutor.run(DefaultEventExecutor.java:64)
 io.netty.util.concurrent.SingleThreadEventExecutor$4.run(SingleThreadEventExecutor.java:997)
 io.netty.util.internal.ThreadExecutorMap$2.run(ThreadExecutorMap.java:74)
 io.netty.util.concurrent.FastThreadLocalRunnable.run(FastThreadLocalRunnable.java:30)
 java.lang.Thread.run(Thread.java:748)
2026-06-28 09:56:34.178 [Thread-7] WARN  org.apache.catalina.loader.WebappClassLoaderBase - The web application [ROOT] appears to have started a thread named [lettuce-eventExecutorLoop-1-11] but has failed to stop it. This is very likely to create a memory leak. Stack trace of thread:
 sun.misc.Unsafe.park(Native Method)
 java.util.concurrent.locks.LockSupport.park(LockSupport.java:175)
 java.util.concurrent.locks.AbstractQueuedSynchronizer$ConditionObject.await(AbstractQueuedSynchronizer.java:2039)
 java.util.concurrent.LinkedBlockingQueue.take(LinkedBlockingQueue.java:442)
 io.netty.util.concurrent.SingleThreadEventExecutor.takeTask(SingleThreadEventExecutor.java:244)
 io.netty.util.concurrent.DefaultEventExecutor.run(DefaultEventExecutor.java:64)
 io.netty.util.concurrent.SingleThreadEventExecutor$4.run(SingleThreadEventExecutor.java:997)
 io.netty.util.internal.ThreadExecutorMap$2.run(ThreadExecutorMap.java:74)
 io.netty.util.concurrent.FastThreadLocalRunnable.run(FastThreadLocalRunnable.java:30)
 java.lang.Thread.run(Thread.java:748)
2026-06-28 09:56:34.181 [Thread-7] WARN  org.apache.catalina.loader.WebappClassLoaderBase - The web application [ROOT] appears to have started a thread named [lettuce-eventExecutorLoop-1-12] but has failed to stop it. This is very likely to create a memory leak. Stack trace of thread:
 sun.misc.Unsafe.park(Native Method)
 java.util.concurrent.locks.LockSupport.park(LockSupport.java:175)
 java.util.concurrent.locks.AbstractQueuedSynchronizer$ConditionObject.await(AbstractQueuedSynchronizer.java:2039)
 java.util.concurrent.LinkedBlockingQueue.take(LinkedBlockingQueue.java:442)
 io.netty.util.concurrent.SingleThreadEventExecutor.takeTask(SingleThreadEventExecutor.java:244)
 io.netty.util.concurrent.DefaultEventExecutor.run(DefaultEventExecutor.java:64)
 io.netty.util.concurrent.SingleThreadEventExecutor$4.run(SingleThreadEventExecutor.java:997)
 io.netty.util.internal.ThreadExecutorMap$2.run(ThreadExecutorMap.java:74)
 io.netty.util.concurrent.FastThreadLocalRunnable.run(FastThreadLocalRunnable.java:30)
 java.lang.Thread.run(Thread.java:748)
2026-06-28 09:56:34.183 [Thread-7] WARN  org.apache.catalina.loader.WebappClassLoaderBase - The web application [ROOT] appears to have started a thread named [lettuce-eventExecutorLoop-1-13] but has failed to stop it. This is very likely to create a memory leak. Stack trace of thread:
 sun.misc.Unsafe.park(Native Method)
 java.util.concurrent.locks.LockSupport.park(LockSupport.java:175)
 java.util.concurrent.locks.AbstractQueuedSynchronizer$ConditionObject.await(AbstractQueuedSynchronizer.java:2039)
 java.util.concurrent.LinkedBlockingQueue.take(LinkedBlockingQueue.java:442)
 io.netty.util.concurrent.SingleThreadEventExecutor.takeTask(SingleThreadEventExecutor.java:244)
 io.netty.util.concurrent.DefaultEventExecutor.run(DefaultEventExecutor.java:64)
 io.netty.util.concurrent.SingleThreadEventExecutor$4.run(SingleThreadEventExecutor.java:997)
 io.netty.util.internal.ThreadExecutorMap$2.run(ThreadExecutorMap.java:74)
 io.netty.util.concurrent.FastThreadLocalRunnable.run(FastThreadLocalRunnable.java:30)
 java.lang.Thread.run(Thread.java:748)
2026-06-28 09:56:34.184 [Thread-7] WARN  org.apache.catalina.loader.WebappClassLoaderBase - The web application [ROOT] appears to have started a thread named [lettuce-eventExecutorLoop-1-14] but has failed to stop it. This is very likely to create a memory leak. Stack trace of thread:
 sun.misc.Unsafe.park(Native Method)
 java.util.concurrent.locks.LockSupport.park(LockSupport.java:175)
 java.util.concurrent.locks.AbstractQueuedSynchronizer$ConditionObject.await(AbstractQueuedSynchronizer.java:2039)
 java.util.concurrent.LinkedBlockingQueue.take(LinkedBlockingQueue.java:442)
 io.netty.util.concurrent.SingleThreadEventExecutor.takeTask(SingleThreadEventExecutor.java:244)
 io.netty.util.concurrent.DefaultEventExecutor.run(DefaultEventExecutor.java:64)
 io.netty.util.concurrent.SingleThreadEventExecutor$4.run(SingleThreadEventExecutor.java:997)
 io.netty.util.internal.ThreadExecutorMap$2.run(ThreadExecutorMap.java:74)
 io.netty.util.concurrent.FastThreadLocalRunnable.run(FastThreadLocalRunnable.java:30)
 java.lang.Thread.run(Thread.java:748)
2026-06-28 09:56:34.186 [Thread-7] WARN  org.apache.catalina.loader.WebappClassLoaderBase - The web application [ROOT] appears to have started a thread named [lettuce-eventExecutorLoop-1-15] but has failed to stop it. This is very likely to create a memory leak. Stack trace of thread:
 sun.misc.Unsafe.park(Native Method)
 java.util.concurrent.locks.LockSupport.park(LockSupport.java:175)
 java.util.concurrent.locks.AbstractQueuedSynchronizer$ConditionObject.await(AbstractQueuedSynchronizer.java:2039)
 java.util.concurrent.LinkedBlockingQueue.take(LinkedBlockingQueue.java:442)
 io.netty.util.concurrent.SingleThreadEventExecutor.takeTask(SingleThreadEventExecutor.java:244)
 io.netty.util.concurrent.DefaultEventExecutor.run(DefaultEventExecutor.java:64)
 io.netty.util.concurrent.SingleThreadEventExecutor$4.run(SingleThreadEventExecutor.java:997)
 io.netty.util.internal.ThreadExecutorMap$2.run(ThreadExecutorMap.java:74)
 io.netty.util.concurrent.FastThreadLocalRunnable.run(FastThreadLocalRunnable.java:30)
 java.lang.Thread.run(Thread.java:748)
2026-06-28 09:56:34.187 [Thread-7] WARN  org.apache.catalina.loader.WebappClassLoaderBase - The web application [ROOT] appears to have started a thread named [lettuce-eventExecutorLoop-1-16] but has failed to stop it. This is very likely to create a memory leak. Stack trace of thread:
 sun.misc.Unsafe.park(Native Method)
 java.util.concurrent.locks.LockSupport.park(LockSupport.java:175)
 java.util.concurrent.locks.AbstractQueuedSynchronizer$ConditionObject.await(AbstractQueuedSynchronizer.java:2039)
 java.util.concurrent.LinkedBlockingQueue.take(LinkedBlockingQueue.java:442)
 io.netty.util.concurrent.SingleThreadEventExecutor.takeTask(SingleThreadEventExecutor.java:244)
 io.netty.util.concurrent.DefaultEventExecutor.run(DefaultEventExecutor.java:64)
 io.netty.util.concurrent.SingleThreadEventExecutor$4.run(SingleThreadEventExecutor.java:997)
 io.netty.util.internal.ThreadExecutorMap$2.run(ThreadExecutorMap.java:74)
 io.netty.util.concurrent.FastThreadLocalRunnable.run(FastThreadLocalRunnable.java:30)
 java.lang.Thread.run(Thread.java:748)
2026-06-28 09:56:34.189 [Thread-7] WARN  org.apache.catalina.loader.WebappClassLoaderBase - The web application [ROOT] appears to have started a thread named [System Clock] but has failed to stop it. This is very likely to create a memory leak. Stack trace of thread:
 sun.misc.Unsafe.park(Native Method)
 java.util.concurrent.locks.LockSupport.parkNanos(LockSupport.java:215)
 java.util.concurrent.locks.AbstractQueuedSynchronizer$ConditionObject.awaitNanos(AbstractQueuedSynchronizer.java:2078)
 java.util.concurrent.ScheduledThreadPoolExecutor$DelayedWorkQueue.take(ScheduledThreadPoolExecutor.java:1093)
 java.util.concurrent.ScheduledThreadPoolExecutor$DelayedWorkQueue.take(ScheduledThreadPoolExecutor.java:809)
 java.util.concurrent.ThreadPoolExecutor.getTask(ThreadPoolExecutor.java:1074)
 java.util.concurrent.ThreadPoolExecutor.runWorker(ThreadPoolExecutor.java:1134)
 java.util.concurrent.ThreadPoolExecutor$Worker.run(ThreadPoolExecutor.java:624)
 java.lang.Thread.run(Thread.java:748)
2026-06-28 09:56:34.189 [Thread-7] WARN  org.apache.catalina.loader.WebappClassLoaderBase - The web application [ROOT] appears to have started a thread named [logback-1] but has failed to stop it. This is very likely to create a memory leak. Stack trace of thread:
 ch.qos.logback.core.rolling.helper.FileFilterUtil.afterLastSlash(FileFilterUtil.java:46)
 ch.qos.logback.core.rolling.helper.SizeAndTimeBasedArchiveRemover.createStemRegex(SizeAndTimeBasedArchiveRemover.java:35)
 ch.qos.logback.core.rolling.helper.SizeAndTimeBasedArchiveRemover.getFilesInPeriod(SizeAndTimeBasedArchiveRemover.java:28)
 ch.qos.logback.core.rolling.helper.TimeBasedArchiveRemover.cleanPeriod(TimeBasedArchiveRemover.java:84)
 ch.qos.logback.core.rolling.helper.TimeBasedArchiveRemover.clean(TimeBasedArchiveRemover.java:64)
 ch.qos.logback.core.rolling.helper.TimeBasedArchiveRemover$ArhiveRemoverRunnable.run(TimeBasedArchiveRemover.java:242)
 java.util.concurrent.Executors$RunnableAdapter.call(Executors.java:511)
 java.util.concurrent.FutureTask.run(FutureTask.java:266)
 java.util.concurrent.ScheduledThreadPoolExecutor$ScheduledFutureTask.access$201(ScheduledThreadPoolExecutor.java:180)
 java.util.concurrent.ScheduledThreadPoolExecutor$ScheduledFutureTask.run(ScheduledThreadPoolExecutor.java:293)
 java.util.concurrent.ThreadPoolExecutor.runWorker(ThreadPoolExecutor.java:1149)
 java.util.concurrent.ThreadPoolExecutor$Worker.run(ThreadPoolExecutor.java:624)
 java.lang.Thread.run(Thread.java:748)
2026-06-28 10:08:14.871 [Thread-7] WARN  org.apache.catalina.loader.WebappClassLoaderBase - The web application [ROOT] appears to have started a thread named [lettuce-nioEventLoop-4-1] but has failed to stop it. This is very likely to create a memory leak. Stack trace of thread:
 sun.nio.ch.WindowsSelectorImpl$SubSelector.poll0(Native Method)
 sun.nio.ch.WindowsSelectorImpl$SubSelector.poll(WindowsSelectorImpl.java:296)
 sun.nio.ch.WindowsSelectorImpl$SubSelector.access$400(WindowsSelectorImpl.java:278)
 sun.nio.ch.WindowsSelectorImpl.doSelect(WindowsSelectorImpl.java:159)
 sun.nio.ch.SelectorImpl.lockAndDoSelect(SelectorImpl.java:86)
 sun.nio.ch.SelectorImpl.select(SelectorImpl.java:97)
 sun.nio.ch.SelectorImpl.select(SelectorImpl.java:101)
 io.netty.channel.nio.SelectedSelectionKeySetSelector.select(SelectedSelectionKeySetSelector.java:68)
 io.netty.channel.nio.NioEventLoop.select(NioEventLoop.java:879)
 io.netty.channel.nio.NioEventLoop.run(NioEventLoop.java:526)
 io.netty.util.concurrent.SingleThreadEventExecutor$4.run(SingleThreadEventExecutor.java:997)
 io.netty.util.internal.ThreadExecutorMap$2.run(ThreadExecutorMap.java:74)
 io.netty.util.concurrent.FastThreadLocalRunnable.run(FastThreadLocalRunnable.java:30)
 java.lang.Thread.run(Thread.java:748)
2026-06-28 10:08:14.872 [Thread-7] WARN  org.apache.catalina.loader.WebappClassLoaderBase - The web application [ROOT] appears to have started a thread named [lettuce-eventExecutorLoop-1-1] but has failed to stop it. This is very likely to create a memory leak. Stack trace of thread:
 sun.misc.Unsafe.park(Native Method)
 java.util.concurrent.locks.LockSupport.park(LockSupport.java:175)
 java.util.concurrent.locks.AbstractQueuedSynchronizer$ConditionObject.await(AbstractQueuedSynchronizer.java:2039)
 java.util.concurrent.LinkedBlockingQueue.take(LinkedBlockingQueue.java:442)
 io.netty.util.concurrent.SingleThreadEventExecutor.takeTask(SingleThreadEventExecutor.java:244)
 io.netty.util.concurrent.DefaultEventExecutor.run(DefaultEventExecutor.java:64)
 io.netty.util.concurrent.SingleThreadEventExecutor$4.run(SingleThreadEventExecutor.java:997)
 io.netty.util.internal.ThreadExecutorMap$2.run(ThreadExecutorMap.java:74)
 io.netty.util.concurrent.FastThreadLocalRunnable.run(FastThreadLocalRunnable.java:30)
 java.lang.Thread.run(Thread.java:748)
2026-06-28 10:08:14.874 [Thread-7] WARN  org.apache.catalina.loader.WebappClassLoaderBase - The web application [ROOT] appears to have started a thread named [lettuce-eventExecutorLoop-1-2] but has failed to stop it. This is very likely to create a memory leak. Stack trace of thread:
 sun.misc.Unsafe.park(Native Method)
 java.util.concurrent.locks.LockSupport.park(LockSupport.java:175)
 java.util.concurrent.locks.AbstractQueuedSynchronizer$ConditionObject.await(AbstractQueuedSynchronizer.java:2039)
 java.util.concurrent.LinkedBlockingQueue.take(LinkedBlockingQueue.java:442)
 io.netty.util.concurrent.SingleThreadEventExecutor.takeTask(SingleThreadEventExecutor.java:244)
 io.netty.util.concurrent.DefaultEventExecutor.run(DefaultEventExecutor.java:64)
 io.netty.util.concurrent.SingleThreadEventExecutor$4.run(SingleThreadEventExecutor.java:997)
 io.netty.util.internal.ThreadExecutorMap$2.run(ThreadExecutorMap.java:74)
 io.netty.util.concurrent.FastThreadLocalRunnable.run(FastThreadLocalRunnable.java:30)
 java.lang.Thread.run(Thread.java:748)
2026-06-28 10:08:14.874 [Thread-7] WARN  org.apache.catalina.loader.WebappClassLoaderBase - The web application [ROOT] appears to have started a thread named [lettuce-eventExecutorLoop-1-3] but has failed to stop it. This is very likely to create a memory leak. Stack trace of thread:
 sun.misc.Unsafe.park(Native Method)
 java.util.concurrent.locks.LockSupport.park(LockSupport.java:175)
 java.util.concurrent.locks.AbstractQueuedSynchronizer$ConditionObject.await(AbstractQueuedSynchronizer.java:2039)
 java.util.concurrent.LinkedBlockingQueue.take(LinkedBlockingQueue.java:442)
 io.netty.util.concurrent.SingleThreadEventExecutor.takeTask(SingleThreadEventExecutor.java:244)
 io.netty.util.concurrent.DefaultEventExecutor.run(DefaultEventExecutor.java:64)
 io.netty.util.concurrent.SingleThreadEventExecutor$4.run(SingleThreadEventExecutor.java:997)
 io.netty.util.internal.ThreadExecutorMap$2.run(ThreadExecutorMap.java:74)
 io.netty.util.concurrent.FastThreadLocalRunnable.run(FastThreadLocalRunnable.java:30)
 java.lang.Thread.run(Thread.java:748)
2026-06-28 10:08:14.875 [Thread-7] WARN  org.apache.catalina.loader.WebappClassLoaderBase - The web application [ROOT] appears to have started a thread named [lettuce-eventExecutorLoop-1-4] but has failed to stop it. This is very likely to create a memory leak. Stack trace of thread:
 sun.misc.Unsafe.park(Native Method)
 java.util.concurrent.locks.LockSupport.park(LockSupport.java:175)
 java.util.concurrent.locks.AbstractQueuedSynchronizer$ConditionObject.await(AbstractQueuedSynchronizer.java:2039)
 java.util.concurrent.LinkedBlockingQueue.take(LinkedBlockingQueue.java:442)
 io.netty.util.concurrent.SingleThreadEventExecutor.takeTask(SingleThreadEventExecutor.java:244)
 io.netty.util.concurrent.DefaultEventExecutor.run(DefaultEventExecutor.java:64)
 io.netty.util.concurrent.SingleThreadEventExecutor$4.run(SingleThreadEventExecutor.java:997)
 io.netty.util.internal.ThreadExecutorMap$2.run(ThreadExecutorMap.java:74)
 io.netty.util.concurrent.FastThreadLocalRunnable.run(FastThreadLocalRunnable.java:30)
 java.lang.Thread.run(Thread.java:748)
2026-06-28 10:08:14.876 [Thread-7] WARN  org.apache.catalina.loader.WebappClassLoaderBase - The web application [ROOT] appears to have started a thread named [lettuce-eventExecutorLoop-1-5] but has failed to stop it. This is very likely to create a memory leak. Stack trace of thread:
 sun.misc.Unsafe.park(Native Method)
 java.util.concurrent.locks.LockSupport.park(LockSupport.java:175)
 java.util.concurrent.locks.AbstractQueuedSynchronizer$ConditionObject.await(AbstractQueuedSynchronizer.java:2039)
 java.util.concurrent.LinkedBlockingQueue.take(LinkedBlockingQueue.java:442)
 io.netty.util.concurrent.SingleThreadEventExecutor.takeTask(SingleThreadEventExecutor.java:244)
 io.netty.util.concurrent.DefaultEventExecutor.run(DefaultEventExecutor.java:64)
 io.netty.util.concurrent.SingleThreadEventExecutor$4.run(SingleThreadEventExecutor.java:997)
 io.netty.util.internal.ThreadExecutorMap$2.run(ThreadExecutorMap.java:74)
 io.netty.util.concurrent.FastThreadLocalRunnable.run(FastThreadLocalRunnable.java:30)
 java.lang.Thread.run(Thread.java:748)
2026-06-28 10:08:14.877 [Thread-7] WARN  org.apache.catalina.loader.WebappClassLoaderBase - The web application [ROOT] appears to have started a thread named [lettuce-eventExecutorLoop-1-6] but has failed to stop it. This is very likely to create a memory leak. Stack trace of thread:
 sun.misc.Unsafe.park(Native Method)
 java.util.concurrent.locks.LockSupport.park(LockSupport.java:175)
 java.util.concurrent.locks.AbstractQueuedSynchronizer$ConditionObject.await(AbstractQueuedSynchronizer.java:2039)
 java.util.concurrent.LinkedBlockingQueue.take(LinkedBlockingQueue.java:442)
 io.netty.util.concurrent.SingleThreadEventExecutor.takeTask(SingleThreadEventExecutor.java:244)
 io.netty.util.concurrent.DefaultEventExecutor.run(DefaultEventExecutor.java:64)
 io.netty.util.concurrent.SingleThreadEventExecutor$4.run(SingleThreadEventExecutor.java:997)
 io.netty.util.internal.ThreadExecutorMap$2.run(ThreadExecutorMap.java:74)
 io.netty.util.concurrent.FastThreadLocalRunnable.run(FastThreadLocalRunnable.java:30)
 java.lang.Thread.run(Thread.java:748)
2026-06-28 10:08:14.878 [Thread-7] WARN  org.apache.catalina.loader.WebappClassLoaderBase - The web application [ROOT] appears to have started a thread named [lettuce-eventExecutorLoop-1-7] but has failed to stop it. This is very likely to create a memory leak. Stack trace of thread:
 sun.misc.Unsafe.park(Native Method)
 java.util.concurrent.locks.LockSupport.park(LockSupport.java:175)
 java.util.concurrent.locks.AbstractQueuedSynchronizer$ConditionObject.await(AbstractQueuedSynchronizer.java:2039)
 java.util.concurrent.LinkedBlockingQueue.take(LinkedBlockingQueue.java:442)
 io.netty.util.concurrent.SingleThreadEventExecutor.takeTask(SingleThreadEventExecutor.java:244)
 io.netty.util.concurrent.DefaultEventExecutor.run(DefaultEventExecutor.java:64)
 io.netty.util.concurrent.SingleThreadEventExecutor$4.run(SingleThreadEventExecutor.java:997)
 io.netty.util.internal.ThreadExecutorMap$2.run(ThreadExecutorMap.java:74)
 io.netty.util.concurrent.FastThreadLocalRunnable.run(FastThreadLocalRunnable.java:30)
 java.lang.Thread.run(Thread.java:748)
2026-06-28 10:08:14.879 [Thread-7] WARN  org.apache.catalina.loader.WebappClassLoaderBase - The web application [ROOT] appears to have started a thread named [lettuce-eventExecutorLoop-1-8] but has failed to stop it. This is very likely to create a memory leak. Stack trace of thread:
 sun.misc.Unsafe.park(Native Method)
 java.util.concurrent.locks.LockSupport.park(LockSupport.java:175)
 java.util.concurrent.locks.AbstractQueuedSynchronizer$ConditionObject.await(AbstractQueuedSynchronizer.java:2039)
 java.util.concurrent.LinkedBlockingQueue.take(LinkedBlockingQueue.java:442)
 io.netty.util.concurrent.SingleThreadEventExecutor.takeTask(SingleThreadEventExecutor.java:244)
 io.netty.util.concurrent.DefaultEventExecutor.run(DefaultEventExecutor.java:64)
 io.netty.util.concurrent.SingleThreadEventExecutor$4.run(SingleThreadEventExecutor.java:997)
 io.netty.util.internal.ThreadExecutorMap$2.run(ThreadExecutorMap.java:74)
 io.netty.util.concurrent.FastThreadLocalRunnable.run(FastThreadLocalRunnable.java:30)
 java.lang.Thread.run(Thread.java:748)
2026-06-28 10:08:14.880 [Thread-7] WARN  org.apache.catalina.loader.WebappClassLoaderBase - The web application [ROOT] appears to have started a thread named [lettuce-eventExecutorLoop-1-9] but has failed to stop it. This is very likely to create a memory leak. Stack trace of thread:
 sun.misc.Unsafe.park(Native Method)
 java.util.concurrent.locks.LockSupport.park(LockSupport.java:175)
 java.util.concurrent.locks.AbstractQueuedSynchronizer$ConditionObject.await(AbstractQueuedSynchronizer.java:2039)
 java.util.concurrent.LinkedBlockingQueue.take(LinkedBlockingQueue.java:442)
 io.netty.util.concurrent.SingleThreadEventExecutor.takeTask(SingleThreadEventExecutor.java:244)
 io.netty.util.concurrent.DefaultEventExecutor.run(DefaultEventExecutor.java:64)
 io.netty.util.concurrent.SingleThreadEventExecutor$4.run(SingleThreadEventExecutor.java:997)
 io.netty.util.internal.ThreadExecutorMap$2.run(ThreadExecutorMap.java:74)
 io.netty.util.concurrent.FastThreadLocalRunnable.run(FastThreadLocalRunnable.java:30)
 java.lang.Thread.run(Thread.java:748)
2026-06-28 10:08:14.881 [Thread-7] WARN  org.apache.catalina.loader.WebappClassLoaderBase - The web application [ROOT] appears to have started a thread named [lettuce-eventExecutorLoop-1-10] but has failed to stop it. This is very likely to create a memory leak. Stack trace of thread:
 sun.misc.Unsafe.park(Native Method)
 java.util.concurrent.locks.LockSupport.park(LockSupport.java:175)
 java.util.concurrent.locks.AbstractQueuedSynchronizer$ConditionObject.await(AbstractQueuedSynchronizer.java:2039)
 java.util.concurrent.LinkedBlockingQueue.take(LinkedBlockingQueue.java:442)
 io.netty.util.concurrent.SingleThreadEventExecutor.takeTask(SingleThreadEventExecutor.java:244)
 io.netty.util.concurrent.DefaultEventExecutor.run(DefaultEventExecutor.java:64)
 io.netty.util.concurrent.SingleThreadEventExecutor$4.run(SingleThreadEventExecutor.java:997)
 io.netty.util.internal.ThreadExecutorMap$2.run(ThreadExecutorMap.java:74)
 io.netty.util.concurrent.FastThreadLocalRunnable.run(FastThreadLocalRunnable.java:30)
 java.lang.Thread.run(Thread.java:748)
2026-06-28 10:11:32.961 [Thread-9] WARN  org.apache.catalina.loader.WebappClassLoaderBase - The web application [ROOT] appears to have started a thread named [lettuce-nioEventLoop-7-1] but has failed to stop it. This is very likely to create a memory leak. Stack trace of thread:
 sun.nio.ch.WindowsSelectorImpl$SubSelector.poll0(Native Method)
 sun.nio.ch.WindowsSelectorImpl$SubSelector.poll(WindowsSelectorImpl.java:296)
 sun.nio.ch.WindowsSelectorImpl$SubSelector.access$400(WindowsSelectorImpl.java:278)
 sun.nio.ch.WindowsSelectorImpl.doSelect(WindowsSelectorImpl.java:159)
 sun.nio.ch.SelectorImpl.lockAndDoSelect(SelectorImpl.java:86)
 sun.nio.ch.SelectorImpl.select(SelectorImpl.java:97)
 sun.nio.ch.SelectorImpl.select(SelectorImpl.java:101)
 io.netty.channel.nio.SelectedSelectionKeySetSelector.select(SelectedSelectionKeySetSelector.java:68)
 io.netty.channel.nio.NioEventLoop.select(NioEventLoop.java:879)
 io.netty.channel.nio.NioEventLoop.run(NioEventLoop.java:526)
 io.netty.util.concurrent.SingleThreadEventExecutor$4.run(SingleThreadEventExecutor.java:997)
 io.netty.util.internal.ThreadExecutorMap$2.run(ThreadExecutorMap.java:74)
 io.netty.util.concurrent.FastThreadLocalRunnable.run(FastThreadLocalRunnable.java:30)
 java.lang.Thread.run(Thread.java:748)
2026-06-28 10:11:32.962 [Thread-9] WARN  org.apache.catalina.loader.WebappClassLoaderBase - The web application [ROOT] appears to have started a thread named [lettuce-eventExecutorLoop-5-1] but has failed to stop it. This is very likely to create a memory leak. Stack trace of thread:
 sun.misc.Unsafe.park(Native Method)
 java.util.concurrent.locks.LockSupport.park(LockSupport.java:175)
 java.util.concurrent.locks.AbstractQueuedSynchronizer$ConditionObject.await(AbstractQueuedSynchronizer.java:2039)
 java.util.concurrent.LinkedBlockingQueue.take(LinkedBlockingQueue.java:442)
 io.netty.util.concurrent.SingleThreadEventExecutor.takeTask(SingleThreadEventExecutor.java:244)
 io.netty.util.concurrent.DefaultEventExecutor.run(DefaultEventExecutor.java:64)
 io.netty.util.concurrent.SingleThreadEventExecutor$4.run(SingleThreadEventExecutor.java:997)
 io.netty.util.internal.ThreadExecutorMap$2.run(ThreadExecutorMap.java:74)
 io.netty.util.concurrent.FastThreadLocalRunnable.run(FastThreadLocalRunnable.java:30)
 java.lang.Thread.run(Thread.java:748)
2026-06-28 10:13:35.426 [http-nio-8080-exec-34] WARN  o.s.w.s.m.m.a.ExceptionHandlerExceptionResolver - Resolved [org.springframework.web.bind.MissingServletRequestParameterException: Required request parameter 'shareId' for method parameter type String is not present]
2026-06-28 10:13:36.684 [http-nio-8080-exec-35] WARN  o.s.w.s.m.m.a.ExceptionHandlerExceptionResolver - Resolved [org.springframework.web.bind.MissingServletRequestParameterException: Required request parameter 'shareId' for method parameter type String is not present]
2026-06-28 10:13:37.787 [http-nio-8080-exec-36] WARN  o.s.w.s.m.m.a.ExceptionHandlerExceptionResolver - Resolved [org.springframework.web.bind.MissingServletRequestParameterException: Required request parameter 'shareId' for method parameter type String is not present]
2026-06-28 10:13:42.197 [http-nio-8080-exec-37] WARN  o.s.w.s.m.m.a.ExceptionHandlerExceptionResolver - Resolved [org.springframework.web.bind.MissingServletRequestParameterException: Required request parameter 'shareId' for method parameter type String is not present]
2026-06-28 10:14:24.747 [http-nio-8080-exec-47] WARN  o.s.w.s.m.m.a.ExceptionHandlerExceptionResolver - Resolved [org.springframework.web.bind.MissingServletRequestParameterException: Required request parameter 'shareId' for method parameter type String is not present]
2026-06-28 10:16:55.546 [Thread-7] WARN  org.apache.catalina.loader.WebappClassLoaderBase - The web application [ROOT] appears to have started a thread named [lettuce-nioEventLoop-4-1] but has failed to stop it. This is very likely to create a memory leak. Stack trace of thread:
 sun.nio.ch.WindowsSelectorImpl$SubSelector.poll0(Native Method)
 sun.nio.ch.WindowsSelectorImpl$SubSelector.poll(WindowsSelectorImpl.java:296)
 sun.nio.ch.WindowsSelectorImpl$SubSelector.access$400(WindowsSelectorImpl.java:278)
 sun.nio.ch.WindowsSelectorImpl.doSelect(WindowsSelectorImpl.java:159)
 sun.nio.ch.SelectorImpl.lockAndDoSelect(SelectorImpl.java:86)
 sun.nio.ch.SelectorImpl.select(SelectorImpl.java:97)
 sun.nio.ch.SelectorImpl.select(SelectorImpl.java:101)
 io.netty.channel.nio.SelectedSelectionKeySetSelector.select(SelectedSelectionKeySetSelector.java:68)
 io.netty.channel.nio.NioEventLoop.select(NioEventLoop.java:879)
 io.netty.channel.nio.NioEventLoop.run(NioEventLoop.java:526)
 io.netty.util.concurrent.SingleThreadEventExecutor$4.run(SingleThreadEventExecutor.java:997)
 io.netty.util.internal.ThreadExecutorMap$2.run(ThreadExecutorMap.java:74)
 io.netty.util.concurrent.FastThreadLocalRunnable.run(FastThreadLocalRunnable.java:30)
 java.lang.Thread.run(Thread.java:748)
2026-06-28 10:16:55.548 [Thread-7] WARN  org.apache.catalina.loader.WebappClassLoaderBase - The web application [ROOT] appears to have started a thread named [lettuce-eventExecutorLoop-1-2] but has failed to stop it. This is very likely to create a memory leak. Stack trace of thread:
 sun.misc.Unsafe.park(Native Method)
 java.util.concurrent.locks.LockSupport.park(LockSupport.java:175)
 java.util.concurrent.locks.AbstractQueuedSynchronizer$ConditionObject.await(AbstractQueuedSynchronizer.java:2039)
 java.util.concurrent.LinkedBlockingQueue.take(LinkedBlockingQueue.java:442)
 io.netty.util.concurrent.SingleThreadEventExecutor.takeTask(SingleThreadEventExecutor.java:244)
 io.netty.util.concurrent.DefaultEventExecutor.run(DefaultEventExecutor.java:64)
 io.netty.util.concurrent.SingleThreadEventExecutor$4.run(SingleThreadEventExecutor.java:997)
 io.netty.util.internal.ThreadExecutorMap$2.run(ThreadExecutorMap.java:74)
 io.netty.util.concurrent.FastThreadLocalRunnable.run(FastThreadLocalRunnable.java:30)
 java.lang.Thread.run(Thread.java:748)
2026-06-28 10:16:55.550 [Thread-7] WARN  org.apache.catalina.loader.WebappClassLoaderBase - The web application [ROOT] appears to have started a thread named [lettuce-eventExecutorLoop-1-1] but has failed to stop it. This is very likely to create a memory leak. Stack trace of thread:
 sun.misc.Unsafe.park(Native Method)
 java.util.concurrent.locks.LockSupport.park(LockSupport.java:175)
 java.util.concurrent.locks.AbstractQueuedSynchronizer$ConditionObject.await(AbstractQueuedSynchronizer.java:2039)
 java.util.concurrent.LinkedBlockingQueue.take(LinkedBlockingQueue.java:442)
 io.netty.util.concurrent.SingleThreadEventExecutor.takeTask(SingleThreadEventExecutor.java:244)
 io.netty.util.concurrent.DefaultEventExecutor.run(DefaultEventExecutor.java:64)
 io.netty.util.concurrent.SingleThreadEventExecutor$4.run(SingleThreadEventExecutor.java:997)
 io.netty.util.internal.ThreadExecutorMap$2.run(ThreadExecutorMap.java:74)
 io.netty.util.concurrent.FastThreadLocalRunnable.run(FastThreadLocalRunnable.java:30)
 java.lang.Thread.run(Thread.java:748)
2026-06-28 10:16:55.550 [Thread-7] WARN  org.apache.catalina.loader.WebappClassLoaderBase - The web application [ROOT] appears to have started a thread named [lettuce-eventExecutorLoop-1-3] but has failed to stop it. This is very likely to create a memory leak. Stack trace of thread:
 sun.misc.Unsafe.park(Native Method)
 java.util.concurrent.locks.LockSupport.park(LockSupport.java:175)
 java.util.concurrent.locks.AbstractQueuedSynchronizer$ConditionObject.await(AbstractQueuedSynchronizer.java:2039)
 java.util.concurrent.LinkedBlockingQueue.take(LinkedBlockingQueue.java:442)
 io.netty.util.concurrent.SingleThreadEventExecutor.takeTask(SingleThreadEventExecutor.java:244)
 io.netty.util.concurrent.DefaultEventExecutor.run(DefaultEventExecutor.java:64)
 io.netty.util.concurrent.SingleThreadEventExecutor$4.run(SingleThreadEventExecutor.java:997)
 io.netty.util.internal.ThreadExecutorMap$2.run(ThreadExecutorMap.java:74)
 io.netty.util.concurrent.FastThreadLocalRunnable.run(FastThreadLocalRunnable.java:30)
 java.lang.Thread.run(Thread.java:748)
2026-06-28 10:16:55.551 [Thread-7] WARN  org.apache.catalina.loader.WebappClassLoaderBase - The web application [ROOT] appears to have started a thread named [lettuce-eventExecutorLoop-1-4] but has failed to stop it. This is very likely to create a memory leak. Stack trace of thread:
 sun.misc.Unsafe.park(Native Method)
 java.util.concurrent.locks.LockSupport.park(LockSupport.java:175)
 java.util.concurrent.locks.AbstractQueuedSynchronizer$ConditionObject.await(AbstractQueuedSynchronizer.java:2039)
 java.util.concurrent.LinkedBlockingQueue.take(LinkedBlockingQueue.java:442)
 io.netty.util.concurrent.SingleThreadEventExecutor.takeTask(SingleThreadEventExecutor.java:244)
 io.netty.util.concurrent.DefaultEventExecutor.run(DefaultEventExecutor.java:64)
 io.netty.util.concurrent.SingleThreadEventExecutor$4.run(SingleThreadEventExecutor.java:997)
 io.netty.util.internal.ThreadExecutorMap$2.run(ThreadExecutorMap.java:74)
 io.netty.util.concurrent.FastThreadLocalRunnable.run(FastThreadLocalRunnable.java:30)
 java.lang.Thread.run(Thread.java:748)
2026-06-28 10:16:55.552 [Thread-7] WARN  org.apache.catalina.loader.WebappClassLoaderBase - The web application [ROOT] appears to have started a thread named [lettuce-eventExecutorLoop-1-5] but has failed to stop it. This is very likely to create a memory leak. Stack trace of thread:
 sun.misc.Unsafe.park(Native Method)
 java.util.concurrent.locks.LockSupport.park(LockSupport.java:175)
 java.util.concurrent.locks.AbstractQueuedSynchronizer$ConditionObject.await(AbstractQueuedSynchronizer.java:2039)
 java.util.concurrent.LinkedBlockingQueue.take(LinkedBlockingQueue.java:442)
 io.netty.util.concurrent.SingleThreadEventExecutor.takeTask(SingleThreadEventExecutor.java:244)
 io.netty.util.concurrent.DefaultEventExecutor.run(DefaultEventExecutor.java:64)
 io.netty.util.concurrent.SingleThreadEventExecutor$4.run(SingleThreadEventExecutor.java:997)
 io.netty.util.internal.ThreadExecutorMap$2.run(ThreadExecutorMap.java:74)
 io.netty.util.concurrent.FastThreadLocalRunnable.run(FastThreadLocalRunnable.java:30)
 java.lang.Thread.run(Thread.java:748)
2026-06-28 10:16:55.553 [Thread-7] WARN  org.apache.catalina.loader.WebappClassLoaderBase - The web application [ROOT] appears to have started a thread named [lettuce-eventExecutorLoop-1-6] but has failed to stop it. This is very likely to create a memory leak. Stack trace of thread:
 sun.misc.Unsafe.park(Native Method)
 java.util.concurrent.locks.LockSupport.park(LockSupport.java:175)
 java.util.concurrent.locks.AbstractQueuedSynchronizer$ConditionObject.await(AbstractQueuedSynchronizer.java:2039)
 java.util.concurrent.LinkedBlockingQueue.take(LinkedBlockingQueue.java:442)
 io.netty.util.concurrent.SingleThreadEventExecutor.takeTask(SingleThreadEventExecutor.java:244)
 io.netty.util.concurrent.DefaultEventExecutor.run(DefaultEventExecutor.java:64)
 io.netty.util.concurrent.SingleThreadEventExecutor$4.run(SingleThreadEventExecutor.java:997)
 io.netty.util.internal.ThreadExecutorMap$2.run(ThreadExecutorMap.java:74)
 io.netty.util.concurrent.FastThreadLocalRunnable.run(FastThreadLocalRunnable.java:30)
 java.lang.Thread.run(Thread.java:748)
2026-06-28 10:16:55.556 [Thread-7] WARN  org.apache.catalina.loader.WebappClassLoaderBase - The web application [ROOT] appears to have started a thread named [lettuce-eventExecutorLoop-1-7] but has failed to stop it. This is very likely to create a memory leak. Stack trace of thread:
 sun.misc.Unsafe.park(Native Method)
 java.util.concurrent.locks.LockSupport.park(LockSupport.java:175)
 java.util.concurrent.locks.AbstractQueuedSynchronizer$ConditionObject.await(AbstractQueuedSynchronizer.java:2039)
 java.util.concurrent.LinkedBlockingQueue.take(LinkedBlockingQueue.java:442)
 io.netty.util.concurrent.SingleThreadEventExecutor.takeTask(SingleThreadEventExecutor.java:244)
 io.netty.util.concurrent.DefaultEventExecutor.run(DefaultEventExecutor.java:64)
 io.netty.util.concurrent.SingleThreadEventExecutor$4.run(SingleThreadEventExecutor.java:997)
 io.netty.util.internal.ThreadExecutorMap$2.run(ThreadExecutorMap.java:74)
 io.netty.util.concurrent.FastThreadLocalRunnable.run(FastThreadLocalRunnable.java:30)
 java.lang.Thread.run(Thread.java:748)
2026-06-28 10:16:55.558 [Thread-7] WARN  org.apache.catalina.loader.WebappClassLoaderBase - The web application [ROOT] appears to have started a thread named [lettuce-eventExecutorLoop-1-8] but has failed to stop it. This is very likely to create a memory leak. Stack trace of thread:
 sun.misc.Unsafe.park(Native Method)
 java.util.concurrent.locks.LockSupport.park(LockSupport.java:175)
 java.util.concurrent.locks.AbstractQueuedSynchronizer$ConditionObject.await(AbstractQueuedSynchronizer.java:2039)
 java.util.concurrent.LinkedBlockingQueue.take(LinkedBlockingQueue.java:442)
 io.netty.util.concurrent.SingleThreadEventExecutor.takeTask(SingleThreadEventExecutor.java:244)
 io.netty.util.concurrent.DefaultEventExecutor.run(DefaultEventExecutor.java:64)
 io.netty.util.concurrent.SingleThreadEventExecutor$4.run(SingleThreadEventExecutor.java:997)
 io.netty.util.internal.ThreadExecutorMap$2.run(ThreadExecutorMap.java:74)
 io.netty.util.concurrent.FastThreadLocalRunnable.run(FastThreadLocalRunnable.java:30)
 java.lang.Thread.run(Thread.java:748)
2026-06-28 10:16:55.559 [Thread-7] WARN  org.apache.catalina.loader.WebappClassLoaderBase - The web application [ROOT] appears to have started a thread named [lettuce-eventExecutorLoop-1-9] but has failed to stop it. This is very likely to create a memory leak. Stack trace of thread:
 sun.misc.Unsafe.park(Native Method)
 java.util.concurrent.locks.LockSupport.park(LockSupport.java:175)
 java.util.concurrent.locks.AbstractQueuedSynchronizer$ConditionObject.await(AbstractQueuedSynchronizer.java:2039)
 java.util.concurrent.LinkedBlockingQueue.take(LinkedBlockingQueue.java:442)
 io.netty.util.concurrent.SingleThreadEventExecutor.takeTask(SingleThreadEventExecutor.java:244)
 io.netty.util.concurrent.DefaultEventExecutor.run(DefaultEventExecutor.java:64)
 io.netty.util.concurrent.SingleThreadEventExecutor$4.run(SingleThreadEventExecutor.java:997)
 io.netty.util.internal.ThreadExecutorMap$2.run(ThreadExecutorMap.java:74)
 io.netty.util.concurrent.FastThreadLocalRunnable.run(FastThreadLocalRunnable.java:30)
 java.lang.Thread.run(Thread.java:748)
2026-06-28 10:16:55.560 [Thread-7] WARN  org.apache.catalina.loader.WebappClassLoaderBase - The web application [ROOT] appears to have started a thread named [lettuce-eventExecutorLoop-1-10] but has failed to stop it. This is very likely to create a memory leak. Stack trace of thread:
 sun.misc.Unsafe.park(Native Method)
 java.util.concurrent.locks.LockSupport.park(LockSupport.java:175)
 java.util.concurrent.locks.AbstractQueuedSynchronizer$ConditionObject.await(AbstractQueuedSynchronizer.java:2039)
 java.util.concurrent.LinkedBlockingQueue.take(LinkedBlockingQueue.java:442)
 io.netty.util.concurrent.SingleThreadEventExecutor.takeTask(SingleThreadEventExecutor.java:244)
 io.netty.util.concurrent.DefaultEventExecutor.run(DefaultEventExecutor.java:64)
 io.netty.util.concurrent.SingleThreadEventExecutor$4.run(SingleThreadEventExecutor.java:997)
 io.netty.util.internal.ThreadExecutorMap$2.run(ThreadExecutorMap.java:74)
 io.netty.util.concurrent.FastThreadLocalRunnable.run(FastThreadLocalRunnable.java:30)
 java.lang.Thread.run(Thread.java:748)
2026-06-28 10:16:55.563 [Thread-7] WARN  org.apache.catalina.loader.WebappClassLoaderBase - The web application [ROOT] appears to have started a thread named [lettuce-eventExecutorLoop-1-11] but has failed to stop it. This is very likely to create a memory leak. Stack trace of thread:
 sun.misc.Unsafe.park(Native Method)
 java.util.concurrent.locks.LockSupport.park(LockSupport.java:175)
 java.util.concurrent.locks.AbstractQueuedSynchronizer$ConditionObject.await(AbstractQueuedSynchronizer.java:2039)
 java.util.concurrent.LinkedBlockingQueue.take(LinkedBlockingQueue.java:442)
 io.netty.util.concurrent.SingleThreadEventExecutor.takeTask(SingleThreadEventExecutor.java:244)
 io.netty.util.concurrent.DefaultEventExecutor.run(DefaultEventExecutor.java:64)
 io.netty.util.concurrent.SingleThreadEventExecutor$4.run(SingleThreadEventExecutor.java:997)
 io.netty.util.internal.ThreadExecutorMap$2.run(ThreadExecutorMap.java:74)
 io.netty.util.concurrent.FastThreadLocalRunnable.run(FastThreadLocalRunnable.java:30)
 java.lang.Thread.run(Thread.java:748)
2026-06-28 10:16:55.565 [Thread-7] WARN  org.apache.catalina.loader.WebappClassLoaderBase - The web application [ROOT] appears to have started a thread named [lettuce-eventExecutorLoop-1-12] but has failed to stop it. This is very likely to create a memory leak. Stack trace of thread:
 sun.misc.Unsafe.park(Native Method)
 java.util.concurrent.locks.LockSupport.park(LockSupport.java:175)
 java.util.concurrent.locks.AbstractQueuedSynchronizer$ConditionObject.await(AbstractQueuedSynchronizer.java:2039)
 java.util.concurrent.LinkedBlockingQueue.take(LinkedBlockingQueue.java:442)
 io.netty.util.concurrent.SingleThreadEventExecutor.takeTask(SingleThreadEventExecutor.java:244)
 io.netty.util.concurrent.DefaultEventExecutor.run(DefaultEventExecutor.java:64)
 io.netty.util.concurrent.SingleThreadEventExecutor$4.run(SingleThreadEventExecutor.java:997)
 io.netty.util.internal.ThreadExecutorMap$2.run(ThreadExecutorMap.java:74)
 io.netty.util.concurrent.FastThreadLocalRunnable.run(FastThreadLocalRunnable.java:30)
 java.lang.Thread.run(Thread.java:748)
2026-06-28 10:16:55.568 [Thread-7] WARN  org.apache.catalina.loader.WebappClassLoaderBase - The web application [ROOT] appears to have started a thread named [lettuce-eventExecutorLoop-1-13] but has failed to stop it. This is very likely to create a memory leak. Stack trace of thread:
 sun.misc.Unsafe.park(Native Method)
 java.util.concurrent.locks.LockSupport.park(LockSupport.java:175)
 java.util.concurrent.locks.AbstractQueuedSynchronizer$ConditionObject.await(AbstractQueuedSynchronizer.java:2039)
 java.util.concurrent.LinkedBlockingQueue.take(LinkedBlockingQueue.java:442)
 io.netty.util.concurrent.SingleThreadEventExecutor.takeTask(SingleThreadEventExecutor.java:244)
 io.netty.util.concurrent.DefaultEventExecutor.run(DefaultEventExecutor.java:64)
 io.netty.util.concurrent.SingleThreadEventExecutor$4.run(SingleThreadEventExecutor.java:997)
 io.netty.util.internal.ThreadExecutorMap$2.run(ThreadExecutorMap.java:74)
 io.netty.util.concurrent.FastThreadLocalRunnable.run(FastThreadLocalRunnable.java:30)
 java.lang.Thread.run(Thread.java:748)
2026-06-28 10:16:55.570 [Thread-7] WARN  org.apache.catalina.loader.WebappClassLoaderBase - The web application [ROOT] appears to have started a thread named [lettuce-eventExecutorLoop-1-14] but has failed to stop it. This is very likely to create a memory leak. Stack trace of thread:
 sun.misc.Unsafe.park(Native Method)
 java.util.concurrent.locks.LockSupport.park(LockSupport.java:175)
 java.util.concurrent.locks.AbstractQueuedSynchronizer$ConditionObject.await(AbstractQueuedSynchronizer.java:2039)
 java.util.concurrent.LinkedBlockingQueue.take(LinkedBlockingQueue.java:442)
 io.netty.util.concurrent.SingleThreadEventExecutor.takeTask(SingleThreadEventExecutor.java:244)
 io.netty.util.concurrent.DefaultEventExecutor.run(DefaultEventExecutor.java:64)
 io.netty.util.concurrent.SingleThreadEventExecutor$4.run(SingleThreadEventExecutor.java:997)
 io.netty.util.internal.ThreadExecutorMap$2.run(ThreadExecutorMap.java:74)
 io.netty.util.concurrent.FastThreadLocalRunnable.run(FastThreadLocalRunnable.java:30)
 java.lang.Thread.run(Thread.java:748)
2026-06-28 10:16:55.572 [Thread-7] WARN  org.apache.catalina.loader.WebappClassLoaderBase - The web application [ROOT] appears to have started a thread named [lettuce-eventExecutorLoop-1-15] but has failed to stop it. This is very likely to create a memory leak. Stack trace of thread:
 sun.misc.Unsafe.park(Native Method)
 java.util.concurrent.locks.LockSupport.park(LockSupport.java:175)
 java.util.concurrent.locks.AbstractQueuedSynchronizer$ConditionObject.await(AbstractQueuedSynchronizer.java:2039)
 java.util.concurrent.LinkedBlockingQueue.take(LinkedBlockingQueue.java:442)
 io.netty.util.concurrent.SingleThreadEventExecutor.takeTask(SingleThreadEventExecutor.java:244)
 io.netty.util.concurrent.DefaultEventExecutor.run(DefaultEventExecutor.java:64)
 io.netty.util.concurrent.SingleThreadEventExecutor$4.run(SingleThreadEventExecutor.java:997)
 io.netty.util.internal.ThreadExecutorMap$2.run(ThreadExecutorMap.java:74)
 io.netty.util.concurrent.FastThreadLocalRunnable.run(FastThreadLocalRunnable.java:30)
 java.lang.Thread.run(Thread.java:748)
2026-06-28 10:16:55.575 [Thread-7] WARN  org.apache.catalina.loader.WebappClassLoaderBase - The web application [ROOT] appears to have started a thread named [lettuce-eventExecutorLoop-1-16] but has failed to stop it. This is very likely to create a memory leak. Stack trace of thread:
 sun.misc.Unsafe.park(Native Method)
 java.util.concurrent.locks.LockSupport.park(LockSupport.java:175)
 java.util.concurrent.locks.AbstractQueuedSynchronizer$ConditionObject.await(AbstractQueuedSynchronizer.java:2039)
 java.util.concurrent.LinkedBlockingQueue.take(LinkedBlockingQueue.java:442)
 io.netty.util.concurrent.SingleThreadEventExecutor.takeTask(SingleThreadEventExecutor.java:244)
 io.netty.util.concurrent.DefaultEventExecutor.run(DefaultEventExecutor.java:64)
 io.netty.util.concurrent.SingleThreadEventExecutor$4.run(SingleThreadEventExecutor.java:997)
 io.netty.util.internal.ThreadExecutorMap$2.run(ThreadExecutorMap.java:74)
 io.netty.util.concurrent.FastThreadLocalRunnable.run(FastThreadLocalRunnable.java:30)
 java.lang.Thread.run(Thread.java:748)
2026-06-28 10:16:55.577 [Thread-7] WARN  org.apache.catalina.loader.WebappClassLoaderBase - The web application [ROOT] appears to have started a thread named [System Clock] but has failed to stop it. This is very likely to create a memory leak. Stack trace of thread:
 sun.misc.Unsafe.park(Native Method)
 java.util.concurrent.locks.LockSupport.parkNanos(LockSupport.java:215)
 java.util.concurrent.locks.AbstractQueuedSynchronizer$ConditionObject.awaitNanos(AbstractQueuedSynchronizer.java:2078)
 java.util.concurrent.ScheduledThreadPoolExecutor$DelayedWorkQueue.take(ScheduledThreadPoolExecutor.java:1093)
 java.util.concurrent.ScheduledThreadPoolExecutor$DelayedWorkQueue.take(ScheduledThreadPoolExecutor.java:809)
 java.util.concurrent.ThreadPoolExecutor.getTask(ThreadPoolExecutor.java:1074)
 java.util.concurrent.ThreadPoolExecutor.runWorker(ThreadPoolExecutor.java:1134)
 java.util.concurrent.ThreadPoolExecutor$Worker.run(ThreadPoolExecutor.java:624)
 java.lang.Thread.run(Thread.java:748)
2026-06-28 10:25:03.525 [Thread-7] WARN  org.apache.catalina.loader.WebappClassLoaderBase - The web application [ROOT] appears to have started a thread named [lettuce-nioEventLoop-4-1] but has failed to stop it. This is very likely to create a memory leak. Stack trace of thread:
 sun.nio.ch.WindowsSelectorImpl$SubSelector.poll0(Native Method)
 sun.nio.ch.WindowsSelectorImpl$SubSelector.poll(WindowsSelectorImpl.java:296)
 sun.nio.ch.WindowsSelectorImpl$SubSelector.access$400(WindowsSelectorImpl.java:278)
 sun.nio.ch.WindowsSelectorImpl.doSelect(WindowsSelectorImpl.java:159)
 sun.nio.ch.SelectorImpl.lockAndDoSelect(SelectorImpl.java:86)
 sun.nio.ch.SelectorImpl.select(SelectorImpl.java:97)
 sun.nio.ch.SelectorImpl.select(SelectorImpl.java:101)
 io.netty.channel.nio.SelectedSelectionKeySetSelector.select(SelectedSelectionKeySetSelector.java:68)
 io.netty.channel.nio.NioEventLoop.select(NioEventLoop.java:879)
 io.netty.channel.nio.NioEventLoop.run(NioEventLoop.java:526)
 io.netty.util.concurrent.SingleThreadEventExecutor$4.run(SingleThreadEventExecutor.java:997)
 io.netty.util.internal.ThreadExecutorMap$2.run(ThreadExecutorMap.java:74)
 io.netty.util.concurrent.FastThreadLocalRunnable.run(FastThreadLocalRunnable.java:30)
 java.lang.Thread.run(Thread.java:748)
2026-06-28 10:25:03.528 [Thread-7] WARN  org.apache.catalina.loader.WebappClassLoaderBase - The web application [ROOT] appears to have started a thread named [lettuce-eventExecutorLoop-1-1] but has failed to stop it. This is very likely to create a memory leak. Stack trace of thread:
 sun.misc.Unsafe.park(Native Method)
 java.util.concurrent.locks.LockSupport.park(LockSupport.java:175)
 java.util.concurrent.locks.AbstractQueuedSynchronizer$ConditionObject.await(AbstractQueuedSynchronizer.java:2039)
 java.util.concurrent.LinkedBlockingQueue.take(LinkedBlockingQueue.java:442)
 io.netty.util.concurrent.SingleThreadEventExecutor.takeTask(SingleThreadEventExecutor.java:244)
 io.netty.util.concurrent.DefaultEventExecutor.run(DefaultEventExecutor.java:64)
 io.netty.util.concurrent.SingleThreadEventExecutor$4.run(SingleThreadEventExecutor.java:997)
 io.netty.util.internal.ThreadExecutorMap$2.run(ThreadExecutorMap.java:74)
 io.netty.util.concurrent.FastThreadLocalRunnable.run(FastThreadLocalRunnable.java:30)
 java.lang.Thread.run(Thread.java:748)
2026-06-28 10:25:03.529 [Thread-7] WARN  org.apache.catalina.loader.WebappClassLoaderBase - The web application [ROOT] appears to have started a thread named [lettuce-eventExecutorLoop-1-2] but has failed to stop it. This is very likely to create a memory leak. Stack trace of thread:
 sun.misc.Unsafe.park(Native Method)
 java.util.concurrent.locks.LockSupport.park(LockSupport.java:175)
 java.util.concurrent.locks.AbstractQueuedSynchronizer$ConditionObject.await(AbstractQueuedSynchronizer.java:2039)
 java.util.concurrent.LinkedBlockingQueue.take(LinkedBlockingQueue.java:442)
 io.netty.util.concurrent.SingleThreadEventExecutor.takeTask(SingleThreadEventExecutor.java:244)
 io.netty.util.concurrent.DefaultEventExecutor.run(DefaultEventExecutor.java:64)
 io.netty.util.concurrent.SingleThreadEventExecutor$4.run(SingleThreadEventExecutor.java:997)
 io.netty.util.internal.ThreadExecutorMap$2.run(ThreadExecutorMap.java:74)
 io.netty.util.concurrent.FastThreadLocalRunnable.run(FastThreadLocalRunnable.java:30)
 java.lang.Thread.run(Thread.java:748)
2026-06-28 10:25:03.530 [Thread-7] WARN  org.apache.catalina.loader.WebappClassLoaderBase - The web application [ROOT] appears to have started a thread named [lettuce-eventExecutorLoop-1-3] but has failed to stop it. This is very likely to create a memory leak. Stack trace of thread:
 sun.misc.Unsafe.park(Native Method)
 java.util.concurrent.locks.LockSupport.park(LockSupport.java:175)
 java.util.concurrent.locks.AbstractQueuedSynchronizer$ConditionObject.await(AbstractQueuedSynchronizer.java:2039)
 java.util.concurrent.LinkedBlockingQueue.take(LinkedBlockingQueue.java:442)
 io.netty.util.concurrent.SingleThreadEventExecutor.takeTask(SingleThreadEventExecutor.java:244)
 io.netty.util.concurrent.DefaultEventExecutor.run(DefaultEventExecutor.java:64)
 io.netty.util.concurrent.SingleThreadEventExecutor$4.run(SingleThreadEventExecutor.java:997)
 io.netty.util.internal.ThreadExecutorMap$2.run(ThreadExecutorMap.java:74)
 io.netty.util.concurrent.FastThreadLocalRunnable.run(FastThreadLocalRunnable.java:30)
 java.lang.Thread.run(Thread.java:748)
2026-06-28 10:25:03.533 [Thread-7] WARN  org.apache.catalina.loader.WebappClassLoaderBase - The web application [ROOT] appears to have started a thread named [lettuce-eventExecutorLoop-1-4] but has failed to stop it. This is very likely to create a memory leak. Stack trace of thread:
 sun.misc.Unsafe.park(Native Method)
 java.util.concurrent.locks.LockSupport.park(LockSupport.java:175)
 java.util.concurrent.locks.AbstractQueuedSynchronizer$ConditionObject.await(AbstractQueuedSynchronizer.java:2039)
 java.util.concurrent.LinkedBlockingQueue.take(LinkedBlockingQueue.java:442)
 io.netty.util.concurrent.SingleThreadEventExecutor.takeTask(SingleThreadEventExecutor.java:244)
 io.netty.util.concurrent.DefaultEventExecutor.run(DefaultEventExecutor.java:64)
 io.netty.util.concurrent.SingleThreadEventExecutor$4.run(SingleThreadEventExecutor.java:997)
 io.netty.util.internal.ThreadExecutorMap$2.run(ThreadExecutorMap.java:74)
 io.netty.util.concurrent.FastThreadLocalRunnable.run(FastThreadLocalRunnable.java:30)
 java.lang.Thread.run(Thread.java:748)
2026-06-28 10:25:03.539 [Thread-7] WARN  org.apache.catalina.loader.WebappClassLoaderBase - The web application [ROOT] appears to have started a thread named [lettuce-eventExecutorLoop-1-5] but has failed to stop it. This is very likely to create a memory leak. Stack trace of thread:
 sun.misc.Unsafe.park(Native Method)
 java.util.concurrent.locks.LockSupport.park(LockSupport.java:175)
 java.util.concurrent.locks.AbstractQueuedSynchronizer$ConditionObject.await(AbstractQueuedSynchronizer.java:2039)
 java.util.concurrent.LinkedBlockingQueue.take(LinkedBlockingQueue.java:442)
 io.netty.util.concurrent.SingleThreadEventExecutor.takeTask(SingleThreadEventExecutor.java:244)
 io.netty.util.concurrent.DefaultEventExecutor.run(DefaultEventExecutor.java:64)
 io.netty.util.concurrent.SingleThreadEventExecutor$4.run(SingleThreadEventExecutor.java:997)
 io.netty.util.internal.ThreadExecutorMap$2.run(ThreadExecutorMap.java:74)
 io.netty.util.concurrent.FastThreadLocalRunnable.run(FastThreadLocalRunnable.java:30)
 java.lang.Thread.run(Thread.java:748)
2026-06-28 10:25:03.540 [Thread-7] WARN  org.apache.catalina.loader.WebappClassLoaderBase - The web application [ROOT] appears to have started a thread named [lettuce-eventExecutorLoop-1-6] but has failed to stop it. This is very likely to create a memory leak. Stack trace of thread:
 sun.misc.Unsafe.park(Native Method)
 java.util.concurrent.locks.LockSupport.park(LockSupport.java:175)
 java.util.concurrent.locks.AbstractQueuedSynchronizer$ConditionObject.await(AbstractQueuedSynchronizer.java:2039)
 java.util.concurrent.LinkedBlockingQueue.take(LinkedBlockingQueue.java:442)
 io.netty.util.concurrent.SingleThreadEventExecutor.takeTask(SingleThreadEventExecutor.java:244)
 io.netty.util.concurrent.DefaultEventExecutor.run(DefaultEventExecutor.java:64)
 io.netty.util.concurrent.SingleThreadEventExecutor$4.run(SingleThreadEventExecutor.java:997)
 io.netty.util.internal.ThreadExecutorMap$2.run(ThreadExecutorMap.java:74)
 io.netty.util.concurrent.FastThreadLocalRunnable.run(FastThreadLocalRunnable.java:30)
 java.lang.Thread.run(Thread.java:748)
2026-06-28 10:25:03.542 [Thread-7] WARN  org.apache.catalina.loader.WebappClassLoaderBase - The web application [ROOT] appears to have started a thread named [lettuce-eventExecutorLoop-1-7] but has failed to stop it. This is very likely to create a memory leak. Stack trace of thread:
 sun.misc.Unsafe.park(Native Method)
 java.util.concurrent.locks.LockSupport.park(LockSupport.java:175)
 java.util.concurrent.locks.AbstractQueuedSynchronizer$ConditionObject.await(AbstractQueuedSynchronizer.java:2039)
 java.util.concurrent.LinkedBlockingQueue.take(LinkedBlockingQueue.java:442)
 io.netty.util.concurrent.SingleThreadEventExecutor.takeTask(SingleThreadEventExecutor.java:244)
 io.netty.util.concurrent.DefaultEventExecutor.run(DefaultEventExecutor.java:64)
 io.netty.util.concurrent.SingleThreadEventExecutor$4.run(SingleThreadEventExecutor.java:997)
 io.netty.util.internal.ThreadExecutorMap$2.run(ThreadExecutorMap.java:74)
 io.netty.util.concurrent.FastThreadLocalRunnable.run(FastThreadLocalRunnable.java:30)
 java.lang.Thread.run(Thread.java:748)
2026-06-28 10:25:03.549 [Thread-7] WARN  org.apache.catalina.loader.WebappClassLoaderBase - The web application [ROOT] appears to have started a thread named [lettuce-eventExecutorLoop-1-8] but has failed to stop it. This is very likely to create a memory leak. Stack trace of thread:
 sun.misc.Unsafe.park(Native Method)
 java.util.concurrent.locks.LockSupport.park(LockSupport.java:175)
 java.util.concurrent.locks.AbstractQueuedSynchronizer$ConditionObject.await(AbstractQueuedSynchronizer.java:2039)
 java.util.concurrent.LinkedBlockingQueue.take(LinkedBlockingQueue.java:442)
 io.netty.util.concurrent.SingleThreadEventExecutor.takeTask(SingleThreadEventExecutor.java:244)
 io.netty.util.concurrent.DefaultEventExecutor.run(DefaultEventExecutor.java:64)
 io.netty.util.concurrent.SingleThreadEventExecutor$4.run(SingleThreadEventExecutor.java:997)
 io.netty.util.internal.ThreadExecutorMap$2.run(ThreadExecutorMap.java:74)
 io.netty.util.concurrent.FastThreadLocalRunnable.run(FastThreadLocalRunnable.java:30)
 java.lang.Thread.run(Thread.java:748)
2026-06-28 10:25:03.550 [Thread-7] WARN  org.apache.catalina.loader.WebappClassLoaderBase - The web application [ROOT] appears to have started a thread named [lettuce-eventExecutorLoop-1-9] but has failed to stop it. This is very likely to create a memory leak. Stack trace of thread:
 sun.misc.Unsafe.park(Native Method)
 java.util.concurrent.locks.LockSupport.park(LockSupport.java:175)
 java.util.concurrent.locks.AbstractQueuedSynchronizer$ConditionObject.await(AbstractQueuedSynchronizer.java:2039)
 java.util.concurrent.LinkedBlockingQueue.take(LinkedBlockingQueue.java:442)
 io.netty.util.concurrent.SingleThreadEventExecutor.takeTask(SingleThreadEventExecutor.java:244)
 io.netty.util.concurrent.DefaultEventExecutor.run(DefaultEventExecutor.java:64)
 io.netty.util.concurrent.SingleThreadEventExecutor$4.run(SingleThreadEventExecutor.java:997)
 io.netty.util.internal.ThreadExecutorMap$2.run(ThreadExecutorMap.java:74)
 io.netty.util.concurrent.FastThreadLocalRunnable.run(FastThreadLocalRunnable.java:30)
 java.lang.Thread.run(Thread.java:748)
2026-06-28 10:25:03.551 [Thread-7] WARN  org.apache.catalina.loader.WebappClassLoaderBase - The web application [ROOT] appears to have started a thread named [lettuce-eventExecutorLoop-1-10] but has failed to stop it. This is very likely to create a memory leak. Stack trace of thread:
 sun.misc.Unsafe.park(Native Method)
 java.util.concurrent.locks.LockSupport.park(LockSupport.java:175)
 java.util.concurrent.locks.AbstractQueuedSynchronizer$ConditionObject.await(AbstractQueuedSynchronizer.java:2039)
 java.util.concurrent.LinkedBlockingQueue.take(LinkedBlockingQueue.java:442)
 io.netty.util.concurrent.SingleThreadEventExecutor.takeTask(SingleThreadEventExecutor.java:244)
 io.netty.util.concurrent.DefaultEventExecutor.run(DefaultEventExecutor.java:64)
 io.netty.util.concurrent.SingleThreadEventExecutor$4.run(SingleThreadEventExecutor.java:997)
 io.netty.util.internal.ThreadExecutorMap$2.run(ThreadExecutorMap.java:74)
 io.netty.util.concurrent.FastThreadLocalRunnable.run(FastThreadLocalRunnable.java:30)
 java.lang.Thread.run(Thread.java:748)
2026-06-28 10:25:03.553 [Thread-7] WARN  org.apache.catalina.loader.WebappClassLoaderBase - The web application [ROOT] appears to have started a thread named [lettuce-eventExecutorLoop-1-11] but has failed to stop it. This is very likely to create a memory leak. Stack trace of thread:
 sun.misc.Unsafe.park(Native Method)
 java.util.concurrent.locks.LockSupport.park(LockSupport.java:175)
 java.util.concurrent.locks.AbstractQueuedSynchronizer$ConditionObject.await(AbstractQueuedSynchronizer.java:2039)
 java.util.concurrent.LinkedBlockingQueue.take(LinkedBlockingQueue.java:442)
 io.netty.util.concurrent.SingleThreadEventExecutor.takeTask(SingleThreadEventExecutor.java:244)
 io.netty.util.concurrent.DefaultEventExecutor.run(DefaultEventExecutor.java:64)
 io.netty.util.concurrent.SingleThreadEventExecutor$4.run(SingleThreadEventExecutor.java:997)
 io.netty.util.internal.ThreadExecutorMap$2.run(ThreadExecutorMap.java:74)
 io.netty.util.concurrent.FastThreadLocalRunnable.run(FastThreadLocalRunnable.java:30)
 java.lang.Thread.run(Thread.java:748)
2026-06-28 10:25:03.554 [Thread-7] WARN  org.apache.catalina.loader.WebappClassLoaderBase - The web application [ROOT] appears to have started a thread named [lettuce-eventExecutorLoop-1-12] but has failed to stop it. This is very likely to create a memory leak. Stack trace of thread:
 sun.misc.Unsafe.park(Native Method)
 java.util.concurrent.locks.LockSupport.park(LockSupport.java:175)
 java.util.concurrent.locks.AbstractQueuedSynchronizer$ConditionObject.await(AbstractQueuedSynchronizer.java:2039)
 java.util.concurrent.LinkedBlockingQueue.take(LinkedBlockingQueue.java:442)
 io.netty.util.concurrent.SingleThreadEventExecutor.takeTask(SingleThreadEventExecutor.java:244)
 io.netty.util.concurrent.DefaultEventExecutor.run(DefaultEventExecutor.java:64)
 io.netty.util.concurrent.SingleThreadEventExecutor$4.run(SingleThreadEventExecutor.java:997)
 io.netty.util.internal.ThreadExecutorMap$2.run(ThreadExecutorMap.java:74)
 io.netty.util.concurrent.FastThreadLocalRunnable.run(FastThreadLocalRunnable.java:30)
 java.lang.Thread.run(Thread.java:748)
2026-06-28 10:25:03.555 [Thread-7] WARN  org.apache.catalina.loader.WebappClassLoaderBase - The web application [ROOT] appears to have started a thread named [System Clock] but has failed to stop it. This is very likely to create a memory leak. Stack trace of thread:
 sun.misc.Unsafe.park(Native Method)
 java.util.concurrent.locks.LockSupport.parkNanos(LockSupport.java:215)
 java.util.concurrent.locks.AbstractQueuedSynchronizer$ConditionObject.awaitNanos(AbstractQueuedSynchronizer.java:2078)
 java.util.concurrent.ScheduledThreadPoolExecutor$DelayedWorkQueue.take(ScheduledThreadPoolExecutor.java:1093)
 java.util.concurrent.ScheduledThreadPoolExecutor$DelayedWorkQueue.take(ScheduledThreadPoolExecutor.java:809)
 java.util.concurrent.ThreadPoolExecutor.getTask(ThreadPoolExecutor.java:1074)
 java.util.concurrent.ThreadPoolExecutor.runWorker(ThreadPoolExecutor.java:1134)
 java.util.concurrent.ThreadPoolExecutor$Worker.run(ThreadPoolExecutor.java:624)
 java.lang.Thread.run(Thread.java:748)
2026-06-28 10:25:03.557 [Thread-7] WARN  org.apache.catalina.loader.WebappClassLoaderBase - The web application [ROOT] appears to have started a thread named [lettuce-eventExecutorLoop-1-13] but has failed to stop it. This is very likely to create a memory leak. Stack trace of thread:
 sun.misc.Unsafe.park(Native Method)
 java.util.concurrent.locks.LockSupport.park(LockSupport.java:175)
 java.util.concurrent.locks.AbstractQueuedSynchronizer$ConditionObject.await(AbstractQueuedSynchronizer.java:2039)
 java.util.concurrent.LinkedBlockingQueue.take(LinkedBlockingQueue.java:442)
 io.netty.util.concurrent.SingleThreadEventExecutor.takeTask(SingleThreadEventExecutor.java:244)
 io.netty.util.concurrent.DefaultEventExecutor.run(DefaultEventExecutor.java:64)
 io.netty.util.concurrent.SingleThreadEventExecutor$4.run(SingleThreadEventExecutor.java:997)
 io.netty.util.internal.ThreadExecutorMap$2.run(ThreadExecutorMap.java:74)
 io.netty.util.concurrent.FastThreadLocalRunnable.run(FastThreadLocalRunnable.java:30)
 java.lang.Thread.run(Thread.java:748)
2026-06-28 10:25:03.559 [Thread-7] WARN  org.apache.catalina.loader.WebappClassLoaderBase - The web application [ROOT] appears to have started a thread named [lettuce-eventExecutorLoop-1-14] but has failed to stop it. This is very likely to create a memory leak. Stack trace of thread:
 sun.misc.Unsafe.park(Native Method)
 java.util.concurrent.locks.LockSupport.park(LockSupport.java:175)
 java.util.concurrent.locks.AbstractQueuedSynchronizer$ConditionObject.await(AbstractQueuedSynchronizer.java:2039)
 java.util.concurrent.LinkedBlockingQueue.take(LinkedBlockingQueue.java:442)
 io.netty.util.concurrent.SingleThreadEventExecutor.takeTask(SingleThreadEventExecutor.java:244)
 io.netty.util.concurrent.DefaultEventExecutor.run(DefaultEventExecutor.java:64)
 io.netty.util.concurrent.SingleThreadEventExecutor$4.run(SingleThreadEventExecutor.java:997)
 io.netty.util.internal.ThreadExecutorMap$2.run(ThreadExecutorMap.java:74)
 io.netty.util.concurrent.FastThreadLocalRunnable.run(FastThreadLocalRunnable.java:30)
 java.lang.Thread.run(Thread.java:748)
2026-06-28 10:25:03.561 [Thread-7] WARN  org.apache.catalina.loader.WebappClassLoaderBase - The web application [ROOT] appears to have started a thread named [lettuce-eventExecutorLoop-1-15] but has failed to stop it. This is very likely to create a memory leak. Stack trace of thread:
 sun.misc.Unsafe.park(Native Method)
 java.util.concurrent.locks.LockSupport.park(LockSupport.java:175)
 java.util.concurrent.locks.AbstractQueuedSynchronizer$ConditionObject.await(AbstractQueuedSynchronizer.java:2039)
 java.util.concurrent.LinkedBlockingQueue.take(LinkedBlockingQueue.java:442)
 io.netty.util.concurrent.SingleThreadEventExecutor.takeTask(SingleThreadEventExecutor.java:244)
 io.netty.util.concurrent.DefaultEventExecutor.run(DefaultEventExecutor.java:64)
 io.netty.util.concurrent.SingleThreadEventExecutor$4.run(SingleThreadEventExecutor.java:997)
 io.netty.util.internal.ThreadExecutorMap$2.run(ThreadExecutorMap.java:74)
 io.netty.util.concurrent.FastThreadLocalRunnable.run(FastThreadLocalRunnable.java:30)
 java.lang.Thread.run(Thread.java:748)
2026-06-28 10:25:03.562 [Thread-7] WARN  org.apache.catalina.loader.WebappClassLoaderBase - The web application [ROOT] appears to have started a thread named [lettuce-eventExecutorLoop-1-16] but has failed to stop it. This is very likely to create a memory leak. Stack trace of thread:
 sun.misc.Unsafe.park(Native Method)
 java.util.concurrent.locks.LockSupport.park(LockSupport.java:175)
 java.util.concurrent.locks.AbstractQueuedSynchronizer$ConditionObject.await(AbstractQueuedSynchronizer.java:2039)
 java.util.concurrent.LinkedBlockingQueue.take(LinkedBlockingQueue.java:442)
 io.netty.util.concurrent.SingleThreadEventExecutor.takeTask(SingleThreadEventExecutor.java:244)
 io.netty.util.concurrent.DefaultEventExecutor.run(DefaultEventExecutor.java:64)
 io.netty.util.concurrent.SingleThreadEventExecutor$4.run(SingleThreadEventExecutor.java:997)
 io.netty.util.internal.ThreadExecutorMap$2.run(ThreadExecutorMap.java:74)
 io.netty.util.concurrent.FastThreadLocalRunnable.run(FastThreadLocalRunnable.java:30)
 java.lang.Thread.run(Thread.java:748)
2026-06-28 10:26:19.197 [Thread-9] WARN  org.apache.catalina.loader.WebappClassLoaderBase - The web application [ROOT] appears to have started a thread named [lettuce-nioEventLoop-7-1] but has failed to stop it. This is very likely to create a memory leak. Stack trace of thread:
 sun.nio.ch.WindowsSelectorImpl$SubSelector.poll0(Native Method)
 sun.nio.ch.WindowsSelectorImpl$SubSelector.poll(WindowsSelectorImpl.java:296)
 sun.nio.ch.WindowsSelectorImpl$SubSelector.access$400(WindowsSelectorImpl.java:278)
 sun.nio.ch.WindowsSelectorImpl.doSelect(WindowsSelectorImpl.java:159)
 sun.nio.ch.SelectorImpl.lockAndDoSelect(SelectorImpl.java:86)
 sun.nio.ch.SelectorImpl.select(SelectorImpl.java:97)
 sun.nio.ch.SelectorImpl.select(SelectorImpl.java:101)
 io.netty.channel.nio.SelectedSelectionKeySetSelector.select(SelectedSelectionKeySetSelector.java:68)
 io.netty.channel.nio.NioEventLoop.select(NioEventLoop.java:879)
 io.netty.channel.nio.NioEventLoop.run(NioEventLoop.java:526)
 io.netty.util.concurrent.SingleThreadEventExecutor$4.run(SingleThreadEventExecutor.java:997)
 io.netty.util.internal.ThreadExecutorMap$2.run(ThreadExecutorMap.java:74)
 io.netty.util.concurrent.FastThreadLocalRunnable.run(FastThreadLocalRunnable.java:30)
 java.lang.Thread.run(Thread.java:748)
2026-06-28 10:26:19.199 [Thread-9] WARN  org.apache.catalina.loader.WebappClassLoaderBase - The web application [ROOT] appears to have started a thread named [lettuce-eventExecutorLoop-5-1] but has failed to stop it. This is very likely to create a memory leak. Stack trace of thread:
 sun.misc.Unsafe.park(Native Method)
 java.util.concurrent.locks.LockSupport.park(LockSupport.java:175)
 java.util.concurrent.locks.AbstractQueuedSynchronizer$ConditionObject.await(AbstractQueuedSynchronizer.java:2039)
 java.util.concurrent.LinkedBlockingQueue.take(LinkedBlockingQueue.java:442)
 io.netty.util.concurrent.SingleThreadEventExecutor.takeTask(SingleThreadEventExecutor.java:244)
 io.netty.util.concurrent.DefaultEventExecutor.run(DefaultEventExecutor.java:64)
 io.netty.util.concurrent.SingleThreadEventExecutor$4.run(SingleThreadEventExecutor.java:997)
 io.netty.util.internal.ThreadExecutorMap$2.run(ThreadExecutorMap.java:74)
 io.netty.util.concurrent.FastThreadLocalRunnable.run(FastThreadLocalRunnable.java:30)
 java.lang.Thread.run(Thread.java:748)
2026-06-28 10:26:19.199 [Thread-9] WARN  org.apache.catalina.loader.WebappClassLoaderBase - The web application [ROOT] appears to have started a thread named [lettuce-eventExecutorLoop-5-2] but has failed to stop it. This is very likely to create a memory leak. Stack trace of thread:
 sun.misc.Unsafe.park(Native Method)
 java.util.concurrent.locks.LockSupport.park(LockSupport.java:175)
 java.util.concurrent.locks.AbstractQueuedSynchronizer$ConditionObject.await(AbstractQueuedSynchronizer.java:2039)
 java.util.concurrent.LinkedBlockingQueue.take(LinkedBlockingQueue.java:442)
 io.netty.util.concurrent.SingleThreadEventExecutor.takeTask(SingleThreadEventExecutor.java:244)
 io.netty.util.concurrent.DefaultEventExecutor.run(DefaultEventExecutor.java:64)
 io.netty.util.concurrent.SingleThreadEventExecutor$4.run(SingleThreadEventExecutor.java:997)
 io.netty.util.internal.ThreadExecutorMap$2.run(ThreadExecutorMap.java:74)
 io.netty.util.concurrent.FastThreadLocalRunnable.run(FastThreadLocalRunnable.java:30)
 java.lang.Thread.run(Thread.java:748)
2026-06-28 10:26:19.201 [Thread-9] WARN  org.apache.catalina.loader.WebappClassLoaderBase - The web application [ROOT] appears to have started a thread named [lettuce-eventExecutorLoop-5-3] but has failed to stop it. This is very likely to create a memory leak. Stack trace of thread:
 sun.misc.Unsafe.park(Native Method)
 java.util.concurrent.locks.LockSupport.park(LockSupport.java:175)
 java.util.concurrent.locks.AbstractQueuedSynchronizer$ConditionObject.await(AbstractQueuedSynchronizer.java:2039)
 java.util.concurrent.LinkedBlockingQueue.take(LinkedBlockingQueue.java:442)
 io.netty.util.concurrent.SingleThreadEventExecutor.takeTask(SingleThreadEventExecutor.java:244)
 io.netty.util.concurrent.DefaultEventExecutor.run(DefaultEventExecutor.java:64)
 io.netty.util.concurrent.SingleThreadEventExecutor$4.run(SingleThreadEventExecutor.java:997)
 io.netty.util.internal.ThreadExecutorMap$2.run(ThreadExecutorMap.java:74)
 io.netty.util.concurrent.FastThreadLocalRunnable.run(FastThreadLocalRunnable.java:30)
 java.lang.Thread.run(Thread.java:748)
2026-06-28 10:26:19.202 [Thread-9] WARN  org.apache.catalina.loader.WebappClassLoaderBase - The web application [ROOT] appears to have started a thread named [lettuce-eventExecutorLoop-5-4] but has failed to stop it. This is very likely to create a memory leak. Stack trace of thread:
 sun.misc.Unsafe.park(Native Method)
 java.util.concurrent.locks.LockSupport.park(LockSupport.java:175)
 java.util.concurrent.locks.AbstractQueuedSynchronizer$ConditionObject.await(AbstractQueuedSynchronizer.java:2039)
 java.util.concurrent.LinkedBlockingQueue.take(LinkedBlockingQueue.java:442)
 io.netty.util.concurrent.SingleThreadEventExecutor.takeTask(SingleThreadEventExecutor.java:244)
 io.netty.util.concurrent.DefaultEventExecutor.run(DefaultEventExecutor.java:64)
 io.netty.util.concurrent.SingleThreadEventExecutor$4.run(SingleThreadEventExecutor.java:997)
 io.netty.util.internal.ThreadExecutorMap$2.run(ThreadExecutorMap.java:74)
 io.netty.util.concurrent.FastThreadLocalRunnable.run(FastThreadLocalRunnable.java:30)
 java.lang.Thread.run(Thread.java:748)
2026-06-28 10:29:46.807 [Thread-7] WARN  org.apache.catalina.loader.WebappClassLoaderBase - The web application [ROOT] appears to have started a thread named [lettuce-nioEventLoop-4-1] but has failed to stop it. This is very likely to create a memory leak. Stack trace of thread:
 sun.nio.ch.WindowsSelectorImpl$SubSelector.poll0(Native Method)
 sun.nio.ch.WindowsSelectorImpl$SubSelector.poll(WindowsSelectorImpl.java:296)
 sun.nio.ch.WindowsSelectorImpl$SubSelector.access$400(WindowsSelectorImpl.java:278)
 sun.nio.ch.WindowsSelectorImpl.doSelect(WindowsSelectorImpl.java:159)
 sun.nio.ch.SelectorImpl.lockAndDoSelect(SelectorImpl.java:86)
 sun.nio.ch.SelectorImpl.select(SelectorImpl.java:97)
 sun.nio.ch.SelectorImpl.select(SelectorImpl.java:101)
 io.netty.channel.nio.SelectedSelectionKeySetSelector.select(SelectedSelectionKeySetSelector.java:68)
 io.netty.channel.nio.NioEventLoop.select(NioEventLoop.java:879)
 io.netty.channel.nio.NioEventLoop.run(NioEventLoop.java:526)
 io.netty.util.concurrent.SingleThreadEventExecutor$4.run(SingleThreadEventExecutor.java:997)
 io.netty.util.internal.ThreadExecutorMap$2.run(ThreadExecutorMap.java:74)
 io.netty.util.concurrent.FastThreadLocalRunnable.run(FastThreadLocalRunnable.java:30)
 java.lang.Thread.run(Thread.java:748)
2026-06-28 10:29:46.808 [Thread-7] WARN  org.apache.catalina.loader.WebappClassLoaderBase - The web application [ROOT] appears to have started a thread named [lettuce-eventExecutorLoop-1-2] but has failed to stop it. This is very likely to create a memory leak. Stack trace of thread:
 sun.misc.Unsafe.park(Native Method)
 java.util.concurrent.locks.LockSupport.park(LockSupport.java:175)
 java.util.concurrent.locks.AbstractQueuedSynchronizer$ConditionObject.await(AbstractQueuedSynchronizer.java:2039)
 java.util.concurrent.LinkedBlockingQueue.take(LinkedBlockingQueue.java:442)
 io.netty.util.concurrent.SingleThreadEventExecutor.takeTask(SingleThreadEventExecutor.java:244)
 io.netty.util.concurrent.DefaultEventExecutor.run(DefaultEventExecutor.java:64)
 io.netty.util.concurrent.SingleThreadEventExecutor$4.run(SingleThreadEventExecutor.java:997)
 io.netty.util.internal.ThreadExecutorMap$2.run(ThreadExecutorMap.java:74)
 io.netty.util.concurrent.FastThreadLocalRunnable.run(FastThreadLocalRunnable.java:30)
 java.lang.Thread.run(Thread.java:748)
2026-06-28 10:29:46.810 [Thread-7] WARN  org.apache.catalina.loader.WebappClassLoaderBase - The web application [ROOT] appears to have started a thread named [lettuce-eventExecutorLoop-1-1] but has failed to stop it. This is very likely to create a memory leak. Stack trace of thread:
 sun.misc.Unsafe.park(Native Method)
 java.util.concurrent.locks.LockSupport.park(LockSupport.java:175)
 java.util.concurrent.locks.AbstractQueuedSynchronizer$ConditionObject.await(AbstractQueuedSynchronizer.java:2039)
 java.util.concurrent.LinkedBlockingQueue.take(LinkedBlockingQueue.java:442)
 io.netty.util.concurrent.SingleThreadEventExecutor.takeTask(SingleThreadEventExecutor.java:244)
 io.netty.util.concurrent.DefaultEventExecutor.run(DefaultEventExecutor.java:64)
 io.netty.util.concurrent.SingleThreadEventExecutor$4.run(SingleThreadEventExecutor.java:997)
 io.netty.util.internal.ThreadExecutorMap$2.run(ThreadExecutorMap.java:74)
 io.netty.util.concurrent.FastThreadLocalRunnable.run(FastThreadLocalRunnable.java:30)
 java.lang.Thread.run(Thread.java:748)
2026-06-28 10:29:46.812 [Thread-7] WARN  org.apache.catalina.loader.WebappClassLoaderBase - The web application [ROOT] appears to have started a thread named [System Clock] but has failed to stop it. This is very likely to create a memory leak. Stack trace of thread:
 sun.misc.Unsafe.park(Native Method)
 java.util.concurrent.locks.LockSupport.parkNanos(LockSupport.java:215)
 java.util.concurrent.locks.AbstractQueuedSynchronizer$ConditionObject.awaitNanos(AbstractQueuedSynchronizer.java:2078)
 java.util.concurrent.ScheduledThreadPoolExecutor$DelayedWorkQueue.take(ScheduledThreadPoolExecutor.java:1093)
 java.util.concurrent.ScheduledThreadPoolExecutor$DelayedWorkQueue.take(ScheduledThreadPoolExecutor.java:809)
 java.util.concurrent.ThreadPoolExecutor.getTask(ThreadPoolExecutor.java:1074)
 java.util.concurrent.ThreadPoolExecutor.runWorker(ThreadPoolExecutor.java:1134)
 java.util.concurrent.ThreadPoolExecutor$Worker.run(ThreadPoolExecutor.java:624)
 java.lang.Thread.run(Thread.java:748)
2026-06-28 10:29:46.813 [Thread-7] WARN  org.apache.catalina.loader.WebappClassLoaderBase - The web application [ROOT] appears to have started a thread named [lettuce-eventExecutorLoop-1-3] but has failed to stop it. This is very likely to create a memory leak. Stack trace of thread:
 sun.misc.Unsafe.park(Native Method)
 java.util.concurrent.locks.LockSupport.park(LockSupport.java:175)
 java.util.concurrent.locks.AbstractQueuedSynchronizer$ConditionObject.await(AbstractQueuedSynchronizer.java:2039)
 java.util.concurrent.LinkedBlockingQueue.take(LinkedBlockingQueue.java:442)
 io.netty.util.concurrent.SingleThreadEventExecutor.takeTask(SingleThreadEventExecutor.java:244)
 io.netty.util.concurrent.DefaultEventExecutor.run(DefaultEventExecutor.java:64)
 io.netty.util.concurrent.SingleThreadEventExecutor$4.run(SingleThreadEventExecutor.java:997)
 io.netty.util.internal.ThreadExecutorMap$2.run(ThreadExecutorMap.java:74)
 io.netty.util.concurrent.FastThreadLocalRunnable.run(FastThreadLocalRunnable.java:30)
 java.lang.Thread.run(Thread.java:748)
2026-06-28 10:29:46.815 [Thread-7] WARN  org.apache.catalina.loader.WebappClassLoaderBase - The web application [ROOT] appears to have started a thread named [lettuce-eventExecutorLoop-1-4] but has failed to stop it. This is very likely to create a memory leak. Stack trace of thread:
 sun.misc.Unsafe.park(Native Method)
 java.util.concurrent.locks.LockSupport.park(LockSupport.java:175)
 java.util.concurrent.locks.AbstractQueuedSynchronizer$ConditionObject.await(AbstractQueuedSynchronizer.java:2039)
 java.util.concurrent.LinkedBlockingQueue.take(LinkedBlockingQueue.java:442)
 io.netty.util.concurrent.SingleThreadEventExecutor.takeTask(SingleThreadEventExecutor.java:244)
 io.netty.util.concurrent.DefaultEventExecutor.run(DefaultEventExecutor.java:64)
 io.netty.util.concurrent.SingleThreadEventExecutor$4.run(SingleThreadEventExecutor.java:997)
 io.netty.util.internal.ThreadExecutorMap$2.run(ThreadExecutorMap.java:74)
 io.netty.util.concurrent.FastThreadLocalRunnable.run(FastThreadLocalRunnable.java:30)
 java.lang.Thread.run(Thread.java:748)
2026-06-28 10:29:46.817 [Thread-7] WARN  org.apache.catalina.loader.WebappClassLoaderBase - The web application [ROOT] appears to have started a thread named [lettuce-eventExecutorLoop-1-5] but has failed to stop it. This is very likely to create a memory leak. Stack trace of thread:
 sun.misc.Unsafe.park(Native Method)
 java.util.concurrent.locks.LockSupport.park(LockSupport.java:175)
 java.util.concurrent.locks.AbstractQueuedSynchronizer$ConditionObject.await(AbstractQueuedSynchronizer.java:2039)
 java.util.concurrent.LinkedBlockingQueue.take(LinkedBlockingQueue.java:442)
 io.netty.util.concurrent.SingleThreadEventExecutor.takeTask(SingleThreadEventExecutor.java:244)
 io.netty.util.concurrent.DefaultEventExecutor.run(DefaultEventExecutor.java:64)
 io.netty.util.concurrent.SingleThreadEventExecutor$4.run(SingleThreadEventExecutor.java:997)
 io.netty.util.internal.ThreadExecutorMap$2.run(ThreadExecutorMap.java:74)
 io.netty.util.concurrent.FastThreadLocalRunnable.run(FastThreadLocalRunnable.java:30)
 java.lang.Thread.run(Thread.java:748)
2026-06-28 10:53:55.254 [Thread-7] WARN  org.apache.catalina.loader.WebappClassLoaderBase - The web application [ROOT] appears to have started a thread named [System Clock] but has failed to stop it. This is very likely to create a memory leak. Stack trace of thread:
 sun.misc.Unsafe.park(Native Method)
 java.util.concurrent.locks.LockSupport.parkNanos(LockSupport.java:215)
 java.util.concurrent.locks.AbstractQueuedSynchronizer$ConditionObject.awaitNanos(AbstractQueuedSynchronizer.java:2078)
 java.util.concurrent.ScheduledThreadPoolExecutor$DelayedWorkQueue.take(ScheduledThreadPoolExecutor.java:1093)
 java.util.concurrent.ScheduledThreadPoolExecutor$DelayedWorkQueue.take(ScheduledThreadPoolExecutor.java:809)
 java.util.concurrent.ThreadPoolExecutor.getTask(ThreadPoolExecutor.java:1074)
 java.util.concurrent.ThreadPoolExecutor.runWorker(ThreadPoolExecutor.java:1134)
 java.util.concurrent.ThreadPoolExecutor$Worker.run(ThreadPoolExecutor.java:624)
 java.lang.Thread.run(Thread.java:748)
2026-06-28 10:53:55.257 [Thread-7] WARN  org.apache.catalina.loader.WebappClassLoaderBase - The web application [ROOT] appears to have started a thread named [lettuce-nioEventLoop-4-1] but has failed to stop it. This is very likely to create a memory leak. Stack trace of thread:
 sun.nio.ch.WindowsSelectorImpl$SubSelector.poll0(Native Method)
 sun.nio.ch.WindowsSelectorImpl$SubSelector.poll(WindowsSelectorImpl.java:296)
 sun.nio.ch.WindowsSelectorImpl$SubSelector.access$400(WindowsSelectorImpl.java:278)
 sun.nio.ch.WindowsSelectorImpl.doSelect(WindowsSelectorImpl.java:159)
 sun.nio.ch.SelectorImpl.lockAndDoSelect(SelectorImpl.java:86)
 sun.nio.ch.SelectorImpl.select(SelectorImpl.java:97)
 sun.nio.ch.SelectorImpl.select(SelectorImpl.java:101)
 io.netty.channel.nio.SelectedSelectionKeySetSelector.select(SelectedSelectionKeySetSelector.java:68)
 io.netty.channel.nio.NioEventLoop.select(NioEventLoop.java:879)
 io.netty.channel.nio.NioEventLoop.run(NioEventLoop.java:526)
 io.netty.util.concurrent.SingleThreadEventExecutor$4.run(SingleThreadEventExecutor.java:997)
 io.netty.util.internal.ThreadExecutorMap$2.run(ThreadExecutorMap.java:74)
 io.netty.util.concurrent.FastThreadLocalRunnable.run(FastThreadLocalRunnable.java:30)
 java.lang.Thread.run(Thread.java:748)
2026-06-28 10:53:55.258 [Thread-7] WARN  org.apache.catalina.loader.WebappClassLoaderBase - The web application [ROOT] appears to have started a thread named [lettuce-eventExecutorLoop-1-1] but has failed to stop it. This is very likely to create a memory leak. Stack trace of thread:
 sun.misc.Unsafe.park(Native Method)
 java.util.concurrent.locks.LockSupport.park(LockSupport.java:175)
 java.util.concurrent.locks.AbstractQueuedSynchronizer$ConditionObject.await(AbstractQueuedSynchronizer.java:2039)
 java.util.concurrent.LinkedBlockingQueue.take(LinkedBlockingQueue.java:442)
 io.netty.util.concurrent.SingleThreadEventExecutor.takeTask(SingleThreadEventExecutor.java:244)
 io.netty.util.concurrent.DefaultEventExecutor.run(DefaultEventExecutor.java:64)
 io.netty.util.concurrent.SingleThreadEventExecutor$4.run(SingleThreadEventExecutor.java:997)
 io.netty.util.internal.ThreadExecutorMap$2.run(ThreadExecutorMap.java:74)
 io.netty.util.concurrent.FastThreadLocalRunnable.run(FastThreadLocalRunnable.java:30)
 java.lang.Thread.run(Thread.java:748)
2026-06-28 10:53:55.258 [Thread-7] WARN  org.apache.catalina.loader.WebappClassLoaderBase - The web application [ROOT] appears to have started a thread named [lettuce-eventExecutorLoop-1-2] but has failed to stop it. This is very likely to create a memory leak. Stack trace of thread:
 sun.misc.Unsafe.park(Native Method)
 java.util.concurrent.locks.LockSupport.park(LockSupport.java:175)
 java.util.concurrent.locks.AbstractQueuedSynchronizer$ConditionObject.await(AbstractQueuedSynchronizer.java:2039)
 java.util.concurrent.LinkedBlockingQueue.take(LinkedBlockingQueue.java:442)
 io.netty.util.concurrent.SingleThreadEventExecutor.takeTask(SingleThreadEventExecutor.java:244)
 io.netty.util.concurrent.DefaultEventExecutor.run(DefaultEventExecutor.java:64)
 io.netty.util.concurrent.SingleThreadEventExecutor$4.run(SingleThreadEventExecutor.java:997)
 io.netty.util.internal.ThreadExecutorMap$2.run(ThreadExecutorMap.java:74)
 io.netty.util.concurrent.FastThreadLocalRunnable.run(FastThreadLocalRunnable.java:30)
 java.lang.Thread.run(Thread.java:748)
2026-06-28 10:53:55.260 [Thread-7] WARN  org.apache.catalina.loader.WebappClassLoaderBase - The web application [ROOT] appears to have started a thread named [lettuce-eventExecutorLoop-1-3] but has failed to stop it. This is very likely to create a memory leak. Stack trace of thread:
 sun.misc.Unsafe.park(Native Method)
 java.util.concurrent.locks.LockSupport.park(LockSupport.java:175)
 java.util.concurrent.locks.AbstractQueuedSynchronizer$ConditionObject.await(AbstractQueuedSynchronizer.java:2039)
 java.util.concurrent.LinkedBlockingQueue.take(LinkedBlockingQueue.java:442)
 io.netty.util.concurrent.SingleThreadEventExecutor.takeTask(SingleThreadEventExecutor.java:244)
 io.netty.util.concurrent.DefaultEventExecutor.run(DefaultEventExecutor.java:64)
 io.netty.util.concurrent.SingleThreadEventExecutor$4.run(SingleThreadEventExecutor.java:997)
 io.netty.util.internal.ThreadExecutorMap$2.run(ThreadExecutorMap.java:74)
 io.netty.util.concurrent.FastThreadLocalRunnable.run(FastThreadLocalRunnable.java:30)
 java.lang.Thread.run(Thread.java:748)
2026-06-28 10:53:55.261 [Thread-7] WARN  org.apache.catalina.loader.WebappClassLoaderBase - The web application [ROOT] appears to have started a thread named [lettuce-eventExecutorLoop-1-4] but has failed to stop it. This is very likely to create a memory leak. Stack trace of thread:
 sun.misc.Unsafe.park(Native Method)
 java.util.concurrent.locks.LockSupport.park(LockSupport.java:175)
 java.util.concurrent.locks.AbstractQueuedSynchronizer$ConditionObject.await(AbstractQueuedSynchronizer.java:2039)
 java.util.concurrent.LinkedBlockingQueue.take(LinkedBlockingQueue.java:442)
 io.netty.util.concurrent.SingleThreadEventExecutor.takeTask(SingleThreadEventExecutor.java:244)
 io.netty.util.concurrent.DefaultEventExecutor.run(DefaultEventExecutor.java:64)
 io.netty.util.concurrent.SingleThreadEventExecutor$4.run(SingleThreadEventExecutor.java:997)
 io.netty.util.internal.ThreadExecutorMap$2.run(ThreadExecutorMap.java:74)
 io.netty.util.concurrent.FastThreadLocalRunnable.run(FastThreadLocalRunnable.java:30)
 java.lang.Thread.run(Thread.java:748)
2026-06-28 10:53:55.263 [Thread-7] WARN  org.apache.catalina.loader.WebappClassLoaderBase - The web application [ROOT] appears to have started a thread named [lettuce-eventExecutorLoop-1-5] but has failed to stop it. This is very likely to create a memory leak. Stack trace of thread:
 sun.misc.Unsafe.park(Native Method)
 java.util.concurrent.locks.LockSupport.park(LockSupport.java:175)
 java.util.concurrent.locks.AbstractQueuedSynchronizer$ConditionObject.await(AbstractQueuedSynchronizer.java:2039)
 java.util.concurrent.LinkedBlockingQueue.take(LinkedBlockingQueue.java:442)
 io.netty.util.concurrent.SingleThreadEventExecutor.takeTask(SingleThreadEventExecutor.java:244)
 io.netty.util.concurrent.DefaultEventExecutor.run(DefaultEventExecutor.java:64)
 io.netty.util.concurrent.SingleThreadEventExecutor$4.run(SingleThreadEventExecutor.java:997)
 io.netty.util.internal.ThreadExecutorMap$2.run(ThreadExecutorMap.java:74)
 io.netty.util.concurrent.FastThreadLocalRunnable.run(FastThreadLocalRunnable.java:30)
 java.lang.Thread.run(Thread.java:748)
2026-06-28 10:53:55.264 [Thread-7] WARN  org.apache.catalina.loader.WebappClassLoaderBase - The web application [ROOT] appears to have started a thread named [lettuce-eventExecutorLoop-1-6] but has failed to stop it. This is very likely to create a memory leak. Stack trace of thread:
 sun.misc.Unsafe.park(Native Method)
 java.util.concurrent.locks.LockSupport.park(LockSupport.java:175)
 java.util.concurrent.locks.AbstractQueuedSynchronizer$ConditionObject.await(AbstractQueuedSynchronizer.java:2039)
 java.util.concurrent.LinkedBlockingQueue.take(LinkedBlockingQueue.java:442)
 io.netty.util.concurrent.SingleThreadEventExecutor.takeTask(SingleThreadEventExecutor.java:244)
 io.netty.util.concurrent.DefaultEventExecutor.run(DefaultEventExecutor.java:64)
 io.netty.util.concurrent.SingleThreadEventExecutor$4.run(SingleThreadEventExecutor.java:997)
 io.netty.util.internal.ThreadExecutorMap$2.run(ThreadExecutorMap.java:74)
 io.netty.util.concurrent.FastThreadLocalRunnable.run(FastThreadLocalRunnable.java:30)
 java.lang.Thread.run(Thread.java:748)
2026-06-28 10:53:55.266 [Thread-7] WARN  org.apache.catalina.loader.WebappClassLoaderBase - The web application [ROOT] appears to have started a thread named [lettuce-eventExecutorLoop-1-7] but has failed to stop it. This is very likely to create a memory leak. Stack trace of thread:
 sun.misc.Unsafe.park(Native Method)
 java.util.concurrent.locks.LockSupport.park(LockSupport.java:175)
 java.util.concurrent.locks.AbstractQueuedSynchronizer$ConditionObject.await(AbstractQueuedSynchronizer.java:2039)
 java.util.concurrent.LinkedBlockingQueue.take(LinkedBlockingQueue.java:442)
 io.netty.util.concurrent.SingleThreadEventExecutor.takeTask(SingleThreadEventExecutor.java:244)
 io.netty.util.concurrent.DefaultEventExecutor.run(DefaultEventExecutor.java:64)
 io.netty.util.concurrent.SingleThreadEventExecutor$4.run(SingleThreadEventExecutor.java:997)
 io.netty.util.internal.ThreadExecutorMap$2.run(ThreadExecutorMap.java:74)
 io.netty.util.concurrent.FastThreadLocalRunnable.run(FastThreadLocalRunnable.java:30)
 java.lang.Thread.run(Thread.java:748)
2026-06-28 10:53:55.266 [Thread-7] WARN  org.apache.catalina.loader.WebappClassLoaderBase - The web application [ROOT] appears to have started a thread named [lettuce-eventExecutorLoop-1-8] but has failed to stop it. This is very likely to create a memory leak. Stack trace of thread:
 sun.misc.Unsafe.park(Native Method)
 java.util.concurrent.locks.LockSupport.park(LockSupport.java:175)
 java.util.concurrent.locks.AbstractQueuedSynchronizer$ConditionObject.await(AbstractQueuedSynchronizer.java:2039)
 java.util.concurrent.LinkedBlockingQueue.take(LinkedBlockingQueue.java:442)
 io.netty.util.concurrent.SingleThreadEventExecutor.takeTask(SingleThreadEventExecutor.java:244)
 io.netty.util.concurrent.DefaultEventExecutor.run(DefaultEventExecutor.java:64)
 io.netty.util.concurrent.SingleThreadEventExecutor$4.run(SingleThreadEventExecutor.java:997)
 io.netty.util.internal.ThreadExecutorMap$2.run(ThreadExecutorMap.java:74)
 io.netty.util.concurrent.FastThreadLocalRunnable.run(FastThreadLocalRunnable.java:30)
 java.lang.Thread.run(Thread.java:748)
2026-06-28 10:53:55.267 [Thread-7] WARN  org.apache.catalina.loader.WebappClassLoaderBase - The web application [ROOT] appears to have started a thread named [lettuce-eventExecutorLoop-1-9] but has failed to stop it. This is very likely to create a memory leak. Stack trace of thread:
 sun.misc.Unsafe.park(Native Method)
 java.util.concurrent.locks.LockSupport.park(LockSupport.java:175)
 java.util.concurrent.locks.AbstractQueuedSynchronizer$ConditionObject.await(AbstractQueuedSynchronizer.java:2039)
 java.util.concurrent.LinkedBlockingQueue.take(LinkedBlockingQueue.java:442)
 io.netty.util.concurrent.SingleThreadEventExecutor.takeTask(SingleThreadEventExecutor.java:244)
 io.netty.util.concurrent.DefaultEventExecutor.run(DefaultEventExecutor.java:64)
 io.netty.util.concurrent.SingleThreadEventExecutor$4.run(SingleThreadEventExecutor.java:997)
 io.netty.util.internal.ThreadExecutorMap$2.run(ThreadExecutorMap.java:74)
 io.netty.util.concurrent.FastThreadLocalRunnable.run(FastThreadLocalRunnable.java:30)
 java.lang.Thread.run(Thread.java:748)
2026-06-28 10:53:55.268 [Thread-7] WARN  org.apache.catalina.loader.WebappClassLoaderBase - The web application [ROOT] appears to have started a thread named [lettuce-eventExecutorLoop-1-10] but has failed to stop it. This is very likely to create a memory leak. Stack trace of thread:
 sun.misc.Unsafe.park(Native Method)
 java.util.concurrent.locks.LockSupport.park(LockSupport.java:175)
 java.util.concurrent.locks.AbstractQueuedSynchronizer$ConditionObject.await(AbstractQueuedSynchronizer.java:2039)
 java.util.concurrent.LinkedBlockingQueue.take(LinkedBlockingQueue.java:442)
 io.netty.util.concurrent.SingleThreadEventExecutor.takeTask(SingleThreadEventExecutor.java:244)
 io.netty.util.concurrent.DefaultEventExecutor.run(DefaultEventExecutor.java:64)
 io.netty.util.concurrent.SingleThreadEventExecutor$4.run(SingleThreadEventExecutor.java:997)
 io.netty.util.internal.ThreadExecutorMap$2.run(ThreadExecutorMap.java:74)
 io.netty.util.concurrent.FastThreadLocalRunnable.run(FastThreadLocalRunnable.java:30)
 java.lang.Thread.run(Thread.java:748)
2026-06-28 10:53:55.268 [Thread-7] WARN  org.apache.catalina.loader.WebappClassLoaderBase - The web application [ROOT] appears to have started a thread named [lettuce-eventExecutorLoop-1-11] but has failed to stop it. This is very likely to create a memory leak. Stack trace of thread:
 sun.misc.Unsafe.park(Native Method)
 java.util.concurrent.locks.LockSupport.park(LockSupport.java:175)
 java.util.concurrent.locks.AbstractQueuedSynchronizer$ConditionObject.await(AbstractQueuedSynchronizer.java:2039)
 java.util.concurrent.LinkedBlockingQueue.take(LinkedBlockingQueue.java:442)
 io.netty.util.concurrent.SingleThreadEventExecutor.takeTask(SingleThreadEventExecutor.java:244)
 io.netty.util.concurrent.DefaultEventExecutor.run(DefaultEventExecutor.java:64)
 io.netty.util.concurrent.SingleThreadEventExecutor$4.run(SingleThreadEventExecutor.java:997)
 io.netty.util.internal.ThreadExecutorMap$2.run(ThreadExecutorMap.java:74)
 io.netty.util.concurrent.FastThreadLocalRunnable.run(FastThreadLocalRunnable.java:30)
 java.lang.Thread.run(Thread.java:748)
2026-06-28 10:53:55.269 [Thread-7] WARN  org.apache.catalina.loader.WebappClassLoaderBase - The web application [ROOT] appears to have started a thread named [lettuce-eventExecutorLoop-1-12] but has failed to stop it. This is very likely to create a memory leak. Stack trace of thread:
 sun.misc.Unsafe.park(Native Method)
 java.util.concurrent.locks.LockSupport.park(LockSupport.java:175)
 java.util.concurrent.locks.AbstractQueuedSynchronizer$ConditionObject.await(AbstractQueuedSynchronizer.java:2039)
 java.util.concurrent.LinkedBlockingQueue.take(LinkedBlockingQueue.java:442)
 io.netty.util.concurrent.SingleThreadEventExecutor.takeTask(SingleThreadEventExecutor.java:244)
 io.netty.util.concurrent.DefaultEventExecutor.run(DefaultEventExecutor.java:64)
 io.netty.util.concurrent.SingleThreadEventExecutor$4.run(SingleThreadEventExecutor.java:997)
 io.netty.util.internal.ThreadExecutorMap$2.run(ThreadExecutorMap.java:74)
 io.netty.util.concurrent.FastThreadLocalRunnable.run(FastThreadLocalRunnable.java:30)
 java.lang.Thread.run(Thread.java:748)
2026-06-28 10:53:55.270 [Thread-7] WARN  org.apache.catalina.loader.WebappClassLoaderBase - The web application [ROOT] appears to have started a thread named [lettuce-eventExecutorLoop-1-13] but has failed to stop it. This is very likely to create a memory leak. Stack trace of thread:
 sun.misc.Unsafe.park(Native Method)
 java.util.concurrent.locks.LockSupport.park(LockSupport.java:175)
 java.util.concurrent.locks.AbstractQueuedSynchronizer$ConditionObject.await(AbstractQueuedSynchronizer.java:2039)
 java.util.concurrent.LinkedBlockingQueue.take(LinkedBlockingQueue.java:442)
 io.netty.util.concurrent.SingleThreadEventExecutor.takeTask(SingleThreadEventExecutor.java:244)
 io.netty.util.concurrent.DefaultEventExecutor.run(DefaultEventExecutor.java:64)
 io.netty.util.concurrent.SingleThreadEventExecutor$4.run(SingleThreadEventExecutor.java:997)
 io.netty.util.internal.ThreadExecutorMap$2.run(ThreadExecutorMap.java:74)
 io.netty.util.concurrent.FastThreadLocalRunnable.run(FastThreadLocalRunnable.java:30)
 java.lang.Thread.run(Thread.java:748)
2026-06-28 10:53:55.272 [Thread-7] WARN  org.apache.catalina.loader.WebappClassLoaderBase - The web application [ROOT] appears to have started a thread named [lettuce-eventExecutorLoop-1-14] but has failed to stop it. This is very likely to create a memory leak. Stack trace of thread:
 sun.misc.Unsafe.park(Native Method)
 java.util.concurrent.locks.LockSupport.park(LockSupport.java:175)
 java.util.concurrent.locks.AbstractQueuedSynchronizer$ConditionObject.await(AbstractQueuedSynchronizer.java:2039)
 java.util.concurrent.LinkedBlockingQueue.take(LinkedBlockingQueue.java:442)
 io.netty.util.concurrent.SingleThreadEventExecutor.takeTask(SingleThreadEventExecutor.java:244)
 io.netty.util.concurrent.DefaultEventExecutor.run(DefaultEventExecutor.java:64)
 io.netty.util.concurrent.SingleThreadEventExecutor$4.run(SingleThreadEventExecutor.java:997)
 io.netty.util.internal.ThreadExecutorMap$2.run(ThreadExecutorMap.java:74)
 io.netty.util.concurrent.FastThreadLocalRunnable.run(FastThreadLocalRunnable.java:30)
 java.lang.Thread.run(Thread.java:748)
2026-06-28 10:53:55.273 [Thread-7] WARN  org.apache.catalina.loader.WebappClassLoaderBase - The web application [ROOT] appears to have started a thread named [lettuce-eventExecutorLoop-1-15] but has failed to stop it. This is very likely to create a memory leak. Stack trace of thread:
 sun.misc.Unsafe.park(Native Method)
 java.util.concurrent.locks.LockSupport.park(LockSupport.java:175)
 java.util.concurrent.locks.AbstractQueuedSynchronizer$ConditionObject.await(AbstractQueuedSynchronizer.java:2039)
 java.util.concurrent.LinkedBlockingQueue.take(LinkedBlockingQueue.java:442)
 io.netty.util.concurrent.SingleThreadEventExecutor.takeTask(SingleThreadEventExecutor.java:244)
 io.netty.util.concurrent.DefaultEventExecutor.run(DefaultEventExecutor.java:64)
 io.netty.util.concurrent.SingleThreadEventExecutor$4.run(SingleThreadEventExecutor.java:997)
 io.netty.util.internal.ThreadExecutorMap$2.run(ThreadExecutorMap.java:74)
 io.netty.util.concurrent.FastThreadLocalRunnable.run(FastThreadLocalRunnable.java:30)
 java.lang.Thread.run(Thread.java:748)
2026-06-28 10:53:55.274 [Thread-7] WARN  org.apache.catalina.loader.WebappClassLoaderBase - The web application [ROOT] appears to have started a thread named [lettuce-eventExecutorLoop-1-16] but has failed to stop it. This is very likely to create a memory leak. Stack trace of thread:
 sun.misc.Unsafe.park(Native Method)
 java.util.concurrent.locks.LockSupport.park(LockSupport.java:175)
 java.util.concurrent.locks.AbstractQueuedSynchronizer$ConditionObject.await(AbstractQueuedSynchronizer.java:2039)
 java.util.concurrent.LinkedBlockingQueue.take(LinkedBlockingQueue.java:442)
 io.netty.util.concurrent.SingleThreadEventExecutor.takeTask(SingleThreadEventExecutor.java:244)
 io.netty.util.concurrent.DefaultEventExecutor.run(DefaultEventExecutor.java:64)
 io.netty.util.concurrent.SingleThreadEventExecutor$4.run(SingleThreadEventExecutor.java:997)
 io.netty.util.internal.ThreadExecutorMap$2.run(ThreadExecutorMap.java:74)
 io.netty.util.concurrent.FastThreadLocalRunnable.run(FastThreadLocalRunnable.java:30)
 java.lang.Thread.run(Thread.java:748)
2026-06-28 10:58:18.937 [http-nio-8080-exec-8] WARN  o.s.w.s.m.m.a.ExceptionHandlerExceptionResolver - Resolved [org.springframework.web.bind.MissingServletRequestParameterException: Required request parameter 'shareId' for method parameter type String is not present]
2026-06-28 10:58:20.113 [http-nio-8080-exec-5] WARN  o.s.w.s.m.m.a.ExceptionHandlerExceptionResolver - Resolved [org.springframework.web.bind.MissingServletRequestParameterException: Required request parameter 'shareId' for method parameter type String is not present]
2026-06-28 10:59:16.976 [Thread-7] WARN  org.apache.catalina.loader.WebappClassLoaderBase - The web application [ROOT] appears to have started a thread named [lettuce-nioEventLoop-4-1] but has failed to stop it. This is very likely to create a memory leak. Stack trace of thread:
 sun.nio.ch.WindowsSelectorImpl$SubSelector.poll0(Native Method)
 sun.nio.ch.WindowsSelectorImpl$SubSelector.poll(WindowsSelectorImpl.java:296)
 sun.nio.ch.WindowsSelectorImpl$SubSelector.access$400(WindowsSelectorImpl.java:278)
 sun.nio.ch.WindowsSelectorImpl.doSelect(WindowsSelectorImpl.java:159)
 sun.nio.ch.SelectorImpl.lockAndDoSelect(SelectorImpl.java:86)
 sun.nio.ch.SelectorImpl.select(SelectorImpl.java:97)
 sun.nio.ch.SelectorImpl.select(SelectorImpl.java:101)
 io.netty.channel.nio.SelectedSelectionKeySetSelector.select(SelectedSelectionKeySetSelector.java:68)
 io.netty.channel.nio.NioEventLoop.select(NioEventLoop.java:879)
 io.netty.channel.nio.NioEventLoop.run(NioEventLoop.java:526)
 io.netty.util.concurrent.SingleThreadEventExecutor$4.run(SingleThreadEventExecutor.java:997)
 io.netty.util.internal.ThreadExecutorMap$2.run(ThreadExecutorMap.java:74)
 io.netty.util.concurrent.FastThreadLocalRunnable.run(FastThreadLocalRunnable.java:30)
 java.lang.Thread.run(Thread.java:748)
2026-06-28 10:59:16.977 [Thread-7] WARN  org.apache.catalina.loader.WebappClassLoaderBase - The web application [ROOT] appears to have started a thread named [lettuce-eventExecutorLoop-1-1] but has failed to stop it. This is very likely to create a memory leak. Stack trace of thread:
 sun.misc.Unsafe.park(Native Method)
 java.util.concurrent.locks.LockSupport.park(LockSupport.java:175)
 java.util.concurrent.locks.AbstractQueuedSynchronizer$ConditionObject.await(AbstractQueuedSynchronizer.java:2039)
 java.util.concurrent.LinkedBlockingQueue.take(LinkedBlockingQueue.java:442)
 io.netty.util.concurrent.SingleThreadEventExecutor.takeTask(SingleThreadEventExecutor.java:244)
 io.netty.util.concurrent.DefaultEventExecutor.run(DefaultEventExecutor.java:64)
 io.netty.util.concurrent.SingleThreadEventExecutor$4.run(SingleThreadEventExecutor.java:997)
 io.netty.util.internal.ThreadExecutorMap$2.run(ThreadExecutorMap.java:74)
 io.netty.util.concurrent.FastThreadLocalRunnable.run(FastThreadLocalRunnable.java:30)
 java.lang.Thread.run(Thread.java:748)
2026-06-28 10:59:16.979 [Thread-7] WARN  org.apache.catalina.loader.WebappClassLoaderBase - The web application [ROOT] appears to have started a thread named [lettuce-eventExecutorLoop-1-2] but has failed to stop it. This is very likely to create a memory leak. Stack trace of thread:
 sun.misc.Unsafe.park(Native Method)
 java.util.concurrent.locks.LockSupport.park(LockSupport.java:175)
 java.util.concurrent.locks.AbstractQueuedSynchronizer$ConditionObject.await(AbstractQueuedSynchronizer.java:2039)
 java.util.concurrent.LinkedBlockingQueue.take(LinkedBlockingQueue.java:442)
 io.netty.util.concurrent.SingleThreadEventExecutor.takeTask(SingleThreadEventExecutor.java:244)
 io.netty.util.concurrent.DefaultEventExecutor.run(DefaultEventExecutor.java:64)
 io.netty.util.concurrent.SingleThreadEventExecutor$4.run(SingleThreadEventExecutor.java:997)
 io.netty.util.internal.ThreadExecutorMap$2.run(ThreadExecutorMap.java:74)
 io.netty.util.concurrent.FastThreadLocalRunnable.run(FastThreadLocalRunnable.java:30)
 java.lang.Thread.run(Thread.java:748)
2026-06-28 10:59:16.980 [Thread-7] WARN  org.apache.catalina.loader.WebappClassLoaderBase - The web application [ROOT] appears to have started a thread named [lettuce-eventExecutorLoop-1-3] but has failed to stop it. This is very likely to create a memory leak. Stack trace of thread:
 sun.misc.Unsafe.park(Native Method)
 java.util.concurrent.locks.LockSupport.park(LockSupport.java:175)
 java.util.concurrent.locks.AbstractQueuedSynchronizer$ConditionObject.await(AbstractQueuedSynchronizer.java:2039)
 java.util.concurrent.LinkedBlockingQueue.take(LinkedBlockingQueue.java:442)
 io.netty.util.concurrent.SingleThreadEventExecutor.takeTask(SingleThreadEventExecutor.java:244)
 io.netty.util.concurrent.DefaultEventExecutor.run(DefaultEventExecutor.java:64)
 io.netty.util.concurrent.SingleThreadEventExecutor$4.run(SingleThreadEventExecutor.java:997)
 io.netty.util.internal.ThreadExecutorMap$2.run(ThreadExecutorMap.java:74)
 io.netty.util.concurrent.FastThreadLocalRunnable.run(FastThreadLocalRunnable.java:30)
 java.lang.Thread.run(Thread.java:748)
2026-06-28 10:59:16.982 [Thread-7] WARN  org.apache.catalina.loader.WebappClassLoaderBase - The web application [ROOT] appears to have started a thread named [lettuce-eventExecutorLoop-1-4] but has failed to stop it. This is very likely to create a memory leak. Stack trace of thread:
 sun.misc.Unsafe.park(Native Method)
 java.util.concurrent.locks.LockSupport.park(LockSupport.java:175)
 java.util.concurrent.locks.AbstractQueuedSynchronizer$ConditionObject.await(AbstractQueuedSynchronizer.java:2039)
 java.util.concurrent.LinkedBlockingQueue.take(LinkedBlockingQueue.java:442)
 io.netty.util.concurrent.SingleThreadEventExecutor.takeTask(SingleThreadEventExecutor.java:244)
 io.netty.util.concurrent.DefaultEventExecutor.run(DefaultEventExecutor.java:64)
 io.netty.util.concurrent.SingleThreadEventExecutor$4.run(SingleThreadEventExecutor.java:997)
 io.netty.util.internal.ThreadExecutorMap$2.run(ThreadExecutorMap.java:74)
 io.netty.util.concurrent.FastThreadLocalRunnable.run(FastThreadLocalRunnable.java:30)
 java.lang.Thread.run(Thread.java:748)
2026-06-28 11:00:22.535 [http-nio-8080-exec-9] WARN  o.s.w.s.m.m.a.ExceptionHandlerExceptionResolver - Resolved [org.springframework.web.bind.MissingServletRequestParameterException: Required request parameter 'shareId' for method parameter type String is not present]
2026-06-28 11:01:36.119 [Thread-7] WARN  org.apache.catalina.loader.WebappClassLoaderBase - The web application [ROOT] appears to have started a thread named [lettuce-nioEventLoop-4-1] but has failed to stop it. This is very likely to create a memory leak. Stack trace of thread:
 sun.nio.ch.WindowsSelectorImpl$SubSelector.poll0(Native Method)
 sun.nio.ch.WindowsSelectorImpl$SubSelector.poll(WindowsSelectorImpl.java:296)
 sun.nio.ch.WindowsSelectorImpl$SubSelector.access$400(WindowsSelectorImpl.java:278)
 sun.nio.ch.WindowsSelectorImpl.doSelect(WindowsSelectorImpl.java:159)
 sun.nio.ch.SelectorImpl.lockAndDoSelect(SelectorImpl.java:86)
 sun.nio.ch.SelectorImpl.select(SelectorImpl.java:97)
 sun.nio.ch.SelectorImpl.select(SelectorImpl.java:101)
 io.netty.channel.nio.SelectedSelectionKeySetSelector.select(SelectedSelectionKeySetSelector.java:68)
 io.netty.channel.nio.NioEventLoop.select(NioEventLoop.java:879)
 io.netty.channel.nio.NioEventLoop.run(NioEventLoop.java:526)
 io.netty.util.concurrent.SingleThreadEventExecutor$4.run(SingleThreadEventExecutor.java:997)
 io.netty.util.internal.ThreadExecutorMap$2.run(ThreadExecutorMap.java:74)
 io.netty.util.concurrent.FastThreadLocalRunnable.run(FastThreadLocalRunnable.java:30)
 java.lang.Thread.run(Thread.java:748)
2026-06-28 11:01:36.122 [Thread-7] WARN  org.apache.catalina.loader.WebappClassLoaderBase - The web application [ROOT] appears to have started a thread named [lettuce-eventExecutorLoop-1-1] but has failed to stop it. This is very likely to create a memory leak. Stack trace of thread:
 sun.misc.Unsafe.park(Native Method)
 java.util.concurrent.locks.LockSupport.park(LockSupport.java:175)
 java.util.concurrent.locks.AbstractQueuedSynchronizer$ConditionObject.await(AbstractQueuedSynchronizer.java:2039)
 java.util.concurrent.LinkedBlockingQueue.take(LinkedBlockingQueue.java:442)
 io.netty.util.concurrent.SingleThreadEventExecutor.takeTask(SingleThreadEventExecutor.java:244)
 io.netty.util.concurrent.DefaultEventExecutor.run(DefaultEventExecutor.java:64)
 io.netty.util.concurrent.SingleThreadEventExecutor$4.run(SingleThreadEventExecutor.java:997)
 io.netty.util.internal.ThreadExecutorMap$2.run(ThreadExecutorMap.java:74)
 io.netty.util.concurrent.FastThreadLocalRunnable.run(FastThreadLocalRunnable.java:30)
 java.lang.Thread.run(Thread.java:748)
2026-06-28 11:01:36.123 [Thread-7] WARN  org.apache.catalina.loader.WebappClassLoaderBase - The web application [ROOT] appears to have started a thread named [lettuce-eventExecutorLoop-1-2] but has failed to stop it. This is very likely to create a memory leak. Stack trace of thread:
 sun.misc.Unsafe.park(Native Method)
 java.util.concurrent.locks.LockSupport.park(LockSupport.java:175)
 java.util.concurrent.locks.AbstractQueuedSynchronizer$ConditionObject.await(AbstractQueuedSynchronizer.java:2039)
 java.util.concurrent.LinkedBlockingQueue.take(LinkedBlockingQueue.java:442)
 io.netty.util.concurrent.SingleThreadEventExecutor.takeTask(SingleThreadEventExecutor.java:244)
 io.netty.util.concurrent.DefaultEventExecutor.run(DefaultEventExecutor.java:64)
 io.netty.util.concurrent.SingleThreadEventExecutor$4.run(SingleThreadEventExecutor.java:997)
 io.netty.util.internal.ThreadExecutorMap$2.run(ThreadExecutorMap.java:74)
 io.netty.util.concurrent.FastThreadLocalRunnable.run(FastThreadLocalRunnable.java:30)
 java.lang.Thread.run(Thread.java:748)
2026-06-28 11:08:21.426 [Thread-13] WARN  org.apache.catalina.loader.WebappClassLoaderBase - The web application [ROOT] appears to have started a thread named [lettuce-nioEventLoop-9-1] but has failed to stop it. This is very likely to create a memory leak. Stack trace of thread:
 sun.nio.ch.WindowsSelectorImpl$SubSelector.poll0(Native Method)
 sun.nio.ch.WindowsSelectorImpl$SubSelector.poll(WindowsSelectorImpl.java:296)
 sun.nio.ch.WindowsSelectorImpl$SubSelector.access$400(WindowsSelectorImpl.java:278)
 sun.nio.ch.WindowsSelectorImpl.doSelect(WindowsSelectorImpl.java:159)
 sun.nio.ch.SelectorImpl.lockAndDoSelect(SelectorImpl.java:86)
 sun.nio.ch.SelectorImpl.select(SelectorImpl.java:97)
 sun.nio.ch.SelectorImpl.select(SelectorImpl.java:101)
 io.netty.channel.nio.SelectedSelectionKeySetSelector.select(SelectedSelectionKeySetSelector.java:68)
 io.netty.channel.nio.NioEventLoop.select(NioEventLoop.java:879)
 io.netty.channel.nio.NioEventLoop.run(NioEventLoop.java:526)
 io.netty.util.concurrent.SingleThreadEventExecutor$4.run(SingleThreadEventExecutor.java:997)
 io.netty.util.internal.ThreadExecutorMap$2.run(ThreadExecutorMap.java:74)
 io.netty.util.concurrent.FastThreadLocalRunnable.run(FastThreadLocalRunnable.java:30)
 java.lang.Thread.run(Thread.java:748)
2026-06-28 11:08:21.428 [Thread-13] WARN  org.apache.catalina.loader.WebappClassLoaderBase - The web application [ROOT] appears to have started a thread named [lettuce-eventExecutorLoop-7-1] but has failed to stop it. This is very likely to create a memory leak. Stack trace of thread:
 sun.misc.Unsafe.park(Native Method)
 java.util.concurrent.locks.LockSupport.park(LockSupport.java:175)
 java.util.concurrent.locks.AbstractQueuedSynchronizer$ConditionObject.await(AbstractQueuedSynchronizer.java:2039)
 java.util.concurrent.LinkedBlockingQueue.take(LinkedBlockingQueue.java:442)
 io.netty.util.concurrent.SingleThreadEventExecutor.takeTask(SingleThreadEventExecutor.java:244)
 io.netty.util.concurrent.DefaultEventExecutor.run(DefaultEventExecutor.java:64)
 io.netty.util.concurrent.SingleThreadEventExecutor$4.run(SingleThreadEventExecutor.java:997)
 io.netty.util.internal.ThreadExecutorMap$2.run(ThreadExecutorMap.java:74)
 io.netty.util.concurrent.FastThreadLocalRunnable.run(FastThreadLocalRunnable.java:30)
 java.lang.Thread.run(Thread.java:748)
2026-06-28 11:08:21.429 [Thread-13] WARN  org.apache.catalina.loader.WebappClassLoaderBase - The web application [ROOT] appears to have started a thread named [lettuce-eventExecutorLoop-7-2] but has failed to stop it. This is very likely to create a memory leak. Stack trace of thread:
 sun.misc.Unsafe.park(Native Method)
 java.util.concurrent.locks.LockSupport.park(LockSupport.java:175)
 java.util.concurrent.locks.AbstractQueuedSynchronizer$ConditionObject.await(AbstractQueuedSynchronizer.java:2039)
 java.util.concurrent.LinkedBlockingQueue.take(LinkedBlockingQueue.java:442)
 io.netty.util.concurrent.SingleThreadEventExecutor.takeTask(SingleThreadEventExecutor.java:244)
 io.netty.util.concurrent.DefaultEventExecutor.run(DefaultEventExecutor.java:64)
 io.netty.util.concurrent.SingleThreadEventExecutor$4.run(SingleThreadEventExecutor.java:997)
 io.netty.util.internal.ThreadExecutorMap$2.run(ThreadExecutorMap.java:74)
 io.netty.util.concurrent.FastThreadLocalRunnable.run(FastThreadLocalRunnable.java:30)
 java.lang.Thread.run(Thread.java:748)
2026-06-28 11:08:21.430 [Thread-13] WARN  org.apache.catalina.loader.WebappClassLoaderBase - The web application [ROOT] appears to have started a thread named [lettuce-eventExecutorLoop-7-4] but has failed to stop it. This is very likely to create a memory leak. Stack trace of thread:
 sun.misc.Unsafe.park(Native Method)
 java.util.concurrent.locks.LockSupport.park(LockSupport.java:175)
 java.util.concurrent.locks.AbstractQueuedSynchronizer$ConditionObject.await(AbstractQueuedSynchronizer.java:2039)
 java.util.concurrent.LinkedBlockingQueue.take(LinkedBlockingQueue.java:442)
 io.netty.util.concurrent.SingleThreadEventExecutor.takeTask(SingleThreadEventExecutor.java:244)
 io.netty.util.concurrent.DefaultEventExecutor.run(DefaultEventExecutor.java:64)
 io.netty.util.concurrent.SingleThreadEventExecutor$4.run(SingleThreadEventExecutor.java:997)
 io.netty.util.internal.ThreadExecutorMap$2.run(ThreadExecutorMap.java:74)
 io.netty.util.concurrent.FastThreadLocalRunnable.run(FastThreadLocalRunnable.java:30)
 java.lang.Thread.run(Thread.java:748)
2026-06-28 11:08:21.431 [Thread-13] WARN  org.apache.catalina.loader.WebappClassLoaderBase - The web application [ROOT] appears to have started a thread named [lettuce-eventExecutorLoop-7-3] but has failed to stop it. This is very likely to create a memory leak. Stack trace of thread:
 sun.misc.Unsafe.park(Native Method)
 java.util.concurrent.locks.LockSupport.park(LockSupport.java:175)
 java.util.concurrent.locks.AbstractQueuedSynchronizer$ConditionObject.await(AbstractQueuedSynchronizer.java:2039)
 java.util.concurrent.LinkedBlockingQueue.take(LinkedBlockingQueue.java:442)
 io.netty.util.concurrent.SingleThreadEventExecutor.takeTask(SingleThreadEventExecutor.java:244)
 io.netty.util.concurrent.DefaultEventExecutor.run(DefaultEventExecutor.java:64)
 io.netty.util.concurrent.SingleThreadEventExecutor$4.run(SingleThreadEventExecutor.java:997)
 io.netty.util.internal.ThreadExecutorMap$2.run(ThreadExecutorMap.java:74)
 io.netty.util.concurrent.FastThreadLocalRunnable.run(FastThreadLocalRunnable.java:30)
 java.lang.Thread.run(Thread.java:748)
2026-06-28 11:08:21.432 [Thread-13] WARN  org.apache.catalina.loader.WebappClassLoaderBase - The web application [ROOT] appears to have started a thread named [System Clock] but has failed to stop it. This is very likely to create a memory leak. Stack trace of thread:
 sun.misc.Unsafe.park(Native Method)
 java.util.concurrent.locks.LockSupport.parkNanos(LockSupport.java:215)
 java.util.concurrent.locks.AbstractQueuedSynchronizer$ConditionObject.awaitNanos(AbstractQueuedSynchronizer.java:2078)
 java.util.concurrent.ScheduledThreadPoolExecutor$DelayedWorkQueue.take(ScheduledThreadPoolExecutor.java:1093)
 java.util.concurrent.ScheduledThreadPoolExecutor$DelayedWorkQueue.take(ScheduledThreadPoolExecutor.java:809)
 java.util.concurrent.ThreadPoolExecutor.getTask(ThreadPoolExecutor.java:1074)
 java.util.concurrent.ThreadPoolExecutor.runWorker(ThreadPoolExecutor.java:1134)
 java.util.concurrent.ThreadPoolExecutor$Worker.run(ThreadPoolExecutor.java:624)
 java.lang.Thread.run(Thread.java:748)
2026-06-28 11:15:50.034 [Thread-25] WARN  org.apache.catalina.loader.WebappClassLoaderBase - The web application [ROOT] appears to have started a thread named [lettuce-nioEventLoop-16-1] but has failed to stop it. This is very likely to create a memory leak. Stack trace of thread:
 sun.nio.ch.WindowsSelectorImpl$SubSelector.poll0(Native Method)
 sun.nio.ch.WindowsSelectorImpl$SubSelector.poll(WindowsSelectorImpl.java:296)
 sun.nio.ch.WindowsSelectorImpl$SubSelector.access$400(WindowsSelectorImpl.java:278)
 sun.nio.ch.WindowsSelectorImpl.doSelect(WindowsSelectorImpl.java:159)
 sun.nio.ch.SelectorImpl.lockAndDoSelect(SelectorImpl.java:86)
 sun.nio.ch.SelectorImpl.select(SelectorImpl.java:97)
 sun.nio.ch.SelectorImpl.select(SelectorImpl.java:101)
 io.netty.channel.nio.SelectedSelectionKeySetSelector.select(SelectedSelectionKeySetSelector.java:68)
 io.netty.channel.nio.NioEventLoop.select(NioEventLoop.java:879)
 io.netty.channel.nio.NioEventLoop.run(NioEventLoop.java:526)
 io.netty.util.concurrent.SingleThreadEventExecutor$4.run(SingleThreadEventExecutor.java:997)
 io.netty.util.internal.ThreadExecutorMap$2.run(ThreadExecutorMap.java:74)
 io.netty.util.concurrent.FastThreadLocalRunnable.run(FastThreadLocalRunnable.java:30)
 java.lang.Thread.run(Thread.java:748)
2026-06-28 11:15:50.037 [Thread-25] WARN  org.apache.catalina.loader.WebappClassLoaderBase - The web application [ROOT] appears to have started a thread named [lettuce-eventExecutorLoop-14-1] but has failed to stop it. This is very likely to create a memory leak. Stack trace of thread:
 sun.misc.Unsafe.park(Native Method)
 java.util.concurrent.locks.LockSupport.park(LockSupport.java:175)
 java.util.concurrent.locks.AbstractQueuedSynchronizer$ConditionObject.await(AbstractQueuedSynchronizer.java:2039)
 java.util.concurrent.LinkedBlockingQueue.take(LinkedBlockingQueue.java:442)
 io.netty.util.concurrent.SingleThreadEventExecutor.takeTask(SingleThreadEventExecutor.java:244)
 io.netty.util.concurrent.DefaultEventExecutor.run(DefaultEventExecutor.java:64)
 io.netty.util.concurrent.SingleThreadEventExecutor$4.run(SingleThreadEventExecutor.java:997)
 io.netty.util.internal.ThreadExecutorMap$2.run(ThreadExecutorMap.java:74)
 io.netty.util.concurrent.FastThreadLocalRunnable.run(FastThreadLocalRunnable.java:30)
 java.lang.Thread.run(Thread.java:748)
2026-06-28 11:15:50.037 [Thread-25] WARN  org.apache.catalina.loader.WebappClassLoaderBase - The web application [ROOT] appears to have started a thread named [lettuce-eventExecutorLoop-14-2] but has failed to stop it. This is very likely to create a memory leak. Stack trace of thread:
 sun.misc.Unsafe.park(Native Method)
 java.util.concurrent.locks.LockSupport.park(LockSupport.java:175)
 java.util.concurrent.locks.AbstractQueuedSynchronizer$ConditionObject.await(AbstractQueuedSynchronizer.java:2039)
 java.util.concurrent.LinkedBlockingQueue.take(LinkedBlockingQueue.java:442)
 io.netty.util.concurrent.SingleThreadEventExecutor.takeTask(SingleThreadEventExecutor.java:244)
 io.netty.util.concurrent.DefaultEventExecutor.run(DefaultEventExecutor.java:64)
 io.netty.util.concurrent.SingleThreadEventExecutor$4.run(SingleThreadEventExecutor.java:997)
 io.netty.util.internal.ThreadExecutorMap$2.run(ThreadExecutorMap.java:74)
 io.netty.util.concurrent.FastThreadLocalRunnable.run(FastThreadLocalRunnable.java:30)
 java.lang.Thread.run(Thread.java:748)
2026-06-28 11:35:48.346 [Thread-7] WARN  org.apache.catalina.loader.WebappClassLoaderBase - The web application [ROOT] appears to have started a thread named [lettuce-nioEventLoop-4-1] but has failed to stop it. This is very likely to create a memory leak. Stack trace of thread:
 sun.nio.ch.WindowsSelectorImpl$SubSelector.poll0(Native Method)
 sun.nio.ch.WindowsSelectorImpl$SubSelector.poll(WindowsSelectorImpl.java:296)
 sun.nio.ch.WindowsSelectorImpl$SubSelector.access$400(WindowsSelectorImpl.java:278)
 sun.nio.ch.WindowsSelectorImpl.doSelect(WindowsSelectorImpl.java:159)
 sun.nio.ch.SelectorImpl.lockAndDoSelect(SelectorImpl.java:86)
 sun.nio.ch.SelectorImpl.select(SelectorImpl.java:97)
 sun.nio.ch.SelectorImpl.select(SelectorImpl.java:101)
 io.netty.channel.nio.SelectedSelectionKeySetSelector.select(SelectedSelectionKeySetSelector.java:68)
 io.netty.channel.nio.NioEventLoop.select(NioEventLoop.java:879)
 io.netty.channel.nio.NioEventLoop.run(NioEventLoop.java:526)
 io.netty.util.concurrent.SingleThreadEventExecutor$4.run(SingleThreadEventExecutor.java:997)
 io.netty.util.internal.ThreadExecutorMap$2.run(ThreadExecutorMap.java:74)
 io.netty.util.concurrent.FastThreadLocalRunnable.run(FastThreadLocalRunnable.java:30)
 java.lang.Thread.run(Thread.java:748)
2026-06-28 11:35:48.348 [Thread-7] WARN  org.apache.catalina.loader.WebappClassLoaderBase - The web application [ROOT] appears to have started a thread named [lettuce-eventExecutorLoop-1-1] but has failed to stop it. This is very likely to create a memory leak. Stack trace of thread:
 sun.misc.Unsafe.park(Native Method)
 java.util.concurrent.locks.LockSupport.park(LockSupport.java:175)
 java.util.concurrent.locks.AbstractQueuedSynchronizer$ConditionObject.await(AbstractQueuedSynchronizer.java:2039)
 java.util.concurrent.LinkedBlockingQueue.take(LinkedBlockingQueue.java:442)
 io.netty.util.concurrent.SingleThreadEventExecutor.takeTask(SingleThreadEventExecutor.java:244)
 io.netty.util.concurrent.DefaultEventExecutor.run(DefaultEventExecutor.java:64)
 io.netty.util.concurrent.SingleThreadEventExecutor$4.run(SingleThreadEventExecutor.java:997)
 io.netty.util.internal.ThreadExecutorMap$2.run(ThreadExecutorMap.java:74)
 io.netty.util.concurrent.FastThreadLocalRunnable.run(FastThreadLocalRunnable.java:30)
 java.lang.Thread.run(Thread.java:748)
2026-06-28 11:35:48.349 [Thread-7] WARN  org.apache.catalina.loader.WebappClassLoaderBase - The web application [ROOT] appears to have started a thread named [lettuce-eventExecutorLoop-1-2] but has failed to stop it. This is very likely to create a memory leak. Stack trace of thread:
 sun.misc.Unsafe.park(Native Method)
 java.util.concurrent.locks.LockSupport.park(LockSupport.java:175)
 java.util.concurrent.locks.AbstractQueuedSynchronizer$ConditionObject.await(AbstractQueuedSynchronizer.java:2039)
 java.util.concurrent.LinkedBlockingQueue.take(LinkedBlockingQueue.java:442)
 io.netty.util.concurrent.SingleThreadEventExecutor.takeTask(SingleThreadEventExecutor.java:244)
 io.netty.util.concurrent.DefaultEventExecutor.run(DefaultEventExecutor.java:64)
 io.netty.util.concurrent.SingleThreadEventExecutor$4.run(SingleThreadEventExecutor.java:997)
 io.netty.util.internal.ThreadExecutorMap$2.run(ThreadExecutorMap.java:74)
 io.netty.util.concurrent.FastThreadLocalRunnable.run(FastThreadLocalRunnable.java:30)
 java.lang.Thread.run(Thread.java:748)
2026-06-28 11:35:48.351 [Thread-7] WARN  org.apache.catalina.loader.WebappClassLoaderBase - The web application [ROOT] appears to have started a thread named [lettuce-eventExecutorLoop-1-3] but has failed to stop it. This is very likely to create a memory leak. Stack trace of thread:
 sun.misc.Unsafe.park(Native Method)
 java.util.concurrent.locks.LockSupport.park(LockSupport.java:175)
 java.util.concurrent.locks.AbstractQueuedSynchronizer$ConditionObject.await(AbstractQueuedSynchronizer.java:2039)
 java.util.concurrent.LinkedBlockingQueue.take(LinkedBlockingQueue.java:442)
 io.netty.util.concurrent.SingleThreadEventExecutor.takeTask(SingleThreadEventExecutor.java:244)
 io.netty.util.concurrent.DefaultEventExecutor.run(DefaultEventExecutor.java:64)
 io.netty.util.concurrent.SingleThreadEventExecutor$4.run(SingleThreadEventExecutor.java:997)
 io.netty.util.internal.ThreadExecutorMap$2.run(ThreadExecutorMap.java:74)
 io.netty.util.concurrent.FastThreadLocalRunnable.run(FastThreadLocalRunnable.java:30)
 java.lang.Thread.run(Thread.java:748)
2026-06-28 11:35:48.353 [Thread-7] WARN  org.apache.catalina.loader.WebappClassLoaderBase - The web application [ROOT] appears to have started a thread named [lettuce-eventExecutorLoop-1-4] but has failed to stop it. This is very likely to create a memory leak. Stack trace of thread:
 sun.misc.Unsafe.park(Native Method)
 java.util.concurrent.locks.LockSupport.park(LockSupport.java:175)
 java.util.concurrent.locks.AbstractQueuedSynchronizer$ConditionObject.await(AbstractQueuedSynchronizer.java:2039)
 java.util.concurrent.LinkedBlockingQueue.take(LinkedBlockingQueue.java:442)
 io.netty.util.concurrent.SingleThreadEventExecutor.takeTask(SingleThreadEventExecutor.java:244)
 io.netty.util.concurrent.DefaultEventExecutor.run(DefaultEventExecutor.java:64)
 io.netty.util.concurrent.SingleThreadEventExecutor$4.run(SingleThreadEventExecutor.java:997)
 io.netty.util.internal.ThreadExecutorMap$2.run(ThreadExecutorMap.java:74)
 io.netty.util.concurrent.FastThreadLocalRunnable.run(FastThreadLocalRunnable.java:30)
 java.lang.Thread.run(Thread.java:748)
2026-06-28 11:35:48.353 [Thread-7] WARN  org.apache.catalina.loader.WebappClassLoaderBase - The web application [ROOT] appears to have started a thread named [lettuce-eventExecutorLoop-1-5] but has failed to stop it. This is very likely to create a memory leak. Stack trace of thread:
 sun.misc.Unsafe.park(Native Method)
 java.util.concurrent.locks.LockSupport.park(LockSupport.java:175)
 java.util.concurrent.locks.AbstractQueuedSynchronizer$ConditionObject.await(AbstractQueuedSynchronizer.java:2039)
 java.util.concurrent.LinkedBlockingQueue.take(LinkedBlockingQueue.java:442)
 io.netty.util.concurrent.SingleThreadEventExecutor.takeTask(SingleThreadEventExecutor.java:244)
 io.netty.util.concurrent.DefaultEventExecutor.run(DefaultEventExecutor.java:64)
 io.netty.util.concurrent.SingleThreadEventExecutor$4.run(SingleThreadEventExecutor.java:997)
 io.netty.util.internal.ThreadExecutorMap$2.run(ThreadExecutorMap.java:74)
 io.netty.util.concurrent.FastThreadLocalRunnable.run(FastThreadLocalRunnable.java:30)
 java.lang.Thread.run(Thread.java:748)
2026-06-28 11:35:48.355 [Thread-7] WARN  org.apache.catalina.loader.WebappClassLoaderBase - The web application [ROOT] appears to have started a thread named [lettuce-eventExecutorLoop-1-6] but has failed to stop it. This is very likely to create a memory leak. Stack trace of thread:
 sun.misc.Unsafe.park(Native Method)
 java.util.concurrent.locks.LockSupport.park(LockSupport.java:175)
 java.util.concurrent.locks.AbstractQueuedSynchronizer$ConditionObject.await(AbstractQueuedSynchronizer.java:2039)
 java.util.concurrent.LinkedBlockingQueue.take(LinkedBlockingQueue.java:442)
 io.netty.util.concurrent.SingleThreadEventExecutor.takeTask(SingleThreadEventExecutor.java:244)
 io.netty.util.concurrent.DefaultEventExecutor.run(DefaultEventExecutor.java:64)
 io.netty.util.concurrent.SingleThreadEventExecutor$4.run(SingleThreadEventExecutor.java:997)
 io.netty.util.internal.ThreadExecutorMap$2.run(ThreadExecutorMap.java:74)
 io.netty.util.concurrent.FastThreadLocalRunnable.run(FastThreadLocalRunnable.java:30)
 java.lang.Thread.run(Thread.java:748)
2026-06-28 11:35:48.358 [Thread-7] WARN  org.apache.catalina.loader.WebappClassLoaderBase - The web application [ROOT] appears to have started a thread named [lettuce-eventExecutorLoop-1-7] but has failed to stop it. This is very likely to create a memory leak. Stack trace of thread:
 sun.misc.Unsafe.park(Native Method)
 java.util.concurrent.locks.LockSupport.park(LockSupport.java:175)
 java.util.concurrent.locks.AbstractQueuedSynchronizer$ConditionObject.await(AbstractQueuedSynchronizer.java:2039)
 java.util.concurrent.LinkedBlockingQueue.take(LinkedBlockingQueue.java:442)
 io.netty.util.concurrent.SingleThreadEventExecutor.takeTask(SingleThreadEventExecutor.java:244)
 io.netty.util.concurrent.DefaultEventExecutor.run(DefaultEventExecutor.java:64)
 io.netty.util.concurrent.SingleThreadEventExecutor$4.run(SingleThreadEventExecutor.java:997)
 io.netty.util.internal.ThreadExecutorMap$2.run(ThreadExecutorMap.java:74)
 io.netty.util.concurrent.FastThreadLocalRunnable.run(FastThreadLocalRunnable.java:30)
 java.lang.Thread.run(Thread.java:748)
2026-06-28 11:35:48.359 [Thread-7] WARN  org.apache.catalina.loader.WebappClassLoaderBase - The web application [ROOT] appears to have started a thread named [lettuce-eventExecutorLoop-1-8] but has failed to stop it. This is very likely to create a memory leak. Stack trace of thread:
 sun.misc.Unsafe.park(Native Method)
 java.util.concurrent.locks.LockSupport.park(LockSupport.java:175)
 java.util.concurrent.locks.AbstractQueuedSynchronizer$ConditionObject.await(AbstractQueuedSynchronizer.java:2039)
 java.util.concurrent.LinkedBlockingQueue.take(LinkedBlockingQueue.java:442)
 io.netty.util.concurrent.SingleThreadEventExecutor.takeTask(SingleThreadEventExecutor.java:244)
 io.netty.util.concurrent.DefaultEventExecutor.run(DefaultEventExecutor.java:64)
 io.netty.util.concurrent.SingleThreadEventExecutor$4.run(SingleThreadEventExecutor.java:997)
 io.netty.util.internal.ThreadExecutorMap$2.run(ThreadExecutorMap.java:74)
 io.netty.util.concurrent.FastThreadLocalRunnable.run(FastThreadLocalRunnable.java:30)
 java.lang.Thread.run(Thread.java:748)
2026-06-28 11:35:48.360 [Thread-7] WARN  org.apache.catalina.loader.WebappClassLoaderBase - The web application [ROOT] appears to have started a thread named [lettuce-eventExecutorLoop-1-9] but has failed to stop it. This is very likely to create a memory leak. Stack trace of thread:
 sun.misc.Unsafe.park(Native Method)
 java.util.concurrent.locks.LockSupport.park(LockSupport.java:175)
 java.util.concurrent.locks.AbstractQueuedSynchronizer$ConditionObject.await(AbstractQueuedSynchronizer.java:2039)
 java.util.concurrent.LinkedBlockingQueue.take(LinkedBlockingQueue.java:442)
 io.netty.util.concurrent.SingleThreadEventExecutor.takeTask(SingleThreadEventExecutor.java:244)
 io.netty.util.concurrent.DefaultEventExecutor.run(DefaultEventExecutor.java:64)
 io.netty.util.concurrent.SingleThreadEventExecutor$4.run(SingleThreadEventExecutor.java:997)
 io.netty.util.internal.ThreadExecutorMap$2.run(ThreadExecutorMap.java:74)
 io.netty.util.concurrent.FastThreadLocalRunnable.run(FastThreadLocalRunnable.java:30)
 java.lang.Thread.run(Thread.java:748)
2026-06-28 11:35:48.361 [Thread-7] WARN  org.apache.catalina.loader.WebappClassLoaderBase - The web application [ROOT] appears to have started a thread named [lettuce-eventExecutorLoop-1-10] but has failed to stop it. This is very likely to create a memory leak. Stack trace of thread:
 sun.misc.Unsafe.park(Native Method)
 java.util.concurrent.locks.LockSupport.park(LockSupport.java:175)
 java.util.concurrent.locks.AbstractQueuedSynchronizer$ConditionObject.await(AbstractQueuedSynchronizer.java:2039)
 java.util.concurrent.LinkedBlockingQueue.take(LinkedBlockingQueue.java:442)
 io.netty.util.concurrent.SingleThreadEventExecutor.takeTask(SingleThreadEventExecutor.java:244)
 io.netty.util.concurrent.DefaultEventExecutor.run(DefaultEventExecutor.java:64)
 io.netty.util.concurrent.SingleThreadEventExecutor$4.run(SingleThreadEventExecutor.java:997)
 io.netty.util.internal.ThreadExecutorMap$2.run(ThreadExecutorMap.java:74)
 io.netty.util.concurrent.FastThreadLocalRunnable.run(FastThreadLocalRunnable.java:30)
 java.lang.Thread.run(Thread.java:748)
2026-06-28 11:35:48.362 [Thread-7] WARN  org.apache.catalina.loader.WebappClassLoaderBase - The web application [ROOT] appears to have started a thread named [lettuce-eventExecutorLoop-1-11] but has failed to stop it. This is very likely to create a memory leak. Stack trace of thread:
 sun.misc.Unsafe.park(Native Method)
 java.util.concurrent.locks.LockSupport.park(LockSupport.java:175)
 java.util.concurrent.locks.AbstractQueuedSynchronizer$ConditionObject.await(AbstractQueuedSynchronizer.java:2039)
 java.util.concurrent.LinkedBlockingQueue.take(LinkedBlockingQueue.java:442)
 io.netty.util.concurrent.SingleThreadEventExecutor.takeTask(SingleThreadEventExecutor.java:244)
 io.netty.util.concurrent.DefaultEventExecutor.run(DefaultEventExecutor.java:64)
 io.netty.util.concurrent.SingleThreadEventExecutor$4.run(SingleThreadEventExecutor.java:997)
 io.netty.util.internal.ThreadExecutorMap$2.run(ThreadExecutorMap.java:74)
 io.netty.util.concurrent.FastThreadLocalRunnable.run(FastThreadLocalRunnable.java:30)
 java.lang.Thread.run(Thread.java:748)
2026-06-28 11:35:48.364 [Thread-7] WARN  org.apache.catalina.loader.WebappClassLoaderBase - The web application [ROOT] appears to have started a thread named [lettuce-eventExecutorLoop-1-12] but has failed to stop it. This is very likely to create a memory leak. Stack trace of thread:
 sun.misc.Unsafe.park(Native Method)
 java.util.concurrent.locks.LockSupport.park(LockSupport.java:175)
 java.util.concurrent.locks.AbstractQueuedSynchronizer$ConditionObject.await(AbstractQueuedSynchronizer.java:2039)
 java.util.concurrent.LinkedBlockingQueue.take(LinkedBlockingQueue.java:442)
 io.netty.util.concurrent.SingleThreadEventExecutor.takeTask(SingleThreadEventExecutor.java:244)
 io.netty.util.concurrent.DefaultEventExecutor.run(DefaultEventExecutor.java:64)
 io.netty.util.concurrent.SingleThreadEventExecutor$4.run(SingleThreadEventExecutor.java:997)
 io.netty.util.internal.ThreadExecutorMap$2.run(ThreadExecutorMap.java:74)
 io.netty.util.concurrent.FastThreadLocalRunnable.run(FastThreadLocalRunnable.java:30)
 java.lang.Thread.run(Thread.java:748)
2026-06-28 11:35:48.367 [Thread-7] WARN  org.apache.catalina.loader.WebappClassLoaderBase - The web application [ROOT] appears to have started a thread named [lettuce-eventExecutorLoop-1-13] but has failed to stop it. This is very likely to create a memory leak. Stack trace of thread:
 sun.misc.Unsafe.park(Native Method)
 java.util.concurrent.locks.LockSupport.park(LockSupport.java:175)
 java.util.concurrent.locks.AbstractQueuedSynchronizer$ConditionObject.await(AbstractQueuedSynchronizer.java:2039)
 java.util.concurrent.LinkedBlockingQueue.take(LinkedBlockingQueue.java:442)
 io.netty.util.concurrent.SingleThreadEventExecutor.takeTask(SingleThreadEventExecutor.java:244)
 io.netty.util.concurrent.DefaultEventExecutor.run(DefaultEventExecutor.java:64)
 io.netty.util.concurrent.SingleThreadEventExecutor$4.run(SingleThreadEventExecutor.java:997)
 io.netty.util.internal.ThreadExecutorMap$2.run(ThreadExecutorMap.java:74)
 io.netty.util.concurrent.FastThreadLocalRunnable.run(FastThreadLocalRunnable.java:30)
 java.lang.Thread.run(Thread.java:748)
2026-06-28 11:35:48.368 [Thread-7] WARN  org.apache.catalina.loader.WebappClassLoaderBase - The web application [ROOT] appears to have started a thread named [lettuce-eventExecutorLoop-1-14] but has failed to stop it. This is very likely to create a memory leak. Stack trace of thread:
 sun.misc.Unsafe.park(Native Method)
 java.util.concurrent.locks.LockSupport.park(LockSupport.java:175)
 java.util.concurrent.locks.AbstractQueuedSynchronizer$ConditionObject.await(AbstractQueuedSynchronizer.java:2039)
 java.util.concurrent.LinkedBlockingQueue.take(LinkedBlockingQueue.java:442)
 io.netty.util.concurrent.SingleThreadEventExecutor.takeTask(SingleThreadEventExecutor.java:244)
 io.netty.util.concurrent.DefaultEventExecutor.run(DefaultEventExecutor.java:64)
 io.netty.util.concurrent.SingleThreadEventExecutor$4.run(SingleThreadEventExecutor.java:997)
 io.netty.util.internal.ThreadExecutorMap$2.run(ThreadExecutorMap.java:74)
 io.netty.util.concurrent.FastThreadLocalRunnable.run(FastThreadLocalRunnable.java:30)
 java.lang.Thread.run(Thread.java:748)
2026-06-28 11:35:48.371 [Thread-7] WARN  org.apache.catalina.loader.WebappClassLoaderBase - The web application [ROOT] appears to have started a thread named [lettuce-eventExecutorLoop-1-15] but has failed to stop it. This is very likely to create a memory leak. Stack trace of thread:
 sun.misc.Unsafe.park(Native Method)
 java.util.concurrent.locks.LockSupport.park(LockSupport.java:175)
 java.util.concurrent.locks.AbstractQueuedSynchronizer$ConditionObject.await(AbstractQueuedSynchronizer.java:2039)
 java.util.concurrent.LinkedBlockingQueue.take(LinkedBlockingQueue.java:442)
 io.netty.util.concurrent.SingleThreadEventExecutor.takeTask(SingleThreadEventExecutor.java:244)
 io.netty.util.concurrent.DefaultEventExecutor.run(DefaultEventExecutor.java:64)
 io.netty.util.concurrent.SingleThreadEventExecutor$4.run(SingleThreadEventExecutor.java:997)
 io.netty.util.internal.ThreadExecutorMap$2.run(ThreadExecutorMap.java:74)
 io.netty.util.concurrent.FastThreadLocalRunnable.run(FastThreadLocalRunnable.java:30)
 java.lang.Thread.run(Thread.java:748)
2026-06-28 11:35:48.373 [Thread-7] WARN  org.apache.catalina.loader.WebappClassLoaderBase - The web application [ROOT] appears to have started a thread named [lettuce-eventExecutorLoop-1-16] but has failed to stop it. This is very likely to create a memory leak. Stack trace of thread:
 sun.misc.Unsafe.park(Native Method)
 java.util.concurrent.locks.LockSupport.park(LockSupport.java:175)
 java.util.concurrent.locks.AbstractQueuedSynchronizer$ConditionObject.await(AbstractQueuedSynchronizer.java:2039)
 java.util.concurrent.LinkedBlockingQueue.take(LinkedBlockingQueue.java:442)
 io.netty.util.concurrent.SingleThreadEventExecutor.takeTask(SingleThreadEventExecutor.java:244)
 io.netty.util.concurrent.DefaultEventExecutor.run(DefaultEventExecutor.java:64)
 io.netty.util.concurrent.SingleThreadEventExecutor$4.run(SingleThreadEventExecutor.java:997)
 io.netty.util.internal.ThreadExecutorMap$2.run(ThreadExecutorMap.java:74)
 io.netty.util.concurrent.FastThreadLocalRunnable.run(FastThreadLocalRunnable.java:30)
 java.lang.Thread.run(Thread.java:748)
2026-06-28 11:43:22.320 [Thread-7] WARN  org.apache.catalina.loader.WebappClassLoaderBase - The web application [ROOT] appears to have started a thread named [lettuce-nioEventLoop-4-1] but has failed to stop it. This is very likely to create a memory leak. Stack trace of thread:
 sun.nio.ch.WindowsSelectorImpl$SubSelector.poll0(Native Method)
 sun.nio.ch.WindowsSelectorImpl$SubSelector.poll(WindowsSelectorImpl.java:296)
 sun.nio.ch.WindowsSelectorImpl$SubSelector.access$400(WindowsSelectorImpl.java:278)
 sun.nio.ch.WindowsSelectorImpl.doSelect(WindowsSelectorImpl.java:159)
 sun.nio.ch.SelectorImpl.lockAndDoSelect(SelectorImpl.java:86)
 sun.nio.ch.SelectorImpl.select(SelectorImpl.java:97)
 sun.nio.ch.SelectorImpl.select(SelectorImpl.java:101)
 io.netty.channel.nio.SelectedSelectionKeySetSelector.select(SelectedSelectionKeySetSelector.java:68)
 io.netty.channel.nio.NioEventLoop.select(NioEventLoop.java:879)
 io.netty.channel.nio.NioEventLoop.run(NioEventLoop.java:526)
 io.netty.util.concurrent.SingleThreadEventExecutor$4.run(SingleThreadEventExecutor.java:997)
 io.netty.util.internal.ThreadExecutorMap$2.run(ThreadExecutorMap.java:74)
 io.netty.util.concurrent.FastThreadLocalRunnable.run(FastThreadLocalRunnable.java:30)
 java.lang.Thread.run(Thread.java:748)
2026-06-28 11:43:22.321 [Thread-7] WARN  org.apache.catalina.loader.WebappClassLoaderBase - The web application [ROOT] appears to have started a thread named [lettuce-eventExecutorLoop-1-1] but has failed to stop it. This is very likely to create a memory leak. Stack trace of thread:
 sun.misc.Unsafe.park(Native Method)
 java.util.concurrent.locks.LockSupport.park(LockSupport.java:175)
 java.util.concurrent.locks.AbstractQueuedSynchronizer$ConditionObject.await(AbstractQueuedSynchronizer.java:2039)
 java.util.concurrent.LinkedBlockingQueue.take(LinkedBlockingQueue.java:442)
 io.netty.util.concurrent.SingleThreadEventExecutor.takeTask(SingleThreadEventExecutor.java:244)
 io.netty.util.concurrent.DefaultEventExecutor.run(DefaultEventExecutor.java:64)
 io.netty.util.concurrent.SingleThreadEventExecutor$4.run(SingleThreadEventExecutor.java:997)
 io.netty.util.internal.ThreadExecutorMap$2.run(ThreadExecutorMap.java:74)
 io.netty.util.concurrent.FastThreadLocalRunnable.run(FastThreadLocalRunnable.java:30)
 java.lang.Thread.run(Thread.java:748)
2026-06-28 11:43:22.321 [Thread-7] WARN  org.apache.catalina.loader.WebappClassLoaderBase - The web application [ROOT] appears to have started a thread named [lettuce-eventExecutorLoop-1-2] but has failed to stop it. This is very likely to create a memory leak. Stack trace of thread:
 sun.misc.Unsafe.park(Native Method)
 java.util.concurrent.locks.LockSupport.park(LockSupport.java:175)
 java.util.concurrent.locks.AbstractQueuedSynchronizer$ConditionObject.await(AbstractQueuedSynchronizer.java:2039)
 java.util.concurrent.LinkedBlockingQueue.take(LinkedBlockingQueue.java:442)
 io.netty.util.concurrent.SingleThreadEventExecutor.takeTask(SingleThreadEventExecutor.java:244)
 io.netty.util.concurrent.DefaultEventExecutor.run(DefaultEventExecutor.java:64)
 io.netty.util.concurrent.SingleThreadEventExecutor$4.run(SingleThreadEventExecutor.java:997)
 io.netty.util.internal.ThreadExecutorMap$2.run(ThreadExecutorMap.java:74)
 io.netty.util.concurrent.FastThreadLocalRunnable.run(FastThreadLocalRunnable.java:30)
 java.lang.Thread.run(Thread.java:748)
2026-06-28 11:43:22.323 [Thread-7] WARN  org.apache.catalina.loader.WebappClassLoaderBase - The web application [ROOT] appears to have started a thread named [lettuce-eventExecutorLoop-1-3] but has failed to stop it. This is very likely to create a memory leak. Stack trace of thread:
 sun.misc.Unsafe.park(Native Method)
 java.util.concurrent.locks.LockSupport.park(LockSupport.java:175)
 java.util.concurrent.locks.AbstractQueuedSynchronizer$ConditionObject.await(AbstractQueuedSynchronizer.java:2039)
 java.util.concurrent.LinkedBlockingQueue.take(LinkedBlockingQueue.java:442)
 io.netty.util.concurrent.SingleThreadEventExecutor.takeTask(SingleThreadEventExecutor.java:244)
 io.netty.util.concurrent.DefaultEventExecutor.run(DefaultEventExecutor.java:64)
 io.netty.util.concurrent.SingleThreadEventExecutor$4.run(SingleThreadEventExecutor.java:997)
 io.netty.util.internal.ThreadExecutorMap$2.run(ThreadExecutorMap.java:74)
 io.netty.util.concurrent.FastThreadLocalRunnable.run(FastThreadLocalRunnable.java:30)
 java.lang.Thread.run(Thread.java:748)
2026-06-28 11:43:22.324 [Thread-7] WARN  org.apache.catalina.loader.WebappClassLoaderBase - The web application [ROOT] appears to have started a thread named [lettuce-eventExecutorLoop-1-4] but has failed to stop it. This is very likely to create a memory leak. Stack trace of thread:
 sun.misc.Unsafe.park(Native Method)
 java.util.concurrent.locks.LockSupport.park(LockSupport.java:175)
 java.util.concurrent.locks.AbstractQueuedSynchronizer$ConditionObject.await(AbstractQueuedSynchronizer.java:2039)
 java.util.concurrent.LinkedBlockingQueue.take(LinkedBlockingQueue.java:442)
 io.netty.util.concurrent.SingleThreadEventExecutor.takeTask(SingleThreadEventExecutor.java:244)
 io.netty.util.concurrent.DefaultEventExecutor.run(DefaultEventExecutor.java:64)
 io.netty.util.concurrent.SingleThreadEventExecutor$4.run(SingleThreadEventExecutor.java:997)
 io.netty.util.internal.ThreadExecutorMap$2.run(ThreadExecutorMap.java:74)
 io.netty.util.concurrent.FastThreadLocalRunnable.run(FastThreadLocalRunnable.java:30)
 java.lang.Thread.run(Thread.java:748)
2026-06-28 11:43:22.324 [Thread-7] WARN  org.apache.catalina.loader.WebappClassLoaderBase - The web application [ROOT] appears to have started a thread named [lettuce-eventExecutorLoop-1-5] but has failed to stop it. This is very likely to create a memory leak. Stack trace of thread:
 sun.misc.Unsafe.park(Native Method)
 java.util.concurrent.locks.LockSupport.park(LockSupport.java:175)
 java.util.concurrent.locks.AbstractQueuedSynchronizer$ConditionObject.await(AbstractQueuedSynchronizer.java:2039)
 java.util.concurrent.LinkedBlockingQueue.take(LinkedBlockingQueue.java:442)
 io.netty.util.concurrent.SingleThreadEventExecutor.takeTask(SingleThreadEventExecutor.java:244)
 io.netty.util.concurrent.DefaultEventExecutor.run(DefaultEventExecutor.java:64)
 io.netty.util.concurrent.SingleThreadEventExecutor$4.run(SingleThreadEventExecutor.java:997)
 io.netty.util.internal.ThreadExecutorMap$2.run(ThreadExecutorMap.java:74)
 io.netty.util.concurrent.FastThreadLocalRunnable.run(FastThreadLocalRunnable.java:30)
 java.lang.Thread.run(Thread.java:748)
2026-06-28 11:43:22.326 [Thread-7] WARN  org.apache.catalina.loader.WebappClassLoaderBase - The web application [ROOT] appears to have started a thread named [lettuce-eventExecutorLoop-1-8] but has failed to stop it. This is very likely to create a memory leak. Stack trace of thread:
 sun.misc.Unsafe.park(Native Method)
 java.util.concurrent.locks.LockSupport.park(LockSupport.java:175)
 java.util.concurrent.locks.AbstractQueuedSynchronizer$ConditionObject.await(AbstractQueuedSynchronizer.java:2039)
 java.util.concurrent.LinkedBlockingQueue.take(LinkedBlockingQueue.java:442)
 io.netty.util.concurrent.SingleThreadEventExecutor.takeTask(SingleThreadEventExecutor.java:244)
 io.netty.util.concurrent.DefaultEventExecutor.run(DefaultEventExecutor.java:64)
 io.netty.util.concurrent.SingleThreadEventExecutor$4.run(SingleThreadEventExecutor.java:997)
 io.netty.util.internal.ThreadExecutorMap$2.run(ThreadExecutorMap.java:74)
 io.netty.util.concurrent.FastThreadLocalRunnable.run(FastThreadLocalRunnable.java:30)
 java.lang.Thread.run(Thread.java:748)
2026-06-28 11:43:22.327 [Thread-7] WARN  org.apache.catalina.loader.WebappClassLoaderBase - The web application [ROOT] appears to have started a thread named [lettuce-eventExecutorLoop-1-7] but has failed to stop it. This is very likely to create a memory leak. Stack trace of thread:
 sun.misc.Unsafe.park(Native Method)
 java.util.concurrent.locks.LockSupport.park(LockSupport.java:175)
 java.util.concurrent.locks.AbstractQueuedSynchronizer$ConditionObject.await(AbstractQueuedSynchronizer.java:2039)
 java.util.concurrent.LinkedBlockingQueue.take(LinkedBlockingQueue.java:442)
 io.netty.util.concurrent.SingleThreadEventExecutor.takeTask(SingleThreadEventExecutor.java:244)
 io.netty.util.concurrent.DefaultEventExecutor.run(DefaultEventExecutor.java:64)
 io.netty.util.concurrent.SingleThreadEventExecutor$4.run(SingleThreadEventExecutor.java:997)
 io.netty.util.internal.ThreadExecutorMap$2.run(ThreadExecutorMap.java:74)
 io.netty.util.concurrent.FastThreadLocalRunnable.run(FastThreadLocalRunnable.java:30)
 java.lang.Thread.run(Thread.java:748)
2026-06-28 11:43:22.328 [Thread-7] WARN  org.apache.catalina.loader.WebappClassLoaderBase - The web application [ROOT] appears to have started a thread named [lettuce-eventExecutorLoop-1-6] but has failed to stop it. This is very likely to create a memory leak. Stack trace of thread:
 sun.misc.Unsafe.park(Native Method)
 java.util.concurrent.locks.LockSupport.park(LockSupport.java:175)
 java.util.concurrent.locks.AbstractQueuedSynchronizer$ConditionObject.await(AbstractQueuedSynchronizer.java:2039)
 java.util.concurrent.LinkedBlockingQueue.take(LinkedBlockingQueue.java:442)
 io.netty.util.concurrent.SingleThreadEventExecutor.takeTask(SingleThreadEventExecutor.java:244)
 io.netty.util.concurrent.DefaultEventExecutor.run(DefaultEventExecutor.java:64)
 io.netty.util.concurrent.SingleThreadEventExecutor$4.run(SingleThreadEventExecutor.java:997)
 io.netty.util.internal.ThreadExecutorMap$2.run(ThreadExecutorMap.java:74)
 io.netty.util.concurrent.FastThreadLocalRunnable.run(FastThreadLocalRunnable.java:30)
 java.lang.Thread.run(Thread.java:748)
2026-06-28 11:43:22.329 [Thread-7] WARN  org.apache.catalina.loader.WebappClassLoaderBase - The web application [ROOT] appears to have started a thread named [lettuce-eventExecutorLoop-1-9] but has failed to stop it. This is very likely to create a memory leak. Stack trace of thread:
 sun.misc.Unsafe.park(Native Method)
 java.util.concurrent.locks.LockSupport.park(LockSupport.java:175)
 java.util.concurrent.locks.AbstractQueuedSynchronizer$ConditionObject.await(AbstractQueuedSynchronizer.java:2039)
 java.util.concurrent.LinkedBlockingQueue.take(LinkedBlockingQueue.java:442)
 io.netty.util.concurrent.SingleThreadEventExecutor.takeTask(SingleThreadEventExecutor.java:244)
 io.netty.util.concurrent.DefaultEventExecutor.run(DefaultEventExecutor.java:64)
 io.netty.util.concurrent.SingleThreadEventExecutor$4.run(SingleThreadEventExecutor.java:997)
 io.netty.util.internal.ThreadExecutorMap$2.run(ThreadExecutorMap.java:74)
 io.netty.util.concurrent.FastThreadLocalRunnable.run(FastThreadLocalRunnable.java:30)
 java.lang.Thread.run(Thread.java:748)
2026-06-28 11:43:22.330 [Thread-7] WARN  org.apache.catalina.loader.WebappClassLoaderBase - The web application [ROOT] appears to have started a thread named [lettuce-eventExecutorLoop-1-10] but has failed to stop it. This is very likely to create a memory leak. Stack trace of thread:
 sun.misc.Unsafe.park(Native Method)
 java.util.concurrent.locks.LockSupport.park(LockSupport.java:175)
 java.util.concurrent.locks.AbstractQueuedSynchronizer$ConditionObject.await(AbstractQueuedSynchronizer.java:2039)
 java.util.concurrent.LinkedBlockingQueue.take(LinkedBlockingQueue.java:442)
 io.netty.util.concurrent.SingleThreadEventExecutor.takeTask(SingleThreadEventExecutor.java:244)
 io.netty.util.concurrent.DefaultEventExecutor.run(DefaultEventExecutor.java:64)
 io.netty.util.concurrent.SingleThreadEventExecutor$4.run(SingleThreadEventExecutor.java:997)
 io.netty.util.internal.ThreadExecutorMap$2.run(ThreadExecutorMap.java:74)
 io.netty.util.concurrent.FastThreadLocalRunnable.run(FastThreadLocalRunnable.java:30)
 java.lang.Thread.run(Thread.java:748)
2026-06-28 11:43:22.331 [Thread-7] WARN  org.apache.catalina.loader.WebappClassLoaderBase - The web application [ROOT] appears to have started a thread named [lettuce-eventExecutorLoop-1-11] but has failed to stop it. This is very likely to create a memory leak. Stack trace of thread:
 sun.misc.Unsafe.park(Native Method)
 java.util.concurrent.locks.LockSupport.park(LockSupport.java:175)
 java.util.concurrent.locks.AbstractQueuedSynchronizer$ConditionObject.await(AbstractQueuedSynchronizer.java:2039)
 java.util.concurrent.LinkedBlockingQueue.take(LinkedBlockingQueue.java:442)
 io.netty.util.concurrent.SingleThreadEventExecutor.takeTask(SingleThreadEventExecutor.java:244)
 io.netty.util.concurrent.DefaultEventExecutor.run(DefaultEventExecutor.java:64)
 io.netty.util.concurrent.SingleThreadEventExecutor$4.run(SingleThreadEventExecutor.java:997)
 io.netty.util.internal.ThreadExecutorMap$2.run(ThreadExecutorMap.java:74)
 io.netty.util.concurrent.FastThreadLocalRunnable.run(FastThreadLocalRunnable.java:30)
 java.lang.Thread.run(Thread.java:748)
2026-06-28 11:43:22.332 [Thread-7] WARN  org.apache.catalina.loader.WebappClassLoaderBase - The web application [ROOT] appears to have started a thread named [lettuce-eventExecutorLoop-1-12] but has failed to stop it. This is very likely to create a memory leak. Stack trace of thread:
 sun.misc.Unsafe.park(Native Method)
 java.util.concurrent.locks.LockSupport.park(LockSupport.java:175)
 java.util.concurrent.locks.AbstractQueuedSynchronizer$ConditionObject.await(AbstractQueuedSynchronizer.java:2039)
 java.util.concurrent.LinkedBlockingQueue.take(LinkedBlockingQueue.java:442)
 io.netty.util.concurrent.SingleThreadEventExecutor.takeTask(SingleThreadEventExecutor.java:244)
 io.netty.util.concurrent.DefaultEventExecutor.run(DefaultEventExecutor.java:64)
 io.netty.util.concurrent.SingleThreadEventExecutor$4.run(SingleThreadEventExecutor.java:997)
 io.netty.util.internal.ThreadExecutorMap$2.run(ThreadExecutorMap.java:74)
 io.netty.util.concurrent.FastThreadLocalRunnable.run(FastThreadLocalRunnable.java:30)
 java.lang.Thread.run(Thread.java:748)
2026-06-28 11:43:22.333 [Thread-7] WARN  org.apache.catalina.loader.WebappClassLoaderBase - The web application [ROOT] appears to have started a thread named [lettuce-eventExecutorLoop-1-13] but has failed to stop it. This is very likely to create a memory leak. Stack trace of thread:
 sun.misc.Unsafe.park(Native Method)
 java.util.concurrent.locks.LockSupport.park(LockSupport.java:175)
 java.util.concurrent.locks.AbstractQueuedSynchronizer$ConditionObject.await(AbstractQueuedSynchronizer.java:2039)
 java.util.concurrent.LinkedBlockingQueue.take(LinkedBlockingQueue.java:442)
 io.netty.util.concurrent.SingleThreadEventExecutor.takeTask(SingleThreadEventExecutor.java:244)
 io.netty.util.concurrent.DefaultEventExecutor.run(DefaultEventExecutor.java:64)
 io.netty.util.concurrent.SingleThreadEventExecutor$4.run(SingleThreadEventExecutor.java:997)
 io.netty.util.internal.ThreadExecutorMap$2.run(ThreadExecutorMap.java:74)
 io.netty.util.concurrent.FastThreadLocalRunnable.run(FastThreadLocalRunnable.java:30)
 java.lang.Thread.run(Thread.java:748)
2026-06-28 11:43:22.333 [Thread-7] WARN  org.apache.catalina.loader.WebappClassLoaderBase - The web application [ROOT] appears to have started a thread named [lettuce-eventExecutorLoop-1-15] but has failed to stop it. This is very likely to create a memory leak. Stack trace of thread:
 sun.misc.Unsafe.park(Native Method)
 java.util.concurrent.locks.LockSupport.park(LockSupport.java:175)
 java.util.concurrent.locks.AbstractQueuedSynchronizer$ConditionObject.await(AbstractQueuedSynchronizer.java:2039)
 java.util.concurrent.LinkedBlockingQueue.take(LinkedBlockingQueue.java:442)
 io.netty.util.concurrent.SingleThreadEventExecutor.takeTask(SingleThreadEventExecutor.java:244)
 io.netty.util.concurrent.DefaultEventExecutor.run(DefaultEventExecutor.java:64)
 io.netty.util.concurrent.SingleThreadEventExecutor$4.run(SingleThreadEventExecutor.java:997)
 io.netty.util.internal.ThreadExecutorMap$2.run(ThreadExecutorMap.java:74)
 io.netty.util.concurrent.FastThreadLocalRunnable.run(FastThreadLocalRunnable.java:30)
 java.lang.Thread.run(Thread.java:748)
2026-06-28 11:43:22.334 [Thread-7] WARN  org.apache.catalina.loader.WebappClassLoaderBase - The web application [ROOT] appears to have started a thread named [lettuce-eventExecutorLoop-1-14] but has failed to stop it. This is very likely to create a memory leak. Stack trace of thread:
 sun.misc.Unsafe.park(Native Method)
 java.util.concurrent.locks.LockSupport.park(LockSupport.java:175)
 java.util.concurrent.locks.AbstractQueuedSynchronizer$ConditionObject.await(AbstractQueuedSynchronizer.java:2039)
 java.util.concurrent.LinkedBlockingQueue.take(LinkedBlockingQueue.java:442)
 io.netty.util.concurrent.SingleThreadEventExecutor.takeTask(SingleThreadEventExecutor.java:244)
 io.netty.util.concurrent.DefaultEventExecutor.run(DefaultEventExecutor.java:64)
 io.netty.util.concurrent.SingleThreadEventExecutor$4.run(SingleThreadEventExecutor.java:997)
 io.netty.util.internal.ThreadExecutorMap$2.run(ThreadExecutorMap.java:74)
 io.netty.util.concurrent.FastThreadLocalRunnable.run(FastThreadLocalRunnable.java:30)
 java.lang.Thread.run(Thread.java:748)
2026-06-28 11:43:22.335 [Thread-7] WARN  org.apache.catalina.loader.WebappClassLoaderBase - The web application [ROOT] appears to have started a thread named [lettuce-eventExecutorLoop-1-16] but has failed to stop it. This is very likely to create a memory leak. Stack trace of thread:
 sun.misc.Unsafe.park(Native Method)
 java.util.concurrent.locks.LockSupport.park(LockSupport.java:175)
 java.util.concurrent.locks.AbstractQueuedSynchronizer$ConditionObject.await(AbstractQueuedSynchronizer.java:2039)
 java.util.concurrent.LinkedBlockingQueue.take(LinkedBlockingQueue.java:442)
 io.netty.util.concurrent.SingleThreadEventExecutor.takeTask(SingleThreadEventExecutor.java:244)
 io.netty.util.concurrent.DefaultEventExecutor.run(DefaultEventExecutor.java:64)
 io.netty.util.concurrent.SingleThreadEventExecutor$4.run(SingleThreadEventExecutor.java:997)
 io.netty.util.internal.ThreadExecutorMap$2.run(ThreadExecutorMap.java:74)
 io.netty.util.concurrent.FastThreadLocalRunnable.run(FastThreadLocalRunnable.java:30)
 java.lang.Thread.run(Thread.java:748)
2026-06-28 11:50:27.547 [Thread-7] WARN  org.apache.catalina.loader.WebappClassLoaderBase - The web application [ROOT] appears to have started a thread named [lettuce-nioEventLoop-4-1] but has failed to stop it. This is very likely to create a memory leak. Stack trace of thread:
 sun.nio.ch.WindowsSelectorImpl$SubSelector.poll0(Native Method)
 sun.nio.ch.WindowsSelectorImpl$SubSelector.poll(WindowsSelectorImpl.java:296)
 sun.nio.ch.WindowsSelectorImpl$SubSelector.access$400(WindowsSelectorImpl.java:278)
 sun.nio.ch.WindowsSelectorImpl.doSelect(WindowsSelectorImpl.java:159)
 sun.nio.ch.SelectorImpl.lockAndDoSelect(SelectorImpl.java:86)
 sun.nio.ch.SelectorImpl.select(SelectorImpl.java:97)
 sun.nio.ch.SelectorImpl.select(SelectorImpl.java:101)
 io.netty.channel.nio.SelectedSelectionKeySetSelector.select(SelectedSelectionKeySetSelector.java:68)
 io.netty.channel.nio.NioEventLoop.select(NioEventLoop.java:879)
 io.netty.channel.nio.NioEventLoop.run(NioEventLoop.java:526)
 io.netty.util.concurrent.SingleThreadEventExecutor$4.run(SingleThreadEventExecutor.java:997)
 io.netty.util.internal.ThreadExecutorMap$2.run(ThreadExecutorMap.java:74)
 io.netty.util.concurrent.FastThreadLocalRunnable.run(FastThreadLocalRunnable.java:30)
 java.lang.Thread.run(Thread.java:748)
2026-06-28 11:50:27.551 [Thread-7] WARN  org.apache.catalina.loader.WebappClassLoaderBase - The web application [ROOT] appears to have started a thread named [lettuce-eventExecutorLoop-1-1] but has failed to stop it. This is very likely to create a memory leak. Stack trace of thread:
 sun.misc.Unsafe.park(Native Method)
 java.util.concurrent.locks.LockSupport.park(LockSupport.java:175)
 java.util.concurrent.locks.AbstractQueuedSynchronizer$ConditionObject.await(AbstractQueuedSynchronizer.java:2039)
 java.util.concurrent.LinkedBlockingQueue.take(LinkedBlockingQueue.java:442)
 io.netty.util.concurrent.SingleThreadEventExecutor.takeTask(SingleThreadEventExecutor.java:244)
 io.netty.util.concurrent.DefaultEventExecutor.run(DefaultEventExecutor.java:64)
 io.netty.util.concurrent.SingleThreadEventExecutor$4.run(SingleThreadEventExecutor.java:997)
 io.netty.util.internal.ThreadExecutorMap$2.run(ThreadExecutorMap.java:74)
 io.netty.util.concurrent.FastThreadLocalRunnable.run(FastThreadLocalRunnable.java:30)
 java.lang.Thread.run(Thread.java:748)
2026-06-28 11:50:27.556 [Thread-7] WARN  org.apache.catalina.loader.WebappClassLoaderBase - The web application [ROOT] appears to have started a thread named [lettuce-eventExecutorLoop-1-2] but has failed to stop it. This is very likely to create a memory leak. Stack trace of thread:
 sun.misc.Unsafe.park(Native Method)
 java.util.concurrent.locks.LockSupport.park(LockSupport.java:175)
 java.util.concurrent.locks.AbstractQueuedSynchronizer$ConditionObject.await(AbstractQueuedSynchronizer.java:2039)
 java.util.concurrent.LinkedBlockingQueue.take(LinkedBlockingQueue.java:442)
 io.netty.util.concurrent.SingleThreadEventExecutor.takeTask(SingleThreadEventExecutor.java:244)
 io.netty.util.concurrent.DefaultEventExecutor.run(DefaultEventExecutor.java:64)
 io.netty.util.concurrent.SingleThreadEventExecutor$4.run(SingleThreadEventExecutor.java:997)
 io.netty.util.internal.ThreadExecutorMap$2.run(ThreadExecutorMap.java:74)
 io.netty.util.concurrent.FastThreadLocalRunnable.run(FastThreadLocalRunnable.java:30)
 java.lang.Thread.run(Thread.java:748)
2026-06-28 11:50:27.558 [Thread-7] WARN  org.apache.catalina.loader.WebappClassLoaderBase - The web application [ROOT] appears to have started a thread named [lettuce-eventExecutorLoop-1-3] but has failed to stop it. This is very likely to create a memory leak. Stack trace of thread:
 sun.misc.Unsafe.park(Native Method)
 java.util.concurrent.locks.LockSupport.park(LockSupport.java:175)
 java.util.concurrent.locks.AbstractQueuedSynchronizer$ConditionObject.await(AbstractQueuedSynchronizer.java:2039)
 java.util.concurrent.LinkedBlockingQueue.take(LinkedBlockingQueue.java:442)
 io.netty.util.concurrent.SingleThreadEventExecutor.takeTask(SingleThreadEventExecutor.java:244)
 io.netty.util.concurrent.DefaultEventExecutor.run(DefaultEventExecutor.java:64)
 io.netty.util.concurrent.SingleThreadEventExecutor$4.run(SingleThreadEventExecutor.java:997)
 io.netty.util.internal.ThreadExecutorMap$2.run(ThreadExecutorMap.java:74)
 io.netty.util.concurrent.FastThreadLocalRunnable.run(FastThreadLocalRunnable.java:30)
 java.lang.Thread.run(Thread.java:748)
2026-06-28 11:50:27.558 [Thread-7] WARN  org.apache.catalina.loader.WebappClassLoaderBase - The web application [ROOT] appears to have started a thread named [lettuce-eventExecutorLoop-1-4] but has failed to stop it. This is very likely to create a memory leak. Stack trace of thread:
 sun.misc.Unsafe.park(Native Method)
 java.util.concurrent.locks.LockSupport.park(LockSupport.java:175)
 java.util.concurrent.locks.AbstractQueuedSynchronizer$ConditionObject.await(AbstractQueuedSynchronizer.java:2039)
 java.util.concurrent.LinkedBlockingQueue.take(LinkedBlockingQueue.java:442)
 io.netty.util.concurrent.SingleThreadEventExecutor.takeTask(SingleThreadEventExecutor.java:244)
 io.netty.util.concurrent.DefaultEventExecutor.run(DefaultEventExecutor.java:64)
 io.netty.util.concurrent.SingleThreadEventExecutor$4.run(SingleThreadEventExecutor.java:997)
 io.netty.util.internal.ThreadExecutorMap$2.run(ThreadExecutorMap.java:74)
 io.netty.util.concurrent.FastThreadLocalRunnable.run(FastThreadLocalRunnable.java:30)
 java.lang.Thread.run(Thread.java:748)
2026-06-28 11:50:27.560 [Thread-7] WARN  org.apache.catalina.loader.WebappClassLoaderBase - The web application [ROOT] appears to have started a thread named [lettuce-eventExecutorLoop-1-5] but has failed to stop it. This is very likely to create a memory leak. Stack trace of thread:
 sun.misc.Unsafe.park(Native Method)
 java.util.concurrent.locks.LockSupport.park(LockSupport.java:175)
 java.util.concurrent.locks.AbstractQueuedSynchronizer$ConditionObject.await(AbstractQueuedSynchronizer.java:2039)
 java.util.concurrent.LinkedBlockingQueue.take(LinkedBlockingQueue.java:442)
 io.netty.util.concurrent.SingleThreadEventExecutor.takeTask(SingleThreadEventExecutor.java:244)
 io.netty.util.concurrent.DefaultEventExecutor.run(DefaultEventExecutor.java:64)
 io.netty.util.concurrent.SingleThreadEventExecutor$4.run(SingleThreadEventExecutor.java:997)
 io.netty.util.internal.ThreadExecutorMap$2.run(ThreadExecutorMap.java:74)
 io.netty.util.concurrent.FastThreadLocalRunnable.run(FastThreadLocalRunnable.java:30)
 java.lang.Thread.run(Thread.java:748)
2026-06-28 11:50:27.560 [Thread-7] WARN  org.apache.catalina.loader.WebappClassLoaderBase - The web application [ROOT] appears to have started a thread named [lettuce-eventExecutorLoop-1-6] but has failed to stop it. This is very likely to create a memory leak. Stack trace of thread:
 sun.misc.Unsafe.park(Native Method)
 java.util.concurrent.locks.LockSupport.park(LockSupport.java:175)
 java.util.concurrent.locks.AbstractQueuedSynchronizer$ConditionObject.await(AbstractQueuedSynchronizer.java:2039)
 java.util.concurrent.LinkedBlockingQueue.take(LinkedBlockingQueue.java:442)
 io.netty.util.concurrent.SingleThreadEventExecutor.takeTask(SingleThreadEventExecutor.java:244)
 io.netty.util.concurrent.DefaultEventExecutor.run(DefaultEventExecutor.java:64)
 io.netty.util.concurrent.SingleThreadEventExecutor$4.run(SingleThreadEventExecutor.java:997)
 io.netty.util.internal.ThreadExecutorMap$2.run(ThreadExecutorMap.java:74)
 io.netty.util.concurrent.FastThreadLocalRunnable.run(FastThreadLocalRunnable.java:30)
 java.lang.Thread.run(Thread.java:748)
2026-06-28 11:50:27.562 [Thread-7] WARN  org.apache.catalina.loader.WebappClassLoaderBase - The web application [ROOT] appears to have started a thread named [lettuce-eventExecutorLoop-1-7] but has failed to stop it. This is very likely to create a memory leak. Stack trace of thread:
 sun.misc.Unsafe.park(Native Method)
 java.util.concurrent.locks.LockSupport.park(LockSupport.java:175)
 java.util.concurrent.locks.AbstractQueuedSynchronizer$ConditionObject.await(AbstractQueuedSynchronizer.java:2039)
 java.util.concurrent.LinkedBlockingQueue.take(LinkedBlockingQueue.java:442)
 io.netty.util.concurrent.SingleThreadEventExecutor.takeTask(SingleThreadEventExecutor.java:244)
 io.netty.util.concurrent.DefaultEventExecutor.run(DefaultEventExecutor.java:64)
 io.netty.util.concurrent.SingleThreadEventExecutor$4.run(SingleThreadEventExecutor.java:997)
 io.netty.util.internal.ThreadExecutorMap$2.run(ThreadExecutorMap.java:74)
 io.netty.util.concurrent.FastThreadLocalRunnable.run(FastThreadLocalRunnable.java:30)
 java.lang.Thread.run(Thread.java:748)
2026-06-28 11:50:27.563 [Thread-7] WARN  org.apache.catalina.loader.WebappClassLoaderBase - The web application [ROOT] appears to have started a thread named [System Clock] but has failed to stop it. This is very likely to create a memory leak. Stack trace of thread:
 sun.misc.Unsafe.park(Native Method)
 java.util.concurrent.locks.LockSupport.parkNanos(LockSupport.java:215)
 java.util.concurrent.locks.AbstractQueuedSynchronizer$ConditionObject.awaitNanos(AbstractQueuedSynchronizer.java:2078)
 java.util.concurrent.ScheduledThreadPoolExecutor$DelayedWorkQueue.take(ScheduledThreadPoolExecutor.java:1093)
 java.util.concurrent.ScheduledThreadPoolExecutor$DelayedWorkQueue.take(ScheduledThreadPoolExecutor.java:809)
 java.util.concurrent.ThreadPoolExecutor.getTask(ThreadPoolExecutor.java:1074)
 java.util.concurrent.ThreadPoolExecutor.runWorker(ThreadPoolExecutor.java:1134)
 java.util.concurrent.ThreadPoolExecutor$Worker.run(ThreadPoolExecutor.java:624)
 java.lang.Thread.run(Thread.java:748)
2026-06-28 11:54:33.876 [http-nio-8080-exec-41] WARN  o.s.w.s.m.m.a.ExceptionHandlerExceptionResolver - Resolved [org.springframework.jdbc.BadSqlGrammarException: <EOL><EOL>### Error querying database.  Cause: java.sql.SQLSyntaxErrorException: Unknown column 'create_by' in 'field list'<EOL><EOL>### The error may exist in com/project/travel/mapper/SysTravelShareLikeMapper.java (best guess)<EOL><EOL>### The error may involve defaultParameterMap<EOL><EOL>### The error occurred while setting parameters<EOL><EOL>### SQL: SELECT  id,share_id,user_id,create_by,create_time,update_by,update_time  FROM sys_travel_share_like     WHERE (share_id = ? AND user_id = ?)<EOL><EOL>### Cause: java.sql.SQLSyntaxErrorException: Unknown column 'create_by' in 'field list'<EOL>; bad SQL grammar []; nested exception is java.sql.SQLSyntaxErrorException: Unknown column 'create_by' in 'field list']
2026-06-28 11:55:00.734 [Thread-13] WARN  org.apache.catalina.loader.WebappClassLoaderBase - The web application [ROOT] appears to have started a thread named [lettuce-nioEventLoop-9-1] but has failed to stop it. This is very likely to create a memory leak. Stack trace of thread:
 sun.nio.ch.WindowsSelectorImpl$SubSelector.poll0(Native Method)
 sun.nio.ch.WindowsSelectorImpl$SubSelector.poll(WindowsSelectorImpl.java:296)
 sun.nio.ch.WindowsSelectorImpl$SubSelector.access$400(WindowsSelectorImpl.java:278)
 sun.nio.ch.WindowsSelectorImpl.doSelect(WindowsSelectorImpl.java:159)
 sun.nio.ch.SelectorImpl.lockAndDoSelect(SelectorImpl.java:86)
 sun.nio.ch.SelectorImpl.select(SelectorImpl.java:97)
 sun.nio.ch.SelectorImpl.select(SelectorImpl.java:101)
 io.netty.channel.nio.SelectedSelectionKeySetSelector.select(SelectedSelectionKeySetSelector.java:68)
 io.netty.channel.nio.NioEventLoop.select(NioEventLoop.java:879)
 io.netty.channel.nio.NioEventLoop.run(NioEventLoop.java:526)
 io.netty.util.concurrent.SingleThreadEventExecutor$4.run(SingleThreadEventExecutor.java:997)
 io.netty.util.internal.ThreadExecutorMap$2.run(ThreadExecutorMap.java:74)
 io.netty.util.concurrent.FastThreadLocalRunnable.run(FastThreadLocalRunnable.java:30)
 java.lang.Thread.run(Thread.java:748)
2026-06-28 11:55:00.736 [Thread-13] WARN  org.apache.catalina.loader.WebappClassLoaderBase - The web application [ROOT] appears to have started a thread named [lettuce-eventExecutorLoop-7-1] but has failed to stop it. This is very likely to create a memory leak. Stack trace of thread:
 sun.misc.Unsafe.park(Native Method)
 java.util.concurrent.locks.LockSupport.park(LockSupport.java:175)
 java.util.concurrent.locks.AbstractQueuedSynchronizer$ConditionObject.await(AbstractQueuedSynchronizer.java:2039)
 java.util.concurrent.LinkedBlockingQueue.take(LinkedBlockingQueue.java:442)
 io.netty.util.concurrent.SingleThreadEventExecutor.takeTask(SingleThreadEventExecutor.java:244)
 io.netty.util.concurrent.DefaultEventExecutor.run(DefaultEventExecutor.java:64)
 io.netty.util.concurrent.SingleThreadEventExecutor$4.run(SingleThreadEventExecutor.java:997)
 io.netty.util.internal.ThreadExecutorMap$2.run(ThreadExecutorMap.java:74)
 io.netty.util.concurrent.FastThreadLocalRunnable.run(FastThreadLocalRunnable.java:30)
 java.lang.Thread.run(Thread.java:748)
2026-06-28 11:55:00.738 [Thread-13] WARN  org.apache.catalina.loader.WebappClassLoaderBase - The web application [ROOT] appears to have started a thread named [lettuce-eventExecutorLoop-7-2] but has failed to stop it. This is very likely to create a memory leak. Stack trace of thread:
 sun.misc.Unsafe.park(Native Method)
 java.util.concurrent.locks.LockSupport.park(LockSupport.java:175)
 java.util.concurrent.locks.AbstractQueuedSynchronizer$ConditionObject.await(AbstractQueuedSynchronizer.java:2039)
 java.util.concurrent.LinkedBlockingQueue.take(LinkedBlockingQueue.java:442)
 io.netty.util.concurrent.SingleThreadEventExecutor.takeTask(SingleThreadEventExecutor.java:244)
 io.netty.util.concurrent.DefaultEventExecutor.run(DefaultEventExecutor.java:64)
 io.netty.util.concurrent.SingleThreadEventExecutor$4.run(SingleThreadEventExecutor.java:997)
 io.netty.util.internal.ThreadExecutorMap$2.run(ThreadExecutorMap.java:74)
 io.netty.util.concurrent.FastThreadLocalRunnable.run(FastThreadLocalRunnable.java:30)
 java.lang.Thread.run(Thread.java:748)
2026-06-28 11:55:00.739 [Thread-13] WARN  org.apache.catalina.loader.WebappClassLoaderBase - The web application [ROOT] appears to have started a thread named [lettuce-eventExecutorLoop-7-3] but has failed to stop it. This is very likely to create a memory leak. Stack trace of thread:
 sun.misc.Unsafe.park(Native Method)
 java.util.concurrent.locks.LockSupport.park(LockSupport.java:175)
 java.util.concurrent.locks.AbstractQueuedSynchronizer$ConditionObject.await(AbstractQueuedSynchronizer.java:2039)
 java.util.concurrent.LinkedBlockingQueue.take(LinkedBlockingQueue.java:442)
 io.netty.util.concurrent.SingleThreadEventExecutor.takeTask(SingleThreadEventExecutor.java:244)
 io.netty.util.concurrent.DefaultEventExecutor.run(DefaultEventExecutor.java:64)
 io.netty.util.concurrent.SingleThreadEventExecutor$4.run(SingleThreadEventExecutor.java:997)
 io.netty.util.internal.ThreadExecutorMap$2.run(ThreadExecutorMap.java:74)
 io.netty.util.concurrent.FastThreadLocalRunnable.run(FastThreadLocalRunnable.java:30)
 java.lang.Thread.run(Thread.java:748)
2026-06-28 11:55:00.741 [Thread-13] WARN  org.apache.catalina.loader.WebappClassLoaderBase - The web application [ROOT] appears to have started a thread named [lettuce-eventExecutorLoop-7-4] but has failed to stop it. This is very likely to create a memory leak. Stack trace of thread:
 sun.misc.Unsafe.park(Native Method)
 java.util.concurrent.locks.LockSupport.park(LockSupport.java:175)
 java.util.concurrent.locks.AbstractQueuedSynchronizer$ConditionObject.await(AbstractQueuedSynchronizer.java:2039)
 java.util.concurrent.LinkedBlockingQueue.take(LinkedBlockingQueue.java:442)
 io.netty.util.concurrent.SingleThreadEventExecutor.takeTask(SingleThreadEventExecutor.java:244)
 io.netty.util.concurrent.DefaultEventExecutor.run(DefaultEventExecutor.java:64)
 io.netty.util.concurrent.SingleThreadEventExecutor$4.run(SingleThreadEventExecutor.java:997)
 io.netty.util.internal.ThreadExecutorMap$2.run(ThreadExecutorMap.java:74)
 io.netty.util.concurrent.FastThreadLocalRunnable.run(FastThreadLocalRunnable.java:30)
 java.lang.Thread.run(Thread.java:748)
2026-06-28 11:55:00.741 [Thread-13] WARN  org.apache.catalina.loader.WebappClassLoaderBase - The web application [ROOT] appears to have started a thread named [lettuce-eventExecutorLoop-7-5] but has failed to stop it. This is very likely to create a memory leak. Stack trace of thread:
 sun.misc.Unsafe.park(Native Method)
 java.util.concurrent.locks.LockSupport.park(LockSupport.java:175)
 java.util.concurrent.locks.AbstractQueuedSynchronizer$ConditionObject.await(AbstractQueuedSynchronizer.java:2039)
 java.util.concurrent.LinkedBlockingQueue.take(LinkedBlockingQueue.java:442)
 io.netty.util.concurrent.SingleThreadEventExecutor.takeTask(SingleThreadEventExecutor.java:244)
 io.netty.util.concurrent.DefaultEventExecutor.run(DefaultEventExecutor.java:64)
 io.netty.util.concurrent.SingleThreadEventExecutor$4.run(SingleThreadEventExecutor.java:997)
 io.netty.util.internal.ThreadExecutorMap$2.run(ThreadExecutorMap.java:74)
 io.netty.util.concurrent.FastThreadLocalRunnable.run(FastThreadLocalRunnable.java:30)
 java.lang.Thread.run(Thread.java:748)
2026-06-28 11:55:00.742 [Thread-13] WARN  org.apache.catalina.loader.WebappClassLoaderBase - The web application [ROOT] appears to have started a thread named [lettuce-eventExecutorLoop-7-6] but has failed to stop it. This is very likely to create a memory leak. Stack trace of thread:
 sun.misc.Unsafe.park(Native Method)
 java.util.concurrent.locks.LockSupport.park(LockSupport.java:175)
 java.util.concurrent.locks.AbstractQueuedSynchronizer$ConditionObject.await(AbstractQueuedSynchronizer.java:2039)
 java.util.concurrent.LinkedBlockingQueue.take(LinkedBlockingQueue.java:442)
 io.netty.util.concurrent.SingleThreadEventExecutor.takeTask(SingleThreadEventExecutor.java:244)
 io.netty.util.concurrent.DefaultEventExecutor.run(DefaultEventExecutor.java:64)
 io.netty.util.concurrent.SingleThreadEventExecutor$4.run(SingleThreadEventExecutor.java:997)
 io.netty.util.internal.ThreadExecutorMap$2.run(ThreadExecutorMap.java:74)
 io.netty.util.concurrent.FastThreadLocalRunnable.run(FastThreadLocalRunnable.java:30)
 java.lang.Thread.run(Thread.java:748)
2026-06-28 11:55:00.744 [Thread-13] WARN  org.apache.catalina.loader.WebappClassLoaderBase - The web application [ROOT] appears to have started a thread named [lettuce-eventExecutorLoop-7-7] but has failed to stop it. This is very likely to create a memory leak. Stack trace of thread:
 sun.misc.Unsafe.park(Native Method)
 java.util.concurrent.locks.LockSupport.park(LockSupport.java:175)
 java.util.concurrent.locks.AbstractQueuedSynchronizer$ConditionObject.await(AbstractQueuedSynchronizer.java:2039)
 java.util.concurrent.LinkedBlockingQueue.take(LinkedBlockingQueue.java:442)
 io.netty.util.concurrent.SingleThreadEventExecutor.takeTask(SingleThreadEventExecutor.java:244)
 io.netty.util.concurrent.DefaultEventExecutor.run(DefaultEventExecutor.java:64)
 io.netty.util.concurrent.SingleThreadEventExecutor$4.run(SingleThreadEventExecutor.java:997)
 io.netty.util.internal.ThreadExecutorMap$2.run(ThreadExecutorMap.java:74)
 io.netty.util.concurrent.FastThreadLocalRunnable.run(FastThreadLocalRunnable.java:30)
 java.lang.Thread.run(Thread.java:748)
2026-06-28 11:55:00.745 [Thread-13] WARN  org.apache.catalina.loader.WebappClassLoaderBase - The web application [ROOT] appears to have started a thread named [lettuce-eventExecutorLoop-7-8] but has failed to stop it. This is very likely to create a memory leak. Stack trace of thread:
 sun.misc.Unsafe.park(Native Method)
 java.util.concurrent.locks.LockSupport.park(LockSupport.java:175)
 java.util.concurrent.locks.AbstractQueuedSynchronizer$ConditionObject.await(AbstractQueuedSynchronizer.java:2039)
 java.util.concurrent.LinkedBlockingQueue.take(LinkedBlockingQueue.java:442)
 io.netty.util.concurrent.SingleThreadEventExecutor.takeTask(SingleThreadEventExecutor.java:244)
 io.netty.util.concurrent.DefaultEventExecutor.run(DefaultEventExecutor.java:64)
 io.netty.util.concurrent.SingleThreadEventExecutor$4.run(SingleThreadEventExecutor.java:997)
 io.netty.util.internal.ThreadExecutorMap$2.run(ThreadExecutorMap.java:74)
 io.netty.util.concurrent.FastThreadLocalRunnable.run(FastThreadLocalRunnable.java:30)
 java.lang.Thread.run(Thread.java:748)
2026-06-28 11:55:00.746 [Thread-13] WARN  org.apache.catalina.loader.WebappClassLoaderBase - The web application [ROOT] appears to have started a thread named [lettuce-eventExecutorLoop-7-9] but has failed to stop it. This is very likely to create a memory leak. Stack trace of thread:
 sun.misc.Unsafe.park(Native Method)
 java.util.concurrent.locks.LockSupport.park(LockSupport.java:175)
 java.util.concurrent.locks.AbstractQueuedSynchronizer$ConditionObject.await(AbstractQueuedSynchronizer.java:2039)
 java.util.concurrent.LinkedBlockingQueue.take(LinkedBlockingQueue.java:442)
 io.netty.util.concurrent.SingleThreadEventExecutor.takeTask(SingleThreadEventExecutor.java:244)
 io.netty.util.concurrent.DefaultEventExecutor.run(DefaultEventExecutor.java:64)
 io.netty.util.concurrent.SingleThreadEventExecutor$4.run(SingleThreadEventExecutor.java:997)
 io.netty.util.internal.ThreadExecutorMap$2.run(ThreadExecutorMap.java:74)
 io.netty.util.concurrent.FastThreadLocalRunnable.run(FastThreadLocalRunnable.java:30)
 java.lang.Thread.run(Thread.java:748)
2026-06-28 11:55:00.747 [Thread-13] WARN  org.apache.catalina.loader.WebappClassLoaderBase - The web application [ROOT] appears to have started a thread named [lettuce-eventExecutorLoop-7-10] but has failed to stop it. This is very likely to create a memory leak. Stack trace of thread:
 sun.misc.Unsafe.park(Native Method)
 java.util.concurrent.locks.LockSupport.park(LockSupport.java:175)
 java.util.concurrent.locks.AbstractQueuedSynchronizer$ConditionObject.await(AbstractQueuedSynchronizer.java:2039)
 java.util.concurrent.LinkedBlockingQueue.take(LinkedBlockingQueue.java:442)
 io.netty.util.concurrent.SingleThreadEventExecutor.takeTask(SingleThreadEventExecutor.java:244)
 io.netty.util.concurrent.DefaultEventExecutor.run(DefaultEventExecutor.java:64)
 io.netty.util.concurrent.SingleThreadEventExecutor$4.run(SingleThreadEventExecutor.java:997)
 io.netty.util.internal.ThreadExecutorMap$2.run(ThreadExecutorMap.java:74)
 io.netty.util.concurrent.FastThreadLocalRunnable.run(FastThreadLocalRunnable.java:30)
 java.lang.Thread.run(Thread.java:748)
2026-06-28 11:55:00.748 [Thread-13] WARN  org.apache.catalina.loader.WebappClassLoaderBase - The web application [ROOT] appears to have started a thread named [lettuce-eventExecutorLoop-7-11] but has failed to stop it. This is very likely to create a memory leak. Stack trace of thread:
 sun.misc.Unsafe.park(Native Method)
 java.util.concurrent.locks.LockSupport.park(LockSupport.java:175)
 java.util.concurrent.locks.AbstractQueuedSynchronizer$ConditionObject.await(AbstractQueuedSynchronizer.java:2039)
 java.util.concurrent.LinkedBlockingQueue.take(LinkedBlockingQueue.java:442)
 io.netty.util.concurrent.SingleThreadEventExecutor.takeTask(SingleThreadEventExecutor.java:244)
 io.netty.util.concurrent.DefaultEventExecutor.run(DefaultEventExecutor.java:64)
 io.netty.util.concurrent.SingleThreadEventExecutor$4.run(SingleThreadEventExecutor.java:997)
 io.netty.util.internal.ThreadExecutorMap$2.run(ThreadExecutorMap.java:74)
 io.netty.util.concurrent.FastThreadLocalRunnable.run(FastThreadLocalRunnable.java:30)
 java.lang.Thread.run(Thread.java:748)
2026-06-28 11:55:00.750 [Thread-13] WARN  org.apache.catalina.loader.WebappClassLoaderBase - The web application [ROOT] appears to have started a thread named [lettuce-eventExecutorLoop-7-12] but has failed to stop it. This is very likely to create a memory leak. Stack trace of thread:
 sun.misc.Unsafe.park(Native Method)
 java.util.concurrent.locks.LockSupport.park(LockSupport.java:175)
 java.util.concurrent.locks.AbstractQueuedSynchronizer$ConditionObject.await(AbstractQueuedSynchronizer.java:2039)
 java.util.concurrent.LinkedBlockingQueue.take(LinkedBlockingQueue.java:442)
 io.netty.util.concurrent.SingleThreadEventExecutor.takeTask(SingleThreadEventExecutor.java:244)
 io.netty.util.concurrent.DefaultEventExecutor.run(DefaultEventExecutor.java:64)
 io.netty.util.concurrent.SingleThreadEventExecutor$4.run(SingleThreadEventExecutor.java:997)
 io.netty.util.internal.ThreadExecutorMap$2.run(ThreadExecutorMap.java:74)
 io.netty.util.concurrent.FastThreadLocalRunnable.run(FastThreadLocalRunnable.java:30)
 java.lang.Thread.run(Thread.java:748)
2026-06-28 11:55:00.750 [Thread-13] WARN  org.apache.catalina.loader.WebappClassLoaderBase - The web application [ROOT] appears to have started a thread named [lettuce-eventExecutorLoop-7-13] but has failed to stop it. This is very likely to create a memory leak. Stack trace of thread:
 sun.misc.Unsafe.park(Native Method)
 java.util.concurrent.locks.LockSupport.park(LockSupport.java:175)
 java.util.concurrent.locks.AbstractQueuedSynchronizer$ConditionObject.await(AbstractQueuedSynchronizer.java:2039)
 java.util.concurrent.LinkedBlockingQueue.take(LinkedBlockingQueue.java:442)
 io.netty.util.concurrent.SingleThreadEventExecutor.takeTask(SingleThreadEventExecutor.java:244)
 io.netty.util.concurrent.DefaultEventExecutor.run(DefaultEventExecutor.java:64)
 io.netty.util.concurrent.SingleThreadEventExecutor$4.run(SingleThreadEventExecutor.java:997)
 io.netty.util.internal.ThreadExecutorMap$2.run(ThreadExecutorMap.java:74)
 io.netty.util.concurrent.FastThreadLocalRunnable.run(FastThreadLocalRunnable.java:30)
 java.lang.Thread.run(Thread.java:748)
2026-06-28 11:55:00.752 [Thread-13] WARN  org.apache.catalina.loader.WebappClassLoaderBase - The web application [ROOT] appears to have started a thread named [lettuce-eventExecutorLoop-7-14] but has failed to stop it. This is very likely to create a memory leak. Stack trace of thread:
 sun.misc.Unsafe.park(Native Method)
 java.util.concurrent.locks.LockSupport.park(LockSupport.java:175)
 java.util.concurrent.locks.AbstractQueuedSynchronizer$ConditionObject.await(AbstractQueuedSynchronizer.java:2039)
 java.util.concurrent.LinkedBlockingQueue.take(LinkedBlockingQueue.java:442)
 io.netty.util.concurrent.SingleThreadEventExecutor.takeTask(SingleThreadEventExecutor.java:244)
 io.netty.util.concurrent.DefaultEventExecutor.run(DefaultEventExecutor.java:64)
 io.netty.util.concurrent.SingleThreadEventExecutor$4.run(SingleThreadEventExecutor.java:997)
 io.netty.util.internal.ThreadExecutorMap$2.run(ThreadExecutorMap.java:74)
 io.netty.util.concurrent.FastThreadLocalRunnable.run(FastThreadLocalRunnable.java:30)
 java.lang.Thread.run(Thread.java:748)
2026-06-28 11:55:00.753 [Thread-13] WARN  org.apache.catalina.loader.WebappClassLoaderBase - The web application [ROOT] appears to have started a thread named [lettuce-eventExecutorLoop-7-15] but has failed to stop it. This is very likely to create a memory leak. Stack trace of thread:
 sun.misc.Unsafe.park(Native Method)
 java.util.concurrent.locks.LockSupport.park(LockSupport.java:175)
 java.util.concurrent.locks.AbstractQueuedSynchronizer$ConditionObject.await(AbstractQueuedSynchronizer.java:2039)
 java.util.concurrent.LinkedBlockingQueue.take(LinkedBlockingQueue.java:442)
 io.netty.util.concurrent.SingleThreadEventExecutor.takeTask(SingleThreadEventExecutor.java:244)
 io.netty.util.concurrent.DefaultEventExecutor.run(DefaultEventExecutor.java:64)
 io.netty.util.concurrent.SingleThreadEventExecutor$4.run(SingleThreadEventExecutor.java:997)
 io.netty.util.internal.ThreadExecutorMap$2.run(ThreadExecutorMap.java:74)
 io.netty.util.concurrent.FastThreadLocalRunnable.run(FastThreadLocalRunnable.java:30)
 java.lang.Thread.run(Thread.java:748)
2026-06-28 11:59:19.143 [http-nio-8080-exec-1] WARN  o.s.w.s.m.m.a.ExceptionHandlerExceptionResolver - Resolved [org.springframework.jdbc.BadSqlGrammarException: <EOL><EOL>### Error querying database.  Cause: java.sql.SQLSyntaxErrorException: Unknown column 'create_by' in 'field list'<EOL><EOL>### The error may exist in com/project/travel/mapper/SysTravelShareLikeMapper.java (best guess)<EOL><EOL>### The error may involve defaultParameterMap<EOL><EOL>### The error occurred while setting parameters<EOL><EOL>### SQL: SELECT  id,share_id,user_id,create_by,create_time,update_by,update_time  FROM sys_travel_share_like     WHERE (share_id = ? AND user_id = ?)<EOL><EOL>### Cause: java.sql.SQLSyntaxErrorException: Unknown column 'create_by' in 'field list'<EOL>; bad SQL grammar []; nested exception is java.sql.SQLSyntaxErrorException: Unknown column 'create_by' in 'field list']
2026-06-28 11:59:40.111 [http-nio-8080-exec-5] WARN  o.s.w.s.m.m.a.ExceptionHandlerExceptionResolver - Resolved [org.springframework.jdbc.BadSqlGrammarException: <EOL><EOL>### Error querying database.  Cause: java.sql.SQLSyntaxErrorException: Unknown column 'create_by' in 'field list'<EOL><EOL>### The error may exist in com/project/travel/mapper/SysTravelShareLikeMapper.java (best guess)<EOL><EOL>### The error may involve defaultParameterMap<EOL><EOL>### The error occurred while setting parameters<EOL><EOL>### SQL: SELECT  id,share_id,user_id,create_by,create_time,update_by,update_time  FROM sys_travel_share_like     WHERE (share_id = ? AND user_id = ?)<EOL><EOL>### Cause: java.sql.SQLSyntaxErrorException: Unknown column 'create_by' in 'field list'<EOL>; bad SQL grammar []; nested exception is java.sql.SQLSyntaxErrorException: Unknown column 'create_by' in 'field list']
2026-06-28 11:59:57.724 [http-nio-8080-exec-36] WARN  o.s.w.s.m.m.a.ExceptionHandlerExceptionResolver - Resolved [org.springframework.jdbc.BadSqlGrammarException: <EOL><EOL>### Error querying database.  Cause: java.sql.SQLSyntaxErrorException: Unknown column 'create_by' in 'field list'<EOL><EOL>### The error may exist in com/project/travel/mapper/SysTravelShareLikeMapper.java (best guess)<EOL><EOL>### The error may involve defaultParameterMap<EOL><EOL>### The error occurred while setting parameters<EOL><EOL>### SQL: SELECT  id,share_id,user_id,create_by,create_time,update_by,update_time  FROM sys_travel_share_like     WHERE (share_id = ? AND user_id = ?)<EOL><EOL>### Cause: java.sql.SQLSyntaxErrorException: Unknown column 'create_by' in 'field list'<EOL>; bad SQL grammar []; nested exception is java.sql.SQLSyntaxErrorException: Unknown column 'create_by' in 'field list']
2026-06-28 11:59:59.701 [http-nio-8080-exec-52] WARN  o.s.w.s.m.m.a.ExceptionHandlerExceptionResolver - Resolved [org.springframework.jdbc.BadSqlGrammarException: <EOL><EOL>### Error querying database.  Cause: java.sql.SQLSyntaxErrorException: Unknown column 'create_by' in 'field list'<EOL><EOL>### The error may exist in com/project/travel/mapper/SysTravelShareLikeMapper.java (best guess)<EOL><EOL>### The error may involve defaultParameterMap<EOL><EOL>### The error occurred while setting parameters<EOL><EOL>### SQL: SELECT  id,share_id,user_id,create_by,create_time,update_by,update_time  FROM sys_travel_share_like     WHERE (share_id = ? AND user_id = ?)<EOL><EOL>### Cause: java.sql.SQLSyntaxErrorException: Unknown column 'create_by' in 'field list'<EOL>; bad SQL grammar []; nested exception is java.sql.SQLSyntaxErrorException: Unknown column 'create_by' in 'field list']
2026-06-28 12:02:45.059 [Thread-7] WARN  org.apache.catalina.loader.WebappClassLoaderBase - The web application [ROOT] appears to have started a thread named [lettuce-nioEventLoop-4-1] but has failed to stop it. This is very likely to create a memory leak. Stack trace of thread:
 sun.nio.ch.WindowsSelectorImpl$SubSelector.poll0(Native Method)
 sun.nio.ch.WindowsSelectorImpl$SubSelector.poll(WindowsSelectorImpl.java:296)
 sun.nio.ch.WindowsSelectorImpl$SubSelector.access$400(WindowsSelectorImpl.java:278)
 sun.nio.ch.WindowsSelectorImpl.doSelect(WindowsSelectorImpl.java:159)
 sun.nio.ch.SelectorImpl.lockAndDoSelect(SelectorImpl.java:86)
 sun.nio.ch.SelectorImpl.select(SelectorImpl.java:97)
 sun.nio.ch.SelectorImpl.select(SelectorImpl.java:101)
 io.netty.channel.nio.SelectedSelectionKeySetSelector.select(SelectedSelectionKeySetSelector.java:68)
 io.netty.channel.nio.NioEventLoop.select(NioEventLoop.java:879)
 io.netty.channel.nio.NioEventLoop.run(NioEventLoop.java:526)
 io.netty.util.concurrent.SingleThreadEventExecutor$4.run(SingleThreadEventExecutor.java:997)
 io.netty.util.internal.ThreadExecutorMap$2.run(ThreadExecutorMap.java:74)
 io.netty.util.concurrent.FastThreadLocalRunnable.run(FastThreadLocalRunnable.java:30)
 java.lang.Thread.run(Thread.java:748)
2026-06-28 12:02:45.061 [Thread-7] WARN  org.apache.catalina.loader.WebappClassLoaderBase - The web application [ROOT] appears to have started a thread named [lettuce-eventExecutorLoop-1-2] but has failed to stop it. This is very likely to create a memory leak. Stack trace of thread:
 sun.misc.Unsafe.park(Native Method)
 java.util.concurrent.locks.LockSupport.park(LockSupport.java:175)
 java.util.concurrent.locks.AbstractQueuedSynchronizer$ConditionObject.await(AbstractQueuedSynchronizer.java:2039)
 java.util.concurrent.LinkedBlockingQueue.take(LinkedBlockingQueue.java:442)
 io.netty.util.concurrent.SingleThreadEventExecutor.takeTask(SingleThreadEventExecutor.java:244)
 io.netty.util.concurrent.DefaultEventExecutor.run(DefaultEventExecutor.java:64)
 io.netty.util.concurrent.SingleThreadEventExecutor$4.run(SingleThreadEventExecutor.java:997)
 io.netty.util.internal.ThreadExecutorMap$2.run(ThreadExecutorMap.java:74)
 io.netty.util.concurrent.FastThreadLocalRunnable.run(FastThreadLocalRunnable.java:30)
 java.lang.Thread.run(Thread.java:748)
2026-06-28 12:02:45.063 [Thread-7] WARN  org.apache.catalina.loader.WebappClassLoaderBase - The web application [ROOT] appears to have started a thread named [lettuce-eventExecutorLoop-1-3] but has failed to stop it. This is very likely to create a memory leak. Stack trace of thread:
 sun.misc.Unsafe.park(Native Method)
 java.util.concurrent.locks.LockSupport.park(LockSupport.java:175)
 java.util.concurrent.locks.AbstractQueuedSynchronizer$ConditionObject.await(AbstractQueuedSynchronizer.java:2039)
 java.util.concurrent.LinkedBlockingQueue.take(LinkedBlockingQueue.java:442)
 io.netty.util.concurrent.SingleThreadEventExecutor.takeTask(SingleThreadEventExecutor.java:244)
 io.netty.util.concurrent.DefaultEventExecutor.run(DefaultEventExecutor.java:64)
 io.netty.util.concurrent.SingleThreadEventExecutor$4.run(SingleThreadEventExecutor.java:997)
 io.netty.util.internal.ThreadExecutorMap$2.run(ThreadExecutorMap.java:74)
 io.netty.util.concurrent.FastThreadLocalRunnable.run(FastThreadLocalRunnable.java:30)
 java.lang.Thread.run(Thread.java:748)
2026-06-28 12:02:45.066 [Thread-7] WARN  org.apache.catalina.loader.WebappClassLoaderBase - The web application [ROOT] appears to have started a thread named [lettuce-eventExecutorLoop-1-4] but has failed to stop it. This is very likely to create a memory leak. Stack trace of thread:
 sun.misc.Unsafe.park(Native Method)
 java.util.concurrent.locks.LockSupport.park(LockSupport.java:175)
 java.util.concurrent.locks.AbstractQueuedSynchronizer$ConditionObject.await(AbstractQueuedSynchronizer.java:2039)
 java.util.concurrent.LinkedBlockingQueue.take(LinkedBlockingQueue.java:442)
 io.netty.util.concurrent.SingleThreadEventExecutor.takeTask(SingleThreadEventExecutor.java:244)
 io.netty.util.concurrent.DefaultEventExecutor.run(DefaultEventExecutor.java:64)
 io.netty.util.concurrent.SingleThreadEventExecutor$4.run(SingleThreadEventExecutor.java:997)
 io.netty.util.internal.ThreadExecutorMap$2.run(ThreadExecutorMap.java:74)
 io.netty.util.concurrent.FastThreadLocalRunnable.run(FastThreadLocalRunnable.java:30)
 java.lang.Thread.run(Thread.java:748)
2026-06-28 12:02:45.067 [Thread-7] WARN  org.apache.catalina.loader.WebappClassLoaderBase - The web application [ROOT] appears to have started a thread named [lettuce-eventExecutorLoop-1-5] but has failed to stop it. This is very likely to create a memory leak. Stack trace of thread:
 sun.misc.Unsafe.park(Native Method)
 java.util.concurrent.locks.LockSupport.park(LockSupport.java:175)
 java.util.concurrent.locks.AbstractQueuedSynchronizer$ConditionObject.await(AbstractQueuedSynchronizer.java:2039)
 java.util.concurrent.LinkedBlockingQueue.take(LinkedBlockingQueue.java:442)
 io.netty.util.concurrent.SingleThreadEventExecutor.takeTask(SingleThreadEventExecutor.java:244)
 io.netty.util.concurrent.DefaultEventExecutor.run(DefaultEventExecutor.java:64)
 io.netty.util.concurrent.SingleThreadEventExecutor$4.run(SingleThreadEventExecutor.java:997)
 io.netty.util.internal.ThreadExecutorMap$2.run(ThreadExecutorMap.java:74)
 io.netty.util.concurrent.FastThreadLocalRunnable.run(FastThreadLocalRunnable.java:30)
 java.lang.Thread.run(Thread.java:748)
2026-06-28 12:02:45.069 [Thread-7] WARN  org.apache.catalina.loader.WebappClassLoaderBase - The web application [ROOT] appears to have started a thread named [lettuce-eventExecutorLoop-1-6] but has failed to stop it. This is very likely to create a memory leak. Stack trace of thread:
 sun.misc.Unsafe.park(Native Method)
 java.util.concurrent.locks.LockSupport.park(LockSupport.java:175)
 java.util.concurrent.locks.AbstractQueuedSynchronizer$ConditionObject.await(AbstractQueuedSynchronizer.java:2039)
 java.util.concurrent.LinkedBlockingQueue.take(LinkedBlockingQueue.java:442)
 io.netty.util.concurrent.SingleThreadEventExecutor.takeTask(SingleThreadEventExecutor.java:244)
 io.netty.util.concurrent.DefaultEventExecutor.run(DefaultEventExecutor.java:64)
 io.netty.util.concurrent.SingleThreadEventExecutor$4.run(SingleThreadEventExecutor.java:997)
 io.netty.util.internal.ThreadExecutorMap$2.run(ThreadExecutorMap.java:74)
 io.netty.util.concurrent.FastThreadLocalRunnable.run(FastThreadLocalRunnable.java:30)
 java.lang.Thread.run(Thread.java:748)
2026-06-28 12:02:45.070 [Thread-7] WARN  org.apache.catalina.loader.WebappClassLoaderBase - The web application [ROOT] appears to have started a thread named [lettuce-eventExecutorLoop-1-1] but has failed to stop it. This is very likely to create a memory leak. Stack trace of thread:
 sun.misc.Unsafe.park(Native Method)
 java.util.concurrent.locks.LockSupport.park(LockSupport.java:175)
 java.util.concurrent.locks.AbstractQueuedSynchronizer$ConditionObject.await(AbstractQueuedSynchronizer.java:2039)
 java.util.concurrent.LinkedBlockingQueue.take(LinkedBlockingQueue.java:442)
 io.netty.util.concurrent.SingleThreadEventExecutor.takeTask(SingleThreadEventExecutor.java:244)
 io.netty.util.concurrent.DefaultEventExecutor.run(DefaultEventExecutor.java:64)
 io.netty.util.concurrent.SingleThreadEventExecutor$4.run(SingleThreadEventExecutor.java:997)
 io.netty.util.internal.ThreadExecutorMap$2.run(ThreadExecutorMap.java:74)
 io.netty.util.concurrent.FastThreadLocalRunnable.run(FastThreadLocalRunnable.java:30)
 java.lang.Thread.run(Thread.java:748)
2026-06-28 12:02:45.073 [Thread-7] WARN  org.apache.catalina.loader.WebappClassLoaderBase - The web application [ROOT] appears to have started a thread named [lettuce-eventExecutorLoop-1-7] but has failed to stop it. This is very likely to create a memory leak. Stack trace of thread:
 sun.misc.Unsafe.park(Native Method)
 java.util.concurrent.locks.LockSupport.park(LockSupport.java:175)
 java.util.concurrent.locks.AbstractQueuedSynchronizer$ConditionObject.await(AbstractQueuedSynchronizer.java:2039)
 java.util.concurrent.LinkedBlockingQueue.take(LinkedBlockingQueue.java:442)
 io.netty.util.concurrent.SingleThreadEventExecutor.takeTask(SingleThreadEventExecutor.java:244)
 io.netty.util.concurrent.DefaultEventExecutor.run(DefaultEventExecutor.java:64)
 io.netty.util.concurrent.SingleThreadEventExecutor$4.run(SingleThreadEventExecutor.java:997)
 io.netty.util.internal.ThreadExecutorMap$2.run(ThreadExecutorMap.java:74)
 io.netty.util.concurrent.FastThreadLocalRunnable.run(FastThreadLocalRunnable.java:30)
 java.lang.Thread.run(Thread.java:748)
2026-06-28 12:02:45.075 [Thread-7] WARN  org.apache.catalina.loader.WebappClassLoaderBase - The web application [ROOT] appears to have started a thread named [lettuce-eventExecutorLoop-1-8] but has failed to stop it. This is very likely to create a memory leak. Stack trace of thread:
 sun.misc.Unsafe.park(Native Method)
 java.util.concurrent.locks.LockSupport.park(LockSupport.java:175)
 java.util.concurrent.locks.AbstractQueuedSynchronizer$ConditionObject.await(AbstractQueuedSynchronizer.java:2039)
 java.util.concurrent.LinkedBlockingQueue.take(LinkedBlockingQueue.java:442)
 io.netty.util.concurrent.SingleThreadEventExecutor.takeTask(SingleThreadEventExecutor.java:244)
 io.netty.util.concurrent.DefaultEventExecutor.run(DefaultEventExecutor.java:64)
 io.netty.util.concurrent.SingleThreadEventExecutor$4.run(SingleThreadEventExecutor.java:997)
 io.netty.util.internal.ThreadExecutorMap$2.run(ThreadExecutorMap.java:74)
 io.netty.util.concurrent.FastThreadLocalRunnable.run(FastThreadLocalRunnable.java:30)
 java.lang.Thread.run(Thread.java:748)
2026-06-28 12:02:45.078 [Thread-7] WARN  org.apache.catalina.loader.WebappClassLoaderBase - The web application [ROOT] appears to have started a thread named [lettuce-eventExecutorLoop-1-10] but has failed to stop it. This is very likely to create a memory leak. Stack trace of thread:
 sun.misc.Unsafe.park(Native Method)
 java.util.concurrent.locks.LockSupport.park(LockSupport.java:175)
 java.util.concurrent.locks.AbstractQueuedSynchronizer$ConditionObject.await(AbstractQueuedSynchronizer.java:2039)
 java.util.concurrent.LinkedBlockingQueue.take(LinkedBlockingQueue.java:442)
 io.netty.util.concurrent.SingleThreadEventExecutor.takeTask(SingleThreadEventExecutor.java:244)
 io.netty.util.concurrent.DefaultEventExecutor.run(DefaultEventExecutor.java:64)
 io.netty.util.concurrent.SingleThreadEventExecutor$4.run(SingleThreadEventExecutor.java:997)
 io.netty.util.internal.ThreadExecutorMap$2.run(ThreadExecutorMap.java:74)
 io.netty.util.concurrent.FastThreadLocalRunnable.run(FastThreadLocalRunnable.java:30)
 java.lang.Thread.run(Thread.java:748)
2026-06-28 12:02:45.079 [Thread-7] WARN  org.apache.catalina.loader.WebappClassLoaderBase - The web application [ROOT] appears to have started a thread named [lettuce-eventExecutorLoop-1-9] but has failed to stop it. This is very likely to create a memory leak. Stack trace of thread:
 sun.misc.Unsafe.park(Native Method)
 java.util.concurrent.locks.LockSupport.park(LockSupport.java:175)
 java.util.concurrent.locks.AbstractQueuedSynchronizer$ConditionObject.await(AbstractQueuedSynchronizer.java:2039)
 java.util.concurrent.LinkedBlockingQueue.take(LinkedBlockingQueue.java:442)
 io.netty.util.concurrent.SingleThreadEventExecutor.takeTask(SingleThreadEventExecutor.java:244)
 io.netty.util.concurrent.DefaultEventExecutor.run(DefaultEventExecutor.java:64)
 io.netty.util.concurrent.SingleThreadEventExecutor$4.run(SingleThreadEventExecutor.java:997)
 io.netty.util.internal.ThreadExecutorMap$2.run(ThreadExecutorMap.java:74)
 io.netty.util.concurrent.FastThreadLocalRunnable.run(FastThreadLocalRunnable.java:30)
 java.lang.Thread.run(Thread.java:748)
2026-06-28 12:02:45.084 [Thread-7] WARN  org.apache.catalina.loader.WebappClassLoaderBase - The web application [ROOT] appears to have started a thread named [lettuce-eventExecutorLoop-1-11] but has failed to stop it. This is very likely to create a memory leak. Stack trace of thread:
 sun.misc.Unsafe.park(Native Method)
 java.util.concurrent.locks.LockSupport.park(LockSupport.java:175)
 java.util.concurrent.locks.AbstractQueuedSynchronizer$ConditionObject.await(AbstractQueuedSynchronizer.java:2039)
 java.util.concurrent.LinkedBlockingQueue.take(LinkedBlockingQueue.java:442)
 io.netty.util.concurrent.SingleThreadEventExecutor.takeTask(SingleThreadEventExecutor.java:244)
 io.netty.util.concurrent.DefaultEventExecutor.run(DefaultEventExecutor.java:64)
 io.netty.util.concurrent.SingleThreadEventExecutor$4.run(SingleThreadEventExecutor.java:997)
 io.netty.util.internal.ThreadExecutorMap$2.run(ThreadExecutorMap.java:74)
 io.netty.util.concurrent.FastThreadLocalRunnable.run(FastThreadLocalRunnable.java:30)
 java.lang.Thread.run(Thread.java:748)
2026-06-28 12:02:45.086 [Thread-7] WARN  org.apache.catalina.loader.WebappClassLoaderBase - The web application [ROOT] appears to have started a thread named [lettuce-eventExecutorLoop-1-12] but has failed to stop it. This is very likely to create a memory leak. Stack trace of thread:
 sun.misc.Unsafe.park(Native Method)
 java.util.concurrent.locks.LockSupport.park(LockSupport.java:175)
 java.util.concurrent.locks.AbstractQueuedSynchronizer$ConditionObject.await(AbstractQueuedSynchronizer.java:2039)
 java.util.concurrent.LinkedBlockingQueue.take(LinkedBlockingQueue.java:442)
 io.netty.util.concurrent.SingleThreadEventExecutor.takeTask(SingleThreadEventExecutor.java:244)
 io.netty.util.concurrent.DefaultEventExecutor.run(DefaultEventExecutor.java:64)
 io.netty.util.concurrent.SingleThreadEventExecutor$4.run(SingleThreadEventExecutor.java:997)
 io.netty.util.internal.ThreadExecutorMap$2.run(ThreadExecutorMap.java:74)
 io.netty.util.concurrent.FastThreadLocalRunnable.run(FastThreadLocalRunnable.java:30)
 java.lang.Thread.run(Thread.java:748)
2026-06-28 12:02:45.089 [Thread-7] WARN  org.apache.catalina.loader.WebappClassLoaderBase - The web application [ROOT] appears to have started a thread named [lettuce-eventExecutorLoop-1-13] but has failed to stop it. This is very likely to create a memory leak. Stack trace of thread:
 sun.misc.Unsafe.park(Native Method)
 java.util.concurrent.locks.LockSupport.park(LockSupport.java:175)
 java.util.concurrent.locks.AbstractQueuedSynchronizer$ConditionObject.await(AbstractQueuedSynchronizer.java:2039)
 java.util.concurrent.LinkedBlockingQueue.take(LinkedBlockingQueue.java:442)
 io.netty.util.concurrent.SingleThreadEventExecutor.takeTask(SingleThreadEventExecutor.java:244)
 io.netty.util.concurrent.DefaultEventExecutor.run(DefaultEventExecutor.java:64)
 io.netty.util.concurrent.SingleThreadEventExecutor$4.run(SingleThreadEventExecutor.java:997)
 io.netty.util.internal.ThreadExecutorMap$2.run(ThreadExecutorMap.java:74)
 io.netty.util.concurrent.FastThreadLocalRunnable.run(FastThreadLocalRunnable.java:30)
 java.lang.Thread.run(Thread.java:748)
2026-06-28 12:02:45.090 [Thread-7] WARN  org.apache.catalina.loader.WebappClassLoaderBase - The web application [ROOT] appears to have started a thread named [lettuce-eventExecutorLoop-1-14] but has failed to stop it. This is very likely to create a memory leak. Stack trace of thread:
 sun.misc.Unsafe.park(Native Method)
 java.util.concurrent.locks.LockSupport.park(LockSupport.java:175)
 java.util.concurrent.locks.AbstractQueuedSynchronizer$ConditionObject.await(AbstractQueuedSynchronizer.java:2039)
 java.util.concurrent.LinkedBlockingQueue.take(LinkedBlockingQueue.java:442)
 io.netty.util.concurrent.SingleThreadEventExecutor.takeTask(SingleThreadEventExecutor.java:244)
 io.netty.util.concurrent.DefaultEventExecutor.run(DefaultEventExecutor.java:64)
 io.netty.util.concurrent.SingleThreadEventExecutor$4.run(SingleThreadEventExecutor.java:997)
 io.netty.util.internal.ThreadExecutorMap$2.run(ThreadExecutorMap.java:74)
 io.netty.util.concurrent.FastThreadLocalRunnable.run(FastThreadLocalRunnable.java:30)
 java.lang.Thread.run(Thread.java:748)
2026-06-28 12:02:45.092 [Thread-7] WARN  org.apache.catalina.loader.WebappClassLoaderBase - The web application [ROOT] appears to have started a thread named [lettuce-eventExecutorLoop-1-15] but has failed to stop it. This is very likely to create a memory leak. Stack trace of thread:
 sun.misc.Unsafe.park(Native Method)
 java.util.concurrent.locks.LockSupport.park(LockSupport.java:175)
 java.util.concurrent.locks.AbstractQueuedSynchronizer$ConditionObject.await(AbstractQueuedSynchronizer.java:2039)
 java.util.concurrent.LinkedBlockingQueue.take(LinkedBlockingQueue.java:442)
 io.netty.util.concurrent.SingleThreadEventExecutor.takeTask(SingleThreadEventExecutor.java:244)
 io.netty.util.concurrent.DefaultEventExecutor.run(DefaultEventExecutor.java:64)
 io.netty.util.concurrent.SingleThreadEventExecutor$4.run(SingleThreadEventExecutor.java:997)
 io.netty.util.internal.ThreadExecutorMap$2.run(ThreadExecutorMap.java:74)
 io.netty.util.concurrent.FastThreadLocalRunnable.run(FastThreadLocalRunnable.java:30)
 java.lang.Thread.run(Thread.java:748)
2026-06-28 12:02:45.095 [Thread-7] WARN  org.apache.catalina.loader.WebappClassLoaderBase - The web application [ROOT] appears to have started a thread named [lettuce-eventExecutorLoop-1-16] but has failed to stop it. This is very likely to create a memory leak. Stack trace of thread:
 sun.misc.Unsafe.park(Native Method)
 java.util.concurrent.locks.LockSupport.park(LockSupport.java:175)
 java.util.concurrent.locks.AbstractQueuedSynchronizer$ConditionObject.await(AbstractQueuedSynchronizer.java:2039)
 java.util.concurrent.LinkedBlockingQueue.take(LinkedBlockingQueue.java:442)
 io.netty.util.concurrent.SingleThreadEventExecutor.takeTask(SingleThreadEventExecutor.java:244)
 io.netty.util.concurrent.DefaultEventExecutor.run(DefaultEventExecutor.java:64)
 io.netty.util.concurrent.SingleThreadEventExecutor$4.run(SingleThreadEventExecutor.java:997)
 io.netty.util.internal.ThreadExecutorMap$2.run(ThreadExecutorMap.java:74)
 io.netty.util.concurrent.FastThreadLocalRunnable.run(FastThreadLocalRunnable.java:30)
 java.lang.Thread.run(Thread.java:748)
2026-06-28 12:07:58.254 [Thread-7] WARN  org.apache.catalina.loader.WebappClassLoaderBase - The web application [ROOT] appears to have started a thread named [lettuce-nioEventLoop-4-1] but has failed to stop it. This is very likely to create a memory leak. Stack trace of thread:
 sun.nio.ch.WindowsSelectorImpl$SubSelector.poll0(Native Method)
 sun.nio.ch.WindowsSelectorImpl$SubSelector.poll(WindowsSelectorImpl.java:296)
 sun.nio.ch.WindowsSelectorImpl$SubSelector.access$400(WindowsSelectorImpl.java:278)
 sun.nio.ch.WindowsSelectorImpl.doSelect(WindowsSelectorImpl.java:159)
 sun.nio.ch.SelectorImpl.lockAndDoSelect(SelectorImpl.java:86)
 sun.nio.ch.SelectorImpl.select(SelectorImpl.java:97)
 sun.nio.ch.SelectorImpl.select(SelectorImpl.java:101)
 io.netty.channel.nio.SelectedSelectionKeySetSelector.select(SelectedSelectionKeySetSelector.java:68)
 io.netty.channel.nio.NioEventLoop.select(NioEventLoop.java:879)
 io.netty.channel.nio.NioEventLoop.run(NioEventLoop.java:526)
 io.netty.util.concurrent.SingleThreadEventExecutor$4.run(SingleThreadEventExecutor.java:997)
 io.netty.util.internal.ThreadExecutorMap$2.run(ThreadExecutorMap.java:74)
 io.netty.util.concurrent.FastThreadLocalRunnable.run(FastThreadLocalRunnable.java:30)
 java.lang.Thread.run(Thread.java:748)
2026-06-28 12:07:58.254 [Thread-7] WARN  org.apache.catalina.loader.WebappClassLoaderBase - The web application [ROOT] appears to have started a thread named [lettuce-eventExecutorLoop-1-1] but has failed to stop it. This is very likely to create a memory leak. Stack trace of thread:
 sun.misc.Unsafe.park(Native Method)
 java.util.concurrent.locks.LockSupport.park(LockSupport.java:175)
 java.util.concurrent.locks.AbstractQueuedSynchronizer$ConditionObject.await(AbstractQueuedSynchronizer.java:2039)
 java.util.concurrent.LinkedBlockingQueue.take(LinkedBlockingQueue.java:442)
 io.netty.util.concurrent.SingleThreadEventExecutor.takeTask(SingleThreadEventExecutor.java:244)
 io.netty.util.concurrent.DefaultEventExecutor.run(DefaultEventExecutor.java:64)
 io.netty.util.concurrent.SingleThreadEventExecutor$4.run(SingleThreadEventExecutor.java:997)
 io.netty.util.internal.ThreadExecutorMap$2.run(ThreadExecutorMap.java:74)
 io.netty.util.concurrent.FastThreadLocalRunnable.run(FastThreadLocalRunnable.java:30)
 java.lang.Thread.run(Thread.java:748)
2026-06-28 12:07:58.256 [Thread-7] WARN  org.apache.catalina.loader.WebappClassLoaderBase - The web application [ROOT] appears to have started a thread named [lettuce-eventExecutorLoop-1-2] but has failed to stop it. This is very likely to create a memory leak. Stack trace of thread:
 sun.misc.Unsafe.park(Native Method)
 java.util.concurrent.locks.LockSupport.park(LockSupport.java:175)
 java.util.concurrent.locks.AbstractQueuedSynchronizer$ConditionObject.await(AbstractQueuedSynchronizer.java:2039)
 java.util.concurrent.LinkedBlockingQueue.take(LinkedBlockingQueue.java:442)
 io.netty.util.concurrent.SingleThreadEventExecutor.takeTask(SingleThreadEventExecutor.java:244)
 io.netty.util.concurrent.DefaultEventExecutor.run(DefaultEventExecutor.java:64)
 io.netty.util.concurrent.SingleThreadEventExecutor$4.run(SingleThreadEventExecutor.java:997)
 io.netty.util.internal.ThreadExecutorMap$2.run(ThreadExecutorMap.java:74)
 io.netty.util.concurrent.FastThreadLocalRunnable.run(FastThreadLocalRunnable.java:30)
 java.lang.Thread.run(Thread.java:748)
2026-06-28 12:07:58.257 [Thread-7] WARN  org.apache.catalina.loader.WebappClassLoaderBase - The web application [ROOT] appears to have started a thread named [lettuce-eventExecutorLoop-1-3] but has failed to stop it. This is very likely to create a memory leak. Stack trace of thread:
 sun.misc.Unsafe.park(Native Method)
 java.util.concurrent.locks.LockSupport.park(LockSupport.java:175)
 java.util.concurrent.locks.AbstractQueuedSynchronizer$ConditionObject.await(AbstractQueuedSynchronizer.java:2039)
 java.util.concurrent.LinkedBlockingQueue.take(LinkedBlockingQueue.java:442)
 io.netty.util.concurrent.SingleThreadEventExecutor.takeTask(SingleThreadEventExecutor.java:244)
 io.netty.util.concurrent.DefaultEventExecutor.run(DefaultEventExecutor.java:64)
 io.netty.util.concurrent.SingleThreadEventExecutor$4.run(SingleThreadEventExecutor.java:997)
 io.netty.util.internal.ThreadExecutorMap$2.run(ThreadExecutorMap.java:74)
 io.netty.util.concurrent.FastThreadLocalRunnable.run(FastThreadLocalRunnable.java:30)
 java.lang.Thread.run(Thread.java:748)
2026-06-28 12:07:58.259 [Thread-7] WARN  org.apache.catalina.loader.WebappClassLoaderBase - The web application [ROOT] appears to have started a thread named [lettuce-eventExecutorLoop-1-4] but has failed to stop it. This is very likely to create a memory leak. Stack trace of thread:
 sun.misc.Unsafe.park(Native Method)
 java.util.concurrent.locks.LockSupport.park(LockSupport.java:175)
 java.util.concurrent.locks.AbstractQueuedSynchronizer$ConditionObject.await(AbstractQueuedSynchronizer.java:2039)
 java.util.concurrent.LinkedBlockingQueue.take(LinkedBlockingQueue.java:442)
 io.netty.util.concurrent.SingleThreadEventExecutor.takeTask(SingleThreadEventExecutor.java:244)
 io.netty.util.concurrent.DefaultEventExecutor.run(DefaultEventExecutor.java:64)
 io.netty.util.concurrent.SingleThreadEventExecutor$4.run(SingleThreadEventExecutor.java:997)
 io.netty.util.internal.ThreadExecutorMap$2.run(ThreadExecutorMap.java:74)
 io.netty.util.concurrent.FastThreadLocalRunnable.run(FastThreadLocalRunnable.java:30)
 java.lang.Thread.run(Thread.java:748)
2026-06-28 12:07:58.259 [Thread-7] WARN  org.apache.catalina.loader.WebappClassLoaderBase - The web application [ROOT] appears to have started a thread named [lettuce-eventExecutorLoop-1-5] but has failed to stop it. This is very likely to create a memory leak. Stack trace of thread:
 sun.misc.Unsafe.park(Native Method)
 java.util.concurrent.locks.LockSupport.park(LockSupport.java:175)
 java.util.concurrent.locks.AbstractQueuedSynchronizer$ConditionObject.await(AbstractQueuedSynchronizer.java:2039)
 java.util.concurrent.LinkedBlockingQueue.take(LinkedBlockingQueue.java:442)
 io.netty.util.concurrent.SingleThreadEventExecutor.takeTask(SingleThreadEventExecutor.java:244)
 io.netty.util.concurrent.DefaultEventExecutor.run(DefaultEventExecutor.java:64)
 io.netty.util.concurrent.SingleThreadEventExecutor$4.run(SingleThreadEventExecutor.java:997)
 io.netty.util.internal.ThreadExecutorMap$2.run(ThreadExecutorMap.java:74)
 io.netty.util.concurrent.FastThreadLocalRunnable.run(FastThreadLocalRunnable.java:30)
 java.lang.Thread.run(Thread.java:748)
2026-06-28 12:07:58.259 [Thread-7] WARN  org.apache.catalina.loader.WebappClassLoaderBase - The web application [ROOT] appears to have started a thread named [lettuce-eventExecutorLoop-1-7] but has failed to stop it. This is very likely to create a memory leak. Stack trace of thread:
 sun.misc.Unsafe.park(Native Method)
 java.util.concurrent.locks.LockSupport.park(LockSupport.java:175)
 java.util.concurrent.locks.AbstractQueuedSynchronizer$ConditionObject.await(AbstractQueuedSynchronizer.java:2039)
 java.util.concurrent.LinkedBlockingQueue.take(LinkedBlockingQueue.java:442)
 io.netty.util.concurrent.SingleThreadEventExecutor.takeTask(SingleThreadEventExecutor.java:244)
 io.netty.util.concurrent.DefaultEventExecutor.run(DefaultEventExecutor.java:64)
 io.netty.util.concurrent.SingleThreadEventExecutor$4.run(SingleThreadEventExecutor.java:997)
 io.netty.util.internal.ThreadExecutorMap$2.run(ThreadExecutorMap.java:74)
 io.netty.util.concurrent.FastThreadLocalRunnable.run(FastThreadLocalRunnable.java:30)
 java.lang.Thread.run(Thread.java:748)
2026-06-28 12:07:58.261 [Thread-7] WARN  org.apache.catalina.loader.WebappClassLoaderBase - The web application [ROOT] appears to have started a thread named [lettuce-eventExecutorLoop-1-8] but has failed to stop it. This is very likely to create a memory leak. Stack trace of thread:
 sun.misc.Unsafe.park(Native Method)
 java.util.concurrent.locks.LockSupport.park(LockSupport.java:175)
 java.util.concurrent.locks.AbstractQueuedSynchronizer$ConditionObject.await(AbstractQueuedSynchronizer.java:2039)
 java.util.concurrent.LinkedBlockingQueue.take(LinkedBlockingQueue.java:442)
 io.netty.util.concurrent.SingleThreadEventExecutor.takeTask(SingleThreadEventExecutor.java:244)
 io.netty.util.concurrent.DefaultEventExecutor.run(DefaultEventExecutor.java:64)
 io.netty.util.concurrent.SingleThreadEventExecutor$4.run(SingleThreadEventExecutor.java:997)
 io.netty.util.internal.ThreadExecutorMap$2.run(ThreadExecutorMap.java:74)
 io.netty.util.concurrent.FastThreadLocalRunnable.run(FastThreadLocalRunnable.java:30)
 java.lang.Thread.run(Thread.java:748)
2026-06-28 12:07:58.262 [Thread-7] WARN  org.apache.catalina.loader.WebappClassLoaderBase - The web application [ROOT] appears to have started a thread named [lettuce-eventExecutorLoop-1-6] but has failed to stop it. This is very likely to create a memory leak. Stack trace of thread:
 sun.misc.Unsafe.park(Native Method)
 java.util.concurrent.locks.LockSupport.park(LockSupport.java:175)
 java.util.concurrent.locks.AbstractQueuedSynchronizer$ConditionObject.await(AbstractQueuedSynchronizer.java:2039)
 java.util.concurrent.LinkedBlockingQueue.take(LinkedBlockingQueue.java:442)
 io.netty.util.concurrent.SingleThreadEventExecutor.takeTask(SingleThreadEventExecutor.java:244)
 io.netty.util.concurrent.DefaultEventExecutor.run(DefaultEventExecutor.java:64)
 io.netty.util.concurrent.SingleThreadEventExecutor$4.run(SingleThreadEventExecutor.java:997)
 io.netty.util.internal.ThreadExecutorMap$2.run(ThreadExecutorMap.java:74)
 io.netty.util.concurrent.FastThreadLocalRunnable.run(FastThreadLocalRunnable.java:30)
 java.lang.Thread.run(Thread.java:748)
2026-06-28 12:07:58.264 [Thread-7] WARN  org.apache.catalina.loader.WebappClassLoaderBase - The web application [ROOT] appears to have started a thread named [lettuce-eventExecutorLoop-1-9] but has failed to stop it. This is very likely to create a memory leak. Stack trace of thread:
 sun.misc.Unsafe.park(Native Method)
 java.util.concurrent.locks.LockSupport.park(LockSupport.java:175)
 java.util.concurrent.locks.AbstractQueuedSynchronizer$ConditionObject.await(AbstractQueuedSynchronizer.java:2039)
 java.util.concurrent.LinkedBlockingQueue.take(LinkedBlockingQueue.java:442)
 io.netty.util.concurrent.SingleThreadEventExecutor.takeTask(SingleThreadEventExecutor.java:244)
 io.netty.util.concurrent.DefaultEventExecutor.run(DefaultEventExecutor.java:64)
 io.netty.util.concurrent.SingleThreadEventExecutor$4.run(SingleThreadEventExecutor.java:997)
 io.netty.util.internal.ThreadExecutorMap$2.run(ThreadExecutorMap.java:74)
 io.netty.util.concurrent.FastThreadLocalRunnable.run(FastThreadLocalRunnable.java:30)
 java.lang.Thread.run(Thread.java:748)
2026-06-28 12:07:58.265 [Thread-7] WARN  org.apache.catalina.loader.WebappClassLoaderBase - The web application [ROOT] appears to have started a thread named [lettuce-eventExecutorLoop-1-10] but has failed to stop it. This is very likely to create a memory leak. Stack trace of thread:
 sun.misc.Unsafe.park(Native Method)
 java.util.concurrent.locks.LockSupport.park(LockSupport.java:175)
 java.util.concurrent.locks.AbstractQueuedSynchronizer$ConditionObject.await(AbstractQueuedSynchronizer.java:2039)
 java.util.concurrent.LinkedBlockingQueue.take(LinkedBlockingQueue.java:442)
 io.netty.util.concurrent.SingleThreadEventExecutor.takeTask(SingleThreadEventExecutor.java:244)
 io.netty.util.concurrent.DefaultEventExecutor.run(DefaultEventExecutor.java:64)
 io.netty.util.concurrent.SingleThreadEventExecutor$4.run(SingleThreadEventExecutor.java:997)
 io.netty.util.internal.ThreadExecutorMap$2.run(ThreadExecutorMap.java:74)
 io.netty.util.concurrent.FastThreadLocalRunnable.run(FastThreadLocalRunnable.java:30)
 java.lang.Thread.run(Thread.java:748)
2026-06-28 12:07:58.265 [Thread-7] WARN  org.apache.catalina.loader.WebappClassLoaderBase - The web application [ROOT] appears to have started a thread named [lettuce-eventExecutorLoop-1-11] but has failed to stop it. This is very likely to create a memory leak. Stack trace of thread:
 sun.misc.Unsafe.park(Native Method)
 java.util.concurrent.locks.LockSupport.park(LockSupport.java:175)
 java.util.concurrent.locks.AbstractQueuedSynchronizer$ConditionObject.await(AbstractQueuedSynchronizer.java:2039)
 java.util.concurrent.LinkedBlockingQueue.take(LinkedBlockingQueue.java:442)
 io.netty.util.concurrent.SingleThreadEventExecutor.takeTask(SingleThreadEventExecutor.java:244)
 io.netty.util.concurrent.DefaultEventExecutor.run(DefaultEventExecutor.java:64)
 io.netty.util.concurrent.SingleThreadEventExecutor$4.run(SingleThreadEventExecutor.java:997)
 io.netty.util.internal.ThreadExecutorMap$2.run(ThreadExecutorMap.java:74)
 io.netty.util.concurrent.FastThreadLocalRunnable.run(FastThreadLocalRunnable.java:30)
 java.lang.Thread.run(Thread.java:748)
2026-06-28 12:07:58.267 [Thread-7] WARN  org.apache.catalina.loader.WebappClassLoaderBase - The web application [ROOT] appears to have started a thread named [lettuce-eventExecutorLoop-1-12] but has failed to stop it. This is very likely to create a memory leak. Stack trace of thread:
 sun.misc.Unsafe.park(Native Method)
 java.util.concurrent.locks.LockSupport.park(LockSupport.java:175)
 java.util.concurrent.locks.AbstractQueuedSynchronizer$ConditionObject.await(AbstractQueuedSynchronizer.java:2039)
 java.util.concurrent.LinkedBlockingQueue.take(LinkedBlockingQueue.java:442)
 io.netty.util.concurrent.SingleThreadEventExecutor.takeTask(SingleThreadEventExecutor.java:244)
 io.netty.util.concurrent.DefaultEventExecutor.run(DefaultEventExecutor.java:64)
 io.netty.util.concurrent.SingleThreadEventExecutor$4.run(SingleThreadEventExecutor.java:997)
 io.netty.util.internal.ThreadExecutorMap$2.run(ThreadExecutorMap.java:74)
 io.netty.util.concurrent.FastThreadLocalRunnable.run(FastThreadLocalRunnable.java:30)
 java.lang.Thread.run(Thread.java:748)
2026-06-28 12:07:58.268 [Thread-7] WARN  org.apache.catalina.loader.WebappClassLoaderBase - The web application [ROOT] appears to have started a thread named [lettuce-eventExecutorLoop-1-13] but has failed to stop it. This is very likely to create a memory leak. Stack trace of thread:
 sun.misc.Unsafe.park(Native Method)
 java.util.concurrent.locks.LockSupport.park(LockSupport.java:175)
 java.util.concurrent.locks.AbstractQueuedSynchronizer$ConditionObject.await(AbstractQueuedSynchronizer.java:2039)
 java.util.concurrent.LinkedBlockingQueue.take(LinkedBlockingQueue.java:442)
 io.netty.util.concurrent.SingleThreadEventExecutor.takeTask(SingleThreadEventExecutor.java:244)
 io.netty.util.concurrent.DefaultEventExecutor.run(DefaultEventExecutor.java:64)
 io.netty.util.concurrent.SingleThreadEventExecutor$4.run(SingleThreadEventExecutor.java:997)
 io.netty.util.internal.ThreadExecutorMap$2.run(ThreadExecutorMap.java:74)
 io.netty.util.concurrent.FastThreadLocalRunnable.run(FastThreadLocalRunnable.java:30)
 java.lang.Thread.run(Thread.java:748)
2026-06-28 12:07:58.268 [Thread-7] WARN  org.apache.catalina.loader.WebappClassLoaderBase - The web application [ROOT] appears to have started a thread named [lettuce-eventExecutorLoop-1-14] but has failed to stop it. This is very likely to create a memory leak. Stack trace of thread:
 sun.misc.Unsafe.park(Native Method)
 java.util.concurrent.locks.LockSupport.park(LockSupport.java:175)
 java.util.concurrent.locks.AbstractQueuedSynchronizer$ConditionObject.await(AbstractQueuedSynchronizer.java:2039)
 java.util.concurrent.LinkedBlockingQueue.take(LinkedBlockingQueue.java:442)
 io.netty.util.concurrent.SingleThreadEventExecutor.takeTask(SingleThreadEventExecutor.java:244)
 io.netty.util.concurrent.DefaultEventExecutor.run(DefaultEventExecutor.java:64)
 io.netty.util.concurrent.SingleThreadEventExecutor$4.run(SingleThreadEventExecutor.java:997)
 io.netty.util.internal.ThreadExecutorMap$2.run(ThreadExecutorMap.java:74)
 io.netty.util.concurrent.FastThreadLocalRunnable.run(FastThreadLocalRunnable.java:30)
 java.lang.Thread.run(Thread.java:748)
2026-06-28 12:07:58.270 [Thread-7] WARN  org.apache.catalina.loader.WebappClassLoaderBase - The web application [ROOT] appears to have started a thread named [lettuce-eventExecutorLoop-1-15] but has failed to stop it. This is very likely to create a memory leak. Stack trace of thread:
 sun.misc.Unsafe.park(Native Method)
 java.util.concurrent.locks.LockSupport.park(LockSupport.java:175)
 java.util.concurrent.locks.AbstractQueuedSynchronizer$ConditionObject.await(AbstractQueuedSynchronizer.java:2039)
 java.util.concurrent.LinkedBlockingQueue.take(LinkedBlockingQueue.java:442)
 io.netty.util.concurrent.SingleThreadEventExecutor.takeTask(SingleThreadEventExecutor.java:244)
 io.netty.util.concurrent.DefaultEventExecutor.run(DefaultEventExecutor.java:64)
 io.netty.util.concurrent.SingleThreadEventExecutor$4.run(SingleThreadEventExecutor.java:997)
 io.netty.util.internal.ThreadExecutorMap$2.run(ThreadExecutorMap.java:74)
 io.netty.util.concurrent.FastThreadLocalRunnable.run(FastThreadLocalRunnable.java:30)
 java.lang.Thread.run(Thread.java:748)
2026-06-28 12:31:45.743 [RMI TCP Accept-0] WARN  sun.rmi.transport.tcp - RMI TCP Accept-0: accept loop for ServerSocket[addr=0.0.0.0/0.0.0.0,localport=61215] throws
java.io.IOException: The server sockets created using the LocalRMIServerSocketFactory only accept connections from clients running on the host where the RMI remote objects have been exported.
	at sun.management.jmxremote.LocalRMIServerSocketFactory$1.accept(LocalRMIServerSocketFactory.java:114)
	at sun.rmi.transport.tcp.TCPTransport$AcceptLoop.executeAcceptLoop(TCPTransport.java:405)
	at sun.rmi.transport.tcp.TCPTransport$AcceptLoop.run(TCPTransport.java:377)
	at java.lang.Thread.run(Thread.java:748)
2026-06-28 12:31:48.826 [RMI TCP Accept-0] WARN  sun.rmi.transport.tcp - RMI TCP Accept-0: accept loop for ServerSocket[addr=0.0.0.0/0.0.0.0,localport=61215] throws
java.io.IOException: The server sockets created using the LocalRMIServerSocketFactory only accept connections from clients running on the host where the RMI remote objects have been exported.
	at sun.management.jmxremote.LocalRMIServerSocketFactory$1.accept(LocalRMIServerSocketFactory.java:114)
	at sun.rmi.transport.tcp.TCPTransport$AcceptLoop.executeAcceptLoop(TCPTransport.java:405)
	at sun.rmi.transport.tcp.TCPTransport$AcceptLoop.run(TCPTransport.java:377)
	at java.lang.Thread.run(Thread.java:748)
2026-06-28 12:58:20.815 [Thread-7] WARN  org.apache.catalina.loader.WebappClassLoaderBase - The web application [ROOT] appears to have started a thread named [lettuce-nioEventLoop-4-1] but has failed to stop it. This is very likely to create a memory leak. Stack trace of thread:
 sun.nio.ch.WindowsSelectorImpl$SubSelector.poll0(Native Method)
 sun.nio.ch.WindowsSelectorImpl$SubSelector.poll(WindowsSelectorImpl.java:296)
 sun.nio.ch.WindowsSelectorImpl$SubSelector.access$400(WindowsSelectorImpl.java:278)
 sun.nio.ch.WindowsSelectorImpl.doSelect(WindowsSelectorImpl.java:159)
 sun.nio.ch.SelectorImpl.lockAndDoSelect(SelectorImpl.java:86)
 sun.nio.ch.SelectorImpl.select(SelectorImpl.java:97)
 sun.nio.ch.SelectorImpl.select(SelectorImpl.java:101)
 io.netty.channel.nio.SelectedSelectionKeySetSelector.select(SelectedSelectionKeySetSelector.java:68)
 io.netty.channel.nio.NioEventLoop.select(NioEventLoop.java:879)
 io.netty.channel.nio.NioEventLoop.run(NioEventLoop.java:526)
 io.netty.util.concurrent.SingleThreadEventExecutor$4.run(SingleThreadEventExecutor.java:997)
 io.netty.util.internal.ThreadExecutorMap$2.run(ThreadExecutorMap.java:74)
 io.netty.util.concurrent.FastThreadLocalRunnable.run(FastThreadLocalRunnable.java:30)
 java.lang.Thread.run(Thread.java:748)
2026-06-28 12:58:20.816 [Thread-7] WARN  org.apache.catalina.loader.WebappClassLoaderBase - The web application [ROOT] appears to have started a thread named [lettuce-eventExecutorLoop-1-1] but has failed to stop it. This is very likely to create a memory leak. Stack trace of thread:
 sun.misc.Unsafe.park(Native Method)
 java.util.concurrent.locks.LockSupport.park(LockSupport.java:175)
 java.util.concurrent.locks.AbstractQueuedSynchronizer$ConditionObject.await(AbstractQueuedSynchronizer.java:2039)
 java.util.concurrent.LinkedBlockingQueue.take(LinkedBlockingQueue.java:442)
 io.netty.util.concurrent.SingleThreadEventExecutor.takeTask(SingleThreadEventExecutor.java:244)
 io.netty.util.concurrent.DefaultEventExecutor.run(DefaultEventExecutor.java:64)
 io.netty.util.concurrent.SingleThreadEventExecutor$4.run(SingleThreadEventExecutor.java:997)
 io.netty.util.internal.ThreadExecutorMap$2.run(ThreadExecutorMap.java:74)
 io.netty.util.concurrent.FastThreadLocalRunnable.run(FastThreadLocalRunnable.java:30)
 java.lang.Thread.run(Thread.java:748)
2026-06-28 12:58:20.818 [Thread-7] WARN  org.apache.catalina.loader.WebappClassLoaderBase - The web application [ROOT] appears to have started a thread named [lettuce-eventExecutorLoop-1-3] but has failed to stop it. This is very likely to create a memory leak. Stack trace of thread:
 sun.misc.Unsafe.park(Native Method)
 java.util.concurrent.locks.LockSupport.park(LockSupport.java:175)
 java.util.concurrent.locks.AbstractQueuedSynchronizer$ConditionObject.await(AbstractQueuedSynchronizer.java:2039)
 java.util.concurrent.LinkedBlockingQueue.take(LinkedBlockingQueue.java:442)
 io.netty.util.concurrent.SingleThreadEventExecutor.takeTask(SingleThreadEventExecutor.java:244)
 io.netty.util.concurrent.DefaultEventExecutor.run(DefaultEventExecutor.java:64)
 io.netty.util.concurrent.SingleThreadEventExecutor$4.run(SingleThreadEventExecutor.java:997)
 io.netty.util.internal.ThreadExecutorMap$2.run(ThreadExecutorMap.java:74)
 io.netty.util.concurrent.FastThreadLocalRunnable.run(FastThreadLocalRunnable.java:30)
 java.lang.Thread.run(Thread.java:748)
2026-06-28 12:58:20.819 [Thread-7] WARN  org.apache.catalina.loader.WebappClassLoaderBase - The web application [ROOT] appears to have started a thread named [lettuce-eventExecutorLoop-1-2] but has failed to stop it. This is very likely to create a memory leak. Stack trace of thread:
 sun.misc.Unsafe.park(Native Method)
 java.util.concurrent.locks.LockSupport.park(LockSupport.java:175)
 java.util.concurrent.locks.AbstractQueuedSynchronizer$ConditionObject.await(AbstractQueuedSynchronizer.java:2039)
 java.util.concurrent.LinkedBlockingQueue.take(LinkedBlockingQueue.java:442)
 io.netty.util.concurrent.SingleThreadEventExecutor.takeTask(SingleThreadEventExecutor.java:244)
 io.netty.util.concurrent.DefaultEventExecutor.run(DefaultEventExecutor.java:64)
 io.netty.util.concurrent.SingleThreadEventExecutor$4.run(SingleThreadEventExecutor.java:997)
 io.netty.util.internal.ThreadExecutorMap$2.run(ThreadExecutorMap.java:74)
 io.netty.util.concurrent.FastThreadLocalRunnable.run(FastThreadLocalRunnable.java:30)
 java.lang.Thread.run(Thread.java:748)
2026-06-28 12:58:20.821 [Thread-7] WARN  org.apache.catalina.loader.WebappClassLoaderBase - The web application [ROOT] appears to have started a thread named [lettuce-eventExecutorLoop-1-4] but has failed to stop it. This is very likely to create a memory leak. Stack trace of thread:
 sun.misc.Unsafe.park(Native Method)
 java.util.concurrent.locks.LockSupport.park(LockSupport.java:175)
 java.util.concurrent.locks.AbstractQueuedSynchronizer$ConditionObject.await(AbstractQueuedSynchronizer.java:2039)
 java.util.concurrent.LinkedBlockingQueue.take(LinkedBlockingQueue.java:442)
 io.netty.util.concurrent.SingleThreadEventExecutor.takeTask(SingleThreadEventExecutor.java:244)
 io.netty.util.concurrent.DefaultEventExecutor.run(DefaultEventExecutor.java:64)
 io.netty.util.concurrent.SingleThreadEventExecutor$4.run(SingleThreadEventExecutor.java:997)
 io.netty.util.internal.ThreadExecutorMap$2.run(ThreadExecutorMap.java:74)
 io.netty.util.concurrent.FastThreadLocalRunnable.run(FastThreadLocalRunnable.java:30)
 java.lang.Thread.run(Thread.java:748)
2026-06-28 12:58:20.821 [Thread-7] WARN  org.apache.catalina.loader.WebappClassLoaderBase - The web application [ROOT] appears to have started a thread named [lettuce-eventExecutorLoop-1-5] but has failed to stop it. This is very likely to create a memory leak. Stack trace of thread:
 sun.misc.Unsafe.park(Native Method)
 java.util.concurrent.locks.LockSupport.park(LockSupport.java:175)
 java.util.concurrent.locks.AbstractQueuedSynchronizer$ConditionObject.await(AbstractQueuedSynchronizer.java:2039)
 java.util.concurrent.LinkedBlockingQueue.take(LinkedBlockingQueue.java:442)
 io.netty.util.concurrent.SingleThreadEventExecutor.takeTask(SingleThreadEventExecutor.java:244)
 io.netty.util.concurrent.DefaultEventExecutor.run(DefaultEventExecutor.java:64)
 io.netty.util.concurrent.SingleThreadEventExecutor$4.run(SingleThreadEventExecutor.java:997)
 io.netty.util.internal.ThreadExecutorMap$2.run(ThreadExecutorMap.java:74)
 io.netty.util.concurrent.FastThreadLocalRunnable.run(FastThreadLocalRunnable.java:30)
 java.lang.Thread.run(Thread.java:748)
2026-06-28 12:58:20.823 [Thread-7] WARN  org.apache.catalina.loader.WebappClassLoaderBase - The web application [ROOT] appears to have started a thread named [lettuce-eventExecutorLoop-1-7] but has failed to stop it. This is very likely to create a memory leak. Stack trace of thread:
 sun.misc.Unsafe.park(Native Method)
 java.util.concurrent.locks.LockSupport.park(LockSupport.java:175)
 java.util.concurrent.locks.AbstractQueuedSynchronizer$ConditionObject.await(AbstractQueuedSynchronizer.java:2039)
 java.util.concurrent.LinkedBlockingQueue.take(LinkedBlockingQueue.java:442)
 io.netty.util.concurrent.SingleThreadEventExecutor.takeTask(SingleThreadEventExecutor.java:244)
 io.netty.util.concurrent.DefaultEventExecutor.run(DefaultEventExecutor.java:64)
 io.netty.util.concurrent.SingleThreadEventExecutor$4.run(SingleThreadEventExecutor.java:997)
 io.netty.util.internal.ThreadExecutorMap$2.run(ThreadExecutorMap.java:74)
 io.netty.util.concurrent.FastThreadLocalRunnable.run(FastThreadLocalRunnable.java:30)
 java.lang.Thread.run(Thread.java:748)
2026-06-28 12:58:20.825 [Thread-7] WARN  org.apache.catalina.loader.WebappClassLoaderBase - The web application [ROOT] appears to have started a thread named [lettuce-eventExecutorLoop-1-6] but has failed to stop it. This is very likely to create a memory leak. Stack trace of thread:
 sun.misc.Unsafe.park(Native Method)
 java.util.concurrent.locks.LockSupport.park(LockSupport.java:175)
 java.util.concurrent.locks.AbstractQueuedSynchronizer$ConditionObject.await(AbstractQueuedSynchronizer.java:2039)
 java.util.concurrent.LinkedBlockingQueue.take(LinkedBlockingQueue.java:442)
 io.netty.util.concurrent.SingleThreadEventExecutor.takeTask(SingleThreadEventExecutor.java:244)
 io.netty.util.concurrent.DefaultEventExecutor.run(DefaultEventExecutor.java:64)
 io.netty.util.concurrent.SingleThreadEventExecutor$4.run(SingleThreadEventExecutor.java:997)
 io.netty.util.internal.ThreadExecutorMap$2.run(ThreadExecutorMap.java:74)
 io.netty.util.concurrent.FastThreadLocalRunnable.run(FastThreadLocalRunnable.java:30)
 java.lang.Thread.run(Thread.java:748)
2026-06-28 12:58:20.827 [Thread-7] WARN  org.apache.catalina.loader.WebappClassLoaderBase - The web application [ROOT] appears to have started a thread named [lettuce-eventExecutorLoop-1-8] but has failed to stop it. This is very likely to create a memory leak. Stack trace of thread:
 sun.misc.Unsafe.park(Native Method)
 java.util.concurrent.locks.LockSupport.park(LockSupport.java:175)
 java.util.concurrent.locks.AbstractQueuedSynchronizer$ConditionObject.await(AbstractQueuedSynchronizer.java:2039)
 java.util.concurrent.LinkedBlockingQueue.take(LinkedBlockingQueue.java:442)
 io.netty.util.concurrent.SingleThreadEventExecutor.takeTask(SingleThreadEventExecutor.java:244)
 io.netty.util.concurrent.DefaultEventExecutor.run(DefaultEventExecutor.java:64)
 io.netty.util.concurrent.SingleThreadEventExecutor$4.run(SingleThreadEventExecutor.java:997)
 io.netty.util.internal.ThreadExecutorMap$2.run(ThreadExecutorMap.java:74)
 io.netty.util.concurrent.FastThreadLocalRunnable.run(FastThreadLocalRunnable.java:30)
 java.lang.Thread.run(Thread.java:748)
2026-06-28 12:58:20.827 [Thread-7] WARN  org.apache.catalina.loader.WebappClassLoaderBase - The web application [ROOT] appears to have started a thread named [lettuce-eventExecutorLoop-1-9] but has failed to stop it. This is very likely to create a memory leak. Stack trace of thread:
 sun.misc.Unsafe.park(Native Method)
 java.util.concurrent.locks.LockSupport.park(LockSupport.java:175)
 java.util.concurrent.locks.AbstractQueuedSynchronizer$ConditionObject.await(AbstractQueuedSynchronizer.java:2039)
 java.util.concurrent.LinkedBlockingQueue.take(LinkedBlockingQueue.java:442)
 io.netty.util.concurrent.SingleThreadEventExecutor.takeTask(SingleThreadEventExecutor.java:244)
 io.netty.util.concurrent.DefaultEventExecutor.run(DefaultEventExecutor.java:64)
 io.netty.util.concurrent.SingleThreadEventExecutor$4.run(SingleThreadEventExecutor.java:997)
 io.netty.util.internal.ThreadExecutorMap$2.run(ThreadExecutorMap.java:74)
 io.netty.util.concurrent.FastThreadLocalRunnable.run(FastThreadLocalRunnable.java:30)
 java.lang.Thread.run(Thread.java:748)
2026-06-28 12:58:20.828 [Thread-7] WARN  org.apache.catalina.loader.WebappClassLoaderBase - The web application [ROOT] appears to have started a thread named [lettuce-eventExecutorLoop-1-10] but has failed to stop it. This is very likely to create a memory leak. Stack trace of thread:
 sun.misc.Unsafe.park(Native Method)
 java.util.concurrent.locks.LockSupport.park(LockSupport.java:175)
 java.util.concurrent.locks.AbstractQueuedSynchronizer$ConditionObject.await(AbstractQueuedSynchronizer.java:2039)
 java.util.concurrent.LinkedBlockingQueue.take(LinkedBlockingQueue.java:442)
 io.netty.util.concurrent.SingleThreadEventExecutor.takeTask(SingleThreadEventExecutor.java:244)
 io.netty.util.concurrent.DefaultEventExecutor.run(DefaultEventExecutor.java:64)
 io.netty.util.concurrent.SingleThreadEventExecutor$4.run(SingleThreadEventExecutor.java:997)
 io.netty.util.internal.ThreadExecutorMap$2.run(ThreadExecutorMap.java:74)
 io.netty.util.concurrent.FastThreadLocalRunnable.run(FastThreadLocalRunnable.java:30)
 java.lang.Thread.run(Thread.java:748)
2026-06-28 12:58:20.829 [Thread-7] WARN  org.apache.catalina.loader.WebappClassLoaderBase - The web application [ROOT] appears to have started a thread named [System Clock] but has failed to stop it. This is very likely to create a memory leak. Stack trace of thread:
 sun.misc.Unsafe.park(Native Method)
 java.util.concurrent.locks.LockSupport.parkNanos(LockSupport.java:215)
 java.util.concurrent.locks.AbstractQueuedSynchronizer$ConditionObject.awaitNanos(AbstractQueuedSynchronizer.java:2078)
 java.util.concurrent.ScheduledThreadPoolExecutor$DelayedWorkQueue.take(ScheduledThreadPoolExecutor.java:1093)
 java.util.concurrent.ScheduledThreadPoolExecutor$DelayedWorkQueue.take(ScheduledThreadPoolExecutor.java:809)
 java.util.concurrent.ThreadPoolExecutor.getTask(ThreadPoolExecutor.java:1074)
 java.util.concurrent.ThreadPoolExecutor.runWorker(ThreadPoolExecutor.java:1134)
 java.util.concurrent.ThreadPoolExecutor$Worker.run(ThreadPoolExecutor.java:624)
 java.lang.Thread.run(Thread.java:748)
2026-06-28 12:58:20.829 [Thread-7] WARN  org.apache.catalina.loader.WebappClassLoaderBase - The web application [ROOT] appears to have started a thread named [lettuce-eventExecutorLoop-1-11] but has failed to stop it. This is very likely to create a memory leak. Stack trace of thread:
 sun.misc.Unsafe.park(Native Method)
 java.util.concurrent.locks.LockSupport.park(LockSupport.java:175)
 java.util.concurrent.locks.AbstractQueuedSynchronizer$ConditionObject.await(AbstractQueuedSynchronizer.java:2039)
 java.util.concurrent.LinkedBlockingQueue.take(LinkedBlockingQueue.java:442)
 io.netty.util.concurrent.SingleThreadEventExecutor.takeTask(SingleThreadEventExecutor.java:244)
 io.netty.util.concurrent.DefaultEventExecutor.run(DefaultEventExecutor.java:64)
 io.netty.util.concurrent.SingleThreadEventExecutor$4.run(SingleThreadEventExecutor.java:997)
 io.netty.util.internal.ThreadExecutorMap$2.run(ThreadExecutorMap.java:74)
 io.netty.util.concurrent.FastThreadLocalRunnable.run(FastThreadLocalRunnable.java:30)
 java.lang.Thread.run(Thread.java:748)
2026-06-28 12:58:20.829 [Thread-7] WARN  org.apache.catalina.loader.WebappClassLoaderBase - The web application [ROOT] appears to have started a thread named [lettuce-eventExecutorLoop-1-12] but has failed to stop it. This is very likely to create a memory leak. Stack trace of thread:
 sun.misc.Unsafe.park(Native Method)
 java.util.concurrent.locks.LockSupport.park(LockSupport.java:175)
 java.util.concurrent.locks.AbstractQueuedSynchronizer$ConditionObject.await(AbstractQueuedSynchronizer.java:2039)
 java.util.concurrent.LinkedBlockingQueue.take(LinkedBlockingQueue.java:442)
 io.netty.util.concurrent.SingleThreadEventExecutor.takeTask(SingleThreadEventExecutor.java:244)
 io.netty.util.concurrent.DefaultEventExecutor.run(DefaultEventExecutor.java:64)
 io.netty.util.concurrent.SingleThreadEventExecutor$4.run(SingleThreadEventExecutor.java:997)
 io.netty.util.internal.ThreadExecutorMap$2.run(ThreadExecutorMap.java:74)
 io.netty.util.concurrent.FastThreadLocalRunnable.run(FastThreadLocalRunnable.java:30)
 java.lang.Thread.run(Thread.java:748)
2026-06-28 12:58:20.832 [Thread-7] WARN  org.apache.catalina.loader.WebappClassLoaderBase - The web application [ROOT] appears to have started a thread named [lettuce-eventExecutorLoop-1-13] but has failed to stop it. This is very likely to create a memory leak. Stack trace of thread:
 sun.misc.Unsafe.park(Native Method)
 java.util.concurrent.locks.LockSupport.park(LockSupport.java:175)
 java.util.concurrent.locks.AbstractQueuedSynchronizer$ConditionObject.await(AbstractQueuedSynchronizer.java:2039)
 java.util.concurrent.LinkedBlockingQueue.take(LinkedBlockingQueue.java:442)
 io.netty.util.concurrent.SingleThreadEventExecutor.takeTask(SingleThreadEventExecutor.java:244)
 io.netty.util.concurrent.DefaultEventExecutor.run(DefaultEventExecutor.java:64)
 io.netty.util.concurrent.SingleThreadEventExecutor$4.run(SingleThreadEventExecutor.java:997)
 io.netty.util.internal.ThreadExecutorMap$2.run(ThreadExecutorMap.java:74)
 io.netty.util.concurrent.FastThreadLocalRunnable.run(FastThreadLocalRunnable.java:30)
 java.lang.Thread.run(Thread.java:748)
2026-06-28 12:58:20.832 [Thread-7] WARN  org.apache.catalina.loader.WebappClassLoaderBase - The web application [ROOT] appears to have started a thread named [lettuce-eventExecutorLoop-1-14] but has failed to stop it. This is very likely to create a memory leak. Stack trace of thread:
 sun.misc.Unsafe.park(Native Method)
 java.util.concurrent.locks.LockSupport.park(LockSupport.java:175)
 java.util.concurrent.locks.AbstractQueuedSynchronizer$ConditionObject.await(AbstractQueuedSynchronizer.java:2039)
 java.util.concurrent.LinkedBlockingQueue.take(LinkedBlockingQueue.java:442)
 io.netty.util.concurrent.SingleThreadEventExecutor.takeTask(SingleThreadEventExecutor.java:244)
 io.netty.util.concurrent.DefaultEventExecutor.run(DefaultEventExecutor.java:64)
 io.netty.util.concurrent.SingleThreadEventExecutor$4.run(SingleThreadEventExecutor.java:997)
 io.netty.util.internal.ThreadExecutorMap$2.run(ThreadExecutorMap.java:74)
 io.netty.util.concurrent.FastThreadLocalRunnable.run(FastThreadLocalRunnable.java:30)
 java.lang.Thread.run(Thread.java:748)
2026-06-28 12:58:20.833 [Thread-7] WARN  org.apache.catalina.loader.WebappClassLoaderBase - The web application [ROOT] appears to have started a thread named [lettuce-eventExecutorLoop-1-15] but has failed to stop it. This is very likely to create a memory leak. Stack trace of thread:
 sun.misc.Unsafe.park(Native Method)
 java.util.concurrent.locks.LockSupport.park(LockSupport.java:175)
 java.util.concurrent.locks.AbstractQueuedSynchronizer$ConditionObject.await(AbstractQueuedSynchronizer.java:2039)
 java.util.concurrent.LinkedBlockingQueue.take(LinkedBlockingQueue.java:442)
 io.netty.util.concurrent.SingleThreadEventExecutor.takeTask(SingleThreadEventExecutor.java:244)
 io.netty.util.concurrent.DefaultEventExecutor.run(DefaultEventExecutor.java:64)
 io.netty.util.concurrent.SingleThreadEventExecutor$4.run(SingleThreadEventExecutor.java:997)
 io.netty.util.internal.ThreadExecutorMap$2.run(ThreadExecutorMap.java:74)
 io.netty.util.concurrent.FastThreadLocalRunnable.run(FastThreadLocalRunnable.java:30)
 java.lang.Thread.run(Thread.java:748)
2026-06-28 13:00:33.769 [Thread-7] WARN  org.apache.catalina.loader.WebappClassLoaderBase - The web application [ROOT] appears to have started a thread named [System Clock] but has failed to stop it. This is very likely to create a memory leak. Stack trace of thread:
 sun.misc.Unsafe.park(Native Method)
 java.util.concurrent.locks.LockSupport.parkNanos(LockSupport.java:215)
 java.util.concurrent.locks.AbstractQueuedSynchronizer$ConditionObject.awaitNanos(AbstractQueuedSynchronizer.java:2078)
 java.util.concurrent.ScheduledThreadPoolExecutor$DelayedWorkQueue.take(ScheduledThreadPoolExecutor.java:1093)
 java.util.concurrent.ScheduledThreadPoolExecutor$DelayedWorkQueue.take(ScheduledThreadPoolExecutor.java:809)
 java.util.concurrent.ThreadPoolExecutor.getTask(ThreadPoolExecutor.java:1074)
 java.util.concurrent.ThreadPoolExecutor.runWorker(ThreadPoolExecutor.java:1134)
 java.util.concurrent.ThreadPoolExecutor$Worker.run(ThreadPoolExecutor.java:624)
 java.lang.Thread.run(Thread.java:748)
2026-06-28 13:00:33.771 [Thread-7] WARN  org.apache.catalina.loader.WebappClassLoaderBase - The web application [ROOT] appears to have started a thread named [lettuce-nioEventLoop-4-1] but has failed to stop it. This is very likely to create a memory leak. Stack trace of thread:
 sun.nio.ch.WindowsSelectorImpl$SubSelector.poll0(Native Method)
 sun.nio.ch.WindowsSelectorImpl$SubSelector.poll(WindowsSelectorImpl.java:296)
 sun.nio.ch.WindowsSelectorImpl$SubSelector.access$400(WindowsSelectorImpl.java:278)
 sun.nio.ch.WindowsSelectorImpl.doSelect(WindowsSelectorImpl.java:159)
 sun.nio.ch.SelectorImpl.lockAndDoSelect(SelectorImpl.java:86)
 sun.nio.ch.SelectorImpl.select(SelectorImpl.java:97)
 sun.nio.ch.SelectorImpl.select(SelectorImpl.java:101)
 io.netty.channel.nio.SelectedSelectionKeySetSelector.select(SelectedSelectionKeySetSelector.java:68)
 io.netty.channel.nio.NioEventLoop.select(NioEventLoop.java:879)
 io.netty.channel.nio.NioEventLoop.run(NioEventLoop.java:526)
 io.netty.util.concurrent.SingleThreadEventExecutor$4.run(SingleThreadEventExecutor.java:997)
 io.netty.util.internal.ThreadExecutorMap$2.run(ThreadExecutorMap.java:74)
 io.netty.util.concurrent.FastThreadLocalRunnable.run(FastThreadLocalRunnable.java:30)
 java.lang.Thread.run(Thread.java:748)
2026-06-28 13:00:33.772 [Thread-7] WARN  org.apache.catalina.loader.WebappClassLoaderBase - The web application [ROOT] appears to have started a thread named [lettuce-eventExecutorLoop-1-4] but has failed to stop it. This is very likely to create a memory leak. Stack trace of thread:
 sun.misc.Unsafe.park(Native Method)
 java.util.concurrent.locks.LockSupport.park(LockSupport.java:175)
 java.util.concurrent.locks.AbstractQueuedSynchronizer$ConditionObject.await(AbstractQueuedSynchronizer.java:2039)
 java.util.concurrent.LinkedBlockingQueue.take(LinkedBlockingQueue.java:442)
 io.netty.util.concurrent.SingleThreadEventExecutor.takeTask(SingleThreadEventExecutor.java:244)
 io.netty.util.concurrent.DefaultEventExecutor.run(DefaultEventExecutor.java:64)
 io.netty.util.concurrent.SingleThreadEventExecutor$4.run(SingleThreadEventExecutor.java:997)
 io.netty.util.internal.ThreadExecutorMap$2.run(ThreadExecutorMap.java:74)
 io.netty.util.concurrent.FastThreadLocalRunnable.run(FastThreadLocalRunnable.java:30)
 java.lang.Thread.run(Thread.java:748)
2026-06-28 13:00:33.773 [Thread-7] WARN  org.apache.catalina.loader.WebappClassLoaderBase - The web application [ROOT] appears to have started a thread named [lettuce-eventExecutorLoop-1-2] but has failed to stop it. This is very likely to create a memory leak. Stack trace of thread:
 sun.misc.Unsafe.park(Native Method)
 java.util.concurrent.locks.LockSupport.park(LockSupport.java:175)
 java.util.concurrent.locks.AbstractQueuedSynchronizer$ConditionObject.await(AbstractQueuedSynchronizer.java:2039)
 java.util.concurrent.LinkedBlockingQueue.take(LinkedBlockingQueue.java:442)
 io.netty.util.concurrent.SingleThreadEventExecutor.takeTask(SingleThreadEventExecutor.java:244)
 io.netty.util.concurrent.DefaultEventExecutor.run(DefaultEventExecutor.java:64)
 io.netty.util.concurrent.SingleThreadEventExecutor$4.run(SingleThreadEventExecutor.java:997)
 io.netty.util.internal.ThreadExecutorMap$2.run(ThreadExecutorMap.java:74)
 io.netty.util.concurrent.FastThreadLocalRunnable.run(FastThreadLocalRunnable.java:30)
 java.lang.Thread.run(Thread.java:748)
2026-06-28 13:00:33.774 [Thread-7] WARN  org.apache.catalina.loader.WebappClassLoaderBase - The web application [ROOT] appears to have started a thread named [lettuce-eventExecutorLoop-1-5] but has failed to stop it. This is very likely to create a memory leak. Stack trace of thread:
 sun.misc.Unsafe.park(Native Method)
 java.util.concurrent.locks.LockSupport.park(LockSupport.java:175)
 java.util.concurrent.locks.AbstractQueuedSynchronizer$ConditionObject.await(AbstractQueuedSynchronizer.java:2039)
 java.util.concurrent.LinkedBlockingQueue.take(LinkedBlockingQueue.java:442)
 io.netty.util.concurrent.SingleThreadEventExecutor.takeTask(SingleThreadEventExecutor.java:244)
 io.netty.util.concurrent.DefaultEventExecutor.run(DefaultEventExecutor.java:64)
 io.netty.util.concurrent.SingleThreadEventExecutor$4.run(SingleThreadEventExecutor.java:997)
 io.netty.util.internal.ThreadExecutorMap$2.run(ThreadExecutorMap.java:74)
 io.netty.util.concurrent.FastThreadLocalRunnable.run(FastThreadLocalRunnable.java:30)
 java.lang.Thread.run(Thread.java:748)
2026-06-28 13:00:33.774 [Thread-7] WARN  org.apache.catalina.loader.WebappClassLoaderBase - The web application [ROOT] appears to have started a thread named [lettuce-eventExecutorLoop-1-1] but has failed to stop it. This is very likely to create a memory leak. Stack trace of thread:
 sun.misc.Unsafe.park(Native Method)
 java.util.concurrent.locks.LockSupport.park(LockSupport.java:175)
 java.util.concurrent.locks.AbstractQueuedSynchronizer$ConditionObject.await(AbstractQueuedSynchronizer.java:2039)
 java.util.concurrent.LinkedBlockingQueue.take(LinkedBlockingQueue.java:442)
 io.netty.util.concurrent.SingleThreadEventExecutor.takeTask(SingleThreadEventExecutor.java:244)
 io.netty.util.concurrent.DefaultEventExecutor.run(DefaultEventExecutor.java:64)
 io.netty.util.concurrent.SingleThreadEventExecutor$4.run(SingleThreadEventExecutor.java:997)
 io.netty.util.internal.ThreadExecutorMap$2.run(ThreadExecutorMap.java:74)
 io.netty.util.concurrent.FastThreadLocalRunnable.run(FastThreadLocalRunnable.java:30)
 java.lang.Thread.run(Thread.java:748)
2026-06-28 13:00:33.775 [Thread-7] WARN  org.apache.catalina.loader.WebappClassLoaderBase - The web application [ROOT] appears to have started a thread named [lettuce-eventExecutorLoop-1-3] but has failed to stop it. This is very likely to create a memory leak. Stack trace of thread:
 sun.misc.Unsafe.park(Native Method)
 java.util.concurrent.locks.LockSupport.park(LockSupport.java:175)
 java.util.concurrent.locks.AbstractQueuedSynchronizer$ConditionObject.await(AbstractQueuedSynchronizer.java:2039)
 java.util.concurrent.LinkedBlockingQueue.take(LinkedBlockingQueue.java:442)
 io.netty.util.concurrent.SingleThreadEventExecutor.takeTask(SingleThreadEventExecutor.java:244)
 io.netty.util.concurrent.DefaultEventExecutor.run(DefaultEventExecutor.java:64)
 io.netty.util.concurrent.SingleThreadEventExecutor$4.run(SingleThreadEventExecutor.java:997)
 io.netty.util.internal.ThreadExecutorMap$2.run(ThreadExecutorMap.java:74)
 io.netty.util.concurrent.FastThreadLocalRunnable.run(FastThreadLocalRunnable.java:30)
 java.lang.Thread.run(Thread.java:748)
2026-06-28 13:00:33.775 [Thread-7] WARN  org.apache.catalina.loader.WebappClassLoaderBase - The web application [ROOT] appears to have started a thread named [lettuce-eventExecutorLoop-1-6] but has failed to stop it. This is very likely to create a memory leak. Stack trace of thread:
 sun.misc.Unsafe.park(Native Method)
 java.util.concurrent.locks.LockSupport.park(LockSupport.java:175)
 java.util.concurrent.locks.AbstractQueuedSynchronizer$ConditionObject.await(AbstractQueuedSynchronizer.java:2039)
 java.util.concurrent.LinkedBlockingQueue.take(LinkedBlockingQueue.java:442)
 io.netty.util.concurrent.SingleThreadEventExecutor.takeTask(SingleThreadEventExecutor.java:244)
 io.netty.util.concurrent.DefaultEventExecutor.run(DefaultEventExecutor.java:64)
 io.netty.util.concurrent.SingleThreadEventExecutor$4.run(SingleThreadEventExecutor.java:997)
 io.netty.util.internal.ThreadExecutorMap$2.run(ThreadExecutorMap.java:74)
 io.netty.util.concurrent.FastThreadLocalRunnable.run(FastThreadLocalRunnable.java:30)
 java.lang.Thread.run(Thread.java:748)
2026-06-28 13:00:33.776 [Thread-7] WARN  org.apache.catalina.loader.WebappClassLoaderBase - The web application [ROOT] appears to have started a thread named [lettuce-eventExecutorLoop-1-7] but has failed to stop it. This is very likely to create a memory leak. Stack trace of thread:
 sun.misc.Unsafe.park(Native Method)
 java.util.concurrent.locks.LockSupport.park(LockSupport.java:175)
 java.util.concurrent.locks.AbstractQueuedSynchronizer$ConditionObject.await(AbstractQueuedSynchronizer.java:2039)
 java.util.concurrent.LinkedBlockingQueue.take(LinkedBlockingQueue.java:442)
 io.netty.util.concurrent.SingleThreadEventExecutor.takeTask(SingleThreadEventExecutor.java:244)
 io.netty.util.concurrent.DefaultEventExecutor.run(DefaultEventExecutor.java:64)
 io.netty.util.concurrent.SingleThreadEventExecutor$4.run(SingleThreadEventExecutor.java:997)
 io.netty.util.internal.ThreadExecutorMap$2.run(ThreadExecutorMap.java:74)
 io.netty.util.concurrent.FastThreadLocalRunnable.run(FastThreadLocalRunnable.java:30)
 java.lang.Thread.run(Thread.java:748)
2026-06-28 13:00:33.777 [Thread-7] WARN  org.apache.catalina.loader.WebappClassLoaderBase - The web application [ROOT] appears to have started a thread named [lettuce-eventExecutorLoop-1-8] but has failed to stop it. This is very likely to create a memory leak. Stack trace of thread:
 sun.misc.Unsafe.park(Native Method)
 java.util.concurrent.locks.LockSupport.park(LockSupport.java:175)
 java.util.concurrent.locks.AbstractQueuedSynchronizer$ConditionObject.await(AbstractQueuedSynchronizer.java:2039)
 java.util.concurrent.LinkedBlockingQueue.take(LinkedBlockingQueue.java:442)
 io.netty.util.concurrent.SingleThreadEventExecutor.takeTask(SingleThreadEventExecutor.java:244)
 io.netty.util.concurrent.DefaultEventExecutor.run(DefaultEventExecutor.java:64)
 io.netty.util.concurrent.SingleThreadEventExecutor$4.run(SingleThreadEventExecutor.java:997)
 io.netty.util.internal.ThreadExecutorMap$2.run(ThreadExecutorMap.java:74)
 io.netty.util.concurrent.FastThreadLocalRunnable.run(FastThreadLocalRunnable.java:30)
 java.lang.Thread.run(Thread.java:748)
2026-06-28 13:00:33.778 [Thread-7] WARN  org.apache.catalina.loader.WebappClassLoaderBase - The web application [ROOT] appears to have started a thread named [lettuce-eventExecutorLoop-1-10] but has failed to stop it. This is very likely to create a memory leak. Stack trace of thread:
 sun.misc.Unsafe.park(Native Method)
 java.util.concurrent.locks.LockSupport.park(LockSupport.java:175)
 java.util.concurrent.locks.AbstractQueuedSynchronizer$ConditionObject.await(AbstractQueuedSynchronizer.java:2039)
 java.util.concurrent.LinkedBlockingQueue.take(LinkedBlockingQueue.java:442)
 io.netty.util.concurrent.SingleThreadEventExecutor.takeTask(SingleThreadEventExecutor.java:244)
 io.netty.util.concurrent.DefaultEventExecutor.run(DefaultEventExecutor.java:64)
 io.netty.util.concurrent.SingleThreadEventExecutor$4.run(SingleThreadEventExecutor.java:997)
 io.netty.util.internal.ThreadExecutorMap$2.run(ThreadExecutorMap.java:74)
 io.netty.util.concurrent.FastThreadLocalRunnable.run(FastThreadLocalRunnable.java:30)
 java.lang.Thread.run(Thread.java:748)
2026-06-28 13:00:33.779 [Thread-7] WARN  org.apache.catalina.loader.WebappClassLoaderBase - The web application [ROOT] appears to have started a thread named [lettuce-eventExecutorLoop-1-9] but has failed to stop it. This is very likely to create a memory leak. Stack trace of thread:
 sun.misc.Unsafe.park(Native Method)
 java.util.concurrent.locks.LockSupport.park(LockSupport.java:175)
 java.util.concurrent.locks.AbstractQueuedSynchronizer$ConditionObject.await(AbstractQueuedSynchronizer.java:2039)
 java.util.concurrent.LinkedBlockingQueue.take(LinkedBlockingQueue.java:442)
 io.netty.util.concurrent.SingleThreadEventExecutor.takeTask(SingleThreadEventExecutor.java:244)
 io.netty.util.concurrent.DefaultEventExecutor.run(DefaultEventExecutor.java:64)
 io.netty.util.concurrent.SingleThreadEventExecutor$4.run(SingleThreadEventExecutor.java:997)
 io.netty.util.internal.ThreadExecutorMap$2.run(ThreadExecutorMap.java:74)
 io.netty.util.concurrent.FastThreadLocalRunnable.run(FastThreadLocalRunnable.java:30)
 java.lang.Thread.run(Thread.java:748)
2026-06-28 13:00:33.781 [Thread-7] WARN  org.apache.catalina.loader.WebappClassLoaderBase - The web application [ROOT] appears to have started a thread named [lettuce-eventExecutorLoop-1-11] but has failed to stop it. This is very likely to create a memory leak. Stack trace of thread:
 sun.misc.Unsafe.park(Native Method)
 java.util.concurrent.locks.LockSupport.park(LockSupport.java:175)
 java.util.concurrent.locks.AbstractQueuedSynchronizer$ConditionObject.await(AbstractQueuedSynchronizer.java:2039)
 java.util.concurrent.LinkedBlockingQueue.take(LinkedBlockingQueue.java:442)
 io.netty.util.concurrent.SingleThreadEventExecutor.takeTask(SingleThreadEventExecutor.java:244)
 io.netty.util.concurrent.DefaultEventExecutor.run(DefaultEventExecutor.java:64)
 io.netty.util.concurrent.SingleThreadEventExecutor$4.run(SingleThreadEventExecutor.java:997)
 io.netty.util.internal.ThreadExecutorMap$2.run(ThreadExecutorMap.java:74)
 io.netty.util.concurrent.FastThreadLocalRunnable.run(FastThreadLocalRunnable.java:30)
 java.lang.Thread.run(Thread.java:748)
2026-06-28 13:00:33.781 [Thread-7] WARN  org.apache.catalina.loader.WebappClassLoaderBase - The web application [ROOT] appears to have started a thread named [lettuce-eventExecutorLoop-1-12] but has failed to stop it. This is very likely to create a memory leak. Stack trace of thread:
 sun.misc.Unsafe.park(Native Method)
 java.util.concurrent.locks.LockSupport.park(LockSupport.java:175)
 java.util.concurrent.locks.AbstractQueuedSynchronizer$ConditionObject.await(AbstractQueuedSynchronizer.java:2039)
 java.util.concurrent.LinkedBlockingQueue.take(LinkedBlockingQueue.java:442)
 io.netty.util.concurrent.SingleThreadEventExecutor.takeTask(SingleThreadEventExecutor.java:244)
 io.netty.util.concurrent.DefaultEventExecutor.run(DefaultEventExecutor.java:64)
 io.netty.util.concurrent.SingleThreadEventExecutor$4.run(SingleThreadEventExecutor.java:997)
 io.netty.util.internal.ThreadExecutorMap$2.run(ThreadExecutorMap.java:74)
 io.netty.util.concurrent.FastThreadLocalRunnable.run(FastThreadLocalRunnable.java:30)
 java.lang.Thread.run(Thread.java:748)
2026-06-28 13:00:33.783 [Thread-7] WARN  org.apache.catalina.loader.WebappClassLoaderBase - The web application [ROOT] appears to have started a thread named [lettuce-eventExecutorLoop-1-13] but has failed to stop it. This is very likely to create a memory leak. Stack trace of thread:
 sun.misc.Unsafe.park(Native Method)
 java.util.concurrent.locks.LockSupport.park(LockSupport.java:175)
 java.util.concurrent.locks.AbstractQueuedSynchronizer$ConditionObject.await(AbstractQueuedSynchronizer.java:2039)
 java.util.concurrent.LinkedBlockingQueue.take(LinkedBlockingQueue.java:442)
 io.netty.util.concurrent.SingleThreadEventExecutor.takeTask(SingleThreadEventExecutor.java:244)
 io.netty.util.concurrent.DefaultEventExecutor.run(DefaultEventExecutor.java:64)
 io.netty.util.concurrent.SingleThreadEventExecutor$4.run(SingleThreadEventExecutor.java:997)
 io.netty.util.internal.ThreadExecutorMap$2.run(ThreadExecutorMap.java:74)
 io.netty.util.concurrent.FastThreadLocalRunnable.run(FastThreadLocalRunnable.java:30)
 java.lang.Thread.run(Thread.java:748)
2026-06-28 13:00:33.784 [Thread-7] WARN  org.apache.catalina.loader.WebappClassLoaderBase - The web application [ROOT] appears to have started a thread named [lettuce-eventExecutorLoop-1-14] but has failed to stop it. This is very likely to create a memory leak. Stack trace of thread:
 sun.misc.Unsafe.park(Native Method)
 java.util.concurrent.locks.LockSupport.park(LockSupport.java:175)
 java.util.concurrent.locks.AbstractQueuedSynchronizer$ConditionObject.await(AbstractQueuedSynchronizer.java:2039)
 java.util.concurrent.LinkedBlockingQueue.take(LinkedBlockingQueue.java:442)
 io.netty.util.concurrent.SingleThreadEventExecutor.takeTask(SingleThreadEventExecutor.java:244)
 io.netty.util.concurrent.DefaultEventExecutor.run(DefaultEventExecutor.java:64)
 io.netty.util.concurrent.SingleThreadEventExecutor$4.run(SingleThreadEventExecutor.java:997)
 io.netty.util.internal.ThreadExecutorMap$2.run(ThreadExecutorMap.java:74)
 io.netty.util.concurrent.FastThreadLocalRunnable.run(FastThreadLocalRunnable.java:30)
 java.lang.Thread.run(Thread.java:748)
2026-06-28 13:00:33.785 [Thread-7] WARN  org.apache.catalina.loader.WebappClassLoaderBase - The web application [ROOT] appears to have started a thread named [lettuce-eventExecutorLoop-1-15] but has failed to stop it. This is very likely to create a memory leak. Stack trace of thread:
 sun.misc.Unsafe.park(Native Method)
 java.util.concurrent.locks.LockSupport.park(LockSupport.java:175)
 java.util.concurrent.locks.AbstractQueuedSynchronizer$ConditionObject.await(AbstractQueuedSynchronizer.java:2039)
 java.util.concurrent.LinkedBlockingQueue.take(LinkedBlockingQueue.java:442)
 io.netty.util.concurrent.SingleThreadEventExecutor.takeTask(SingleThreadEventExecutor.java:244)
 io.netty.util.concurrent.DefaultEventExecutor.run(DefaultEventExecutor.java:64)
 io.netty.util.concurrent.SingleThreadEventExecutor$4.run(SingleThreadEventExecutor.java:997)
 io.netty.util.internal.ThreadExecutorMap$2.run(ThreadExecutorMap.java:74)
 io.netty.util.concurrent.FastThreadLocalRunnable.run(FastThreadLocalRunnable.java:30)
 java.lang.Thread.run(Thread.java:748)
2026-06-28 13:00:33.785 [Thread-7] WARN  org.apache.catalina.loader.WebappClassLoaderBase - The web application [ROOT] appears to have started a thread named [lettuce-eventExecutorLoop-1-16] but has failed to stop it. This is very likely to create a memory leak. Stack trace of thread:
 sun.misc.Unsafe.park(Native Method)
 java.util.concurrent.locks.LockSupport.park(LockSupport.java:175)
 java.util.concurrent.locks.AbstractQueuedSynchronizer$ConditionObject.await(AbstractQueuedSynchronizer.java:2039)
 java.util.concurrent.LinkedBlockingQueue.take(LinkedBlockingQueue.java:442)
 io.netty.util.concurrent.SingleThreadEventExecutor.takeTask(SingleThreadEventExecutor.java:244)
 io.netty.util.concurrent.DefaultEventExecutor.run(DefaultEventExecutor.java:64)
 io.netty.util.concurrent.SingleThreadEventExecutor$4.run(SingleThreadEventExecutor.java:997)
 io.netty.util.internal.ThreadExecutorMap$2.run(ThreadExecutorMap.java:74)
 io.netty.util.concurrent.FastThreadLocalRunnable.run(FastThreadLocalRunnable.java:30)
 java.lang.Thread.run(Thread.java:748)
2026-06-28 13:04:44.762 [Thread-7] WARN  org.apache.catalina.loader.WebappClassLoaderBase - The web application [ROOT] appears to have started a thread named [lettuce-nioEventLoop-4-1] but has failed to stop it. This is very likely to create a memory leak. Stack trace of thread:
 sun.nio.ch.WindowsSelectorImpl$SubSelector.poll0(Native Method)
 sun.nio.ch.WindowsSelectorImpl$SubSelector.poll(WindowsSelectorImpl.java:296)
 sun.nio.ch.WindowsSelectorImpl$SubSelector.access$400(WindowsSelectorImpl.java:278)
 sun.nio.ch.WindowsSelectorImpl.doSelect(WindowsSelectorImpl.java:159)
 sun.nio.ch.SelectorImpl.lockAndDoSelect(SelectorImpl.java:86)
 sun.nio.ch.SelectorImpl.select(SelectorImpl.java:97)
 sun.nio.ch.SelectorImpl.select(SelectorImpl.java:101)
 io.netty.channel.nio.SelectedSelectionKeySetSelector.select(SelectedSelectionKeySetSelector.java:68)
 io.netty.channel.nio.NioEventLoop.select(NioEventLoop.java:879)
 io.netty.channel.nio.NioEventLoop.run(NioEventLoop.java:526)
 io.netty.util.concurrent.SingleThreadEventExecutor$4.run(SingleThreadEventExecutor.java:997)
 io.netty.util.internal.ThreadExecutorMap$2.run(ThreadExecutorMap.java:74)
 io.netty.util.concurrent.FastThreadLocalRunnable.run(FastThreadLocalRunnable.java:30)
 java.lang.Thread.run(Thread.java:748)
2026-06-28 13:04:44.763 [Thread-7] WARN  org.apache.catalina.loader.WebappClassLoaderBase - The web application [ROOT] appears to have started a thread named [lettuce-eventExecutorLoop-1-1] but has failed to stop it. This is very likely to create a memory leak. Stack trace of thread:
 sun.misc.Unsafe.park(Native Method)
 java.util.concurrent.locks.LockSupport.park(LockSupport.java:175)
 java.util.concurrent.locks.AbstractQueuedSynchronizer$ConditionObject.await(AbstractQueuedSynchronizer.java:2039)
 java.util.concurrent.LinkedBlockingQueue.take(LinkedBlockingQueue.java:442)
 io.netty.util.concurrent.SingleThreadEventExecutor.takeTask(SingleThreadEventExecutor.java:244)
 io.netty.util.concurrent.DefaultEventExecutor.run(DefaultEventExecutor.java:64)
 io.netty.util.concurrent.SingleThreadEventExecutor$4.run(SingleThreadEventExecutor.java:997)
 io.netty.util.internal.ThreadExecutorMap$2.run(ThreadExecutorMap.java:74)
 io.netty.util.concurrent.FastThreadLocalRunnable.run(FastThreadLocalRunnable.java:30)
 java.lang.Thread.run(Thread.java:748)
2026-06-28 13:04:44.764 [Thread-7] WARN  org.apache.catalina.loader.WebappClassLoaderBase - The web application [ROOT] appears to have started a thread named [lettuce-eventExecutorLoop-1-2] but has failed to stop it. This is very likely to create a memory leak. Stack trace of thread:
 sun.misc.Unsafe.park(Native Method)
 java.util.concurrent.locks.LockSupport.park(LockSupport.java:175)
 java.util.concurrent.locks.AbstractQueuedSynchronizer$ConditionObject.await(AbstractQueuedSynchronizer.java:2039)
 java.util.concurrent.LinkedBlockingQueue.take(LinkedBlockingQueue.java:442)
 io.netty.util.concurrent.SingleThreadEventExecutor.takeTask(SingleThreadEventExecutor.java:244)
 io.netty.util.concurrent.DefaultEventExecutor.run(DefaultEventExecutor.java:64)
 io.netty.util.concurrent.SingleThreadEventExecutor$4.run(SingleThreadEventExecutor.java:997)
 io.netty.util.internal.ThreadExecutorMap$2.run(ThreadExecutorMap.java:74)
 io.netty.util.concurrent.FastThreadLocalRunnable.run(FastThreadLocalRunnable.java:30)
 java.lang.Thread.run(Thread.java:748)
2026-06-28 13:04:44.766 [Thread-7] WARN  org.apache.catalina.loader.WebappClassLoaderBase - The web application [ROOT] appears to have started a thread named [lettuce-eventExecutorLoop-1-3] but has failed to stop it. This is very likely to create a memory leak. Stack trace of thread:
 sun.misc.Unsafe.park(Native Method)
 java.util.concurrent.locks.LockSupport.park(LockSupport.java:175)
 java.util.concurrent.locks.AbstractQueuedSynchronizer$ConditionObject.await(AbstractQueuedSynchronizer.java:2039)
 java.util.concurrent.LinkedBlockingQueue.take(LinkedBlockingQueue.java:442)
 io.netty.util.concurrent.SingleThreadEventExecutor.takeTask(SingleThreadEventExecutor.java:244)
 io.netty.util.concurrent.DefaultEventExecutor.run(DefaultEventExecutor.java:64)
 io.netty.util.concurrent.SingleThreadEventExecutor$4.run(SingleThreadEventExecutor.java:997)
 io.netty.util.internal.ThreadExecutorMap$2.run(ThreadExecutorMap.java:74)
 io.netty.util.concurrent.FastThreadLocalRunnable.run(FastThreadLocalRunnable.java:30)
 java.lang.Thread.run(Thread.java:748)
2026-06-28 13:04:44.767 [Thread-7] WARN  org.apache.catalina.loader.WebappClassLoaderBase - The web application [ROOT] appears to have started a thread named [lettuce-eventExecutorLoop-1-4] but has failed to stop it. This is very likely to create a memory leak. Stack trace of thread:
 sun.misc.Unsafe.park(Native Method)
 java.util.concurrent.locks.LockSupport.park(LockSupport.java:175)
 java.util.concurrent.locks.AbstractQueuedSynchronizer$ConditionObject.await(AbstractQueuedSynchronizer.java:2039)
 java.util.concurrent.LinkedBlockingQueue.take(LinkedBlockingQueue.java:442)
 io.netty.util.concurrent.SingleThreadEventExecutor.takeTask(SingleThreadEventExecutor.java:244)
 io.netty.util.concurrent.DefaultEventExecutor.run(DefaultEventExecutor.java:64)
 io.netty.util.concurrent.SingleThreadEventExecutor$4.run(SingleThreadEventExecutor.java:997)
 io.netty.util.internal.ThreadExecutorMap$2.run(ThreadExecutorMap.java:74)
 io.netty.util.concurrent.FastThreadLocalRunnable.run(FastThreadLocalRunnable.java:30)
 java.lang.Thread.run(Thread.java:748)
2026-06-28 13:04:44.768 [Thread-7] WARN  org.apache.catalina.loader.WebappClassLoaderBase - The web application [ROOT] appears to have started a thread named [lettuce-eventExecutorLoop-1-5] but has failed to stop it. This is very likely to create a memory leak. Stack trace of thread:
 sun.misc.Unsafe.park(Native Method)
 java.util.concurrent.locks.LockSupport.park(LockSupport.java:175)
 java.util.concurrent.locks.AbstractQueuedSynchronizer$ConditionObject.await(AbstractQueuedSynchronizer.java:2039)
 java.util.concurrent.LinkedBlockingQueue.take(LinkedBlockingQueue.java:442)
 io.netty.util.concurrent.SingleThreadEventExecutor.takeTask(SingleThreadEventExecutor.java:244)
 io.netty.util.concurrent.DefaultEventExecutor.run(DefaultEventExecutor.java:64)
 io.netty.util.concurrent.SingleThreadEventExecutor$4.run(SingleThreadEventExecutor.java:997)
 io.netty.util.internal.ThreadExecutorMap$2.run(ThreadExecutorMap.java:74)
 io.netty.util.concurrent.FastThreadLocalRunnable.run(FastThreadLocalRunnable.java:30)
 java.lang.Thread.run(Thread.java:748)
2026-06-28 13:04:44.769 [Thread-7] WARN  org.apache.catalina.loader.WebappClassLoaderBase - The web application [ROOT] appears to have started a thread named [lettuce-eventExecutorLoop-1-6] but has failed to stop it. This is very likely to create a memory leak. Stack trace of thread:
 sun.misc.Unsafe.park(Native Method)
 java.util.concurrent.locks.LockSupport.park(LockSupport.java:175)
 java.util.concurrent.locks.AbstractQueuedSynchronizer$ConditionObject.await(AbstractQueuedSynchronizer.java:2039)
 java.util.concurrent.LinkedBlockingQueue.take(LinkedBlockingQueue.java:442)
 io.netty.util.concurrent.SingleThreadEventExecutor.takeTask(SingleThreadEventExecutor.java:244)
 io.netty.util.concurrent.DefaultEventExecutor.run(DefaultEventExecutor.java:64)
 io.netty.util.concurrent.SingleThreadEventExecutor$4.run(SingleThreadEventExecutor.java:997)
 io.netty.util.internal.ThreadExecutorMap$2.run(ThreadExecutorMap.java:74)
 io.netty.util.concurrent.FastThreadLocalRunnable.run(FastThreadLocalRunnable.java:30)
 java.lang.Thread.run(Thread.java:748)
2026-06-28 13:04:44.770 [Thread-7] WARN  org.apache.catalina.loader.WebappClassLoaderBase - The web application [ROOT] appears to have started a thread named [lettuce-eventExecutorLoop-1-7] but has failed to stop it. This is very likely to create a memory leak. Stack trace of thread:
 sun.misc.Unsafe.park(Native Method)
 java.util.concurrent.locks.LockSupport.park(LockSupport.java:175)
 java.util.concurrent.locks.AbstractQueuedSynchronizer$ConditionObject.await(AbstractQueuedSynchronizer.java:2039)
 java.util.concurrent.LinkedBlockingQueue.take(LinkedBlockingQueue.java:442)
 io.netty.util.concurrent.SingleThreadEventExecutor.takeTask(SingleThreadEventExecutor.java:244)
 io.netty.util.concurrent.DefaultEventExecutor.run(DefaultEventExecutor.java:64)
 io.netty.util.concurrent.SingleThreadEventExecutor$4.run(SingleThreadEventExecutor.java:997)
 io.netty.util.internal.ThreadExecutorMap$2.run(ThreadExecutorMap.java:74)
 io.netty.util.concurrent.FastThreadLocalRunnable.run(FastThreadLocalRunnable.java:30)
 java.lang.Thread.run(Thread.java:748)
2026-06-28 13:04:44.771 [Thread-7] WARN  org.apache.catalina.loader.WebappClassLoaderBase - The web application [ROOT] appears to have started a thread named [lettuce-eventExecutorLoop-1-8] but has failed to stop it. This is very likely to create a memory leak. Stack trace of thread:
 sun.misc.Unsafe.park(Native Method)
 java.util.concurrent.locks.LockSupport.park(LockSupport.java:175)
 java.util.concurrent.locks.AbstractQueuedSynchronizer$ConditionObject.await(AbstractQueuedSynchronizer.java:2039)
 java.util.concurrent.LinkedBlockingQueue.take(LinkedBlockingQueue.java:442)
 io.netty.util.concurrent.SingleThreadEventExecutor.takeTask(SingleThreadEventExecutor.java:244)
 io.netty.util.concurrent.DefaultEventExecutor.run(DefaultEventExecutor.java:64)
 io.netty.util.concurrent.SingleThreadEventExecutor$4.run(SingleThreadEventExecutor.java:997)
 io.netty.util.internal.ThreadExecutorMap$2.run(ThreadExecutorMap.java:74)
 io.netty.util.concurrent.FastThreadLocalRunnable.run(FastThreadLocalRunnable.java:30)
 java.lang.Thread.run(Thread.java:748)
2026-06-28 13:04:44.772 [Thread-7] WARN  org.apache.catalina.loader.WebappClassLoaderBase - The web application [ROOT] appears to have started a thread named [System Clock] but has failed to stop it. This is very likely to create a memory leak. Stack trace of thread:
 sun.misc.Unsafe.park(Native Method)
 java.util.concurrent.locks.LockSupport.parkNanos(LockSupport.java:215)
 java.util.concurrent.locks.AbstractQueuedSynchronizer$ConditionObject.awaitNanos(AbstractQueuedSynchronizer.java:2078)
 java.util.concurrent.ScheduledThreadPoolExecutor$DelayedWorkQueue.take(ScheduledThreadPoolExecutor.java:1093)
 java.util.concurrent.ScheduledThreadPoolExecutor$DelayedWorkQueue.take(ScheduledThreadPoolExecutor.java:809)
 java.util.concurrent.ThreadPoolExecutor.getTask(ThreadPoolExecutor.java:1074)
 java.util.concurrent.ThreadPoolExecutor.runWorker(ThreadPoolExecutor.java:1134)
 java.util.concurrent.ThreadPoolExecutor$Worker.run(ThreadPoolExecutor.java:624)
 java.lang.Thread.run(Thread.java:748)
2026-06-28 13:04:44.773 [Thread-7] WARN  org.apache.catalina.loader.WebappClassLoaderBase - The web application [ROOT] appears to have started a thread named [lettuce-eventExecutorLoop-1-9] but has failed to stop it. This is very likely to create a memory leak. Stack trace of thread:
 sun.misc.Unsafe.park(Native Method)
 java.util.concurrent.locks.LockSupport.park(LockSupport.java:175)
 java.util.concurrent.locks.AbstractQueuedSynchronizer$ConditionObject.await(AbstractQueuedSynchronizer.java:2039)
 java.util.concurrent.LinkedBlockingQueue.take(LinkedBlockingQueue.java:442)
 io.netty.util.concurrent.SingleThreadEventExecutor.takeTask(SingleThreadEventExecutor.java:244)
 io.netty.util.concurrent.DefaultEventExecutor.run(DefaultEventExecutor.java:64)
 io.netty.util.concurrent.SingleThreadEventExecutor$4.run(SingleThreadEventExecutor.java:997)
 io.netty.util.internal.ThreadExecutorMap$2.run(ThreadExecutorMap.java:74)
 io.netty.util.concurrent.FastThreadLocalRunnable.run(FastThreadLocalRunnable.java:30)
 java.lang.Thread.run(Thread.java:748)
2026-06-28 13:04:44.776 [Thread-7] WARN  org.apache.catalina.loader.WebappClassLoaderBase - The web application [ROOT] appears to have started a thread named [lettuce-eventExecutorLoop-1-10] but has failed to stop it. This is very likely to create a memory leak. Stack trace of thread:
 sun.misc.Unsafe.park(Native Method)
 java.util.concurrent.locks.LockSupport.park(LockSupport.java:175)
 java.util.concurrent.locks.AbstractQueuedSynchronizer$ConditionObject.await(AbstractQueuedSynchronizer.java:2039)
 java.util.concurrent.LinkedBlockingQueue.take(LinkedBlockingQueue.java:442)
 io.netty.util.concurrent.SingleThreadEventExecutor.takeTask(SingleThreadEventExecutor.java:244)
 io.netty.util.concurrent.DefaultEventExecutor.run(DefaultEventExecutor.java:64)
 io.netty.util.concurrent.SingleThreadEventExecutor$4.run(SingleThreadEventExecutor.java:997)
 io.netty.util.internal.ThreadExecutorMap$2.run(ThreadExecutorMap.java:74)
 io.netty.util.concurrent.FastThreadLocalRunnable.run(FastThreadLocalRunnable.java:30)
 java.lang.Thread.run(Thread.java:748)
2026-06-28 13:04:44.777 [Thread-7] WARN  org.apache.catalina.loader.WebappClassLoaderBase - The web application [ROOT] appears to have started a thread named [lettuce-eventExecutorLoop-1-11] but has failed to stop it. This is very likely to create a memory leak. Stack trace of thread:
 sun.misc.Unsafe.park(Native Method)
 java.util.concurrent.locks.LockSupport.park(LockSupport.java:175)
 java.util.concurrent.locks.AbstractQueuedSynchronizer$ConditionObject.await(AbstractQueuedSynchronizer.java:2039)
 java.util.concurrent.LinkedBlockingQueue.take(LinkedBlockingQueue.java:442)
 io.netty.util.concurrent.SingleThreadEventExecutor.takeTask(SingleThreadEventExecutor.java:244)
 io.netty.util.concurrent.DefaultEventExecutor.run(DefaultEventExecutor.java:64)
 io.netty.util.concurrent.SingleThreadEventExecutor$4.run(SingleThreadEventExecutor.java:997)
 io.netty.util.internal.ThreadExecutorMap$2.run(ThreadExecutorMap.java:74)
 io.netty.util.concurrent.FastThreadLocalRunnable.run(FastThreadLocalRunnable.java:30)
 java.lang.Thread.run(Thread.java:748)
2026-06-28 13:04:44.778 [Thread-7] WARN  org.apache.catalina.loader.WebappClassLoaderBase - The web application [ROOT] appears to have started a thread named [lettuce-eventExecutorLoop-1-12] but has failed to stop it. This is very likely to create a memory leak. Stack trace of thread:
 sun.misc.Unsafe.park(Native Method)
 java.util.concurrent.locks.LockSupport.park(LockSupport.java:175)
 java.util.concurrent.locks.AbstractQueuedSynchronizer$ConditionObject.await(AbstractQueuedSynchronizer.java:2039)
 java.util.concurrent.LinkedBlockingQueue.take(LinkedBlockingQueue.java:442)
 io.netty.util.concurrent.SingleThreadEventExecutor.takeTask(SingleThreadEventExecutor.java:244)
 io.netty.util.concurrent.DefaultEventExecutor.run(DefaultEventExecutor.java:64)
 io.netty.util.concurrent.SingleThreadEventExecutor$4.run(SingleThreadEventExecutor.java:997)
 io.netty.util.internal.ThreadExecutorMap$2.run(ThreadExecutorMap.java:74)
 io.netty.util.concurrent.FastThreadLocalRunnable.run(FastThreadLocalRunnable.java:30)
 java.lang.Thread.run(Thread.java:748)
2026-06-28 13:04:44.779 [Thread-7] WARN  org.apache.catalina.loader.WebappClassLoaderBase - The web application [ROOT] appears to have started a thread named [lettuce-eventExecutorLoop-1-13] but has failed to stop it. This is very likely to create a memory leak. Stack trace of thread:
 sun.misc.Unsafe.park(Native Method)
 java.util.concurrent.locks.LockSupport.park(LockSupport.java:175)
 java.util.concurrent.locks.AbstractQueuedSynchronizer$ConditionObject.await(AbstractQueuedSynchronizer.java:2039)
 java.util.concurrent.LinkedBlockingQueue.take(LinkedBlockingQueue.java:442)
 io.netty.util.concurrent.SingleThreadEventExecutor.takeTask(SingleThreadEventExecutor.java:244)
 io.netty.util.concurrent.DefaultEventExecutor.run(DefaultEventExecutor.java:64)
 io.netty.util.concurrent.SingleThreadEventExecutor$4.run(SingleThreadEventExecutor.java:997)
 io.netty.util.internal.ThreadExecutorMap$2.run(ThreadExecutorMap.java:74)
 io.netty.util.concurrent.FastThreadLocalRunnable.run(FastThreadLocalRunnable.java:30)
 java.lang.Thread.run(Thread.java:748)
2026-06-28 13:08:30.759 [Thread-7] WARN  org.apache.catalina.loader.WebappClassLoaderBase - The web application [ROOT] appears to have started a thread named [lettuce-nioEventLoop-4-1] but has failed to stop it. This is very likely to create a memory leak. Stack trace of thread:
 sun.nio.ch.WindowsSelectorImpl$SubSelector.poll0(Native Method)
 sun.nio.ch.WindowsSelectorImpl$SubSelector.poll(WindowsSelectorImpl.java:296)
 sun.nio.ch.WindowsSelectorImpl$SubSelector.access$400(WindowsSelectorImpl.java:278)
 sun.nio.ch.WindowsSelectorImpl.doSelect(WindowsSelectorImpl.java:159)
 sun.nio.ch.SelectorImpl.lockAndDoSelect(SelectorImpl.java:86)
 sun.nio.ch.SelectorImpl.select(SelectorImpl.java:97)
 sun.nio.ch.SelectorImpl.select(SelectorImpl.java:101)
 io.netty.channel.nio.SelectedSelectionKeySetSelector.select(SelectedSelectionKeySetSelector.java:68)
 io.netty.channel.nio.NioEventLoop.select(NioEventLoop.java:879)
 io.netty.channel.nio.NioEventLoop.run(NioEventLoop.java:526)
 io.netty.util.concurrent.SingleThreadEventExecutor$4.run(SingleThreadEventExecutor.java:997)
 io.netty.util.internal.ThreadExecutorMap$2.run(ThreadExecutorMap.java:74)
 io.netty.util.concurrent.FastThreadLocalRunnable.run(FastThreadLocalRunnable.java:30)
 java.lang.Thread.run(Thread.java:748)
2026-06-28 13:08:30.761 [Thread-7] WARN  org.apache.catalina.loader.WebappClassLoaderBase - The web application [ROOT] appears to have started a thread named [lettuce-eventExecutorLoop-1-1] but has failed to stop it. This is very likely to create a memory leak. Stack trace of thread:
 sun.misc.Unsafe.park(Native Method)
 java.util.concurrent.locks.LockSupport.park(LockSupport.java:175)
 java.util.concurrent.locks.AbstractQueuedSynchronizer$ConditionObject.await(AbstractQueuedSynchronizer.java:2039)
 java.util.concurrent.LinkedBlockingQueue.take(LinkedBlockingQueue.java:442)
 io.netty.util.concurrent.SingleThreadEventExecutor.takeTask(SingleThreadEventExecutor.java:244)
 io.netty.util.concurrent.DefaultEventExecutor.run(DefaultEventExecutor.java:64)
 io.netty.util.concurrent.SingleThreadEventExecutor$4.run(SingleThreadEventExecutor.java:997)
 io.netty.util.internal.ThreadExecutorMap$2.run(ThreadExecutorMap.java:74)
 io.netty.util.concurrent.FastThreadLocalRunnable.run(FastThreadLocalRunnable.java:30)
 java.lang.Thread.run(Thread.java:748)
2026-06-28 13:08:30.763 [Thread-7] WARN  org.apache.catalina.loader.WebappClassLoaderBase - The web application [ROOT] appears to have started a thread named [lettuce-eventExecutorLoop-1-2] but has failed to stop it. This is very likely to create a memory leak. Stack trace of thread:
 sun.misc.Unsafe.park(Native Method)
 java.util.concurrent.locks.LockSupport.park(LockSupport.java:175)
 java.util.concurrent.locks.AbstractQueuedSynchronizer$ConditionObject.await(AbstractQueuedSynchronizer.java:2039)
 java.util.concurrent.LinkedBlockingQueue.take(LinkedBlockingQueue.java:442)
 io.netty.util.concurrent.SingleThreadEventExecutor.takeTask(SingleThreadEventExecutor.java:244)
 io.netty.util.concurrent.DefaultEventExecutor.run(DefaultEventExecutor.java:64)
 io.netty.util.concurrent.SingleThreadEventExecutor$4.run(SingleThreadEventExecutor.java:997)
 io.netty.util.internal.ThreadExecutorMap$2.run(ThreadExecutorMap.java:74)
 io.netty.util.concurrent.FastThreadLocalRunnable.run(FastThreadLocalRunnable.java:30)
 java.lang.Thread.run(Thread.java:748)
2026-06-28 13:08:30.764 [Thread-7] WARN  org.apache.catalina.loader.WebappClassLoaderBase - The web application [ROOT] appears to have started a thread named [lettuce-eventExecutorLoop-1-3] but has failed to stop it. This is very likely to create a memory leak. Stack trace of thread:
 sun.misc.Unsafe.park(Native Method)
 java.util.concurrent.locks.LockSupport.park(LockSupport.java:175)
 java.util.concurrent.locks.AbstractQueuedSynchronizer$ConditionObject.await(AbstractQueuedSynchronizer.java:2039)
 java.util.concurrent.LinkedBlockingQueue.take(LinkedBlockingQueue.java:442)
 io.netty.util.concurrent.SingleThreadEventExecutor.takeTask(SingleThreadEventExecutor.java:244)
 io.netty.util.concurrent.DefaultEventExecutor.run(DefaultEventExecutor.java:64)
 io.netty.util.concurrent.SingleThreadEventExecutor$4.run(SingleThreadEventExecutor.java:997)
 io.netty.util.internal.ThreadExecutorMap$2.run(ThreadExecutorMap.java:74)
 io.netty.util.concurrent.FastThreadLocalRunnable.run(FastThreadLocalRunnable.java:30)
 java.lang.Thread.run(Thread.java:748)
2026-06-28 13:08:30.766 [Thread-7] WARN  org.apache.catalina.loader.WebappClassLoaderBase - The web application [ROOT] appears to have started a thread named [lettuce-eventExecutorLoop-1-4] but has failed to stop it. This is very likely to create a memory leak. Stack trace of thread:
 sun.misc.Unsafe.park(Native Method)
 java.util.concurrent.locks.LockSupport.park(LockSupport.java:175)
 java.util.concurrent.locks.AbstractQueuedSynchronizer$ConditionObject.await(AbstractQueuedSynchronizer.java:2039)
 java.util.concurrent.LinkedBlockingQueue.take(LinkedBlockingQueue.java:442)
 io.netty.util.concurrent.SingleThreadEventExecutor.takeTask(SingleThreadEventExecutor.java:244)
 io.netty.util.concurrent.DefaultEventExecutor.run(DefaultEventExecutor.java:64)
 io.netty.util.concurrent.SingleThreadEventExecutor$4.run(SingleThreadEventExecutor.java:997)
 io.netty.util.internal.ThreadExecutorMap$2.run(ThreadExecutorMap.java:74)
 io.netty.util.concurrent.FastThreadLocalRunnable.run(FastThreadLocalRunnable.java:30)
 java.lang.Thread.run(Thread.java:748)
2026-06-28 13:08:30.767 [Thread-7] WARN  org.apache.catalina.loader.WebappClassLoaderBase - The web application [ROOT] appears to have started a thread named [lettuce-eventExecutorLoop-1-5] but has failed to stop it. This is very likely to create a memory leak. Stack trace of thread:
 sun.misc.Unsafe.park(Native Method)
 java.util.concurrent.locks.LockSupport.park(LockSupport.java:175)
 java.util.concurrent.locks.AbstractQueuedSynchronizer$ConditionObject.await(AbstractQueuedSynchronizer.java:2039)
 java.util.concurrent.LinkedBlockingQueue.take(LinkedBlockingQueue.java:442)
 io.netty.util.concurrent.SingleThreadEventExecutor.takeTask(SingleThreadEventExecutor.java:244)
 io.netty.util.concurrent.DefaultEventExecutor.run(DefaultEventExecutor.java:64)
 io.netty.util.concurrent.SingleThreadEventExecutor$4.run(SingleThreadEventExecutor.java:997)
 io.netty.util.internal.ThreadExecutorMap$2.run(ThreadExecutorMap.java:74)
 io.netty.util.concurrent.FastThreadLocalRunnable.run(FastThreadLocalRunnable.java:30)
 java.lang.Thread.run(Thread.java:748)
2026-06-28 13:08:30.768 [Thread-7] WARN  org.apache.catalina.loader.WebappClassLoaderBase - The web application [ROOT] appears to have started a thread named [lettuce-eventExecutorLoop-1-6] but has failed to stop it. This is very likely to create a memory leak. Stack trace of thread:
 sun.misc.Unsafe.park(Native Method)
 java.util.concurrent.locks.LockSupport.park(LockSupport.java:175)
 java.util.concurrent.locks.AbstractQueuedSynchronizer$ConditionObject.await(AbstractQueuedSynchronizer.java:2039)
 java.util.concurrent.LinkedBlockingQueue.take(LinkedBlockingQueue.java:442)
 io.netty.util.concurrent.SingleThreadEventExecutor.takeTask(SingleThreadEventExecutor.java:244)
 io.netty.util.concurrent.DefaultEventExecutor.run(DefaultEventExecutor.java:64)
 io.netty.util.concurrent.SingleThreadEventExecutor$4.run(SingleThreadEventExecutor.java:997)
 io.netty.util.internal.ThreadExecutorMap$2.run(ThreadExecutorMap.java:74)
 io.netty.util.concurrent.FastThreadLocalRunnable.run(FastThreadLocalRunnable.java:30)
 java.lang.Thread.run(Thread.java:748)
2026-06-28 13:08:30.770 [Thread-7] WARN  org.apache.catalina.loader.WebappClassLoaderBase - The web application [ROOT] appears to have started a thread named [lettuce-eventExecutorLoop-1-7] but has failed to stop it. This is very likely to create a memory leak. Stack trace of thread:
 sun.misc.Unsafe.park(Native Method)
 java.util.concurrent.locks.LockSupport.park(LockSupport.java:175)
 java.util.concurrent.locks.AbstractQueuedSynchronizer$ConditionObject.await(AbstractQueuedSynchronizer.java:2039)
 java.util.concurrent.LinkedBlockingQueue.take(LinkedBlockingQueue.java:442)
 io.netty.util.concurrent.SingleThreadEventExecutor.takeTask(SingleThreadEventExecutor.java:244)
 io.netty.util.concurrent.DefaultEventExecutor.run(DefaultEventExecutor.java:64)
 io.netty.util.concurrent.SingleThreadEventExecutor$4.run(SingleThreadEventExecutor.java:997)
 io.netty.util.internal.ThreadExecutorMap$2.run(ThreadExecutorMap.java:74)
 io.netty.util.concurrent.FastThreadLocalRunnable.run(FastThreadLocalRunnable.java:30)
 java.lang.Thread.run(Thread.java:748)
2026-06-28 13:08:30.771 [Thread-7] WARN  org.apache.catalina.loader.WebappClassLoaderBase - The web application [ROOT] appears to have started a thread named [lettuce-eventExecutorLoop-1-8] but has failed to stop it. This is very likely to create a memory leak. Stack trace of thread:
 sun.misc.Unsafe.park(Native Method)
 java.util.concurrent.locks.LockSupport.park(LockSupport.java:175)
 java.util.concurrent.locks.AbstractQueuedSynchronizer$ConditionObject.await(AbstractQueuedSynchronizer.java:2039)
 java.util.concurrent.LinkedBlockingQueue.take(LinkedBlockingQueue.java:442)
 io.netty.util.concurrent.SingleThreadEventExecutor.takeTask(SingleThreadEventExecutor.java:244)
 io.netty.util.concurrent.DefaultEventExecutor.run(DefaultEventExecutor.java:64)
 io.netty.util.concurrent.SingleThreadEventExecutor$4.run(SingleThreadEventExecutor.java:997)
 io.netty.util.internal.ThreadExecutorMap$2.run(ThreadExecutorMap.java:74)
 io.netty.util.concurrent.FastThreadLocalRunnable.run(FastThreadLocalRunnable.java:30)
 java.lang.Thread.run(Thread.java:748)
2026-06-28 13:08:30.773 [Thread-7] WARN  org.apache.catalina.loader.WebappClassLoaderBase - The web application [ROOT] appears to have started a thread named [lettuce-eventExecutorLoop-1-9] but has failed to stop it. This is very likely to create a memory leak. Stack trace of thread:
 sun.misc.Unsafe.park(Native Method)
 java.util.concurrent.locks.LockSupport.park(LockSupport.java:175)
 java.util.concurrent.locks.AbstractQueuedSynchronizer$ConditionObject.await(AbstractQueuedSynchronizer.java:2039)
 java.util.concurrent.LinkedBlockingQueue.take(LinkedBlockingQueue.java:442)
 io.netty.util.concurrent.SingleThreadEventExecutor.takeTask(SingleThreadEventExecutor.java:244)
 io.netty.util.concurrent.DefaultEventExecutor.run(DefaultEventExecutor.java:64)
 io.netty.util.concurrent.SingleThreadEventExecutor$4.run(SingleThreadEventExecutor.java:997)
 io.netty.util.internal.ThreadExecutorMap$2.run(ThreadExecutorMap.java:74)
 io.netty.util.concurrent.FastThreadLocalRunnable.run(FastThreadLocalRunnable.java:30)
 java.lang.Thread.run(Thread.java:748)
2026-06-28 13:08:30.775 [Thread-7] WARN  org.apache.catalina.loader.WebappClassLoaderBase - The web application [ROOT] appears to have started a thread named [lettuce-eventExecutorLoop-1-10] but has failed to stop it. This is very likely to create a memory leak. Stack trace of thread:
 sun.misc.Unsafe.park(Native Method)
 java.util.concurrent.locks.LockSupport.park(LockSupport.java:175)
 java.util.concurrent.locks.AbstractQueuedSynchronizer$ConditionObject.await(AbstractQueuedSynchronizer.java:2039)
 java.util.concurrent.LinkedBlockingQueue.take(LinkedBlockingQueue.java:442)
 io.netty.util.concurrent.SingleThreadEventExecutor.takeTask(SingleThreadEventExecutor.java:244)
 io.netty.util.concurrent.DefaultEventExecutor.run(DefaultEventExecutor.java:64)
 io.netty.util.concurrent.SingleThreadEventExecutor$4.run(SingleThreadEventExecutor.java:997)
 io.netty.util.internal.ThreadExecutorMap$2.run(ThreadExecutorMap.java:74)
 io.netty.util.concurrent.FastThreadLocalRunnable.run(FastThreadLocalRunnable.java:30)
 java.lang.Thread.run(Thread.java:748)
2026-06-28 13:08:30.776 [Thread-7] WARN  org.apache.catalina.loader.WebappClassLoaderBase - The web application [ROOT] appears to have started a thread named [lettuce-eventExecutorLoop-1-11] but has failed to stop it. This is very likely to create a memory leak. Stack trace of thread:
 sun.misc.Unsafe.park(Native Method)
 java.util.concurrent.locks.LockSupport.park(LockSupport.java:175)
 java.util.concurrent.locks.AbstractQueuedSynchronizer$ConditionObject.await(AbstractQueuedSynchronizer.java:2039)
 java.util.concurrent.LinkedBlockingQueue.take(LinkedBlockingQueue.java:442)
 io.netty.util.concurrent.SingleThreadEventExecutor.takeTask(SingleThreadEventExecutor.java:244)
 io.netty.util.concurrent.DefaultEventExecutor.run(DefaultEventExecutor.java:64)
 io.netty.util.concurrent.SingleThreadEventExecutor$4.run(SingleThreadEventExecutor.java:997)
 io.netty.util.internal.ThreadExecutorMap$2.run(ThreadExecutorMap.java:74)
 io.netty.util.concurrent.FastThreadLocalRunnable.run(FastThreadLocalRunnable.java:30)
 java.lang.Thread.run(Thread.java:748)
2026-06-28 13:08:30.779 [Thread-7] WARN  org.apache.catalina.loader.WebappClassLoaderBase - The web application [ROOT] appears to have started a thread named [System Clock] but has failed to stop it. This is very likely to create a memory leak. Stack trace of thread:
 sun.misc.Unsafe.park(Native Method)
 java.util.concurrent.locks.LockSupport.parkNanos(LockSupport.java:215)
 java.util.concurrent.locks.AbstractQueuedSynchronizer$ConditionObject.awaitNanos(AbstractQueuedSynchronizer.java:2078)
 java.util.concurrent.ScheduledThreadPoolExecutor$DelayedWorkQueue.take(ScheduledThreadPoolExecutor.java:1093)
 java.util.concurrent.ScheduledThreadPoolExecutor$DelayedWorkQueue.take(ScheduledThreadPoolExecutor.java:809)
 java.util.concurrent.ThreadPoolExecutor.getTask(ThreadPoolExecutor.java:1074)
 java.util.concurrent.ThreadPoolExecutor.runWorker(ThreadPoolExecutor.java:1134)
 java.util.concurrent.ThreadPoolExecutor$Worker.run(ThreadPoolExecutor.java:624)
 java.lang.Thread.run(Thread.java:748)
2026-06-28 13:12:46.317 [http-nio-8080-exec-9] WARN  o.s.w.s.m.m.a.ExceptionHandlerExceptionResolver - Resolved [org.springframework.web.HttpRequestMethodNotSupportedException: Request method 'GET' not supported]
2026-06-28 13:15:10.428 [Thread-7] WARN  org.apache.catalina.loader.WebappClassLoaderBase - The web application [ROOT] appears to have started a thread named [lettuce-nioEventLoop-4-1] but has failed to stop it. This is very likely to create a memory leak. Stack trace of thread:
 sun.nio.ch.WindowsSelectorImpl$SubSelector.poll0(Native Method)
 sun.nio.ch.WindowsSelectorImpl$SubSelector.poll(WindowsSelectorImpl.java:296)
 sun.nio.ch.WindowsSelectorImpl$SubSelector.access$400(WindowsSelectorImpl.java:278)
 sun.nio.ch.WindowsSelectorImpl.doSelect(WindowsSelectorImpl.java:159)
 sun.nio.ch.SelectorImpl.lockAndDoSelect(SelectorImpl.java:86)
 sun.nio.ch.SelectorImpl.select(SelectorImpl.java:97)
 sun.nio.ch.SelectorImpl.select(SelectorImpl.java:101)
 io.netty.channel.nio.SelectedSelectionKeySetSelector.select(SelectedSelectionKeySetSelector.java:68)
 io.netty.channel.nio.NioEventLoop.select(NioEventLoop.java:879)
 io.netty.channel.nio.NioEventLoop.run(NioEventLoop.java:526)
 io.netty.util.concurrent.SingleThreadEventExecutor$4.run(SingleThreadEventExecutor.java:997)
 io.netty.util.internal.ThreadExecutorMap$2.run(ThreadExecutorMap.java:74)
 io.netty.util.concurrent.FastThreadLocalRunnable.run(FastThreadLocalRunnable.java:30)
 java.lang.Thread.run(Thread.java:748)
2026-06-28 13:15:10.430 [Thread-7] WARN  org.apache.catalina.loader.WebappClassLoaderBase - The web application [ROOT] appears to have started a thread named [lettuce-eventExecutorLoop-1-1] but has failed to stop it. This is very likely to create a memory leak. Stack trace of thread:
 sun.misc.Unsafe.park(Native Method)
 java.util.concurrent.locks.LockSupport.park(LockSupport.java:175)
 java.util.concurrent.locks.AbstractQueuedSynchronizer$ConditionObject.await(AbstractQueuedSynchronizer.java:2039)
 java.util.concurrent.LinkedBlockingQueue.take(LinkedBlockingQueue.java:442)
 io.netty.util.concurrent.SingleThreadEventExecutor.takeTask(SingleThreadEventExecutor.java:244)
 io.netty.util.concurrent.DefaultEventExecutor.run(DefaultEventExecutor.java:64)
 io.netty.util.concurrent.SingleThreadEventExecutor$4.run(SingleThreadEventExecutor.java:997)
 io.netty.util.internal.ThreadExecutorMap$2.run(ThreadExecutorMap.java:74)
 io.netty.util.concurrent.FastThreadLocalRunnable.run(FastThreadLocalRunnable.java:30)
 java.lang.Thread.run(Thread.java:748)
2026-06-28 13:15:10.430 [Thread-7] WARN  org.apache.catalina.loader.WebappClassLoaderBase - The web application [ROOT] appears to have started a thread named [lettuce-eventExecutorLoop-1-3] but has failed to stop it. This is very likely to create a memory leak. Stack trace of thread:
 sun.misc.Unsafe.park(Native Method)
 java.util.concurrent.locks.LockSupport.park(LockSupport.java:175)
 java.util.concurrent.locks.AbstractQueuedSynchronizer$ConditionObject.await(AbstractQueuedSynchronizer.java:2039)
 java.util.concurrent.LinkedBlockingQueue.take(LinkedBlockingQueue.java:442)
 io.netty.util.concurrent.SingleThreadEventExecutor.takeTask(SingleThreadEventExecutor.java:244)
 io.netty.util.concurrent.DefaultEventExecutor.run(DefaultEventExecutor.java:64)
 io.netty.util.concurrent.SingleThreadEventExecutor$4.run(SingleThreadEventExecutor.java:997)
 io.netty.util.internal.ThreadExecutorMap$2.run(ThreadExecutorMap.java:74)
 io.netty.util.concurrent.FastThreadLocalRunnable.run(FastThreadLocalRunnable.java:30)
 java.lang.Thread.run(Thread.java:748)
2026-06-28 13:15:10.431 [Thread-7] WARN  org.apache.catalina.loader.WebappClassLoaderBase - The web application [ROOT] appears to have started a thread named [lettuce-eventExecutorLoop-1-2] but has failed to stop it. This is very likely to create a memory leak. Stack trace of thread:
 sun.misc.Unsafe.park(Native Method)
 java.util.concurrent.locks.LockSupport.park(LockSupport.java:175)
 java.util.concurrent.locks.AbstractQueuedSynchronizer$ConditionObject.await(AbstractQueuedSynchronizer.java:2039)
 java.util.concurrent.LinkedBlockingQueue.take(LinkedBlockingQueue.java:442)
 io.netty.util.concurrent.SingleThreadEventExecutor.takeTask(SingleThreadEventExecutor.java:244)
 io.netty.util.concurrent.DefaultEventExecutor.run(DefaultEventExecutor.java:64)
 io.netty.util.concurrent.SingleThreadEventExecutor$4.run(SingleThreadEventExecutor.java:997)
 io.netty.util.internal.ThreadExecutorMap$2.run(ThreadExecutorMap.java:74)
 io.netty.util.concurrent.FastThreadLocalRunnable.run(FastThreadLocalRunnable.java:30)
 java.lang.Thread.run(Thread.java:748)
2026-06-28 13:15:10.432 [Thread-7] WARN  org.apache.catalina.loader.WebappClassLoaderBase - The web application [ROOT] appears to have started a thread named [lettuce-eventExecutorLoop-1-4] but has failed to stop it. This is very likely to create a memory leak. Stack trace of thread:
 sun.misc.Unsafe.park(Native Method)
 java.util.concurrent.locks.LockSupport.park(LockSupport.java:175)
 java.util.concurrent.locks.AbstractQueuedSynchronizer$ConditionObject.await(AbstractQueuedSynchronizer.java:2039)
 java.util.concurrent.LinkedBlockingQueue.take(LinkedBlockingQueue.java:442)
 io.netty.util.concurrent.SingleThreadEventExecutor.takeTask(SingleThreadEventExecutor.java:244)
 io.netty.util.concurrent.DefaultEventExecutor.run(DefaultEventExecutor.java:64)
 io.netty.util.concurrent.SingleThreadEventExecutor$4.run(SingleThreadEventExecutor.java:997)
 io.netty.util.internal.ThreadExecutorMap$2.run(ThreadExecutorMap.java:74)
 io.netty.util.concurrent.FastThreadLocalRunnable.run(FastThreadLocalRunnable.java:30)
 java.lang.Thread.run(Thread.java:748)
2026-06-28 13:15:10.435 [Thread-7] WARN  org.apache.catalina.loader.WebappClassLoaderBase - The web application [ROOT] appears to have started a thread named [lettuce-eventExecutorLoop-1-5] but has failed to stop it. This is very likely to create a memory leak. Stack trace of thread:
 sun.misc.Unsafe.park(Native Method)
 java.util.concurrent.locks.LockSupport.park(LockSupport.java:175)
 java.util.concurrent.locks.AbstractQueuedSynchronizer$ConditionObject.await(AbstractQueuedSynchronizer.java:2039)
 java.util.concurrent.LinkedBlockingQueue.take(LinkedBlockingQueue.java:442)
 io.netty.util.concurrent.SingleThreadEventExecutor.takeTask(SingleThreadEventExecutor.java:244)
 io.netty.util.concurrent.DefaultEventExecutor.run(DefaultEventExecutor.java:64)
 io.netty.util.concurrent.SingleThreadEventExecutor$4.run(SingleThreadEventExecutor.java:997)
 io.netty.util.internal.ThreadExecutorMap$2.run(ThreadExecutorMap.java:74)
 io.netty.util.concurrent.FastThreadLocalRunnable.run(FastThreadLocalRunnable.java:30)
 java.lang.Thread.run(Thread.java:748)
2026-06-28 13:18:32.370 [http-nio-8080-exec-12] WARN  o.s.w.s.m.m.a.ExceptionHandlerExceptionResolver - Resolved [org.springframework.web.HttpRequestMethodNotSupportedException: Request method 'GET' not supported]
2026-06-28 13:19:14.036 [http-nio-8080-exec-40] WARN  o.s.w.s.m.m.a.ExceptionHandlerExceptionResolver - Resolved [org.springframework.web.HttpRequestMethodNotSupportedException: Request method 'GET' not supported]
2026-06-28 13:24:43.142 [http-nio-8080-exec-13] WARN  o.s.w.s.m.m.a.ExceptionHandlerExceptionResolver - Resolved [org.springframework.web.bind.MissingServletRequestParameterException: Required request parameter 'shareId' for method parameter type String is not present]
2026-06-28 13:25:47.651 [Thread-7] WARN  org.apache.catalina.loader.WebappClassLoaderBase - The web application [ROOT] appears to have started a thread named [lettuce-nioEventLoop-4-1] but has failed to stop it. This is very likely to create a memory leak. Stack trace of thread:
 sun.nio.ch.WindowsSelectorImpl$SubSelector.poll0(Native Method)
 sun.nio.ch.WindowsSelectorImpl$SubSelector.poll(WindowsSelectorImpl.java:296)
 sun.nio.ch.WindowsSelectorImpl$SubSelector.access$400(WindowsSelectorImpl.java:278)
 sun.nio.ch.WindowsSelectorImpl.doSelect(WindowsSelectorImpl.java:159)
 sun.nio.ch.SelectorImpl.lockAndDoSelect(SelectorImpl.java:86)
 sun.nio.ch.SelectorImpl.select(SelectorImpl.java:97)
 sun.nio.ch.SelectorImpl.select(SelectorImpl.java:101)
 io.netty.channel.nio.SelectedSelectionKeySetSelector.select(SelectedSelectionKeySetSelector.java:68)
 io.netty.channel.nio.NioEventLoop.select(NioEventLoop.java:879)
 io.netty.channel.nio.NioEventLoop.run(NioEventLoop.java:526)
 io.netty.util.concurrent.SingleThreadEventExecutor$4.run(SingleThreadEventExecutor.java:997)
 io.netty.util.internal.ThreadExecutorMap$2.run(ThreadExecutorMap.java:74)
 io.netty.util.concurrent.FastThreadLocalRunnable.run(FastThreadLocalRunnable.java:30)
 java.lang.Thread.run(Thread.java:748)
2026-06-28 13:25:47.651 [Thread-7] WARN  org.apache.catalina.loader.WebappClassLoaderBase - The web application [ROOT] appears to have started a thread named [lettuce-eventExecutorLoop-1-2] but has failed to stop it. This is very likely to create a memory leak. Stack trace of thread:
 sun.misc.Unsafe.park(Native Method)
 java.util.concurrent.locks.LockSupport.park(LockSupport.java:175)
 java.util.concurrent.locks.AbstractQueuedSynchronizer$ConditionObject.await(AbstractQueuedSynchronizer.java:2039)
 java.util.concurrent.LinkedBlockingQueue.take(LinkedBlockingQueue.java:442)
 io.netty.util.concurrent.SingleThreadEventExecutor.takeTask(SingleThreadEventExecutor.java:244)
 io.netty.util.concurrent.DefaultEventExecutor.run(DefaultEventExecutor.java:64)
 io.netty.util.concurrent.SingleThreadEventExecutor$4.run(SingleThreadEventExecutor.java:997)
 io.netty.util.internal.ThreadExecutorMap$2.run(ThreadExecutorMap.java:74)
 io.netty.util.concurrent.FastThreadLocalRunnable.run(FastThreadLocalRunnable.java:30)
 java.lang.Thread.run(Thread.java:748)
2026-06-28 13:25:47.654 [Thread-7] WARN  org.apache.catalina.loader.WebappClassLoaderBase - The web application [ROOT] appears to have started a thread named [lettuce-eventExecutorLoop-1-1] but has failed to stop it. This is very likely to create a memory leak. Stack trace of thread:
 sun.misc.Unsafe.park(Native Method)
 java.util.concurrent.locks.LockSupport.park(LockSupport.java:175)
 java.util.concurrent.locks.AbstractQueuedSynchronizer$ConditionObject.await(AbstractQueuedSynchronizer.java:2039)
 java.util.concurrent.LinkedBlockingQueue.take(LinkedBlockingQueue.java:442)
 io.netty.util.concurrent.SingleThreadEventExecutor.takeTask(SingleThreadEventExecutor.java:244)
 io.netty.util.concurrent.DefaultEventExecutor.run(DefaultEventExecutor.java:64)
 io.netty.util.concurrent.SingleThreadEventExecutor$4.run(SingleThreadEventExecutor.java:997)
 io.netty.util.internal.ThreadExecutorMap$2.run(ThreadExecutorMap.java:74)
 io.netty.util.concurrent.FastThreadLocalRunnable.run(FastThreadLocalRunnable.java:30)
 java.lang.Thread.run(Thread.java:748)
2026-06-28 13:25:47.655 [Thread-7] WARN  org.apache.catalina.loader.WebappClassLoaderBase - The web application [ROOT] appears to have started a thread named [lettuce-eventExecutorLoop-1-3] but has failed to stop it. This is very likely to create a memory leak. Stack trace of thread:
 sun.misc.Unsafe.park(Native Method)
 java.util.concurrent.locks.LockSupport.park(LockSupport.java:175)
 java.util.concurrent.locks.AbstractQueuedSynchronizer$ConditionObject.await(AbstractQueuedSynchronizer.java:2039)
 java.util.concurrent.LinkedBlockingQueue.take(LinkedBlockingQueue.java:442)
 io.netty.util.concurrent.SingleThreadEventExecutor.takeTask(SingleThreadEventExecutor.java:244)
 io.netty.util.concurrent.DefaultEventExecutor.run(DefaultEventExecutor.java:64)
 io.netty.util.concurrent.SingleThreadEventExecutor$4.run(SingleThreadEventExecutor.java:997)
 io.netty.util.internal.ThreadExecutorMap$2.run(ThreadExecutorMap.java:74)
 io.netty.util.concurrent.FastThreadLocalRunnable.run(FastThreadLocalRunnable.java:30)
 java.lang.Thread.run(Thread.java:748)
2026-06-28 13:25:47.656 [Thread-7] WARN  org.apache.catalina.loader.WebappClassLoaderBase - The web application [ROOT] appears to have started a thread named [lettuce-eventExecutorLoop-1-4] but has failed to stop it. This is very likely to create a memory leak. Stack trace of thread:
 sun.misc.Unsafe.park(Native Method)
 java.util.concurrent.locks.LockSupport.park(LockSupport.java:175)
 java.util.concurrent.locks.AbstractQueuedSynchronizer$ConditionObject.await(AbstractQueuedSynchronizer.java:2039)
 java.util.concurrent.LinkedBlockingQueue.take(LinkedBlockingQueue.java:442)
 io.netty.util.concurrent.SingleThreadEventExecutor.takeTask(SingleThreadEventExecutor.java:244)
 io.netty.util.concurrent.DefaultEventExecutor.run(DefaultEventExecutor.java:64)
 io.netty.util.concurrent.SingleThreadEventExecutor$4.run(SingleThreadEventExecutor.java:997)
 io.netty.util.internal.ThreadExecutorMap$2.run(ThreadExecutorMap.java:74)
 io.netty.util.concurrent.FastThreadLocalRunnable.run(FastThreadLocalRunnable.java:30)
 java.lang.Thread.run(Thread.java:748)
2026-06-28 13:25:47.657 [Thread-7] WARN  org.apache.catalina.loader.WebappClassLoaderBase - The web application [ROOT] appears to have started a thread named [lettuce-eventExecutorLoop-1-5] but has failed to stop it. This is very likely to create a memory leak. Stack trace of thread:
 sun.misc.Unsafe.park(Native Method)
 java.util.concurrent.locks.LockSupport.park(LockSupport.java:175)
 java.util.concurrent.locks.AbstractQueuedSynchronizer$ConditionObject.await(AbstractQueuedSynchronizer.java:2039)
 java.util.concurrent.LinkedBlockingQueue.take(LinkedBlockingQueue.java:442)
 io.netty.util.concurrent.SingleThreadEventExecutor.takeTask(SingleThreadEventExecutor.java:244)
 io.netty.util.concurrent.DefaultEventExecutor.run(DefaultEventExecutor.java:64)
 io.netty.util.concurrent.SingleThreadEventExecutor$4.run(SingleThreadEventExecutor.java:997)
 io.netty.util.internal.ThreadExecutorMap$2.run(ThreadExecutorMap.java:74)
 io.netty.util.concurrent.FastThreadLocalRunnable.run(FastThreadLocalRunnable.java:30)
 java.lang.Thread.run(Thread.java:748)
2026-06-28 13:25:47.657 [Thread-7] WARN  org.apache.catalina.loader.WebappClassLoaderBase - The web application [ROOT] appears to have started a thread named [lettuce-eventExecutorLoop-1-6] but has failed to stop it. This is very likely to create a memory leak. Stack trace of thread:
 sun.misc.Unsafe.park(Native Method)
 java.util.concurrent.locks.LockSupport.park(LockSupport.java:175)
 java.util.concurrent.locks.AbstractQueuedSynchronizer$ConditionObject.await(AbstractQueuedSynchronizer.java:2039)
 java.util.concurrent.LinkedBlockingQueue.take(LinkedBlockingQueue.java:442)
 io.netty.util.concurrent.SingleThreadEventExecutor.takeTask(SingleThreadEventExecutor.java:244)
 io.netty.util.concurrent.DefaultEventExecutor.run(DefaultEventExecutor.java:64)
 io.netty.util.concurrent.SingleThreadEventExecutor$4.run(SingleThreadEventExecutor.java:997)
 io.netty.util.internal.ThreadExecutorMap$2.run(ThreadExecutorMap.java:74)
 io.netty.util.concurrent.FastThreadLocalRunnable.run(FastThreadLocalRunnable.java:30)
 java.lang.Thread.run(Thread.java:748)
2026-06-28 13:25:47.658 [Thread-7] WARN  org.apache.catalina.loader.WebappClassLoaderBase - The web application [ROOT] appears to have started a thread named [lettuce-eventExecutorLoop-1-7] but has failed to stop it. This is very likely to create a memory leak. Stack trace of thread:
 sun.misc.Unsafe.park(Native Method)
 java.util.concurrent.locks.LockSupport.park(LockSupport.java:175)
 java.util.concurrent.locks.AbstractQueuedSynchronizer$ConditionObject.await(AbstractQueuedSynchronizer.java:2039)
 java.util.concurrent.LinkedBlockingQueue.take(LinkedBlockingQueue.java:442)
 io.netty.util.concurrent.SingleThreadEventExecutor.takeTask(SingleThreadEventExecutor.java:244)
 io.netty.util.concurrent.DefaultEventExecutor.run(DefaultEventExecutor.java:64)
 io.netty.util.concurrent.SingleThreadEventExecutor$4.run(SingleThreadEventExecutor.java:997)
 io.netty.util.internal.ThreadExecutorMap$2.run(ThreadExecutorMap.java:74)
 io.netty.util.concurrent.FastThreadLocalRunnable.run(FastThreadLocalRunnable.java:30)
 java.lang.Thread.run(Thread.java:748)
2026-06-28 13:25:47.660 [Thread-7] WARN  org.apache.catalina.loader.WebappClassLoaderBase - The web application [ROOT] appears to have started a thread named [lettuce-eventExecutorLoop-1-8] but has failed to stop it. This is very likely to create a memory leak. Stack trace of thread:
 sun.misc.Unsafe.park(Native Method)
 java.util.concurrent.locks.LockSupport.park(LockSupport.java:175)
 java.util.concurrent.locks.AbstractQueuedSynchronizer$ConditionObject.await(AbstractQueuedSynchronizer.java:2039)
 java.util.concurrent.LinkedBlockingQueue.take(LinkedBlockingQueue.java:442)
 io.netty.util.concurrent.SingleThreadEventExecutor.takeTask(SingleThreadEventExecutor.java:244)
 io.netty.util.concurrent.DefaultEventExecutor.run(DefaultEventExecutor.java:64)
 io.netty.util.concurrent.SingleThreadEventExecutor$4.run(SingleThreadEventExecutor.java:997)
 io.netty.util.internal.ThreadExecutorMap$2.run(ThreadExecutorMap.java:74)
 io.netty.util.concurrent.FastThreadLocalRunnable.run(FastThreadLocalRunnable.java:30)
 java.lang.Thread.run(Thread.java:748)
2026-06-28 13:25:47.662 [Thread-7] WARN  org.apache.catalina.loader.WebappClassLoaderBase - The web application [ROOT] appears to have started a thread named [lettuce-eventExecutorLoop-1-9] but has failed to stop it. This is very likely to create a memory leak. Stack trace of thread:
 sun.misc.Unsafe.park(Native Method)
 java.util.concurrent.locks.LockSupport.park(LockSupport.java:175)
 java.util.concurrent.locks.AbstractQueuedSynchronizer$ConditionObject.await(AbstractQueuedSynchronizer.java:2039)
 java.util.concurrent.LinkedBlockingQueue.take(LinkedBlockingQueue.java:442)
 io.netty.util.concurrent.SingleThreadEventExecutor.takeTask(SingleThreadEventExecutor.java:244)
 io.netty.util.concurrent.DefaultEventExecutor.run(DefaultEventExecutor.java:64)
 io.netty.util.concurrent.SingleThreadEventExecutor$4.run(SingleThreadEventExecutor.java:997)
 io.netty.util.internal.ThreadExecutorMap$2.run(ThreadExecutorMap.java:74)
 io.netty.util.concurrent.FastThreadLocalRunnable.run(FastThreadLocalRunnable.java:30)
 java.lang.Thread.run(Thread.java:748)
2026-06-28 13:25:47.664 [Thread-7] WARN  org.apache.catalina.loader.WebappClassLoaderBase - The web application [ROOT] appears to have started a thread named [lettuce-eventExecutorLoop-1-10] but has failed to stop it. This is very likely to create a memory leak. Stack trace of thread:
 sun.misc.Unsafe.park(Native Method)
 java.util.concurrent.locks.LockSupport.park(LockSupport.java:175)
 java.util.concurrent.locks.AbstractQueuedSynchronizer$ConditionObject.await(AbstractQueuedSynchronizer.java:2039)
 java.util.concurrent.LinkedBlockingQueue.take(LinkedBlockingQueue.java:442)
 io.netty.util.concurrent.SingleThreadEventExecutor.takeTask(SingleThreadEventExecutor.java:244)
 io.netty.util.concurrent.DefaultEventExecutor.run(DefaultEventExecutor.java:64)
 io.netty.util.concurrent.SingleThreadEventExecutor$4.run(SingleThreadEventExecutor.java:997)
 io.netty.util.internal.ThreadExecutorMap$2.run(ThreadExecutorMap.java:74)
 io.netty.util.concurrent.FastThreadLocalRunnable.run(FastThreadLocalRunnable.java:30)
 java.lang.Thread.run(Thread.java:748)
2026-06-28 13:25:47.665 [Thread-7] WARN  org.apache.catalina.loader.WebappClassLoaderBase - The web application [ROOT] appears to have started a thread named [lettuce-eventExecutorLoop-1-11] but has failed to stop it. This is very likely to create a memory leak. Stack trace of thread:
 sun.misc.Unsafe.park(Native Method)
 java.util.concurrent.locks.LockSupport.park(LockSupport.java:175)
 java.util.concurrent.locks.AbstractQueuedSynchronizer$ConditionObject.await(AbstractQueuedSynchronizer.java:2039)
 java.util.concurrent.LinkedBlockingQueue.take(LinkedBlockingQueue.java:442)
 io.netty.util.concurrent.SingleThreadEventExecutor.takeTask(SingleThreadEventExecutor.java:244)
 io.netty.util.concurrent.DefaultEventExecutor.run(DefaultEventExecutor.java:64)
 io.netty.util.concurrent.SingleThreadEventExecutor$4.run(SingleThreadEventExecutor.java:997)
 io.netty.util.internal.ThreadExecutorMap$2.run(ThreadExecutorMap.java:74)
 io.netty.util.concurrent.FastThreadLocalRunnable.run(FastThreadLocalRunnable.java:30)
 java.lang.Thread.run(Thread.java:748)
2026-06-28 13:25:47.666 [Thread-7] WARN  org.apache.catalina.loader.WebappClassLoaderBase - The web application [ROOT] appears to have started a thread named [lettuce-eventExecutorLoop-1-12] but has failed to stop it. This is very likely to create a memory leak. Stack trace of thread:
 sun.misc.Unsafe.park(Native Method)
 java.util.concurrent.locks.LockSupport.park(LockSupport.java:175)
 java.util.concurrent.locks.AbstractQueuedSynchronizer$ConditionObject.await(AbstractQueuedSynchronizer.java:2039)
 java.util.concurrent.LinkedBlockingQueue.take(LinkedBlockingQueue.java:442)
 io.netty.util.concurrent.SingleThreadEventExecutor.takeTask(SingleThreadEventExecutor.java:244)
 io.netty.util.concurrent.DefaultEventExecutor.run(DefaultEventExecutor.java:64)
 io.netty.util.concurrent.SingleThreadEventExecutor$4.run(SingleThreadEventExecutor.java:997)
 io.netty.util.internal.ThreadExecutorMap$2.run(ThreadExecutorMap.java:74)
 io.netty.util.concurrent.FastThreadLocalRunnable.run(FastThreadLocalRunnable.java:30)
 java.lang.Thread.run(Thread.java:748)
2026-06-28 13:25:47.668 [Thread-7] WARN  org.apache.catalina.loader.WebappClassLoaderBase - The web application [ROOT] appears to have started a thread named [lettuce-eventExecutorLoop-1-13] but has failed to stop it. This is very likely to create a memory leak. Stack trace of thread:
 sun.misc.Unsafe.park(Native Method)
 java.util.concurrent.locks.LockSupport.park(LockSupport.java:175)
 java.util.concurrent.locks.AbstractQueuedSynchronizer$ConditionObject.await(AbstractQueuedSynchronizer.java:2039)
 java.util.concurrent.LinkedBlockingQueue.take(LinkedBlockingQueue.java:442)
 io.netty.util.concurrent.SingleThreadEventExecutor.takeTask(SingleThreadEventExecutor.java:244)
 io.netty.util.concurrent.DefaultEventExecutor.run(DefaultEventExecutor.java:64)
 io.netty.util.concurrent.SingleThreadEventExecutor$4.run(SingleThreadEventExecutor.java:997)
 io.netty.util.internal.ThreadExecutorMap$2.run(ThreadExecutorMap.java:74)
 io.netty.util.concurrent.FastThreadLocalRunnable.run(FastThreadLocalRunnable.java:30)
 java.lang.Thread.run(Thread.java:748)
2026-06-28 13:25:47.670 [Thread-7] WARN  org.apache.catalina.loader.WebappClassLoaderBase - The web application [ROOT] appears to have started a thread named [lettuce-eventExecutorLoop-1-14] but has failed to stop it. This is very likely to create a memory leak. Stack trace of thread:
 sun.misc.Unsafe.park(Native Method)
 java.util.concurrent.locks.LockSupport.park(LockSupport.java:175)
 java.util.concurrent.locks.AbstractQueuedSynchronizer$ConditionObject.await(AbstractQueuedSynchronizer.java:2039)
 java.util.concurrent.LinkedBlockingQueue.take(LinkedBlockingQueue.java:442)
 io.netty.util.concurrent.SingleThreadEventExecutor.takeTask(SingleThreadEventExecutor.java:244)
 io.netty.util.concurrent.DefaultEventExecutor.run(DefaultEventExecutor.java:64)
 io.netty.util.concurrent.SingleThreadEventExecutor$4.run(SingleThreadEventExecutor.java:997)
 io.netty.util.internal.ThreadExecutorMap$2.run(ThreadExecutorMap.java:74)
 io.netty.util.concurrent.FastThreadLocalRunnable.run(FastThreadLocalRunnable.java:30)
 java.lang.Thread.run(Thread.java:748)
2026-06-28 13:25:47.671 [Thread-7] WARN  org.apache.catalina.loader.WebappClassLoaderBase - The web application [ROOT] appears to have started a thread named [lettuce-eventExecutorLoop-1-15] but has failed to stop it. This is very likely to create a memory leak. Stack trace of thread:
 sun.misc.Unsafe.park(Native Method)
 java.util.concurrent.locks.LockSupport.park(LockSupport.java:175)
 java.util.concurrent.locks.AbstractQueuedSynchronizer$ConditionObject.await(AbstractQueuedSynchronizer.java:2039)
 java.util.concurrent.LinkedBlockingQueue.take(LinkedBlockingQueue.java:442)
 io.netty.util.concurrent.SingleThreadEventExecutor.takeTask(SingleThreadEventExecutor.java:244)
 io.netty.util.concurrent.DefaultEventExecutor.run(DefaultEventExecutor.java:64)
 io.netty.util.concurrent.SingleThreadEventExecutor$4.run(SingleThreadEventExecutor.java:997)
 io.netty.util.internal.ThreadExecutorMap$2.run(ThreadExecutorMap.java:74)
 io.netty.util.concurrent.FastThreadLocalRunnable.run(FastThreadLocalRunnable.java:30)
 java.lang.Thread.run(Thread.java:748)
2026-06-28 13:25:47.673 [Thread-7] WARN  org.apache.catalina.loader.WebappClassLoaderBase - The web application [ROOT] appears to have started a thread named [lettuce-eventExecutorLoop-1-16] but has failed to stop it. This is very likely to create a memory leak. Stack trace of thread:
 sun.misc.Unsafe.park(Native Method)
 java.util.concurrent.locks.LockSupport.park(LockSupport.java:175)
 java.util.concurrent.locks.AbstractQueuedSynchronizer$ConditionObject.await(AbstractQueuedSynchronizer.java:2039)
 java.util.concurrent.LinkedBlockingQueue.take(LinkedBlockingQueue.java:442)
 io.netty.util.concurrent.SingleThreadEventExecutor.takeTask(SingleThreadEventExecutor.java:244)
 io.netty.util.concurrent.DefaultEventExecutor.run(DefaultEventExecutor.java:64)
 io.netty.util.concurrent.SingleThreadEventExecutor$4.run(SingleThreadEventExecutor.java:997)
 io.netty.util.internal.ThreadExecutorMap$2.run(ThreadExecutorMap.java:74)
 io.netty.util.concurrent.FastThreadLocalRunnable.run(FastThreadLocalRunnable.java:30)
 java.lang.Thread.run(Thread.java:748)
2026-06-28 13:26:09.304 [http-nio-8080-exec-13] WARN  o.s.w.s.m.m.a.ExceptionHandlerExceptionResolver - Resolved [org.springframework.web.HttpRequestMethodNotSupportedException: Request method 'GET' not supported]
