2026-06-28 09:26:38.836 [http-nio-8080-exec-78] INFO  com.project.travel.handle.MyMetaObjectHandler - 公共字段自动填充[update]...
2026-06-28 09:26:38.916 [http-nio-8080-exec-78] INFO  com.project.travel.handle.MyMetaObjectHandler - 公共字段自动填充[insert]...
2026-06-28 09:26:45.214 [http-nio-8080-exec-83] INFO  c.p.t.c.attractions.SysAttractionsController - 查询景点参数：SysAttractions(id=null, name=null, price=null, introduce=null, content=null, num=null, realName=null, images=null, scenicType=null, location=null, pv=null, open=null, time=null, state=1, createBy=null, createTime=null, updateBy=null, updateTime=null, pageNumber=1, pageSize=100)
2026-06-28 09:26:45.216 [http-nio-8080-exec-83] INFO  c.p.t.c.attractions.SysAttractionsController - location 参数值：null
2026-06-28 09:26:45.222 [http-nio-8080-exec-83] INFO  c.p.t.c.attractions.SysAttractionsController - 最终查询条件 SQL：(state = #{ew.paramNameValuePairs.MPGENVAL1}) ORDER BY create_time DESC
2026-06-28 09:26:45.256 [http-nio-8080-exec-83] INFO  c.p.t.c.attractions.SysAttractionsController - 查询结果数量：9
2026-06-28 09:26:45.284 [http-nio-8080-exec-84] INFO  c.p.t.c.attractions.SysAttractionsController - 查询景点参数：SysAttractions(id=null, name=, price=null, introduce=null, content=null, num=null, realName=null, images=null, scenicType=, location=, pv=null, open=null, time=null, state=1, createBy=null, createTime=null, updateBy=null, updateTime=null, pageNumber=1, pageSize=9)
2026-06-28 09:26:45.285 [http-nio-8080-exec-84] INFO  c.p.t.c.attractions.SysAttractionsController - location 参数值：
2026-06-28 09:26:45.287 [http-nio-8080-exec-84] INFO  c.p.t.c.attractions.SysAttractionsController - 最终查询条件 SQL：(state = #{ew.paramNameValuePairs.MPGENVAL1}) ORDER BY create_time DESC
2026-06-28 09:26:45.291 [http-nio-8080-exec-85] INFO  c.p.t.c.attractions.SysAttractionsController - 查询景点参数：SysAttractions(id=null, name=null, price=null, introduce=null, content=null, num=null, realName=null, images=null, scenicType=null, location=null, pv=null, open=null, time=null, state=1, createBy=null, createTime=null, updateBy=null, updateTime=null, pageNumber=1, pageSize=100)
2026-06-28 09:26:45.291 [http-nio-8080-exec-85] INFO  c.p.t.c.attractions.SysAttractionsController - location 参数值：null
2026-06-28 09:26:45.291 [http-nio-8080-exec-85] INFO  c.p.t.c.attractions.SysAttractionsController - 最终查询条件 SQL：(state = #{ew.paramNameValuePairs.MPGENVAL1}) ORDER BY create_time DESC
2026-06-28 09:26:45.300 [http-nio-8080-exec-84] INFO  c.p.t.c.attractions.SysAttractionsController - 查询结果数量：9
2026-06-28 09:26:45.306 [http-nio-8080-exec-85] INFO  c.p.t.c.attractions.SysAttractionsController - 查询结果数量：9
2026-06-28 09:26:46.681 [http-nio-8080-exec-88] INFO  c.p.t.c.attractions.SysAttractionsController - 查询景点参数：SysAttractions(id=null, name=null, price=null, introduce=null, content=null, num=null, realName=null, images=null, scenicType=null, location=null, pv=null, open=null, time=null, state=1, createBy=null, createTime=null, updateBy=null, updateTime=null, pageNumber=1, pageSize=100)
2026-06-28 09:26:46.682 [http-nio-8080-exec-88] INFO  c.p.t.c.attractions.SysAttractionsController - location 参数值：null
2026-06-28 09:26:46.682 [http-nio-8080-exec-88] INFO  c.p.t.c.attractions.SysAttractionsController - 最终查询条件 SQL：(state = #{ew.paramNameValuePairs.MPGENVAL1}) ORDER BY create_time DESC
2026-06-28 09:26:46.692 [http-nio-8080-exec-88] INFO  c.p.t.c.attractions.SysAttractionsController - 查询结果数量：9
2026-06-28 09:56:31.204 [File Watcher] INFO  o.s.b.d.a.LocalDevToolsAutoConfiguration$RestartingClassPathChangeChangedEventListener - Restarting due to 1 class path change (1 addition, 0 deletions, 0 modifications)
2026-06-28 09:56:34.109 [Thread-7] INFO  org.apache.coyote.http11.Http11NioProtocol - Pausing ProtocolHandler ["http-nio-8080"]
2026-06-28 09:56:34.111 [Thread-7] INFO  org.apache.catalina.core.StandardService - Stopping service [Tomcat]
2026-06-28 09:56:34.121 [Thread-7] INFO  o.a.c.core.ContainerBase.[Tomcat].[localhost].[/] - Destroying Spring FrameworkServlet 'dispatcherServlet'
2026-06-28 09:56:34.196 [Thread-7] INFO  org.apache.coyote.http11.Http11NioProtocol - Stopping ProtocolHandler ["http-nio-8080"]
2026-06-28 09:56:34.230 [Thread-7] INFO  org.apache.coyote.http11.Http11NioProtocol - Destroying ProtocolHandler ["http-nio-8080"]
2026-06-28 09:56:34.251 [Thread-7] INFO  com.alibaba.druid.pool.DruidDataSource - {dataSource-1} closing ...
2026-06-28 09:56:34.266 [Thread-7] INFO  com.alibaba.druid.pool.DruidDataSource - {dataSource-1} closed
2026-06-28 09:56:35.612 [restartedMain] INFO  com.project.travel.TravelApplication - Starting TravelApplication using Java 1.8.0_202 on dilireba with PID 364 (C:\maven\travel_system\travel\travel\travel-server\target\classes started by solitude in C:\maven\travel_system\travel\travel\travel-server)
2026-06-28 09:56:35.614 [restartedMain] INFO  com.project.travel.TravelApplication - The following 1 profile is active: "dev"
2026-06-28 09:56:36.233 [restartedMain] INFO  o.s.d.r.config.RepositoryConfigurationDelegate - Multiple Spring Data modules found, entering strict repository configuration mode
2026-06-28 09:56:36.233 [restartedMain] INFO  o.s.d.r.config.RepositoryConfigurationDelegate - Bootstrapping Spring Data Redis repositories in DEFAULT mode.
2026-06-28 09:56:36.289 [restartedMain] INFO  o.s.d.r.config.RepositoryConfigurationDelegate - Finished Spring Data repository scanning in 55 ms. Found 0 Redis repository interfaces.
2026-06-28 09:56:37.493 [restartedMain] INFO  o.s.boot.web.embedded.tomcat.TomcatWebServer - Tomcat initialized with port(s): 8080 (http)
2026-06-28 09:56:37.494 [restartedMain] INFO  org.apache.coyote.http11.Http11NioProtocol - Initializing ProtocolHandler ["http-nio-8080"]
2026-06-28 09:56:37.495 [restartedMain] INFO  org.apache.catalina.core.StandardService - Starting service [Tomcat]
2026-06-28 09:56:37.496 [restartedMain] INFO  org.apache.catalina.core.StandardEngine - Starting Servlet engine: [Apache Tomcat/9.0.83]
2026-06-28 09:56:37.557 [restartedMain] INFO  o.a.c.core.ContainerBase.[Tomcat].[localhost].[/] - Initializing Spring embedded WebApplicationContext
2026-06-28 09:56:37.557 [restartedMain] INFO  o.s.b.w.s.c.ServletWebServerApplicationContext - Root WebApplicationContext: initialization completed in 1937 ms
2026-06-28 09:56:37.758 [restartedMain] INFO  c.a.d.s.b.a.DruidDataSourceAutoConfigure - Init DruidDataSource
2026-06-28 09:56:38.137 [restartedMain] INFO  com.alibaba.druid.pool.DruidDataSource - {dataSource-2} inited
2026-06-28 09:56:42.799 [restartedMain] INFO  o.s.b.d.autoconfigure.OptionalLiveReloadServer - LiveReload server is running on port 35729
2026-06-28 09:56:42.836 [restartedMain] INFO  org.apache.coyote.http11.Http11NioProtocol - Starting ProtocolHandler ["http-nio-8080"]
2026-06-28 09:56:42.844 [restartedMain] INFO  o.s.boot.web.embedded.tomcat.TomcatWebServer - Tomcat started on port(s): 8080 (http) with context path ''
2026-06-28 09:56:42.853 [restartedMain] INFO  com.project.travel.TravelApplication - Started TravelApplication in 7.463 seconds (JVM running for 49891.886)
2026-06-28 09:56:42.858 [restartedMain] INFO  o.s.b.d.a.ConditionEvaluationDeltaLoggingListener - Condition evaluation unchanged
2026-06-28 09:56:44.399 [File Watcher] INFO  o.s.b.d.a.LocalDevToolsAutoConfiguration$RestartingClassPathChangeChangedEventListener - Restarting due to 1 class path change (1 addition, 0 deletions, 0 modifications)
2026-06-28 09:56:47.259 [Thread-9] INFO  org.apache.coyote.http11.Http11NioProtocol - Pausing ProtocolHandler ["http-nio-8080"]
2026-06-28 09:56:47.260 [Thread-9] INFO  org.apache.catalina.core.StandardService - Stopping service [Tomcat]
2026-06-28 09:56:47.292 [Thread-9] INFO  org.apache.coyote.http11.Http11NioProtocol - Stopping ProtocolHandler ["http-nio-8080"]
2026-06-28 09:56:47.305 [Thread-9] INFO  org.apache.coyote.http11.Http11NioProtocol - Destroying ProtocolHandler ["http-nio-8080"]
2026-06-28 09:56:47.309 [Thread-9] INFO  com.alibaba.druid.pool.DruidDataSource - {dataSource-2} closing ...
2026-06-28 09:56:47.322 [Thread-9] INFO  com.alibaba.druid.pool.DruidDataSource - {dataSource-2} closed
2026-06-28 09:56:47.874 [restartedMain] INFO  com.project.travel.TravelApplication - Starting TravelApplication using Java 1.8.0_202 on dilireba with PID 364 (C:\maven\travel_system\travel\travel\travel-server\target\classes started by solitude in C:\maven\travel_system\travel\travel\travel-server)
2026-06-28 09:56:47.875 [restartedMain] INFO  com.project.travel.TravelApplication - The following 1 profile is active: "dev"
2026-06-28 09:56:48.283 [restartedMain] INFO  o.s.d.r.config.RepositoryConfigurationDelegate - Multiple Spring Data modules found, entering strict repository configuration mode
2026-06-28 09:56:48.283 [restartedMain] INFO  o.s.d.r.config.RepositoryConfigurationDelegate - Bootstrapping Spring Data Redis repositories in DEFAULT mode.
2026-06-28 09:56:48.312 [restartedMain] INFO  o.s.d.r.config.RepositoryConfigurationDelegate - Finished Spring Data repository scanning in 29 ms. Found 0 Redis repository interfaces.
2026-06-28 09:56:48.569 [restartedMain] INFO  o.s.boot.web.embedded.tomcat.TomcatWebServer - Tomcat initialized with port(s): 8080 (http)
2026-06-28 09:56:48.569 [restartedMain] INFO  org.apache.coyote.http11.Http11NioProtocol - Initializing ProtocolHandler ["http-nio-8080"]
2026-06-28 09:56:48.569 [restartedMain] INFO  org.apache.catalina.core.StandardService - Starting service [Tomcat]
2026-06-28 09:56:48.569 [restartedMain] INFO  org.apache.catalina.core.StandardEngine - Starting Servlet engine: [Apache Tomcat/9.0.83]
2026-06-28 09:56:48.606 [restartedMain] INFO  o.a.c.core.ContainerBase.[Tomcat].[localhost].[/] - Initializing Spring embedded WebApplicationContext
2026-06-28 09:56:48.606 [restartedMain] INFO  o.s.b.w.s.c.ServletWebServerApplicationContext - Root WebApplicationContext: initialization completed in 726 ms
2026-06-28 09:56:48.673 [restartedMain] INFO  c.a.d.s.b.a.DruidDataSourceAutoConfigure - Init DruidDataSource
2026-06-28 09:56:48.927 [restartedMain] INFO  com.alibaba.druid.pool.DruidDataSource - {dataSource-3} inited
2026-06-28 09:56:53.127 [restartedMain] INFO  o.s.b.d.autoconfigure.OptionalLiveReloadServer - LiveReload server is running on port 35729
2026-06-28 09:56:53.153 [restartedMain] INFO  org.apache.coyote.http11.Http11NioProtocol - Starting ProtocolHandler ["http-nio-8080"]
2026-06-28 09:56:53.167 [restartedMain] INFO  o.s.boot.web.embedded.tomcat.TomcatWebServer - Tomcat started on port(s): 8080 (http) with context path ''
2026-06-28 09:56:53.174 [restartedMain] INFO  com.project.travel.TravelApplication - Started TravelApplication in 5.41 seconds (JVM running for 49902.207)
2026-06-28 09:56:53.176 [restartedMain] INFO  o.s.b.d.a.ConditionEvaluationDeltaLoggingListener - Condition evaluation unchanged
2026-06-28 09:57:11.087 [File Watcher] INFO  o.s.b.d.a.LocalDevToolsAutoConfiguration$RestartingClassPathChangeChangedEventListener - Restarting due to 1 class path change (1 addition, 0 deletions, 0 modifications)
2026-06-28 09:57:14.092 [Thread-13] INFO  org.apache.coyote.http11.Http11NioProtocol - Pausing ProtocolHandler ["http-nio-8080"]
2026-06-28 09:57:14.092 [Thread-13] INFO  org.apache.catalina.core.StandardService - Stopping service [Tomcat]
2026-06-28 09:57:14.102 [Thread-13] INFO  org.apache.coyote.http11.Http11NioProtocol - Stopping ProtocolHandler ["http-nio-8080"]
2026-06-28 09:57:14.107 [Thread-13] INFO  org.apache.coyote.http11.Http11NioProtocol - Destroying ProtocolHandler ["http-nio-8080"]
2026-06-28 09:57:14.109 [Thread-13] INFO  com.alibaba.druid.pool.DruidDataSource - {dataSource-3} closing ...
2026-06-28 09:57:14.116 [Thread-13] INFO  com.alibaba.druid.pool.DruidDataSource - {dataSource-3} closed
2026-06-28 09:57:14.610 [restartedMain] INFO  com.project.travel.TravelApplication - Starting TravelApplication using Java 1.8.0_202 on dilireba with PID 364 (C:\maven\travel_system\travel\travel\travel-server\target\classes started by solitude in C:\maven\travel_system\travel\travel\travel-server)
2026-06-28 09:57:14.611 [restartedMain] INFO  com.project.travel.TravelApplication - The following 1 profile is active: "dev"
2026-06-28 09:57:15.087 [restartedMain] INFO  o.s.d.r.config.RepositoryConfigurationDelegate - Multiple Spring Data modules found, entering strict repository configuration mode
2026-06-28 09:57:15.088 [restartedMain] INFO  o.s.d.r.config.RepositoryConfigurationDelegate - Bootstrapping Spring Data Redis repositories in DEFAULT mode.
2026-06-28 09:57:15.175 [restartedMain] INFO  o.s.d.r.config.RepositoryConfigurationDelegate - Finished Spring Data repository scanning in 86 ms. Found 0 Redis repository interfaces.
2026-06-28 09:57:15.585 [restartedMain] INFO  o.s.boot.web.embedded.tomcat.TomcatWebServer - Tomcat initialized with port(s): 8080 (http)
2026-06-28 09:57:15.586 [restartedMain] INFO  org.apache.coyote.http11.Http11NioProtocol - Initializing ProtocolHandler ["http-nio-8080"]
2026-06-28 09:57:15.587 [restartedMain] INFO  org.apache.catalina.core.StandardService - Starting service [Tomcat]
2026-06-28 09:57:15.587 [restartedMain] INFO  org.apache.catalina.core.StandardEngine - Starting Servlet engine: [Apache Tomcat/9.0.83]
2026-06-28 09:57:15.627 [restartedMain] INFO  o.a.c.core.ContainerBase.[Tomcat].[localhost].[/] - Initializing Spring embedded WebApplicationContext
2026-06-28 09:57:15.627 [restartedMain] INFO  o.s.b.w.s.c.ServletWebServerApplicationContext - Root WebApplicationContext: initialization completed in 1012 ms
2026-06-28 09:57:15.764 [restartedMain] INFO  c.a.d.s.b.a.DruidDataSourceAutoConfigure - Init DruidDataSource
2026-06-28 09:57:15.920 [restartedMain] INFO  com.alibaba.druid.pool.DruidDataSource - {dataSource-4} inited
2026-06-28 09:57:19.783 [restartedMain] INFO  o.s.b.d.autoconfigure.OptionalLiveReloadServer - LiveReload server is running on port 35729
2026-06-28 09:57:19.852 [restartedMain] INFO  org.apache.coyote.http11.Http11NioProtocol - Starting ProtocolHandler ["http-nio-8080"]
2026-06-28 09:57:19.865 [restartedMain] INFO  o.s.boot.web.embedded.tomcat.TomcatWebServer - Tomcat started on port(s): 8080 (http) with context path ''
2026-06-28 09:57:19.872 [restartedMain] INFO  com.project.travel.TravelApplication - Started TravelApplication in 5.36 seconds (JVM running for 49928.906)
2026-06-28 09:57:19.874 [restartedMain] INFO  o.s.b.d.a.ConditionEvaluationDeltaLoggingListener - Condition evaluation unchanged
2026-06-28 09:57:21.365 [File Watcher] INFO  o.s.b.d.a.LocalDevToolsAutoConfiguration$RestartingClassPathChangeChangedEventListener - Restarting due to 1 class path change (1 addition, 0 deletions, 0 modifications)
2026-06-28 09:57:24.543 [Thread-17] INFO  org.apache.coyote.http11.Http11NioProtocol - Pausing ProtocolHandler ["http-nio-8080"]
2026-06-28 09:57:24.544 [Thread-17] INFO  org.apache.catalina.core.StandardService - Stopping service [Tomcat]
2026-06-28 09:57:24.561 [Thread-17] INFO  org.apache.coyote.http11.Http11NioProtocol - Stopping ProtocolHandler ["http-nio-8080"]
2026-06-28 09:57:24.571 [Thread-17] INFO  org.apache.coyote.http11.Http11NioProtocol - Destroying ProtocolHandler ["http-nio-8080"]
2026-06-28 09:57:24.574 [Thread-17] INFO  com.alibaba.druid.pool.DruidDataSource - {dataSource-4} closing ...
2026-06-28 09:57:24.586 [Thread-17] INFO  com.alibaba.druid.pool.DruidDataSource - {dataSource-4} closed
2026-06-28 09:57:25.133 [restartedMain] INFO  com.project.travel.TravelApplication - Starting TravelApplication using Java 1.8.0_202 on dilireba with PID 364 (C:\maven\travel_system\travel\travel\travel-server\target\classes started by solitude in C:\maven\travel_system\travel\travel\travel-server)
2026-06-28 09:57:25.134 [restartedMain] INFO  com.project.travel.TravelApplication - The following 1 profile is active: "dev"
2026-06-28 09:57:25.688 [restartedMain] INFO  o.s.d.r.config.RepositoryConfigurationDelegate - Multiple Spring Data modules found, entering strict repository configuration mode
2026-06-28 09:57:25.689 [restartedMain] INFO  o.s.d.r.config.RepositoryConfigurationDelegate - Bootstrapping Spring Data Redis repositories in DEFAULT mode.
2026-06-28 09:57:25.723 [restartedMain] INFO  o.s.d.r.config.RepositoryConfigurationDelegate - Finished Spring Data repository scanning in 33 ms. Found 0 Redis repository interfaces.
2026-06-28 09:57:25.930 [restartedMain] INFO  o.s.boot.web.embedded.tomcat.TomcatWebServer - Tomcat initialized with port(s): 8080 (http)
2026-06-28 09:57:25.931 [restartedMain] INFO  org.apache.coyote.http11.Http11NioProtocol - Initializing ProtocolHandler ["http-nio-8080"]
2026-06-28 09:57:25.932 [restartedMain] INFO  org.apache.catalina.core.StandardService - Starting service [Tomcat]
2026-06-28 09:57:25.932 [restartedMain] INFO  org.apache.catalina.core.StandardEngine - Starting Servlet engine: [Apache Tomcat/9.0.83]
2026-06-28 09:57:25.970 [restartedMain] INFO  o.a.c.core.ContainerBase.[Tomcat].[localhost].[/] - Initializing Spring embedded WebApplicationContext
2026-06-28 09:57:25.970 [restartedMain] INFO  o.s.b.w.s.c.ServletWebServerApplicationContext - Root WebApplicationContext: initialization completed in 832 ms
2026-06-28 09:57:26.033 [restartedMain] INFO  c.a.d.s.b.a.DruidDataSourceAutoConfigure - Init DruidDataSource
2026-06-28 09:57:26.233 [restartedMain] INFO  com.alibaba.druid.pool.DruidDataSource - {dataSource-5} inited
2026-06-28 09:57:30.714 [restartedMain] INFO  o.s.b.d.autoconfigure.OptionalLiveReloadServer - LiveReload server is running on port 35729
2026-06-28 09:57:30.782 [restartedMain] INFO  org.apache.coyote.http11.Http11NioProtocol - Starting ProtocolHandler ["http-nio-8080"]
2026-06-28 09:57:30.791 [restartedMain] INFO  o.s.boot.web.embedded.tomcat.TomcatWebServer - Tomcat started on port(s): 8080 (http) with context path ''
2026-06-28 09:57:30.795 [restartedMain] INFO  com.project.travel.TravelApplication - Started TravelApplication in 5.738 seconds (JVM running for 49939.829)
2026-06-28 09:57:30.796 [restartedMain] INFO  o.s.b.d.a.ConditionEvaluationDeltaLoggingListener - Condition evaluation unchanged
2026-06-28 09:57:44.624 [File Watcher] INFO  o.s.b.d.a.LocalDevToolsAutoConfiguration$RestartingClassPathChangeChangedEventListener - Restarting due to 2 class path changes (2 additions, 0 deletions, 0 modifications)
2026-06-28 09:57:47.868 [Thread-21] INFO  org.apache.coyote.http11.Http11NioProtocol - Pausing ProtocolHandler ["http-nio-8080"]
2026-06-28 09:57:47.868 [Thread-21] INFO  org.apache.catalina.core.StandardService - Stopping service [Tomcat]
2026-06-28 09:57:47.890 [Thread-21] INFO  org.apache.coyote.http11.Http11NioProtocol - Stopping ProtocolHandler ["http-nio-8080"]
2026-06-28 09:57:47.901 [Thread-21] INFO  org.apache.coyote.http11.Http11NioProtocol - Destroying ProtocolHandler ["http-nio-8080"]
2026-06-28 09:57:47.904 [Thread-21] INFO  com.alibaba.druid.pool.DruidDataSource - {dataSource-5} closing ...
2026-06-28 09:57:47.922 [Thread-21] INFO  com.alibaba.druid.pool.DruidDataSource - {dataSource-5} closed
2026-06-28 09:57:48.424 [restartedMain] INFO  com.project.travel.TravelApplication - Starting TravelApplication using Java 1.8.0_202 on dilireba with PID 364 (C:\maven\travel_system\travel\travel\travel-server\target\classes started by solitude in C:\maven\travel_system\travel\travel\travel-server)
2026-06-28 09:57:48.425 [restartedMain] INFO  com.project.travel.TravelApplication - The following 1 profile is active: "dev"
2026-06-28 09:57:48.901 [restartedMain] INFO  o.s.d.r.config.RepositoryConfigurationDelegate - Multiple Spring Data modules found, entering strict repository configuration mode
2026-06-28 09:57:48.902 [restartedMain] INFO  o.s.d.r.config.RepositoryConfigurationDelegate - Bootstrapping Spring Data Redis repositories in DEFAULT mode.
2026-06-28 09:57:48.930 [restartedMain] INFO  o.s.d.r.config.RepositoryConfigurationDelegate - Finished Spring Data repository scanning in 27 ms. Found 0 Redis repository interfaces.
2026-06-28 09:57:49.260 [restartedMain] INFO  o.s.boot.web.embedded.tomcat.TomcatWebServer - Tomcat initialized with port(s): 8080 (http)
2026-06-28 09:57:49.261 [restartedMain] INFO  org.apache.coyote.http11.Http11NioProtocol - Initializing ProtocolHandler ["http-nio-8080"]
2026-06-28 09:57:49.261 [restartedMain] INFO  org.apache.catalina.core.StandardService - Starting service [Tomcat]
2026-06-28 09:57:49.262 [restartedMain] INFO  org.apache.catalina.core.StandardEngine - Starting Servlet engine: [Apache Tomcat/9.0.83]
2026-06-28 09:57:49.305 [restartedMain] INFO  o.a.c.core.ContainerBase.[Tomcat].[localhost].[/] - Initializing Spring embedded WebApplicationContext
2026-06-28 09:57:49.305 [restartedMain] INFO  o.s.b.w.s.c.ServletWebServerApplicationContext - Root WebApplicationContext: initialization completed in 866 ms
2026-06-28 09:57:49.360 [restartedMain] INFO  c.a.d.s.b.a.DruidDataSourceAutoConfigure - Init DruidDataSource
2026-06-28 09:57:49.600 [restartedMain] INFO  com.alibaba.druid.pool.DruidDataSource - {dataSource-6} inited
2026-06-28 09:57:53.742 [restartedMain] INFO  o.s.b.d.autoconfigure.OptionalLiveReloadServer - LiveReload server is running on port 35729
2026-06-28 09:57:53.830 [restartedMain] INFO  org.apache.coyote.http11.Http11NioProtocol - Starting ProtocolHandler ["http-nio-8080"]
2026-06-28 09:57:53.857 [restartedMain] INFO  o.s.boot.web.embedded.tomcat.TomcatWebServer - Tomcat started on port(s): 8080 (http) with context path ''
2026-06-28 09:57:53.863 [restartedMain] INFO  com.project.travel.TravelApplication - Started TravelApplication in 5.505 seconds (JVM running for 49962.896)
2026-06-28 09:57:53.865 [restartedMain] INFO  o.s.b.d.a.ConditionEvaluationDeltaLoggingListener - Condition evaluation unchanged
2026-06-28 09:57:55.330 [File Watcher] INFO  o.s.b.d.a.LocalDevToolsAutoConfiguration$RestartingClassPathChangeChangedEventListener - Restarting due to 2 class path changes (2 additions, 0 deletions, 0 modifications)
2026-06-28 09:57:58.728 [Thread-25] INFO  org.apache.coyote.http11.Http11NioProtocol - Pausing ProtocolHandler ["http-nio-8080"]
2026-06-28 09:57:58.728 [Thread-25] INFO  org.apache.catalina.core.StandardService - Stopping service [Tomcat]
2026-06-28 09:57:58.742 [Thread-25] INFO  org.apache.coyote.http11.Http11NioProtocol - Stopping ProtocolHandler ["http-nio-8080"]
2026-06-28 09:57:58.748 [Thread-25] INFO  org.apache.coyote.http11.Http11NioProtocol - Destroying ProtocolHandler ["http-nio-8080"]
2026-06-28 09:57:58.751 [Thread-25] INFO  com.alibaba.druid.pool.DruidDataSource - {dataSource-6} closing ...
2026-06-28 09:57:58.757 [Thread-25] INFO  com.alibaba.druid.pool.DruidDataSource - {dataSource-6} closed
2026-06-28 09:57:59.279 [restartedMain] INFO  com.project.travel.TravelApplication - Starting TravelApplication using Java 1.8.0_202 on dilireba with PID 364 (C:\maven\travel_system\travel\travel\travel-server\target\classes started by solitude in C:\maven\travel_system\travel\travel\travel-server)
2026-06-28 09:57:59.281 [restartedMain] INFO  com.project.travel.TravelApplication - The following 1 profile is active: "dev"
2026-06-28 09:57:59.721 [restartedMain] INFO  o.s.d.r.config.RepositoryConfigurationDelegate - Multiple Spring Data modules found, entering strict repository configuration mode
2026-06-28 09:57:59.721 [restartedMain] INFO  o.s.d.r.config.RepositoryConfigurationDelegate - Bootstrapping Spring Data Redis repositories in DEFAULT mode.
2026-06-28 09:57:59.775 [restartedMain] INFO  o.s.d.r.config.RepositoryConfigurationDelegate - Finished Spring Data repository scanning in 52 ms. Found 0 Redis repository interfaces.
2026-06-28 09:58:00.018 [restartedMain] INFO  o.s.boot.web.embedded.tomcat.TomcatWebServer - Tomcat initialized with port(s): 8080 (http)
2026-06-28 09:58:00.019 [restartedMain] INFO  org.apache.coyote.http11.Http11NioProtocol - Initializing ProtocolHandler ["http-nio-8080"]
2026-06-28 09:58:00.019 [restartedMain] INFO  org.apache.catalina.core.StandardService - Starting service [Tomcat]
2026-06-28 09:58:00.019 [restartedMain] INFO  org.apache.catalina.core.StandardEngine - Starting Servlet engine: [Apache Tomcat/9.0.83]
2026-06-28 09:58:00.061 [restartedMain] INFO  o.a.c.core.ContainerBase.[Tomcat].[localhost].[/] - Initializing Spring embedded WebApplicationContext
2026-06-28 09:58:00.061 [restartedMain] INFO  o.s.b.w.s.c.ServletWebServerApplicationContext - Root WebApplicationContext: initialization completed in 776 ms
2026-06-28 09:58:00.121 [restartedMain] INFO  c.a.d.s.b.a.DruidDataSourceAutoConfigure - Init DruidDataSource
2026-06-28 09:58:00.308 [restartedMain] INFO  com.alibaba.druid.pool.DruidDataSource - {dataSource-7} inited
2026-06-28 09:58:04.435 [restartedMain] INFO  o.s.b.d.autoconfigure.OptionalLiveReloadServer - LiveReload server is running on port 35729
2026-06-28 09:58:04.475 [restartedMain] INFO  org.apache.coyote.http11.Http11NioProtocol - Starting ProtocolHandler ["http-nio-8080"]
2026-06-28 09:58:04.503 [restartedMain] INFO  o.s.boot.web.embedded.tomcat.TomcatWebServer - Tomcat started on port(s): 8080 (http) with context path ''
2026-06-28 09:58:04.508 [restartedMain] INFO  com.project.travel.TravelApplication - Started TravelApplication in 5.311 seconds (JVM running for 49973.54)
2026-06-28 09:58:04.509 [restartedMain] INFO  o.s.b.d.a.ConditionEvaluationDeltaLoggingListener - Condition evaluation unchanged
2026-06-28 09:58:43.339 [File Watcher] INFO  o.s.b.d.a.LocalDevToolsAutoConfiguration$RestartingClassPathChangeChangedEventListener - Restarting due to 1 class path change (1 addition, 0 deletions, 0 modifications)
2026-06-28 09:58:46.435 [Thread-29] INFO  org.apache.coyote.http11.Http11NioProtocol - Pausing ProtocolHandler ["http-nio-8080"]
2026-06-28 09:58:46.436 [Thread-29] INFO  org.apache.catalina.core.StandardService - Stopping service [Tomcat]
2026-06-28 09:58:46.447 [Thread-29] INFO  org.apache.coyote.http11.Http11NioProtocol - Stopping ProtocolHandler ["http-nio-8080"]
2026-06-28 09:58:46.453 [Thread-29] INFO  org.apache.coyote.http11.Http11NioProtocol - Destroying ProtocolHandler ["http-nio-8080"]
2026-06-28 09:58:46.454 [Thread-29] INFO  com.alibaba.druid.pool.DruidDataSource - {dataSource-7} closing ...
2026-06-28 09:58:46.461 [Thread-29] INFO  com.alibaba.druid.pool.DruidDataSource - {dataSource-7} closed
2026-06-28 09:58:47.035 [restartedMain] INFO  com.project.travel.TravelApplication - Starting TravelApplication using Java 1.8.0_202 on dilireba with PID 364 (C:\maven\travel_system\travel\travel\travel-server\target\classes started by solitude in C:\maven\travel_system\travel\travel\travel-server)
2026-06-28 09:58:47.036 [restartedMain] INFO  com.project.travel.TravelApplication - The following 1 profile is active: "dev"
2026-06-28 09:58:47.490 [restartedMain] INFO  o.s.d.r.config.RepositoryConfigurationDelegate - Multiple Spring Data modules found, entering strict repository configuration mode
2026-06-28 09:58:47.490 [restartedMain] INFO  o.s.d.r.config.RepositoryConfigurationDelegate - Bootstrapping Spring Data Redis repositories in DEFAULT mode.
2026-06-28 09:58:47.524 [restartedMain] INFO  o.s.d.r.config.RepositoryConfigurationDelegate - Finished Spring Data repository scanning in 33 ms. Found 0 Redis repository interfaces.
2026-06-28 09:58:47.811 [restartedMain] INFO  o.s.boot.web.embedded.tomcat.TomcatWebServer - Tomcat initialized with port(s): 8080 (http)
2026-06-28 09:58:47.813 [restartedMain] INFO  org.apache.coyote.http11.Http11NioProtocol - Initializing ProtocolHandler ["http-nio-8080"]
2026-06-28 09:58:47.813 [restartedMain] INFO  org.apache.catalina.core.StandardService - Starting service [Tomcat]
2026-06-28 09:58:47.813 [restartedMain] INFO  org.apache.catalina.core.StandardEngine - Starting Servlet engine: [Apache Tomcat/9.0.83]
2026-06-28 09:58:47.851 [restartedMain] INFO  o.a.c.core.ContainerBase.[Tomcat].[localhost].[/] - Initializing Spring embedded WebApplicationContext
2026-06-28 09:58:47.851 [restartedMain] INFO  o.s.b.w.s.c.ServletWebServerApplicationContext - Root WebApplicationContext: initialization completed in 810 ms
2026-06-28 09:58:47.893 [restartedMain] INFO  c.a.d.s.b.a.DruidDataSourceAutoConfigure - Init DruidDataSource
2026-06-28 09:58:48.073 [restartedMain] INFO  com.alibaba.druid.pool.DruidDataSource - {dataSource-8} inited
2026-06-28 09:58:52.234 [restartedMain] INFO  o.s.b.d.autoconfigure.OptionalLiveReloadServer - LiveReload server is running on port 35729
2026-06-28 09:58:52.264 [restartedMain] INFO  org.apache.coyote.http11.Http11NioProtocol - Starting ProtocolHandler ["http-nio-8080"]
2026-06-28 09:58:52.276 [restartedMain] INFO  o.s.boot.web.embedded.tomcat.TomcatWebServer - Tomcat started on port(s): 8080 (http) with context path ''
2026-06-28 09:58:52.280 [restartedMain] INFO  com.project.travel.TravelApplication - Started TravelApplication in 5.34 seconds (JVM running for 50021.313)
2026-06-28 09:58:52.281 [restartedMain] INFO  o.s.b.d.a.ConditionEvaluationDeltaLoggingListener - Condition evaluation unchanged
2026-06-28 10:03:35.031 [SpringApplicationShutdownHook] INFO  com.alibaba.druid.pool.DruidDataSource - {dataSource-8} closing ...
2026-06-28 10:03:35.036 [SpringApplicationShutdownHook] INFO  com.alibaba.druid.pool.DruidDataSource - {dataSource-8} closed
2026-06-28 10:06:48.938 [restartedMain] INFO  com.project.travel.TravelApplication - Starting TravelApplication using Java 1.8.0_202 on dilireba with PID 24876 (C:\maven\travel_system\travel\travel\travel-server\target\classes started by solitude in C:\maven\travel_system\travel\travel\travel-server)
2026-06-28 10:06:48.939 [restartedMain] INFO  com.project.travel.TravelApplication - The following 1 profile is active: "dev"
2026-06-28 10:06:49.007 [restartedMain] INFO  o.s.b.d.env.DevToolsPropertyDefaultsPostProcessor - Devtools property defaults active! Set 'spring.devtools.add-properties' to 'false' to disable
2026-06-28 10:06:49.008 [restartedMain] INFO  o.s.b.d.env.DevToolsPropertyDefaultsPostProcessor - For additional web related logging consider setting the 'logging.level.web' property to 'DEBUG'
2026-06-28 10:06:49.653 [restartedMain] INFO  o.s.d.r.config.RepositoryConfigurationDelegate - Multiple Spring Data modules found, entering strict repository configuration mode
2026-06-28 10:06:49.657 [restartedMain] INFO  o.s.d.r.config.RepositoryConfigurationDelegate - Bootstrapping Spring Data Redis repositories in DEFAULT mode.
2026-06-28 10:06:49.695 [restartedMain] INFO  o.s.d.r.config.RepositoryConfigurationDelegate - Finished Spring Data repository scanning in 19 ms. Found 0 Redis repository interfaces.
2026-06-28 10:06:50.469 [restartedMain] INFO  o.s.boot.web.embedded.tomcat.TomcatWebServer - Tomcat initialized with port(s): 8080 (http)
2026-06-28 10:06:50.476 [restartedMain] INFO  org.apache.coyote.http11.Http11NioProtocol - Initializing ProtocolHandler ["http-nio-8080"]
2026-06-28 10:06:50.478 [restartedMain] INFO  org.apache.catalina.core.StandardService - Starting service [Tomcat]
2026-06-28 10:06:50.478 [restartedMain] INFO  org.apache.catalina.core.StandardEngine - Starting Servlet engine: [Apache Tomcat/9.0.83]
2026-06-28 10:06:50.556 [restartedMain] INFO  o.a.c.core.ContainerBase.[Tomcat].[localhost].[/] - Initializing Spring embedded WebApplicationContext
2026-06-28 10:06:50.556 [restartedMain] INFO  o.s.b.w.s.c.ServletWebServerApplicationContext - Root WebApplicationContext: initialization completed in 1548 ms
2026-06-28 10:06:50.973 [restartedMain] INFO  c.a.d.s.b.a.DruidDataSourceAutoConfigure - Init DruidDataSource
2026-06-28 10:06:54.749 [restartedMain] INFO  com.alibaba.druid.pool.DruidDataSource - {dataSource-1} inited
2026-06-28 10:07:04.331 [restartedMain] INFO  o.s.b.d.autoconfigure.OptionalLiveReloadServer - LiveReload server is running on port 35729
2026-06-28 10:07:04.360 [restartedMain] INFO  org.apache.coyote.http11.Http11NioProtocol - Starting ProtocolHandler ["http-nio-8080"]
2026-06-28 10:07:04.396 [restartedMain] INFO  o.s.boot.web.embedded.tomcat.TomcatWebServer - Tomcat started on port(s): 8080 (http) with context path ''
2026-06-28 10:07:04.412 [restartedMain] INFO  com.project.travel.TravelApplication - Started TravelApplication in 15.971 seconds (JVM running for 16.424)
2026-06-28 10:07:09.422 [http-nio-8080-exec-1] INFO  o.a.c.core.ContainerBase.[Tomcat].[localhost].[/] - Initializing Spring DispatcherServlet 'dispatcherServlet'
2026-06-28 10:07:09.424 [http-nio-8080-exec-1] INFO  org.springframework.web.servlet.DispatcherServlet - Initializing Servlet 'dispatcherServlet'
2026-06-28 10:07:09.431 [http-nio-8080-exec-1] INFO  org.springframework.web.servlet.DispatcherServlet - Completed initialization in 6 ms
2026-06-28 10:08:12.096 [File Watcher] INFO  o.s.b.d.a.LocalDevToolsAutoConfiguration$RestartingClassPathChangeChangedEventListener - Restarting due to 10 class path changes (0 additions, 0 deletions, 10 modifications)
2026-06-28 10:08:14.857 [Thread-7] INFO  org.apache.coyote.http11.Http11NioProtocol - Pausing ProtocolHandler ["http-nio-8080"]
2026-06-28 10:08:14.858 [Thread-7] INFO  org.apache.catalina.core.StandardService - Stopping service [Tomcat]
2026-06-28 10:08:14.861 [Thread-7] INFO  o.a.c.core.ContainerBase.[Tomcat].[localhost].[/] - Destroying Spring FrameworkServlet 'dispatcherServlet'
2026-06-28 10:08:14.884 [Thread-7] INFO  org.apache.coyote.http11.Http11NioProtocol - Stopping ProtocolHandler ["http-nio-8080"]
2026-06-28 10:08:14.938 [Thread-7] INFO  org.apache.coyote.http11.Http11NioProtocol - Destroying ProtocolHandler ["http-nio-8080"]
2026-06-28 10:08:14.947 [Thread-7] INFO  com.alibaba.druid.pool.DruidDataSource - {dataSource-1} closing ...
2026-06-28 10:08:14.956 [Thread-7] INFO  com.alibaba.druid.pool.DruidDataSource - {dataSource-1} closed
2026-06-28 10:08:15.950 [restartedMain] INFO  com.project.travel.TravelApplication - Starting TravelApplication using Java 1.8.0_202 on dilireba with PID 24876 (C:\maven\travel_system\travel\travel\travel-server\target\classes started by solitude in C:\maven\travel_system\travel\travel\travel-server)
2026-06-28 10:08:15.951 [restartedMain] INFO  com.project.travel.TravelApplication - The following 1 profile is active: "dev"
2026-06-28 10:08:16.678 [restartedMain] INFO  o.s.d.r.config.RepositoryConfigurationDelegate - Multiple Spring Data modules found, entering strict repository configuration mode
2026-06-28 10:08:16.680 [restartedMain] INFO  o.s.d.r.config.RepositoryConfigurationDelegate - Bootstrapping Spring Data Redis repositories in DEFAULT mode.
2026-06-28 10:08:16.730 [restartedMain] INFO  o.s.d.r.config.RepositoryConfigurationDelegate - Finished Spring Data repository scanning in 41 ms. Found 0 Redis repository interfaces.
2026-06-28 10:08:17.662 [restartedMain] INFO  o.s.boot.web.embedded.tomcat.TomcatWebServer - Tomcat initialized with port(s): 8080 (http)
2026-06-28 10:08:17.664 [restartedMain] INFO  org.apache.coyote.http11.Http11NioProtocol - Initializing ProtocolHandler ["http-nio-8080"]
2026-06-28 10:08:17.664 [restartedMain] INFO  org.apache.catalina.core.StandardService - Starting service [Tomcat]
2026-06-28 10:08:17.664 [restartedMain] INFO  org.apache.catalina.core.StandardEngine - Starting Servlet engine: [Apache Tomcat/9.0.83]
2026-06-28 10:08:17.703 [restartedMain] INFO  o.a.c.core.ContainerBase.[Tomcat].[localhost].[/] - Initializing Spring embedded WebApplicationContext
2026-06-28 10:08:17.703 [restartedMain] INFO  o.s.b.w.s.c.ServletWebServerApplicationContext - Root WebApplicationContext: initialization completed in 1744 ms
2026-06-28 10:08:17.895 [restartedMain] INFO  c.a.d.s.b.a.DruidDataSourceAutoConfigure - Init DruidDataSource
2026-06-28 10:08:18.124 [restartedMain] INFO  com.alibaba.druid.pool.DruidDataSource - {dataSource-2} inited
2026-06-28 10:08:22.459 [restartedMain] INFO  o.s.b.d.autoconfigure.OptionalLiveReloadServer - LiveReload server is running on port 35729
2026-06-28 10:08:22.491 [restartedMain] INFO  org.apache.coyote.http11.Http11NioProtocol - Starting ProtocolHandler ["http-nio-8080"]
2026-06-28 10:08:22.525 [restartedMain] INFO  o.s.boot.web.embedded.tomcat.TomcatWebServer - Tomcat started on port(s): 8080 (http) with context path ''
2026-06-28 10:08:22.534 [restartedMain] INFO  com.project.travel.TravelApplication - Started TravelApplication in 7.053 seconds (JVM running for 94.546)
2026-06-28 10:08:22.538 [restartedMain] INFO  o.s.b.d.a.ConditionEvaluationDeltaLoggingListener - Condition evaluation unchanged
2026-06-28 10:10:22.844 [http-nio-8080-exec-1] INFO  o.a.c.core.ContainerBase.[Tomcat].[localhost].[/] - Initializing Spring DispatcherServlet 'dispatcherServlet'
2026-06-28 10:10:22.847 [http-nio-8080-exec-1] INFO  org.springframework.web.servlet.DispatcherServlet - Initializing Servlet 'dispatcherServlet'
2026-06-28 10:10:22.850 [http-nio-8080-exec-1] INFO  org.springframework.web.servlet.DispatcherServlet - Completed initialization in 2 ms
2026-06-28 10:11:29.832 [File Watcher] INFO  o.s.b.d.a.LocalDevToolsAutoConfiguration$RestartingClassPathChangeChangedEventListener - Restarting due to 1 class path change (0 additions, 0 deletions, 1 modification)
2026-06-28 10:11:32.896 [Thread-9] INFO  org.apache.coyote.http11.Http11NioProtocol - Pausing ProtocolHandler ["http-nio-8080"]
2026-06-28 10:11:32.897 [Thread-9] INFO  org.apache.catalina.core.StandardService - Stopping service [Tomcat]
2026-06-28 10:11:32.901 [Thread-9] INFO  o.a.c.core.ContainerBase.[Tomcat].[localhost].[/] - Destroying Spring FrameworkServlet 'dispatcherServlet'
2026-06-28 10:11:32.967 [Thread-9] INFO  org.apache.coyote.http11.Http11NioProtocol - Stopping ProtocolHandler ["http-nio-8080"]
2026-06-28 10:11:32.991 [Thread-9] INFO  org.apache.coyote.http11.Http11NioProtocol - Destroying ProtocolHandler ["http-nio-8080"]
2026-06-28 10:11:32.999 [Thread-9] INFO  com.alibaba.druid.pool.DruidDataSource - {dataSource-2} closing ...
2026-06-28 10:11:33.010 [Thread-9] INFO  com.alibaba.druid.pool.DruidDataSource - {dataSource-2} closed
2026-06-28 10:11:33.716 [restartedMain] INFO  com.project.travel.TravelApplication - Starting TravelApplication using Java 1.8.0_202 on dilireba with PID 24876 (C:\maven\travel_system\travel\travel\travel-server\target\classes started by solitude in C:\maven\travel_system\travel\travel\travel-server)
2026-06-28 10:11:33.717 [restartedMain] INFO  com.project.travel.TravelApplication - The following 1 profile is active: "dev"
2026-06-28 10:11:34.667 [restartedMain] INFO  o.s.d.r.config.RepositoryConfigurationDelegate - Multiple Spring Data modules found, entering strict repository configuration mode
2026-06-28 10:11:34.667 [restartedMain] INFO  o.s.d.r.config.RepositoryConfigurationDelegate - Bootstrapping Spring Data Redis repositories in DEFAULT mode.
2026-06-28 10:11:34.737 [restartedMain] INFO  o.s.d.r.config.RepositoryConfigurationDelegate - Finished Spring Data repository scanning in 70 ms. Found 0 Redis repository interfaces.
2026-06-28 10:11:35.182 [restartedMain] INFO  o.s.boot.web.embedded.tomcat.TomcatWebServer - Tomcat initialized with port(s): 8080 (http)
2026-06-28 10:11:35.183 [restartedMain] INFO  org.apache.coyote.http11.Http11NioProtocol - Initializing ProtocolHandler ["http-nio-8080"]
2026-06-28 10:11:35.184 [restartedMain] INFO  org.apache.catalina.core.StandardService - Starting service [Tomcat]
2026-06-28 10:11:35.185 [restartedMain] INFO  org.apache.catalina.core.StandardEngine - Starting Servlet engine: [Apache Tomcat/9.0.83]
2026-06-28 10:11:35.239 [restartedMain] INFO  o.a.c.core.ContainerBase.[Tomcat].[localhost].[/] - Initializing Spring embedded WebApplicationContext
2026-06-28 10:11:35.239 [restartedMain] INFO  o.s.b.w.s.c.ServletWebServerApplicationContext - Root WebApplicationContext: initialization completed in 1513 ms
2026-06-28 10:11:35.312 [restartedMain] INFO  c.a.d.s.b.a.DruidDataSourceAutoConfigure - Init DruidDataSource
2026-06-28 10:11:35.532 [restartedMain] INFO  com.alibaba.druid.pool.DruidDataSource - {dataSource-3} inited
2026-06-28 10:11:40.167 [restartedMain] INFO  o.s.b.d.autoconfigure.OptionalLiveReloadServer - LiveReload server is running on port 35729
2026-06-28 10:11:40.190 [restartedMain] INFO  org.apache.coyote.http11.Http11NioProtocol - Starting ProtocolHandler ["http-nio-8080"]
2026-06-28 10:11:40.202 [restartedMain] INFO  o.s.boot.web.embedded.tomcat.TomcatWebServer - Tomcat started on port(s): 8080 (http) with context path ''
2026-06-28 10:11:40.209 [restartedMain] INFO  com.project.travel.TravelApplication - Started TravelApplication in 6.609 seconds (JVM running for 292.221)
2026-06-28 10:11:40.210 [restartedMain] INFO  o.s.b.d.a.ConditionEvaluationDeltaLoggingListener - Condition evaluation unchanged
2026-06-28 10:11:48.591 [SpringApplicationShutdownHook] INFO  com.alibaba.druid.pool.DruidDataSource - {dataSource-3} closing ...
2026-06-28 10:11:48.593 [SpringApplicationShutdownHook] INFO  com.alibaba.druid.pool.DruidDataSource - {dataSource-3} closed
2026-06-28 10:11:56.183 [restartedMain] INFO  com.project.travel.TravelApplication - Starting TravelApplication using Java 1.8.0_202 on dilireba with PID 4216 (C:\maven\travel_system\travel\travel\travel-server\target\classes started by solitude in C:\maven\travel_system\travel\travel\travel-server)
2026-06-28 10:11:56.184 [restartedMain] INFO  com.project.travel.TravelApplication - The following 1 profile is active: "dev"
2026-06-28 10:11:56.252 [restartedMain] INFO  o.s.b.d.env.DevToolsPropertyDefaultsPostProcessor - Devtools property defaults active! Set 'spring.devtools.add-properties' to 'false' to disable
2026-06-28 10:11:56.252 [restartedMain] INFO  o.s.b.d.env.DevToolsPropertyDefaultsPostProcessor - For additional web related logging consider setting the 'logging.level.web' property to 'DEBUG'
2026-06-28 10:11:56.835 [restartedMain] INFO  o.s.d.r.config.RepositoryConfigurationDelegate - Multiple Spring Data modules found, entering strict repository configuration mode
2026-06-28 10:11:56.838 [restartedMain] INFO  o.s.d.r.config.RepositoryConfigurationDelegate - Bootstrapping Spring Data Redis repositories in DEFAULT mode.
2026-06-28 10:11:56.864 [restartedMain] INFO  o.s.d.r.config.RepositoryConfigurationDelegate - Finished Spring Data repository scanning in 16 ms. Found 0 Redis repository interfaces.
2026-06-28 10:11:57.650 [restartedMain] INFO  o.s.boot.web.embedded.tomcat.TomcatWebServer - Tomcat initialized with port(s): 8080 (http)
2026-06-28 10:11:57.657 [restartedMain] INFO  org.apache.coyote.http11.Http11NioProtocol - Initializing ProtocolHandler ["http-nio-8080"]
2026-06-28 10:11:57.660 [restartedMain] INFO  org.apache.catalina.core.StandardService - Starting service [Tomcat]
2026-06-28 10:11:57.660 [restartedMain] INFO  org.apache.catalina.core.StandardEngine - Starting Servlet engine: [Apache Tomcat/9.0.83]
2026-06-28 10:11:57.749 [restartedMain] INFO  o.a.c.core.ContainerBase.[Tomcat].[localhost].[/] - Initializing Spring embedded WebApplicationContext
2026-06-28 10:11:57.749 [restartedMain] INFO  o.s.b.w.s.c.ServletWebServerApplicationContext - Root WebApplicationContext: initialization completed in 1496 ms
2026-06-28 10:11:58.145 [restartedMain] INFO  c.a.d.s.b.a.DruidDataSourceAutoConfigure - Init DruidDataSource
2026-06-28 10:11:59.486 [restartedMain] INFO  com.alibaba.druid.pool.DruidDataSource - {dataSource-1} inited
2026-06-28 10:12:02.482 [restartedMain] INFO  o.s.b.d.autoconfigure.OptionalLiveReloadServer - LiveReload server is running on port 35729
2026-06-28 10:12:02.581 [restartedMain] INFO  org.apache.coyote.http11.Http11NioProtocol - Starting ProtocolHandler ["http-nio-8080"]
2026-06-28 10:12:02.616 [restartedMain] INFO  o.s.boot.web.embedded.tomcat.TomcatWebServer - Tomcat started on port(s): 8080 (http) with context path ''
2026-06-28 10:12:02.631 [restartedMain] INFO  com.project.travel.TravelApplication - Started TravelApplication in 6.889 seconds (JVM running for 7.327)
2026-06-28 10:12:18.659 [http-nio-8080-exec-1] INFO  o.a.c.core.ContainerBase.[Tomcat].[localhost].[/] - Initializing Spring DispatcherServlet 'dispatcherServlet'
2026-06-28 10:12:18.660 [http-nio-8080-exec-1] INFO  org.springframework.web.servlet.DispatcherServlet - Initializing Servlet 'dispatcherServlet'
2026-06-28 10:12:18.663 [http-nio-8080-exec-1] INFO  org.springframework.web.servlet.DispatcherServlet - Completed initialization in 3 ms
2026-06-28 10:14:15.644 [http-nio-8080-exec-43] INFO  com.project.travel.handle.MyMetaObjectHandler - 公共字段自动填充[insert]...
2026-06-28 10:16:52.144 [File Watcher] INFO  o.s.b.d.a.LocalDevToolsAutoConfiguration$RestartingClassPathChangeChangedEventListener - Restarting due to 1 class path change (0 additions, 0 deletions, 1 modification)
2026-06-28 10:16:55.535 [Thread-7] INFO  org.apache.coyote.http11.Http11NioProtocol - Pausing ProtocolHandler ["http-nio-8080"]
2026-06-28 10:16:55.535 [Thread-7] INFO  org.apache.catalina.core.StandardService - Stopping service [Tomcat]
2026-06-28 10:16:55.538 [Thread-7] INFO  o.a.c.core.ContainerBase.[Tomcat].[localhost].[/] - Destroying Spring FrameworkServlet 'dispatcherServlet'
2026-06-28 10:16:55.579 [Thread-7] INFO  org.apache.coyote.http11.Http11NioProtocol - Stopping ProtocolHandler ["http-nio-8080"]
2026-06-28 10:16:55.616 [Thread-7] INFO  org.apache.coyote.http11.Http11NioProtocol - Destroying ProtocolHandler ["http-nio-8080"]
2026-06-28 10:16:55.638 [Thread-7] INFO  com.alibaba.druid.pool.DruidDataSource - {dataSource-1} closing ...
2026-06-28 10:16:55.659 [Thread-7] INFO  com.alibaba.druid.pool.DruidDataSource - {dataSource-1} closed
2026-06-28 10:16:56.498 [restartedMain] INFO  com.project.travel.TravelApplication - Starting TravelApplication using Java 1.8.0_202 on dilireba with PID 4216 (C:\maven\travel_system\travel\travel\travel-server\target\classes started by solitude in C:\maven\travel_system\travel\travel\travel-server)
2026-06-28 10:16:56.498 [restartedMain] INFO  com.project.travel.TravelApplication - The following 1 profile is active: "dev"
2026-06-28 10:16:57.175 [restartedMain] INFO  o.s.d.r.config.RepositoryConfigurationDelegate - Multiple Spring Data modules found, entering strict repository configuration mode
2026-06-28 10:16:57.175 [restartedMain] INFO  o.s.d.r.config.RepositoryConfigurationDelegate - Bootstrapping Spring Data Redis repositories in DEFAULT mode.
2026-06-28 10:16:57.216 [restartedMain] INFO  o.s.d.r.config.RepositoryConfigurationDelegate - Finished Spring Data repository scanning in 41 ms. Found 0 Redis repository interfaces.
2026-06-28 10:16:58.178 [restartedMain] INFO  o.s.boot.web.embedded.tomcat.TomcatWebServer - Tomcat initialized with port(s): 8080 (http)
2026-06-28 10:16:58.179 [restartedMain] INFO  org.apache.coyote.http11.Http11NioProtocol - Initializing ProtocolHandler ["http-nio-8080"]
2026-06-28 10:16:58.179 [restartedMain] INFO  org.apache.catalina.core.StandardService - Starting service [Tomcat]
2026-06-28 10:16:58.180 [restartedMain] INFO  org.apache.catalina.core.StandardEngine - Starting Servlet engine: [Apache Tomcat/9.0.83]
2026-06-28 10:16:58.221 [restartedMain] INFO  o.a.c.core.ContainerBase.[Tomcat].[localhost].[/] - Initializing Spring embedded WebApplicationContext
2026-06-28 10:16:58.221 [restartedMain] INFO  o.s.b.w.s.c.ServletWebServerApplicationContext - Root WebApplicationContext: initialization completed in 1718 ms
2026-06-28 10:16:58.295 [restartedMain] INFO  c.a.d.s.b.a.DruidDataSourceAutoConfigure - Init DruidDataSource
2026-06-28 10:16:58.472 [restartedMain] INFO  com.alibaba.druid.pool.DruidDataSource - {dataSource-2} inited
2026-06-28 10:17:03.580 [restartedMain] INFO  o.s.b.d.autoconfigure.OptionalLiveReloadServer - LiveReload server is running on port 35729
2026-06-28 10:17:03.608 [restartedMain] INFO  org.apache.coyote.http11.Http11NioProtocol - Starting ProtocolHandler ["http-nio-8080"]
2026-06-28 10:17:03.640 [restartedMain] INFO  o.s.boot.web.embedded.tomcat.TomcatWebServer - Tomcat started on port(s): 8080 (http) with context path ''
2026-06-28 10:17:03.649 [restartedMain] INFO  com.project.travel.TravelApplication - Started TravelApplication in 7.445 seconds (JVM running for 308.346)
2026-06-28 10:17:03.652 [restartedMain] INFO  o.s.b.d.a.ConditionEvaluationDeltaLoggingListener - Condition evaluation unchanged
2026-06-28 10:17:09.548 [File Watcher] INFO  o.s.b.d.a.LocalDevToolsAutoConfiguration$RestartingClassPathChangeChangedEventListener - Restarting due to 1 class path change (0 additions, 0 deletions, 1 modification)
2026-06-28 10:17:12.712 [Thread-9] INFO  org.apache.coyote.http11.Http11NioProtocol - Pausing ProtocolHandler ["http-nio-8080"]
2026-06-28 10:17:12.714 [Thread-9] INFO  org.apache.catalina.core.StandardService - Stopping service [Tomcat]
2026-06-28 10:17:12.728 [Thread-9] INFO  org.apache.coyote.http11.Http11NioProtocol - Stopping ProtocolHandler ["http-nio-8080"]
2026-06-28 10:17:12.743 [Thread-9] INFO  org.apache.coyote.http11.Http11NioProtocol - Destroying ProtocolHandler ["http-nio-8080"]
2026-06-28 10:17:12.751 [Thread-9] INFO  com.alibaba.druid.pool.DruidDataSource - {dataSource-2} closing ...
2026-06-28 10:17:12.761 [Thread-9] INFO  com.alibaba.druid.pool.DruidDataSource - {dataSource-2} closed
2026-06-28 10:17:13.315 [restartedMain] INFO  com.project.travel.TravelApplication - Starting TravelApplication using Java 1.8.0_202 on dilireba with PID 4216 (C:\maven\travel_system\travel\travel\travel-server\target\classes started by solitude in C:\maven\travel_system\travel\travel\travel-server)
2026-06-28 10:17:13.317 [restartedMain] INFO  com.project.travel.TravelApplication - The following 1 profile is active: "dev"
2026-06-28 10:17:13.856 [restartedMain] INFO  o.s.d.r.config.RepositoryConfigurationDelegate - Multiple Spring Data modules found, entering strict repository configuration mode
2026-06-28 10:17:13.857 [restartedMain] INFO  o.s.d.r.config.RepositoryConfigurationDelegate - Bootstrapping Spring Data Redis repositories in DEFAULT mode.
2026-06-28 10:17:13.886 [restartedMain] INFO  o.s.d.r.config.RepositoryConfigurationDelegate - Finished Spring Data repository scanning in 28 ms. Found 0 Redis repository interfaces.
2026-06-28 10:17:14.146 [restartedMain] INFO  o.s.boot.web.embedded.tomcat.TomcatWebServer - Tomcat initialized with port(s): 8080 (http)
2026-06-28 10:17:14.148 [restartedMain] INFO  org.apache.coyote.http11.Http11NioProtocol - Initializing ProtocolHandler ["http-nio-8080"]
2026-06-28 10:17:14.148 [restartedMain] INFO  org.apache.catalina.core.StandardService - Starting service [Tomcat]
2026-06-28 10:17:14.149 [restartedMain] INFO  org.apache.catalina.core.StandardEngine - Starting Servlet engine: [Apache Tomcat/9.0.83]
2026-06-28 10:17:14.187 [restartedMain] INFO  o.a.c.core.ContainerBase.[Tomcat].[localhost].[/] - Initializing Spring embedded WebApplicationContext
2026-06-28 10:17:14.187 [restartedMain] INFO  o.s.b.w.s.c.ServletWebServerApplicationContext - Root WebApplicationContext: initialization completed in 864 ms
2026-06-28 10:17:14.247 [restartedMain] INFO  c.a.d.s.b.a.DruidDataSourceAutoConfigure - Init DruidDataSource
2026-06-28 10:17:14.513 [restartedMain] INFO  com.alibaba.druid.pool.DruidDataSource - {dataSource-3} inited
2026-06-28 10:17:19.342 [restartedMain] INFO  o.s.b.d.autoconfigure.OptionalLiveReloadServer - LiveReload server is running on port 35729
2026-06-28 10:17:19.371 [restartedMain] INFO  org.apache.coyote.http11.Http11NioProtocol - Starting ProtocolHandler ["http-nio-8080"]
2026-06-28 10:17:19.380 [restartedMain] INFO  o.s.boot.web.embedded.tomcat.TomcatWebServer - Tomcat started on port(s): 8080 (http) with context path ''
2026-06-28 10:17:19.385 [restartedMain] INFO  com.project.travel.TravelApplication - Started TravelApplication in 6.184 seconds (JVM running for 324.081)
2026-06-28 10:17:19.386 [restartedMain] INFO  o.s.b.d.a.ConditionEvaluationDeltaLoggingListener - Condition evaluation unchanged
2026-06-28 10:17:33.001 [File Watcher] INFO  o.s.b.d.a.LocalDevToolsAutoConfiguration$RestartingClassPathChangeChangedEventListener - Restarting due to 1 class path change (0 additions, 0 deletions, 1 modification)
2026-06-28 10:17:36.309 [Thread-13] INFO  org.apache.coyote.http11.Http11NioProtocol - Pausing ProtocolHandler ["http-nio-8080"]
2026-06-28 10:17:36.310 [Thread-13] INFO  org.apache.catalina.core.StandardService - Stopping service [Tomcat]
2026-06-28 10:17:36.322 [Thread-13] INFO  org.apache.coyote.http11.Http11NioProtocol - Stopping ProtocolHandler ["http-nio-8080"]
2026-06-28 10:17:36.327 [Thread-13] INFO  org.apache.coyote.http11.Http11NioProtocol - Destroying ProtocolHandler ["http-nio-8080"]
2026-06-28 10:17:36.334 [Thread-13] INFO  com.alibaba.druid.pool.DruidDataSource - {dataSource-3} closing ...
2026-06-28 10:17:36.343 [Thread-13] INFO  com.alibaba.druid.pool.DruidDataSource - {dataSource-3} closed
2026-06-28 10:17:36.805 [restartedMain] INFO  com.project.travel.TravelApplication - Starting TravelApplication using Java 1.8.0_202 on dilireba with PID 4216 (C:\maven\travel_system\travel\travel\travel-server\target\classes started by solitude in C:\maven\travel_system\travel\travel\travel-server)
2026-06-28 10:17:36.806 [restartedMain] INFO  com.project.travel.TravelApplication - The following 1 profile is active: "dev"
2026-06-28 10:17:37.316 [restartedMain] INFO  o.s.d.r.config.RepositoryConfigurationDelegate - Multiple Spring Data modules found, entering strict repository configuration mode
2026-06-28 10:17:37.317 [restartedMain] INFO  o.s.d.r.config.RepositoryConfigurationDelegate - Bootstrapping Spring Data Redis repositories in DEFAULT mode.
2026-06-28 10:17:37.350 [restartedMain] INFO  o.s.d.r.config.RepositoryConfigurationDelegate - Finished Spring Data repository scanning in 32 ms. Found 0 Redis repository interfaces.
2026-06-28 10:17:37.613 [restartedMain] INFO  o.s.boot.web.embedded.tomcat.TomcatWebServer - Tomcat initialized with port(s): 8080 (http)
2026-06-28 10:17:37.615 [restartedMain] INFO  org.apache.coyote.http11.Http11NioProtocol - Initializing ProtocolHandler ["http-nio-8080"]
2026-06-28 10:17:37.615 [restartedMain] INFO  org.apache.catalina.core.StandardService - Starting service [Tomcat]
2026-06-28 10:17:37.615 [restartedMain] INFO  org.apache.catalina.core.StandardEngine - Starting Servlet engine: [Apache Tomcat/9.0.83]
2026-06-28 10:17:37.656 [restartedMain] INFO  o.a.c.core.ContainerBase.[Tomcat].[localhost].[/] - Initializing Spring embedded WebApplicationContext
2026-06-28 10:17:37.656 [restartedMain] INFO  o.s.b.w.s.c.ServletWebServerApplicationContext - Root WebApplicationContext: initialization completed in 847 ms
2026-06-28 10:17:37.740 [restartedMain] INFO  c.a.d.s.b.a.DruidDataSourceAutoConfigure - Init DruidDataSource
2026-06-28 10:17:37.934 [restartedMain] INFO  com.alibaba.druid.pool.DruidDataSource - {dataSource-4} inited
2026-06-28 10:17:41.877 [restartedMain] INFO  o.s.b.d.autoconfigure.OptionalLiveReloadServer - LiveReload server is running on port 35729
2026-06-28 10:17:41.915 [restartedMain] INFO  org.apache.coyote.http11.Http11NioProtocol - Starting ProtocolHandler ["http-nio-8080"]
2026-06-28 10:17:41.925 [restartedMain] INFO  o.s.boot.web.embedded.tomcat.TomcatWebServer - Tomcat started on port(s): 8080 (http) with context path ''
2026-06-28 10:17:41.929 [restartedMain] INFO  com.project.travel.TravelApplication - Started TravelApplication in 5.211 seconds (JVM running for 346.626)
2026-06-28 10:17:41.932 [restartedMain] INFO  o.s.b.d.a.ConditionEvaluationDeltaLoggingListener - Condition evaluation unchanged
2026-06-28 10:17:43.450 [File Watcher] INFO  o.s.b.d.a.LocalDevToolsAutoConfiguration$RestartingClassPathChangeChangedEventListener - Restarting due to 1 class path change (0 additions, 0 deletions, 1 modification)
2026-06-28 10:17:46.500 [Thread-17] INFO  org.apache.coyote.http11.Http11NioProtocol - Pausing ProtocolHandler ["http-nio-8080"]
2026-06-28 10:17:46.500 [Thread-17] INFO  org.apache.catalina.core.StandardService - Stopping service [Tomcat]
2026-06-28 10:17:46.510 [Thread-17] INFO  org.apache.coyote.http11.Http11NioProtocol - Stopping ProtocolHandler ["http-nio-8080"]
2026-06-28 10:17:46.520 [Thread-17] INFO  org.apache.coyote.http11.Http11NioProtocol - Destroying ProtocolHandler ["http-nio-8080"]
2026-06-28 10:17:46.524 [Thread-17] INFO  com.alibaba.druid.pool.DruidDataSource - {dataSource-4} closing ...
2026-06-28 10:17:46.533 [Thread-17] INFO  com.alibaba.druid.pool.DruidDataSource - {dataSource-4} closed
2026-06-28 10:17:47.041 [restartedMain] INFO  com.project.travel.TravelApplication - Starting TravelApplication using Java 1.8.0_202 on dilireba with PID 4216 (C:\maven\travel_system\travel\travel\travel-server\target\classes started by solitude in C:\maven\travel_system\travel\travel\travel-server)
2026-06-28 10:17:47.041 [restartedMain] INFO  com.project.travel.TravelApplication - The following 1 profile is active: "dev"
2026-06-28 10:17:47.426 [restartedMain] INFO  o.s.d.r.config.RepositoryConfigurationDelegate - Multiple Spring Data modules found, entering strict repository configuration mode
2026-06-28 10:17:47.426 [restartedMain] INFO  o.s.d.r.config.RepositoryConfigurationDelegate - Bootstrapping Spring Data Redis repositories in DEFAULT mode.
2026-06-28 10:17:47.454 [restartedMain] INFO  o.s.d.r.config.RepositoryConfigurationDelegate - Finished Spring Data repository scanning in 28 ms. Found 0 Redis repository interfaces.
2026-06-28 10:17:47.634 [restartedMain] INFO  o.s.boot.web.embedded.tomcat.TomcatWebServer - Tomcat initialized with port(s): 8080 (http)
2026-06-28 10:17:47.635 [restartedMain] INFO  org.apache.coyote.http11.Http11NioProtocol - Initializing ProtocolHandler ["http-nio-8080"]
2026-06-28 10:17:47.635 [restartedMain] INFO  org.apache.catalina.core.StandardService - Starting service [Tomcat]
2026-06-28 10:17:47.636 [restartedMain] INFO  org.apache.catalina.core.StandardEngine - Starting Servlet engine: [Apache Tomcat/9.0.83]
2026-06-28 10:17:47.668 [restartedMain] INFO  o.a.c.core.ContainerBase.[Tomcat].[localhost].[/] - Initializing Spring embedded WebApplicationContext
2026-06-28 10:17:47.670 [restartedMain] INFO  o.s.b.w.s.c.ServletWebServerApplicationContext - Root WebApplicationContext: initialization completed in 626 ms
2026-06-28 10:17:47.732 [restartedMain] INFO  c.a.d.s.b.a.DruidDataSourceAutoConfigure - Init DruidDataSource
2026-06-28 10:17:47.904 [restartedMain] INFO  com.alibaba.druid.pool.DruidDataSource - {dataSource-5} inited
2026-06-28 10:17:52.767 [restartedMain] INFO  o.s.b.d.autoconfigure.OptionalLiveReloadServer - LiveReload server is running on port 35729
2026-06-28 10:17:52.790 [restartedMain] INFO  org.apache.coyote.http11.Http11NioProtocol - Starting ProtocolHandler ["http-nio-8080"]
2026-06-28 10:17:52.799 [restartedMain] INFO  o.s.boot.web.embedded.tomcat.TomcatWebServer - Tomcat started on port(s): 8080 (http) with context path ''
2026-06-28 10:17:52.803 [restartedMain] INFO  com.project.travel.TravelApplication - Started TravelApplication in 5.846 seconds (JVM running for 357.5)
2026-06-28 10:17:52.806 [restartedMain] INFO  o.s.b.d.a.ConditionEvaluationDeltaLoggingListener - Condition evaluation unchanged
2026-06-28 10:18:00.879 [File Watcher] INFO  o.s.b.d.a.LocalDevToolsAutoConfiguration$RestartingClassPathChangeChangedEventListener - Restarting due to 1 class path change (0 additions, 0 deletions, 1 modification)
2026-06-28 10:18:04.216 [Thread-21] INFO  org.apache.coyote.http11.Http11NioProtocol - Pausing ProtocolHandler ["http-nio-8080"]
2026-06-28 10:18:04.217 [Thread-21] INFO  org.apache.catalina.core.StandardService - Stopping service [Tomcat]
2026-06-28 10:18:04.228 [Thread-21] INFO  org.apache.coyote.http11.Http11NioProtocol - Stopping ProtocolHandler ["http-nio-8080"]
2026-06-28 10:18:04.232 [Thread-21] INFO  org.apache.coyote.http11.Http11NioProtocol - Destroying ProtocolHandler ["http-nio-8080"]
2026-06-28 10:18:04.234 [Thread-21] INFO  com.alibaba.druid.pool.DruidDataSource - {dataSource-5} closing ...
2026-06-28 10:18:04.241 [Thread-21] INFO  com.alibaba.druid.pool.DruidDataSource - {dataSource-5} closed
2026-06-28 10:18:04.673 [restartedMain] INFO  com.project.travel.TravelApplication - Starting TravelApplication using Java 1.8.0_202 on dilireba with PID 4216 (C:\maven\travel_system\travel\travel\travel-server\target\classes started by solitude in C:\maven\travel_system\travel\travel\travel-server)
2026-06-28 10:18:04.673 [restartedMain] INFO  com.project.travel.TravelApplication - The following 1 profile is active: "dev"
2026-06-28 10:18:05.095 [restartedMain] INFO  o.s.d.r.config.RepositoryConfigurationDelegate - Multiple Spring Data modules found, entering strict repository configuration mode
2026-06-28 10:18:05.095 [restartedMain] INFO  o.s.d.r.config.RepositoryConfigurationDelegate - Bootstrapping Spring Data Redis repositories in DEFAULT mode.
2026-06-28 10:18:05.142 [restartedMain] INFO  o.s.d.r.config.RepositoryConfigurationDelegate - Finished Spring Data repository scanning in 46 ms. Found 0 Redis repository interfaces.
2026-06-28 10:18:05.413 [restartedMain] INFO  o.s.boot.web.embedded.tomcat.TomcatWebServer - Tomcat initialized with port(s): 8080 (http)
2026-06-28 10:18:05.415 [restartedMain] INFO  org.apache.coyote.http11.Http11NioProtocol - Initializing ProtocolHandler ["http-nio-8080"]
2026-06-28 10:18:05.415 [restartedMain] INFO  org.apache.catalina.core.StandardService - Starting service [Tomcat]
2026-06-28 10:18:05.415 [restartedMain] INFO  org.apache.catalina.core.StandardEngine - Starting Servlet engine: [Apache Tomcat/9.0.83]
2026-06-28 10:18:05.441 [restartedMain] INFO  o.a.c.core.ContainerBase.[Tomcat].[localhost].[/] - Initializing Spring embedded WebApplicationContext
2026-06-28 10:18:05.441 [restartedMain] INFO  o.s.b.w.s.c.ServletWebServerApplicationContext - Root WebApplicationContext: initialization completed in 764 ms
2026-06-28 10:18:05.485 [restartedMain] INFO  c.a.d.s.b.a.DruidDataSourceAutoConfigure - Init DruidDataSource
2026-06-28 10:18:05.691 [restartedMain] INFO  com.alibaba.druid.pool.DruidDataSource - {dataSource-6} inited
2026-06-28 10:18:09.650 [restartedMain] INFO  o.s.b.d.autoconfigure.OptionalLiveReloadServer - LiveReload server is running on port 35729
2026-06-28 10:18:09.686 [restartedMain] INFO  org.apache.coyote.http11.Http11NioProtocol - Starting ProtocolHandler ["http-nio-8080"]
2026-06-28 10:18:09.693 [restartedMain] INFO  o.s.boot.web.embedded.tomcat.TomcatWebServer - Tomcat started on port(s): 8080 (http) with context path ''
2026-06-28 10:18:09.697 [restartedMain] INFO  com.project.travel.TravelApplication - Started TravelApplication in 5.097 seconds (JVM running for 374.394)
2026-06-28 10:18:09.698 [restartedMain] INFO  o.s.b.d.a.ConditionEvaluationDeltaLoggingListener - Condition evaluation unchanged
2026-06-28 10:18:16.899 [SpringApplicationShutdownHook] INFO  com.alibaba.druid.pool.DruidDataSource - {dataSource-6} closing ...
2026-06-28 10:18:16.902 [SpringApplicationShutdownHook] INFO  com.alibaba.druid.pool.DruidDataSource - {dataSource-6} closed
2026-06-28 10:18:23.263 [restartedMain] INFO  com.project.travel.TravelApplication - Starting TravelApplication using Java 1.8.0_202 on dilireba with PID 35008 (C:\maven\travel_system\travel\travel\travel-server\target\classes started by solitude in C:\maven\travel_system\travel\travel\travel-server)
2026-06-28 10:18:23.263 [restartedMain] INFO  com.project.travel.TravelApplication - The following 1 profile is active: "dev"
2026-06-28 10:18:23.328 [restartedMain] INFO  o.s.b.d.env.DevToolsPropertyDefaultsPostProcessor - Devtools property defaults active! Set 'spring.devtools.add-properties' to 'false' to disable
2026-06-28 10:18:23.328 [restartedMain] INFO  o.s.b.d.env.DevToolsPropertyDefaultsPostProcessor - For additional web related logging consider setting the 'logging.level.web' property to 'DEBUG'
2026-06-28 10:18:23.840 [restartedMain] INFO  o.s.d.r.config.RepositoryConfigurationDelegate - Multiple Spring Data modules found, entering strict repository configuration mode
2026-06-28 10:18:23.843 [restartedMain] INFO  o.s.d.r.config.RepositoryConfigurationDelegate - Bootstrapping Spring Data Redis repositories in DEFAULT mode.
2026-06-28 10:18:23.868 [restartedMain] INFO  o.s.d.r.config.RepositoryConfigurationDelegate - Finished Spring Data repository scanning in 15 ms. Found 0 Redis repository interfaces.
2026-06-28 10:18:24.514 [restartedMain] INFO  o.s.boot.web.embedded.tomcat.TomcatWebServer - Tomcat initialized with port(s): 8080 (http)
2026-06-28 10:18:24.522 [restartedMain] INFO  org.apache.coyote.http11.Http11NioProtocol - Initializing ProtocolHandler ["http-nio-8080"]
2026-06-28 10:18:24.523 [restartedMain] INFO  org.apache.catalina.core.StandardService - Starting service [Tomcat]
2026-06-28 10:18:24.523 [restartedMain] INFO  org.apache.catalina.core.StandardEngine - Starting Servlet engine: [Apache Tomcat/9.0.83]
2026-06-28 10:18:24.590 [restartedMain] INFO  o.a.c.core.ContainerBase.[Tomcat].[localhost].[/] - Initializing Spring embedded WebApplicationContext
2026-06-28 10:18:24.590 [restartedMain] INFO  o.s.b.w.s.c.ServletWebServerApplicationContext - Root WebApplicationContext: initialization completed in 1262 ms
2026-06-28 10:18:24.950 [restartedMain] INFO  c.a.d.s.b.a.DruidDataSourceAutoConfigure - Init DruidDataSource
2026-06-28 10:18:26.382 [restartedMain] INFO  com.alibaba.druid.pool.DruidDataSource - {dataSource-1} inited
2026-06-28 10:18:29.708 [restartedMain] INFO  o.s.b.d.autoconfigure.OptionalLiveReloadServer - LiveReload server is running on port 35729
2026-06-28 10:18:29.739 [restartedMain] INFO  org.apache.coyote.http11.Http11NioProtocol - Starting ProtocolHandler ["http-nio-8080"]
2026-06-28 10:18:29.763 [restartedMain] INFO  o.s.boot.web.embedded.tomcat.TomcatWebServer - Tomcat started on port(s): 8080 (http) with context path ''
2026-06-28 10:18:29.777 [restartedMain] INFO  com.project.travel.TravelApplication - Started TravelApplication in 7.004 seconds (JVM running for 7.42)
2026-06-28 10:18:50.758 [http-nio-8080-exec-1] INFO  o.a.c.core.ContainerBase.[Tomcat].[localhost].[/] - Initializing Spring DispatcherServlet 'dispatcherServlet'
2026-06-28 10:18:50.758 [http-nio-8080-exec-1] INFO  org.springframework.web.servlet.DispatcherServlet - Initializing Servlet 'dispatcherServlet'
2026-06-28 10:18:50.760 [http-nio-8080-exec-1] INFO  org.springframework.web.servlet.DispatcherServlet - Completed initialization in 2 ms
2026-06-28 10:19:06.200 [http-nio-8080-exec-13] INFO  com.project.travel.handle.MyMetaObjectHandler - 公共字段自动填充[update]...
2026-06-28 10:19:06.785 [http-nio-8080-exec-14] INFO  com.project.travel.handle.MyMetaObjectHandler - 公共字段自动填充[insert]...
2026-06-28 10:19:09.891 [http-nio-8080-exec-15] INFO  com.project.travel.handle.MyMetaObjectHandler - 公共字段自动填充[insert]...
2026-06-28 10:19:11.151 [http-nio-8080-exec-16] INFO  com.project.travel.handle.MyMetaObjectHandler - 公共字段自动填充[insert]...
2026-06-28 10:19:14.130 [http-nio-8080-exec-5] INFO  com.project.travel.handle.MyMetaObjectHandler - 公共字段自动填充[insert]...
2026-06-28 10:21:52.562 [SpringApplicationShutdownHook] INFO  com.alibaba.druid.pool.DruidDataSource - {dataSource-1} closing ...
2026-06-28 10:21:52.568 [SpringApplicationShutdownHook] INFO  com.alibaba.druid.pool.DruidDataSource - {dataSource-1} closed
2026-06-28 10:21:54.914 [restartedMain] INFO  com.project.travel.TravelApplication - Starting TravelApplication using Java 1.8.0_202 on dilireba with PID 14208 (C:\maven\travel_system\travel\travel\travel-server\target\classes started by solitude in C:\maven\travel_system\travel\travel\travel-server)
2026-06-28 10:21:54.915 [restartedMain] INFO  com.project.travel.TravelApplication - The following 1 profile is active: "dev"
2026-06-28 10:21:54.985 [restartedMain] INFO  o.s.b.d.env.DevToolsPropertyDefaultsPostProcessor - Devtools property defaults active! Set 'spring.devtools.add-properties' to 'false' to disable
2026-06-28 10:21:54.985 [restartedMain] INFO  o.s.b.d.env.DevToolsPropertyDefaultsPostProcessor - For additional web related logging consider setting the 'logging.level.web' property to 'DEBUG'
2026-06-28 10:21:55.507 [restartedMain] INFO  o.s.d.r.config.RepositoryConfigurationDelegate - Multiple Spring Data modules found, entering strict repository configuration mode
2026-06-28 10:21:55.510 [restartedMain] INFO  o.s.d.r.config.RepositoryConfigurationDelegate - Bootstrapping Spring Data Redis repositories in DEFAULT mode.
2026-06-28 10:21:55.533 [restartedMain] INFO  o.s.d.r.config.RepositoryConfigurationDelegate - Finished Spring Data repository scanning in 13 ms. Found 0 Redis repository interfaces.
2026-06-28 10:21:56.208 [restartedMain] INFO  o.s.boot.web.embedded.tomcat.TomcatWebServer - Tomcat initialized with port(s): 8080 (http)
2026-06-28 10:21:56.215 [restartedMain] INFO  org.apache.coyote.http11.Http11NioProtocol - Initializing ProtocolHandler ["http-nio-8080"]
2026-06-28 10:21:56.216 [restartedMain] INFO  org.apache.catalina.core.StandardService - Starting service [Tomcat]
2026-06-28 10:21:56.216 [restartedMain] INFO  org.apache.catalina.core.StandardEngine - Starting Servlet engine: [Apache Tomcat/9.0.83]
2026-06-28 10:21:56.285 [restartedMain] INFO  o.a.c.core.ContainerBase.[Tomcat].[localhost].[/] - Initializing Spring embedded WebApplicationContext
2026-06-28 10:21:56.286 [restartedMain] INFO  o.s.b.w.s.c.ServletWebServerApplicationContext - Root WebApplicationContext: initialization completed in 1300 ms
2026-06-28 10:21:56.642 [restartedMain] INFO  c.a.d.s.b.a.DruidDataSourceAutoConfigure - Init DruidDataSource
2026-06-28 10:21:58.184 [restartedMain] INFO  com.alibaba.druid.pool.DruidDataSource - {dataSource-1} inited
2026-06-28 10:22:01.696 [restartedMain] INFO  o.s.b.d.autoconfigure.OptionalLiveReloadServer - LiveReload server is running on port 35729
2026-06-28 10:22:01.727 [restartedMain] INFO  org.apache.coyote.http11.Http11NioProtocol - Starting ProtocolHandler ["http-nio-8080"]
2026-06-28 10:22:01.761 [restartedMain] INFO  o.s.boot.web.embedded.tomcat.TomcatWebServer - Tomcat started on port(s): 8080 (http) with context path ''
2026-06-28 10:22:01.773 [restartedMain] INFO  com.project.travel.TravelApplication - Started TravelApplication in 7.37 seconds (JVM running for 7.916)
2026-06-28 10:22:30.598 [http-nio-8080-exec-1] INFO  o.a.c.core.ContainerBase.[Tomcat].[localhost].[/] - Initializing Spring DispatcherServlet 'dispatcherServlet'
2026-06-28 10:22:30.599 [http-nio-8080-exec-1] INFO  org.springframework.web.servlet.DispatcherServlet - Initializing Servlet 'dispatcherServlet'
2026-06-28 10:22:30.599 [http-nio-8080-exec-1] INFO  org.springframework.web.servlet.DispatcherServlet - Completed initialization in 0 ms
2026-06-28 10:22:44.869 [http-nio-8080-exec-13] INFO  com.project.travel.handle.MyMetaObjectHandler - 公共字段自动填充[insert]...
2026-06-28 10:22:45.818 [http-nio-8080-exec-12] INFO  com.project.travel.handle.MyMetaObjectHandler - 公共字段自动填充[insert]...
2026-06-28 10:23:15.562 [http-nio-8080-exec-19] INFO  com.project.travel.handle.MyMetaObjectHandler - 公共字段自动填充[insert]...
2026-06-28 10:25:00.059 [File Watcher] INFO  o.s.b.d.a.LocalDevToolsAutoConfiguration$RestartingClassPathChangeChangedEventListener - Restarting due to 1 class path change (0 additions, 0 deletions, 1 modification)
2026-06-28 10:25:03.514 [Thread-7] INFO  org.apache.coyote.http11.Http11NioProtocol - Pausing ProtocolHandler ["http-nio-8080"]
2026-06-28 10:25:03.514 [Thread-7] INFO  org.apache.catalina.core.StandardService - Stopping service [Tomcat]
2026-06-28 10:25:03.518 [Thread-7] INFO  o.a.c.core.ContainerBase.[Tomcat].[localhost].[/] - Destroying Spring FrameworkServlet 'dispatcherServlet'
2026-06-28 10:25:03.562 [Thread-7] INFO  org.apache.coyote.http11.Http11NioProtocol - Stopping ProtocolHandler ["http-nio-8080"]
2026-06-28 10:25:03.575 [Thread-7] INFO  org.apache.coyote.http11.Http11NioProtocol - Destroying ProtocolHandler ["http-nio-8080"]
2026-06-28 10:25:03.588 [Thread-7] INFO  com.alibaba.druid.pool.DruidDataSource - {dataSource-1} closing ...
2026-06-28 10:25:03.599 [Thread-7] INFO  com.alibaba.druid.pool.DruidDataSource - {dataSource-1} closed
2026-06-28 10:25:04.248 [restartedMain] INFO  com.project.travel.TravelApplication - Starting TravelApplication using Java 1.8.0_202 on dilireba with PID 14208 (C:\maven\travel_system\travel\travel\travel-server\target\classes started by solitude in C:\maven\travel_system\travel\travel\travel-server)
2026-06-28 10:25:04.248 [restartedMain] INFO  com.project.travel.TravelApplication - The following 1 profile is active: "dev"
2026-06-28 10:25:04.862 [restartedMain] INFO  o.s.d.r.config.RepositoryConfigurationDelegate - Multiple Spring Data modules found, entering strict repository configuration mode
2026-06-28 10:25:04.862 [restartedMain] INFO  o.s.d.r.config.RepositoryConfigurationDelegate - Bootstrapping Spring Data Redis repositories in DEFAULT mode.
2026-06-28 10:25:04.910 [restartedMain] INFO  o.s.d.r.config.RepositoryConfigurationDelegate - Finished Spring Data repository scanning in 47 ms. Found 0 Redis repository interfaces.
2026-06-28 10:25:05.462 [restartedMain] INFO  o.s.boot.web.embedded.tomcat.TomcatWebServer - Tomcat initialized with port(s): 8080 (http)
2026-06-28 10:25:05.463 [restartedMain] INFO  org.apache.coyote.http11.Http11NioProtocol - Initializing ProtocolHandler ["http-nio-8080"]
2026-06-28 10:25:05.463 [restartedMain] INFO  org.apache.catalina.core.StandardService - Starting service [Tomcat]
2026-06-28 10:25:05.463 [restartedMain] INFO  org.apache.catalina.core.StandardEngine - Starting Servlet engine: [Apache Tomcat/9.0.83]
2026-06-28 10:25:05.500 [restartedMain] INFO  o.a.c.core.ContainerBase.[Tomcat].[localhost].[/] - Initializing Spring embedded WebApplicationContext
2026-06-28 10:25:05.500 [restartedMain] INFO  o.s.b.w.s.c.ServletWebServerApplicationContext - Root WebApplicationContext: initialization completed in 1243 ms
2026-06-28 10:25:05.656 [restartedMain] INFO  c.a.d.s.b.a.DruidDataSourceAutoConfigure - Init DruidDataSource
2026-06-28 10:25:05.878 [restartedMain] INFO  com.alibaba.druid.pool.DruidDataSource - {dataSource-2} inited
2026-06-28 10:25:10.615 [restartedMain] INFO  o.s.b.d.autoconfigure.OptionalLiveReloadServer - LiveReload server is running on port 35729
2026-06-28 10:25:10.668 [restartedMain] INFO  org.apache.coyote.http11.Http11NioProtocol - Starting ProtocolHandler ["http-nio-8080"]
2026-06-28 10:25:10.697 [restartedMain] INFO  o.s.boot.web.embedded.tomcat.TomcatWebServer - Tomcat started on port(s): 8080 (http) with context path ''
2026-06-28 10:25:10.711 [restartedMain] INFO  com.project.travel.TravelApplication - Started TravelApplication in 6.672 seconds (JVM running for 196.852)
2026-06-28 10:25:10.719 [http-nio-8080-exec-1] INFO  o.a.c.core.ContainerBase.[Tomcat].[localhost].[/] - Initializing Spring DispatcherServlet 'dispatcherServlet'
2026-06-28 10:25:10.721 [http-nio-8080-exec-1] INFO  org.springframework.web.servlet.DispatcherServlet - Initializing Servlet 'dispatcherServlet'
2026-06-28 10:25:10.723 [restartedMain] INFO  o.s.b.d.a.ConditionEvaluationDeltaLoggingListener - Condition evaluation unchanged
2026-06-28 10:25:10.723 [http-nio-8080-exec-1] INFO  org.springframework.web.servlet.DispatcherServlet - Completed initialization in 1 ms
2026-06-28 10:26:16.121 [File Watcher] INFO  o.s.b.d.a.LocalDevToolsAutoConfiguration$RestartingClassPathChangeChangedEventListener - Restarting due to 1 class path change (0 additions, 0 deletions, 1 modification)
2026-06-28 10:26:19.181 [Thread-9] INFO  org.apache.coyote.http11.Http11NioProtocol - Pausing ProtocolHandler ["http-nio-8080"]
2026-06-28 10:26:19.182 [Thread-9] INFO  org.apache.catalina.core.StandardService - Stopping service [Tomcat]
2026-06-28 10:26:19.187 [Thread-9] INFO  o.a.c.core.ContainerBase.[Tomcat].[localhost].[/] - Destroying Spring FrameworkServlet 'dispatcherServlet'
2026-06-28 10:26:19.203 [Thread-9] INFO  org.apache.coyote.http11.Http11NioProtocol - Stopping ProtocolHandler ["http-nio-8080"]
2026-06-28 10:26:19.214 [Thread-9] INFO  org.apache.coyote.http11.Http11NioProtocol - Destroying ProtocolHandler ["http-nio-8080"]
2026-06-28 10:26:19.224 [Thread-9] INFO  com.alibaba.druid.pool.DruidDataSource - {dataSource-2} closing ...
2026-06-28 10:26:19.233 [Thread-9] INFO  com.alibaba.druid.pool.DruidDataSource - {dataSource-2} closed
2026-06-28 10:26:20.004 [restartedMain] INFO  com.project.travel.TravelApplication - Starting TravelApplication using Java 1.8.0_202 on dilireba with PID 14208 (C:\maven\travel_system\travel\travel\travel-server\target\classes started by solitude in C:\maven\travel_system\travel\travel\travel-server)
2026-06-28 10:26:20.004 [restartedMain] INFO  com.project.travel.TravelApplication - The following 1 profile is active: "dev"
2026-06-28 10:26:20.509 [restartedMain] INFO  o.s.d.r.config.RepositoryConfigurationDelegate - Multiple Spring Data modules found, entering strict repository configuration mode
2026-06-28 10:26:20.510 [restartedMain] INFO  o.s.d.r.config.RepositoryConfigurationDelegate - Bootstrapping Spring Data Redis repositories in DEFAULT mode.
2026-06-28 10:26:20.544 [restartedMain] INFO  o.s.d.r.config.RepositoryConfigurationDelegate - Finished Spring Data repository scanning in 34 ms. Found 0 Redis repository interfaces.
2026-06-28 10:26:20.848 [restartedMain] INFO  o.s.boot.web.embedded.tomcat.TomcatWebServer - Tomcat initialized with port(s): 8080 (http)
2026-06-28 10:26:20.849 [restartedMain] INFO  org.apache.coyote.http11.Http11NioProtocol - Initializing ProtocolHandler ["http-nio-8080"]
2026-06-28 10:26:20.850 [restartedMain] INFO  org.apache.catalina.core.StandardService - Starting service [Tomcat]
2026-06-28 10:26:20.850 [restartedMain] INFO  org.apache.catalina.core.StandardEngine - Starting Servlet engine: [Apache Tomcat/9.0.83]
2026-06-28 10:26:20.888 [restartedMain] INFO  o.a.c.core.ContainerBase.[Tomcat].[localhost].[/] - Initializing Spring embedded WebApplicationContext
2026-06-28 10:26:20.889 [restartedMain] INFO  o.s.b.w.s.c.ServletWebServerApplicationContext - Root WebApplicationContext: initialization completed in 881 ms
2026-06-28 10:26:20.953 [restartedMain] INFO  c.a.d.s.b.a.DruidDataSourceAutoConfigure - Init DruidDataSource
2026-06-28 10:26:21.218 [restartedMain] INFO  com.alibaba.druid.pool.DruidDataSource - {dataSource-3} inited
2026-06-28 10:26:25.522 [restartedMain] INFO  o.s.b.d.autoconfigure.OptionalLiveReloadServer - LiveReload server is running on port 35729
2026-06-28 10:26:25.552 [restartedMain] INFO  org.apache.coyote.http11.Http11NioProtocol - Starting ProtocolHandler ["http-nio-8080"]
2026-06-28 10:26:25.564 [restartedMain] INFO  o.s.boot.web.embedded.tomcat.TomcatWebServer - Tomcat started on port(s): 8080 (http) with context path ''
2026-06-28 10:26:25.570 [restartedMain] INFO  com.project.travel.TravelApplication - Started TravelApplication in 5.672 seconds (JVM running for 271.712)
2026-06-28 10:26:25.571 [restartedMain] INFO  o.s.b.d.a.ConditionEvaluationDeltaLoggingListener - Condition evaluation unchanged
2026-06-28 10:26:34.474 [SpringApplicationShutdownHook] INFO  com.alibaba.druid.pool.DruidDataSource - {dataSource-3} closing ...
2026-06-28 10:26:34.478 [SpringApplicationShutdownHook] INFO  com.alibaba.druid.pool.DruidDataSource - {dataSource-3} closed
2026-06-28 10:26:40.368 [restartedMain] INFO  com.project.travel.TravelApplication - Starting TravelApplication using Java 1.8.0_202 on dilireba with PID 33428 (C:\maven\travel_system\travel\travel\travel-server\target\classes started by solitude in C:\maven\travel_system\travel\travel\travel-server)
2026-06-28 10:26:40.370 [restartedMain] INFO  com.project.travel.TravelApplication - The following 1 profile is active: "dev"
2026-06-28 10:26:40.437 [restartedMain] INFO  o.s.b.d.env.DevToolsPropertyDefaultsPostProcessor - Devtools property defaults active! Set 'spring.devtools.add-properties' to 'false' to disable
2026-06-28 10:26:40.437 [restartedMain] INFO  o.s.b.d.env.DevToolsPropertyDefaultsPostProcessor - For additional web related logging consider setting the 'logging.level.web' property to 'DEBUG'
2026-06-28 10:26:40.955 [restartedMain] INFO  o.s.d.r.config.RepositoryConfigurationDelegate - Multiple Spring Data modules found, entering strict repository configuration mode
2026-06-28 10:26:40.957 [restartedMain] INFO  o.s.d.r.config.RepositoryConfigurationDelegate - Bootstrapping Spring Data Redis repositories in DEFAULT mode.
2026-06-28 10:26:40.982 [restartedMain] INFO  o.s.d.r.config.RepositoryConfigurationDelegate - Finished Spring Data repository scanning in 14 ms. Found 0 Redis repository interfaces.
2026-06-28 10:26:41.602 [restartedMain] INFO  o.s.boot.web.embedded.tomcat.TomcatWebServer - Tomcat initialized with port(s): 8080 (http)
2026-06-28 10:26:41.610 [restartedMain] INFO  org.apache.coyote.http11.Http11NioProtocol - Initializing ProtocolHandler ["http-nio-8080"]
2026-06-28 10:26:41.611 [restartedMain] INFO  org.apache.catalina.core.StandardService - Starting service [Tomcat]
2026-06-28 10:26:41.611 [restartedMain] INFO  org.apache.catalina.core.StandardEngine - Starting Servlet engine: [Apache Tomcat/9.0.83]
2026-06-28 10:26:41.680 [restartedMain] INFO  o.a.c.core.ContainerBase.[Tomcat].[localhost].[/] - Initializing Spring embedded WebApplicationContext
2026-06-28 10:26:41.681 [restartedMain] INFO  o.s.b.w.s.c.ServletWebServerApplicationContext - Root WebApplicationContext: initialization completed in 1243 ms
2026-06-28 10:26:42.033 [restartedMain] INFO  c.a.d.s.b.a.DruidDataSourceAutoConfigure - Init DruidDataSource
2026-06-28 10:26:43.547 [restartedMain] INFO  com.alibaba.druid.pool.DruidDataSource - {dataSource-1} inited
2026-06-28 10:26:46.477 [restartedMain] INFO  o.s.b.d.autoconfigure.OptionalLiveReloadServer - LiveReload server is running on port 35729
2026-06-28 10:26:46.504 [restartedMain] INFO  org.apache.coyote.http11.Http11NioProtocol - Starting ProtocolHandler ["http-nio-8080"]
2026-06-28 10:26:46.536 [restartedMain] INFO  o.s.boot.web.embedded.tomcat.TomcatWebServer - Tomcat started on port(s): 8080 (http) with context path ''
2026-06-28 10:26:46.548 [restartedMain] INFO  com.project.travel.TravelApplication - Started TravelApplication in 6.58 seconds (JVM running for 6.955)
2026-06-28 10:27:25.491 [http-nio-8080-exec-2] INFO  o.a.c.core.ContainerBase.[Tomcat].[localhost].[/] - Initializing Spring DispatcherServlet 'dispatcherServlet'
2026-06-28 10:27:25.492 [http-nio-8080-exec-2] INFO  org.springframework.web.servlet.DispatcherServlet - Initializing Servlet 'dispatcherServlet'
2026-06-28 10:27:25.495 [http-nio-8080-exec-2] INFO  org.springframework.web.servlet.DispatcherServlet - Completed initialization in 3 ms
2026-06-28 10:27:39.314 [http-nio-8080-exec-13] INFO  com.project.travel.handle.MyMetaObjectHandler - 公共字段自动填充[insert]...
2026-06-28 10:27:39.314 [http-nio-8080-exec-14] INFO  com.project.travel.handle.MyMetaObjectHandler - 公共字段自动填充[insert]...
2026-06-28 10:27:40.799 [http-nio-8080-exec-20] INFO  com.project.travel.handle.MyMetaObjectHandler - 公共字段自动填充[insert]...
2026-06-28 10:27:42.590 [http-nio-8080-exec-16] INFO  com.project.travel.handle.MyMetaObjectHandler - 公共字段自动填充[insert]...
2026-06-28 10:28:54.500 [http-nio-8080-exec-17] INFO  com.project.travel.handle.MyMetaObjectHandler - 公共字段自动填充[insert]...
2026-06-28 10:29:43.599 [File Watcher] INFO  o.s.b.d.a.LocalDevToolsAutoConfiguration$RestartingClassPathChangeChangedEventListener - Restarting due to 1 class path change (0 additions, 0 deletions, 1 modification)
2026-06-28 10:29:46.791 [Thread-7] INFO  org.apache.coyote.http11.Http11NioProtocol - Pausing ProtocolHandler ["http-nio-8080"]
2026-06-28 10:29:46.792 [Thread-7] INFO  org.apache.catalina.core.StandardService - Stopping service [Tomcat]
2026-06-28 10:29:46.797 [Thread-7] INFO  o.a.c.core.ContainerBase.[Tomcat].[localhost].[/] - Destroying Spring FrameworkServlet 'dispatcherServlet'
2026-06-28 10:29:46.819 [Thread-7] INFO  org.apache.coyote.http11.Http11NioProtocol - Stopping ProtocolHandler ["http-nio-8080"]
2026-06-28 10:29:46.833 [Thread-7] INFO  org.apache.coyote.http11.Http11NioProtocol - Destroying ProtocolHandler ["http-nio-8080"]
2026-06-28 10:29:46.845 [Thread-7] INFO  com.alibaba.druid.pool.DruidDataSource - {dataSource-1} closing ...
2026-06-28 10:29:46.855 [Thread-7] INFO  com.alibaba.druid.pool.DruidDataSource - {dataSource-1} closed
2026-06-28 10:29:47.530 [restartedMain] INFO  com.project.travel.TravelApplication - Starting TravelApplication using Java 1.8.0_202 on dilireba with PID 33428 (C:\maven\travel_system\travel\travel\travel-server\target\classes started by solitude in C:\maven\travel_system\travel\travel\travel-server)
2026-06-28 10:29:47.530 [restartedMain] INFO  com.project.travel.TravelApplication - The following 1 profile is active: "dev"
2026-06-28 10:29:48.182 [restartedMain] INFO  o.s.d.r.config.RepositoryConfigurationDelegate - Multiple Spring Data modules found, entering strict repository configuration mode
2026-06-28 10:29:48.183 [restartedMain] INFO  o.s.d.r.config.RepositoryConfigurationDelegate - Bootstrapping Spring Data Redis repositories in DEFAULT mode.
2026-06-28 10:29:48.257 [restartedMain] INFO  o.s.d.r.config.RepositoryConfigurationDelegate - Finished Spring Data repository scanning in 73 ms. Found 0 Redis repository interfaces.
2026-06-28 10:29:49.342 [restartedMain] INFO  o.s.boot.web.embedded.tomcat.TomcatWebServer - Tomcat initialized with port(s): 8080 (http)
2026-06-28 10:29:49.344 [restartedMain] INFO  org.apache.coyote.http11.Http11NioProtocol - Initializing ProtocolHandler ["http-nio-8080"]
2026-06-28 10:29:49.344 [restartedMain] INFO  org.apache.catalina.core.StandardService - Starting service [Tomcat]
2026-06-28 10:29:49.344 [restartedMain] INFO  org.apache.catalina.core.StandardEngine - Starting Servlet engine: [Apache Tomcat/9.0.83]
2026-06-28 10:29:49.377 [restartedMain] INFO  o.a.c.core.ContainerBase.[Tomcat].[localhost].[/] - Initializing Spring embedded WebApplicationContext
2026-06-28 10:29:49.377 [restartedMain] INFO  o.s.b.w.s.c.ServletWebServerApplicationContext - Root WebApplicationContext: initialization completed in 1835 ms
2026-06-28 10:29:49.451 [restartedMain] INFO  c.a.d.s.b.a.DruidDataSourceAutoConfigure - Init DruidDataSource
2026-06-28 10:29:49.655 [restartedMain] INFO  com.alibaba.druid.pool.DruidDataSource - {dataSource-2} inited
2026-06-28 10:29:54.079 [restartedMain] INFO  o.s.b.d.autoconfigure.OptionalLiveReloadServer - LiveReload server is running on port 35729
2026-06-28 10:29:54.109 [restartedMain] INFO  org.apache.coyote.http11.Http11NioProtocol - Starting ProtocolHandler ["http-nio-8080"]
2026-06-28 10:29:54.126 [restartedMain] INFO  o.s.boot.web.embedded.tomcat.TomcatWebServer - Tomcat started on port(s): 8080 (http) with context path ''
2026-06-28 10:29:54.135 [restartedMain] INFO  com.project.travel.TravelApplication - Started TravelApplication in 6.772 seconds (JVM running for 194.542)
2026-06-28 10:29:54.139 [restartedMain] INFO  o.s.b.d.a.ConditionEvaluationDeltaLoggingListener - Condition evaluation unchanged
2026-06-28 10:30:00.097 [File Watcher] INFO  o.s.b.d.a.LocalDevToolsAutoConfiguration$RestartingClassPathChangeChangedEventListener - Restarting due to 1 class path change (0 additions, 0 deletions, 1 modification)
2026-06-28 10:30:03.017 [Thread-9] INFO  org.apache.coyote.http11.Http11NioProtocol - Pausing ProtocolHandler ["http-nio-8080"]
2026-06-28 10:30:03.018 [Thread-9] INFO  org.apache.catalina.core.StandardService - Stopping service [Tomcat]
2026-06-28 10:30:03.027 [Thread-9] INFO  org.apache.coyote.http11.Http11NioProtocol - Stopping ProtocolHandler ["http-nio-8080"]
2026-06-28 10:30:03.044 [Thread-9] INFO  org.apache.coyote.http11.Http11NioProtocol - Destroying ProtocolHandler ["http-nio-8080"]
2026-06-28 10:30:03.047 [Thread-9] INFO  com.alibaba.druid.pool.DruidDataSource - {dataSource-2} closing ...
2026-06-28 10:30:03.059 [Thread-9] INFO  com.alibaba.druid.pool.DruidDataSource - {dataSource-2} closed
2026-06-28 10:30:03.603 [restartedMain] INFO  com.project.travel.TravelApplication - Starting TravelApplication using Java 1.8.0_202 on dilireba with PID 33428 (C:\maven\travel_system\travel\travel\travel-server\target\classes started by solitude in C:\maven\travel_system\travel\travel\travel-server)
2026-06-28 10:30:03.603 [restartedMain] INFO  com.project.travel.TravelApplication - The following 1 profile is active: "dev"
2026-06-28 10:30:04.089 [restartedMain] INFO  o.s.d.r.config.RepositoryConfigurationDelegate - Multiple Spring Data modules found, entering strict repository configuration mode
2026-06-28 10:30:04.090 [restartedMain] INFO  o.s.d.r.config.RepositoryConfigurationDelegate - Bootstrapping Spring Data Redis repositories in DEFAULT mode.
2026-06-28 10:30:04.124 [restartedMain] INFO  o.s.d.r.config.RepositoryConfigurationDelegate - Finished Spring Data repository scanning in 34 ms. Found 0 Redis repository interfaces.
2026-06-28 10:30:04.336 [restartedMain] INFO  o.s.boot.web.embedded.tomcat.TomcatWebServer - Tomcat initialized with port(s): 8080 (http)
2026-06-28 10:30:04.337 [restartedMain] INFO  org.apache.coyote.http11.Http11NioProtocol - Initializing ProtocolHandler ["http-nio-8080"]
2026-06-28 10:30:04.338 [restartedMain] INFO  org.apache.catalina.core.StandardService - Starting service [Tomcat]
2026-06-28 10:30:04.338 [restartedMain] INFO  org.apache.catalina.core.StandardEngine - Starting Servlet engine: [Apache Tomcat/9.0.83]
2026-06-28 10:30:04.376 [restartedMain] INFO  o.a.c.core.ContainerBase.[Tomcat].[localhost].[/] - Initializing Spring embedded WebApplicationContext
2026-06-28 10:30:04.376 [restartedMain] INFO  o.s.b.w.s.c.ServletWebServerApplicationContext - Root WebApplicationContext: initialization completed in 765 ms
2026-06-28 10:30:04.442 [restartedMain] INFO  c.a.d.s.b.a.DruidDataSourceAutoConfigure - Init DruidDataSource
2026-06-28 10:30:04.762 [restartedMain] INFO  com.alibaba.druid.pool.DruidDataSource - {dataSource-3} inited
2026-06-28 10:30:08.700 [restartedMain] INFO  o.s.b.d.autoconfigure.OptionalLiveReloadServer - LiveReload server is running on port 35729
2026-06-28 10:30:08.728 [restartedMain] INFO  org.apache.coyote.http11.Http11NioProtocol - Starting ProtocolHandler ["http-nio-8080"]
2026-06-28 10:30:08.738 [restartedMain] INFO  o.s.boot.web.embedded.tomcat.TomcatWebServer - Tomcat started on port(s): 8080 (http) with context path ''
2026-06-28 10:30:08.743 [restartedMain] INFO  com.project.travel.TravelApplication - Started TravelApplication in 5.247 seconds (JVM running for 209.149)
2026-06-28 10:30:08.745 [restartedMain] INFO  o.s.b.d.a.ConditionEvaluationDeltaLoggingListener - Condition evaluation unchanged
2026-06-28 10:30:25.495 [File Watcher] INFO  o.s.b.d.a.LocalDevToolsAutoConfiguration$RestartingClassPathChangeChangedEventListener - Restarting due to 1 class path change (0 additions, 0 deletions, 1 modification)
2026-06-28 10:30:28.586 [Thread-13] INFO  org.apache.coyote.http11.Http11NioProtocol - Pausing ProtocolHandler ["http-nio-8080"]
2026-06-28 10:30:28.586 [Thread-13] INFO  org.apache.catalina.core.StandardService - Stopping service [Tomcat]
2026-06-28 10:30:28.602 [Thread-13] INFO  org.apache.coyote.http11.Http11NioProtocol - Stopping ProtocolHandler ["http-nio-8080"]
2026-06-28 10:30:28.611 [Thread-13] INFO  org.apache.coyote.http11.Http11NioProtocol - Destroying ProtocolHandler ["http-nio-8080"]
2026-06-28 10:30:28.616 [Thread-13] INFO  com.alibaba.druid.pool.DruidDataSource - {dataSource-3} closing ...
2026-06-28 10:30:28.623 [Thread-13] INFO  com.alibaba.druid.pool.DruidDataSource - {dataSource-3} closed
2026-06-28 10:30:29.200 [restartedMain] INFO  com.project.travel.TravelApplication - Starting TravelApplication using Java 1.8.0_202 on dilireba with PID 33428 (C:\maven\travel_system\travel\travel\travel-server\target\classes started by solitude in C:\maven\travel_system\travel\travel\travel-server)
2026-06-28 10:30:29.201 [restartedMain] INFO  com.project.travel.TravelApplication - The following 1 profile is active: "dev"
2026-06-28 10:30:29.610 [restartedMain] INFO  o.s.d.r.config.RepositoryConfigurationDelegate - Multiple Spring Data modules found, entering strict repository configuration mode
2026-06-28 10:30:29.612 [restartedMain] INFO  o.s.d.r.config.RepositoryConfigurationDelegate - Bootstrapping Spring Data Redis repositories in DEFAULT mode.
2026-06-28 10:30:29.646 [restartedMain] INFO  o.s.d.r.config.RepositoryConfigurationDelegate - Finished Spring Data repository scanning in 34 ms. Found 0 Redis repository interfaces.
2026-06-28 10:30:29.919 [restartedMain] INFO  o.s.boot.web.embedded.tomcat.TomcatWebServer - Tomcat initialized with port(s): 8080 (http)
2026-06-28 10:30:29.920 [restartedMain] INFO  org.apache.coyote.http11.Http11NioProtocol - Initializing ProtocolHandler ["http-nio-8080"]
2026-06-28 10:30:29.920 [restartedMain] INFO  org.apache.catalina.core.StandardService - Starting service [Tomcat]
2026-06-28 10:30:29.920 [restartedMain] INFO  org.apache.catalina.core.StandardEngine - Starting Servlet engine: [Apache Tomcat/9.0.83]
2026-06-28 10:30:29.959 [restartedMain] INFO  o.a.c.core.ContainerBase.[Tomcat].[localhost].[/] - Initializing Spring embedded WebApplicationContext
2026-06-28 10:30:29.960 [restartedMain] INFO  o.s.b.w.s.c.ServletWebServerApplicationContext - Root WebApplicationContext: initialization completed in 755 ms
2026-06-28 10:30:30.011 [restartedMain] INFO  c.a.d.s.b.a.DruidDataSourceAutoConfigure - Init DruidDataSource
2026-06-28 10:30:30.196 [restartedMain] INFO  com.alibaba.druid.pool.DruidDataSource - {dataSource-4} inited
2026-06-28 10:30:34.392 [restartedMain] INFO  o.s.b.d.autoconfigure.OptionalLiveReloadServer - LiveReload server is running on port 35729
2026-06-28 10:30:34.419 [restartedMain] INFO  org.apache.coyote.http11.Http11NioProtocol - Starting ProtocolHandler ["http-nio-8080"]
2026-06-28 10:30:34.430 [restartedMain] INFO  o.s.boot.web.embedded.tomcat.TomcatWebServer - Tomcat started on port(s): 8080 (http) with context path ''
2026-06-28 10:30:34.434 [restartedMain] INFO  com.project.travel.TravelApplication - Started TravelApplication in 5.319 seconds (JVM running for 234.84)
2026-06-28 10:30:34.436 [restartedMain] INFO  o.s.b.d.a.ConditionEvaluationDeltaLoggingListener - Condition evaluation unchanged
2026-06-28 10:31:20.322 [SpringApplicationShutdownHook] INFO  com.alibaba.druid.pool.DruidDataSource - {dataSource-4} closing ...
2026-06-28 10:31:20.330 [SpringApplicationShutdownHook] INFO  com.alibaba.druid.pool.DruidDataSource - {dataSource-4} closed
2026-06-28 10:31:28.009 [restartedMain] INFO  com.project.travel.TravelApplication - Starting TravelApplication using Java 1.8.0_202 on dilireba with PID 20680 (C:\maven\travel_system\travel\travel\travel-server\target\classes started by solitude in C:\maven\travel_system\travel\travel\travel-server)
2026-06-28 10:31:28.012 [restartedMain] INFO  com.project.travel.TravelApplication - The following 1 profile is active: "dev"
2026-06-28 10:31:28.104 [restartedMain] INFO  o.s.b.d.env.DevToolsPropertyDefaultsPostProcessor - Devtools property defaults active! Set 'spring.devtools.add-properties' to 'false' to disable
2026-06-28 10:31:28.104 [restartedMain] INFO  o.s.b.d.env.DevToolsPropertyDefaultsPostProcessor - For additional web related logging consider setting the 'logging.level.web' property to 'DEBUG'
2026-06-28 10:31:28.958 [restartedMain] INFO  o.s.d.r.config.RepositoryConfigurationDelegate - Multiple Spring Data modules found, entering strict repository configuration mode
2026-06-28 10:31:28.961 [restartedMain] INFO  o.s.d.r.config.RepositoryConfigurationDelegate - Bootstrapping Spring Data Redis repositories in DEFAULT mode.
2026-06-28 10:31:29.005 [restartedMain] INFO  o.s.d.r.config.RepositoryConfigurationDelegate - Finished Spring Data repository scanning in 29 ms. Found 0 Redis repository interfaces.
2026-06-28 10:31:29.971 [restartedMain] INFO  o.s.boot.web.embedded.tomcat.TomcatWebServer - Tomcat initialized with port(s): 8080 (http)
2026-06-28 10:31:29.982 [restartedMain] INFO  org.apache.coyote.http11.Http11NioProtocol - Initializing ProtocolHandler ["http-nio-8080"]
2026-06-28 10:31:29.984 [restartedMain] INFO  org.apache.catalina.core.StandardService - Starting service [Tomcat]
2026-06-28 10:31:29.985 [restartedMain] INFO  org.apache.catalina.core.StandardEngine - Starting Servlet engine: [Apache Tomcat/9.0.83]
2026-06-28 10:31:30.102 [restartedMain] INFO  o.a.c.core.ContainerBase.[Tomcat].[localhost].[/] - Initializing Spring embedded WebApplicationContext
2026-06-28 10:31:30.102 [restartedMain] INFO  o.s.b.w.s.c.ServletWebServerApplicationContext - Root WebApplicationContext: initialization completed in 1996 ms
2026-06-28 10:31:30.609 [restartedMain] INFO  c.a.d.s.b.a.DruidDataSourceAutoConfigure - Init DruidDataSource
2026-06-28 10:31:32.550 [restartedMain] INFO  com.alibaba.druid.pool.DruidDataSource - {dataSource-1} inited
2026-06-28 10:31:36.802 [restartedMain] INFO  o.s.b.d.autoconfigure.OptionalLiveReloadServer - LiveReload server is running on port 35729
2026-06-28 10:31:36.835 [restartedMain] INFO  org.apache.coyote.http11.Http11NioProtocol - Starting ProtocolHandler ["http-nio-8080"]
2026-06-28 10:31:36.871 [restartedMain] INFO  o.s.boot.web.embedded.tomcat.TomcatWebServer - Tomcat started on port(s): 8080 (http) with context path ''
2026-06-28 10:31:36.883 [restartedMain] INFO  com.project.travel.TravelApplication - Started TravelApplication in 9.506 seconds (JVM running for 10.058)
2026-06-28 10:32:13.314 [http-nio-8080-exec-1] INFO  o.a.c.core.ContainerBase.[Tomcat].[localhost].[/] - Initializing Spring DispatcherServlet 'dispatcherServlet'
2026-06-28 10:32:13.315 [http-nio-8080-exec-1] INFO  org.springframework.web.servlet.DispatcherServlet - Initializing Servlet 'dispatcherServlet'
2026-06-28 10:32:13.316 [http-nio-8080-exec-1] INFO  org.springframework.web.servlet.DispatcherServlet - Completed initialization in 1 ms
2026-06-28 10:32:15.988 [http-nio-8080-exec-4] INFO  com.project.travel.handle.MyMetaObjectHandler - 公共字段自动填充[insert]...
2026-06-28 10:32:16.615 [http-nio-8080-exec-5] INFO  com.project.travel.handle.MyMetaObjectHandler - 公共字段自动填充[insert]...
2026-06-28 10:33:34.320 [http-nio-8080-exec-15] INFO  c.p.t.c.attractions.SysAttractionsController - 查询景点参数：SysAttractions(id=null, name=null, price=null, introduce=null, content=null, num=null, realName=null, images=null, scenicType=null, location=null, pv=null, open=null, time=null, state=1, createBy=null, createTime=null, updateBy=null, updateTime=null, pageNumber=1, pageSize=100)
2026-06-28 10:33:34.325 [http-nio-8080-exec-15] INFO  c.p.t.c.attractions.SysAttractionsController - location 参数值：null
2026-06-28 10:33:34.334 [http-nio-8080-exec-15] INFO  c.p.t.c.attractions.SysAttractionsController - 最终查询条件 SQL：(state = #{ew.paramNameValuePairs.MPGENVAL1}) ORDER BY create_time DESC
2026-06-28 10:33:34.396 [http-nio-8080-exec-15] INFO  c.p.t.c.attractions.SysAttractionsController - 查询结果数量：24
2026-06-28 10:33:37.846 [http-nio-8080-exec-27] INFO  c.p.t.c.attractions.SysAttractionsController - 查询景点参数：SysAttractions(id=null, name=null, price=null, introduce=null, content=null, num=null, realName=null, images=null, scenicType=null, location=null, pv=null, open=null, time=null, state=1, createBy=null, createTime=null, updateBy=null, updateTime=null, pageNumber=1, pageSize=100)
2026-06-28 10:33:37.848 [http-nio-8080-exec-27] INFO  c.p.t.c.attractions.SysAttractionsController - location 参数值：null
2026-06-28 10:33:37.849 [http-nio-8080-exec-27] INFO  c.p.t.c.attractions.SysAttractionsController - 最终查询条件 SQL：(state = #{ew.paramNameValuePairs.MPGENVAL1}) ORDER BY create_time DESC
2026-06-28 10:33:37.904 [http-nio-8080-exec-30] INFO  c.p.t.c.attractions.SysAttractionsController - 查询景点参数：SysAttractions(id=null, name=null, price=null, introduce=null, content=null, num=null, realName=null, images=null, scenicType=null, location=null, pv=null, open=null, time=null, state=1, createBy=null, createTime=null, updateBy=null, updateTime=null, pageNumber=1, pageSize=100)
2026-06-28 10:33:37.905 [http-nio-8080-exec-30] INFO  c.p.t.c.attractions.SysAttractionsController - location 参数值：null
2026-06-28 10:33:37.905 [http-nio-8080-exec-30] INFO  c.p.t.c.attractions.SysAttractionsController - 最终查询条件 SQL：(state = #{ew.paramNameValuePairs.MPGENVAL1}) ORDER BY create_time DESC
2026-06-28 10:33:37.907 [http-nio-8080-exec-29] INFO  c.p.t.c.attractions.SysAttractionsController - 查询景点参数：SysAttractions(id=null, name=, price=null, introduce=null, content=null, num=null, realName=null, images=null, scenicType=, location=, pv=null, open=null, time=null, state=1, createBy=null, createTime=null, updateBy=null, updateTime=null, pageNumber=1, pageSize=9)
2026-06-28 10:33:37.908 [http-nio-8080-exec-29] INFO  c.p.t.c.attractions.SysAttractionsController - location 参数值：
2026-06-28 10:33:37.912 [http-nio-8080-exec-29] INFO  c.p.t.c.attractions.SysAttractionsController - 最终查询条件 SQL：(state = #{ew.paramNameValuePairs.MPGENVAL1}) ORDER BY create_time DESC
2026-06-28 10:33:37.930 [http-nio-8080-exec-27] INFO  c.p.t.c.attractions.SysAttractionsController - 查询结果数量：24
2026-06-28 10:33:37.949 [http-nio-8080-exec-29] INFO  c.p.t.c.attractions.SysAttractionsController - 查询结果数量：9
2026-06-28 10:33:37.956 [http-nio-8080-exec-30] INFO  c.p.t.c.attractions.SysAttractionsController - 查询结果数量：24
2026-06-28 10:33:39.820 [http-nio-8080-exec-46] INFO  c.p.t.c.attractions.SysAttractionsController - 查询景点参数：SysAttractions(id=null, name=, price=null, introduce=null, content=null, num=null, realName=null, images=null, scenicType=, location=甘肃, pv=null, open=null, time=null, state=1, createBy=null, createTime=null, updateBy=null, updateTime=null, pageNumber=1, pageSize=9)
2026-06-28 10:33:39.820 [http-nio-8080-exec-46] INFO  c.p.t.c.attractions.SysAttractionsController - location 参数值：甘肃
2026-06-28 10:33:39.820 [http-nio-8080-exec-46] INFO  c.p.t.c.attractions.SysAttractionsController - 应用地区筛选：甘肃
2026-06-28 10:33:39.822 [http-nio-8080-exec-47] INFO  c.p.t.c.attractions.SysAttractionsController - 查询景点参数：SysAttractions(id=null, name=null, price=null, introduce=null, content=null, num=null, realName=null, images=null, scenicType=null, location=甘肃, pv=null, open=null, time=null, state=1, createBy=null, createTime=null, updateBy=null, updateTime=null, pageNumber=1, pageSize=100)
2026-06-28 10:33:39.822 [http-nio-8080-exec-47] INFO  c.p.t.c.attractions.SysAttractionsController - location 参数值：甘肃
2026-06-28 10:33:39.822 [http-nio-8080-exec-47] INFO  c.p.t.c.attractions.SysAttractionsController - 应用地区筛选：甘肃
2026-06-28 10:33:39.824 [http-nio-8080-exec-46] INFO  c.p.t.c.attractions.SysAttractionsController - 最终查询条件 SQL：(state = #{ew.paramNameValuePairs.MPGENVAL1} AND location LIKE #{ew.paramNameValuePairs.MPGENVAL2}) ORDER BY create_time DESC
2026-06-28 10:33:39.824 [http-nio-8080-exec-47] INFO  c.p.t.c.attractions.SysAttractionsController - 最终查询条件 SQL：(state = #{ew.paramNameValuePairs.MPGENVAL1} AND location LIKE #{ew.paramNameValuePairs.MPGENVAL2}) ORDER BY create_time DESC
2026-06-28 10:33:39.840 [http-nio-8080-exec-46] INFO  c.p.t.c.attractions.SysAttractionsController - 查询结果数量：2
2026-06-28 10:33:39.840 [http-nio-8080-exec-47] INFO  c.p.t.c.attractions.SysAttractionsController - 查询结果数量：2
2026-06-28 10:33:42.623 [http-nio-8080-exec-49] INFO  c.p.t.c.attractions.SysAttractionsController - 查询景点参数：SysAttractions(id=null, name=, price=null, introduce=null, content=null, num=null, realName=null, images=null, scenicType=, location=甘肃, pv=null, open=null, time=null, state=1, createBy=null, createTime=null, updateBy=null, updateTime=null, pageNumber=1, pageSize=9)
2026-06-28 10:33:42.624 [http-nio-8080-exec-50] INFO  c.p.t.c.attractions.SysAttractionsController - 查询景点参数：SysAttractions(id=null, name=null, price=null, introduce=null, content=null, num=null, realName=null, images=null, scenicType=null, location=甘肃, pv=null, open=null, time=null, state=1, createBy=null, createTime=null, updateBy=null, updateTime=null, pageNumber=1, pageSize=100)
2026-06-28 10:33:42.625 [http-nio-8080-exec-49] INFO  c.p.t.c.attractions.SysAttractionsController - location 参数值：甘肃
2026-06-28 10:33:42.626 [http-nio-8080-exec-50] INFO  c.p.t.c.attractions.SysAttractionsController - location 参数值：甘肃
2026-06-28 10:33:42.626 [http-nio-8080-exec-50] INFO  c.p.t.c.attractions.SysAttractionsController - 应用地区筛选：甘肃
2026-06-28 10:33:42.626 [http-nio-8080-exec-49] INFO  c.p.t.c.attractions.SysAttractionsController - 应用地区筛选：甘肃
2026-06-28 10:33:42.627 [http-nio-8080-exec-50] INFO  c.p.t.c.attractions.SysAttractionsController - 最终查询条件 SQL：(state = #{ew.paramNameValuePairs.MPGENVAL1} AND location LIKE #{ew.paramNameValuePairs.MPGENVAL2}) ORDER BY create_time DESC
2026-06-28 10:33:42.627 [http-nio-8080-exec-49] INFO  c.p.t.c.attractions.SysAttractionsController - 最终查询条件 SQL：(state = #{ew.paramNameValuePairs.MPGENVAL1} AND location LIKE #{ew.paramNameValuePairs.MPGENVAL2}) ORDER BY create_time DESC
2026-06-28 10:33:42.646 [http-nio-8080-exec-50] INFO  c.p.t.c.attractions.SysAttractionsController - 查询结果数量：2
2026-06-28 10:33:42.645 [http-nio-8080-exec-49] INFO  c.p.t.c.attractions.SysAttractionsController - 查询结果数量：2
2026-06-28 10:33:43.165 [http-nio-8080-exec-52] INFO  c.p.t.c.attractions.SysAttractionsController - 查询景点参数：SysAttractions(id=null, name=, price=null, introduce=null, content=null, num=null, realName=null, images=null, scenicType=, location=, pv=null, open=null, time=null, state=1, createBy=null, createTime=null, updateBy=null, updateTime=null, pageNumber=1, pageSize=9)
2026-06-28 10:33:43.165 [http-nio-8080-exec-53] INFO  c.p.t.c.attractions.SysAttractionsController - 查询景点参数：SysAttractions(id=null, name=null, price=null, introduce=null, content=null, num=null, realName=null, images=null, scenicType=null, location=null, pv=null, open=null, time=null, state=1, createBy=null, createTime=null, updateBy=null, updateTime=null, pageNumber=1, pageSize=100)
2026-06-28 10:33:43.166 [http-nio-8080-exec-52] INFO  c.p.t.c.attractions.SysAttractionsController - location 参数值：
2026-06-28 10:33:43.166 [http-nio-8080-exec-53] INFO  c.p.t.c.attractions.SysAttractionsController - location 参数值：null
2026-06-28 10:33:43.166 [http-nio-8080-exec-52] INFO  c.p.t.c.attractions.SysAttractionsController - 最终查询条件 SQL：(state = #{ew.paramNameValuePairs.MPGENVAL1}) ORDER BY create_time DESC
2026-06-28 10:33:43.167 [http-nio-8080-exec-53] INFO  c.p.t.c.attractions.SysAttractionsController - 最终查询条件 SQL：(state = #{ew.paramNameValuePairs.MPGENVAL1}) ORDER BY create_time DESC
2026-06-28 10:33:43.182 [http-nio-8080-exec-52] INFO  c.p.t.c.attractions.SysAttractionsController - 查询结果数量：9
2026-06-28 10:33:43.188 [http-nio-8080-exec-53] INFO  c.p.t.c.attractions.SysAttractionsController - 查询结果数量：24
2026-06-28 10:33:47.661 [http-nio-8080-exec-66] INFO  c.p.t.c.attractions.SysAttractionsController - 查询景点参数：SysAttractions(id=null, name=, price=null, introduce=null, content=null, num=null, realName=null, images=null, scenicType=, location=, pv=null, open=null, time=null, state=1, createBy=null, createTime=null, updateBy=null, updateTime=null, pageNumber=2, pageSize=9)
2026-06-28 10:33:47.661 [http-nio-8080-exec-66] INFO  c.p.t.c.attractions.SysAttractionsController - location 参数值：
2026-06-28 10:33:47.661 [http-nio-8080-exec-66] INFO  c.p.t.c.attractions.SysAttractionsController - 最终查询条件 SQL：(state = #{ew.paramNameValuePairs.MPGENVAL1}) ORDER BY create_time DESC
2026-06-28 10:33:47.673 [http-nio-8080-exec-66] INFO  c.p.t.c.attractions.SysAttractionsController - 查询结果数量：9
2026-06-28 10:35:17.541 [http-nio-8080-exec-79] INFO  c.p.t.c.attractions.SysAttractionsController - 查询景点参数：SysAttractions(id=null, name=null, price=null, introduce=null, content=null, num=null, realName=null, images=null, scenicType=null, location=null, pv=null, open=null, time=null, state=1, createBy=null, createTime=null, updateBy=null, updateTime=null, pageNumber=1, pageSize=100)
2026-06-28 10:35:17.542 [http-nio-8080-exec-79] INFO  c.p.t.c.attractions.SysAttractionsController - location 参数值：null
2026-06-28 10:35:17.544 [http-nio-8080-exec-79] INFO  c.p.t.c.attractions.SysAttractionsController - 最终查询条件 SQL：(state = #{ew.paramNameValuePairs.MPGENVAL1}) ORDER BY create_time DESC
2026-06-28 10:35:17.562 [http-nio-8080-exec-79] INFO  c.p.t.c.attractions.SysAttractionsController - 查询结果数量：24
2026-06-28 10:35:17.580 [http-nio-8080-exec-80] INFO  c.p.t.c.attractions.SysAttractionsController - 查询景点参数：SysAttractions(id=null, name=, price=null, introduce=null, content=null, num=null, realName=null, images=null, scenicType=, location=, pv=null, open=null, time=null, state=1, createBy=null, createTime=null, updateBy=null, updateTime=null, pageNumber=1, pageSize=9)
2026-06-28 10:35:17.580 [http-nio-8080-exec-87] INFO  c.p.t.c.attractions.SysAttractionsController - 查询景点参数：SysAttractions(id=null, name=null, price=null, introduce=null, content=null, num=null, realName=null, images=null, scenicType=null, location=null, pv=null, open=null, time=null, state=1, createBy=null, createTime=null, updateBy=null, updateTime=null, pageNumber=1, pageSize=100)
2026-06-28 10:35:17.580 [http-nio-8080-exec-80] INFO  c.p.t.c.attractions.SysAttractionsController - location 参数值：
2026-06-28 10:35:17.580 [http-nio-8080-exec-87] INFO  c.p.t.c.attractions.SysAttractionsController - location 参数值：null
2026-06-28 10:35:17.581 [http-nio-8080-exec-80] INFO  c.p.t.c.attractions.SysAttractionsController - 最终查询条件 SQL：(state = #{ew.paramNameValuePairs.MPGENVAL1}) ORDER BY create_time DESC
2026-06-28 10:35:17.583 [http-nio-8080-exec-87] INFO  c.p.t.c.attractions.SysAttractionsController - 最终查询条件 SQL：(state = #{ew.paramNameValuePairs.MPGENVAL1}) ORDER BY create_time DESC
2026-06-28 10:35:17.619 [http-nio-8080-exec-80] INFO  c.p.t.c.attractions.SysAttractionsController - 查询结果数量：9
2026-06-28 10:35:17.619 [http-nio-8080-exec-87] INFO  c.p.t.c.attractions.SysAttractionsController - 查询结果数量：24
2026-06-28 10:35:19.345 [http-nio-8080-exec-97] INFO  c.p.t.c.attractions.SysAttractionsController - 查询景点参数：SysAttractions(id=null, name=null, price=null, introduce=null, content=null, num=null, realName=null, images=null, scenicType=null, location=null, pv=null, open=null, time=null, state=1, createBy=null, createTime=null, updateBy=null, updateTime=null, pageNumber=1, pageSize=100)
2026-06-28 10:35:19.345 [http-nio-8080-exec-97] INFO  c.p.t.c.attractions.SysAttractionsController - location 参数值：null
2026-06-28 10:35:19.346 [http-nio-8080-exec-97] INFO  c.p.t.c.attractions.SysAttractionsController - 最终查询条件 SQL：(state = #{ew.paramNameValuePairs.MPGENVAL1}) ORDER BY create_time DESC
2026-06-28 10:35:19.358 [http-nio-8080-exec-97] INFO  c.p.t.c.attractions.SysAttractionsController - 查询结果数量：24
2026-06-28 10:37:17.788 [http-nio-8080-exec-5] INFO  c.p.t.c.attractions.SysAttractionsController - 查询景点参数：SysAttractions(id=null, name=, price=null, introduce=null, content=null, num=null, realName=null, images=null, scenicType=, location=, pv=null, open=null, time=null, state=1, createBy=null, createTime=null, updateBy=null, updateTime=null, pageNumber=2, pageSize=9)
2026-06-28 10:37:17.789 [http-nio-8080-exec-5] INFO  c.p.t.c.attractions.SysAttractionsController - location 参数值：
2026-06-28 10:37:17.790 [http-nio-8080-exec-5] INFO  c.p.t.c.attractions.SysAttractionsController - 最终查询条件 SQL：(state = #{ew.paramNameValuePairs.MPGENVAL1}) ORDER BY create_time DESC
2026-06-28 10:37:17.799 [http-nio-8080-exec-5] INFO  c.p.t.c.attractions.SysAttractionsController - 查询结果数量：9
2026-06-28 10:37:21.789 [http-nio-8080-exec-12] INFO  c.p.t.c.attractions.SysAttractionsController - 查询景点参数：SysAttractions(id=null, name=, price=null, introduce=null, content=null, num=null, realName=null, images=null, scenicType=, location=, pv=null, open=null, time=null, state=1, createBy=null, createTime=null, updateBy=null, updateTime=null, pageNumber=3, pageSize=9)
2026-06-28 10:37:21.789 [http-nio-8080-exec-12] INFO  c.p.t.c.attractions.SysAttractionsController - location 参数值：
2026-06-28 10:37:21.790 [http-nio-8080-exec-12] INFO  c.p.t.c.attractions.SysAttractionsController - 最终查询条件 SQL：(state = #{ew.paramNameValuePairs.MPGENVAL1}) ORDER BY create_time DESC
2026-06-28 10:37:21.798 [http-nio-8080-exec-12] INFO  c.p.t.c.attractions.SysAttractionsController - 查询结果数量：6
2026-06-28 10:37:26.524 [http-nio-8080-exec-21] INFO  c.p.t.c.attractions.SysAttractionsController - 查询景点参数：SysAttractions(id=null, name=, price=null, introduce=null, content=null, num=null, realName=null, images=null, scenicType=, location=, pv=null, open=null, time=null, state=1, createBy=null, createTime=null, updateBy=null, updateTime=null, pageNumber=1, pageSize=9)
2026-06-28 10:37:26.524 [http-nio-8080-exec-21] INFO  c.p.t.c.attractions.SysAttractionsController - location 参数值：
2026-06-28 10:37:26.525 [http-nio-8080-exec-21] INFO  c.p.t.c.attractions.SysAttractionsController - 最终查询条件 SQL：(state = #{ew.paramNameValuePairs.MPGENVAL1}) ORDER BY create_time DESC
2026-06-28 10:37:26.534 [http-nio-8080-exec-21] INFO  c.p.t.c.attractions.SysAttractionsController - 查询结果数量：9
2026-06-28 10:37:33.481 [http-nio-8080-exec-35] INFO  c.p.t.c.attractions.SysAttractionsController - 查询景点参数：SysAttractions(id=null, name=null, price=null, introduce=null, content=null, num=null, realName=null, images=null, scenicType=null, location=甘肃, pv=null, open=null, time=null, state=1, createBy=null, createTime=null, updateBy=null, updateTime=null, pageNumber=1, pageSize=100)
2026-06-28 10:37:33.482 [http-nio-8080-exec-35] INFO  c.p.t.c.attractions.SysAttractionsController - location 参数值：甘肃
2026-06-28 10:37:33.482 [http-nio-8080-exec-36] INFO  c.p.t.c.attractions.SysAttractionsController - 查询景点参数：SysAttractions(id=null, name=, price=null, introduce=null, content=null, num=null, realName=null, images=null, scenicType=, location=甘肃, pv=null, open=null, time=null, state=1, createBy=null, createTime=null, updateBy=null, updateTime=null, pageNumber=1, pageSize=9)
2026-06-28 10:37:33.482 [http-nio-8080-exec-35] INFO  c.p.t.c.attractions.SysAttractionsController - 应用地区筛选：甘肃
2026-06-28 10:37:33.482 [http-nio-8080-exec-36] INFO  c.p.t.c.attractions.SysAttractionsController - location 参数值：甘肃
2026-06-28 10:37:33.483 [http-nio-8080-exec-36] INFO  c.p.t.c.attractions.SysAttractionsController - 应用地区筛选：甘肃
2026-06-28 10:37:33.483 [http-nio-8080-exec-35] INFO  c.p.t.c.attractions.SysAttractionsController - 最终查询条件 SQL：(state = #{ew.paramNameValuePairs.MPGENVAL1} AND location LIKE #{ew.paramNameValuePairs.MPGENVAL2}) ORDER BY create_time DESC
2026-06-28 10:37:33.483 [http-nio-8080-exec-36] INFO  c.p.t.c.attractions.SysAttractionsController - 最终查询条件 SQL：(state = #{ew.paramNameValuePairs.MPGENVAL1} AND location LIKE #{ew.paramNameValuePairs.MPGENVAL2}) ORDER BY create_time DESC
2026-06-28 10:37:33.493 [http-nio-8080-exec-36] INFO  c.p.t.c.attractions.SysAttractionsController - 查询结果数量：2
2026-06-28 10:37:33.493 [http-nio-8080-exec-35] INFO  c.p.t.c.attractions.SysAttractionsController - 查询结果数量：2
2026-06-28 10:37:38.210 [http-nio-8080-exec-38] INFO  c.p.t.c.attractions.SysAttractionsController - 查询景点参数：SysAttractions(id=null, name=, price=null, introduce=null, content=null, num=null, realName=null, images=null, scenicType=, location=北京, pv=null, open=null, time=null, state=1, createBy=null, createTime=null, updateBy=null, updateTime=null, pageNumber=1, pageSize=9)
2026-06-28 10:37:38.211 [http-nio-8080-exec-38] INFO  c.p.t.c.attractions.SysAttractionsController - location 参数值：北京
2026-06-28 10:37:38.212 [http-nio-8080-exec-39] INFO  c.p.t.c.attractions.SysAttractionsController - 查询景点参数：SysAttractions(id=null, name=null, price=null, introduce=null, content=null, num=null, realName=null, images=null, scenicType=null, location=北京, pv=null, open=null, time=null, state=1, createBy=null, createTime=null, updateBy=null, updateTime=null, pageNumber=1, pageSize=100)
2026-06-28 10:37:38.213 [http-nio-8080-exec-39] INFO  c.p.t.c.attractions.SysAttractionsController - location 参数值：北京
2026-06-28 10:37:38.212 [http-nio-8080-exec-38] INFO  c.p.t.c.attractions.SysAttractionsController - 应用地区筛选：北京
2026-06-28 10:37:38.213 [http-nio-8080-exec-39] INFO  c.p.t.c.attractions.SysAttractionsController - 应用地区筛选：北京
2026-06-28 10:37:38.213 [http-nio-8080-exec-38] INFO  c.p.t.c.attractions.SysAttractionsController - 最终查询条件 SQL：(state = #{ew.paramNameValuePairs.MPGENVAL1} AND location LIKE #{ew.paramNameValuePairs.MPGENVAL2}) ORDER BY create_time DESC
2026-06-28 10:37:38.214 [http-nio-8080-exec-39] INFO  c.p.t.c.attractions.SysAttractionsController - 最终查询条件 SQL：(state = #{ew.paramNameValuePairs.MPGENVAL1} AND location LIKE #{ew.paramNameValuePairs.MPGENVAL2}) ORDER BY create_time DESC
2026-06-28 10:37:38.224 [http-nio-8080-exec-38] INFO  c.p.t.c.attractions.SysAttractionsController - 查询结果数量：1
2026-06-28 10:37:38.224 [http-nio-8080-exec-39] INFO  c.p.t.c.attractions.SysAttractionsController - 查询结果数量：1
2026-06-28 10:38:40.280 [http-nio-8080-exec-41] INFO  c.p.t.c.attractions.SysAttractionsController - 查询景点参数：SysAttractions(id=null, name=, price=null, introduce=null, content=null, num=null, realName=null, images=null, scenicType=, location=北京, pv=null, open=null, time=null, state=1, createBy=null, createTime=null, updateBy=null, updateTime=null, pageNumber=1, pageSize=9)
2026-06-28 10:38:40.280 [http-nio-8080-exec-42] INFO  c.p.t.c.attractions.SysAttractionsController - 查询景点参数：SysAttractions(id=null, name=null, price=null, introduce=null, content=null, num=null, realName=null, images=null, scenicType=null, location=北京, pv=null, open=null, time=null, state=1, createBy=null, createTime=null, updateBy=null, updateTime=null, pageNumber=1, pageSize=100)
2026-06-28 10:38:40.281 [http-nio-8080-exec-41] INFO  c.p.t.c.attractions.SysAttractionsController - location 参数值：北京
2026-06-28 10:38:40.281 [http-nio-8080-exec-42] INFO  c.p.t.c.attractions.SysAttractionsController - location 参数值：北京
2026-06-28 10:38:40.281 [http-nio-8080-exec-41] INFO  c.p.t.c.attractions.SysAttractionsController - 应用地区筛选：北京
2026-06-28 10:38:40.281 [http-nio-8080-exec-42] INFO  c.p.t.c.attractions.SysAttractionsController - 应用地区筛选：北京
2026-06-28 10:38:40.283 [http-nio-8080-exec-42] INFO  c.p.t.c.attractions.SysAttractionsController - 最终查询条件 SQL：(state = #{ew.paramNameValuePairs.MPGENVAL1} AND location LIKE #{ew.paramNameValuePairs.MPGENVAL2}) ORDER BY create_time DESC
2026-06-28 10:38:40.283 [http-nio-8080-exec-41] INFO  c.p.t.c.attractions.SysAttractionsController - 最终查询条件 SQL：(state = #{ew.paramNameValuePairs.MPGENVAL1} AND location LIKE #{ew.paramNameValuePairs.MPGENVAL2}) ORDER BY create_time DESC
2026-06-28 10:38:40.297 [http-nio-8080-exec-41] INFO  c.p.t.c.attractions.SysAttractionsController - 查询结果数量：9
2026-06-28 10:38:40.303 [http-nio-8080-exec-42] INFO  c.p.t.c.attractions.SysAttractionsController - 查询结果数量：15
2026-06-28 10:38:51.428 [http-nio-8080-exec-63] INFO  com.project.travel.handle.MyMetaObjectHandler - 公共字段自动填充[update]...
2026-06-28 10:42:54.148 [http-nio-8080-exec-68] INFO  com.project.travel.handle.MyMetaObjectHandler - 公共字段自动填充[update]...
2026-06-28 10:42:55.561 [http-nio-8080-exec-77] INFO  c.p.t.c.attractions.SysAttractionsController - 查询景点参数：SysAttractions(id=null, name=null, price=null, introduce=null, content=null, num=null, realName=null, images=null, scenicType=null, location=null, pv=null, open=null, time=null, state=1, createBy=null, createTime=null, updateBy=null, updateTime=null, pageNumber=1, pageSize=100)
2026-06-28 10:42:55.561 [http-nio-8080-exec-77] INFO  c.p.t.c.attractions.SysAttractionsController - location 参数值：null
2026-06-28 10:42:55.562 [http-nio-8080-exec-77] INFO  c.p.t.c.attractions.SysAttractionsController - 最终查询条件 SQL：(state = #{ew.paramNameValuePairs.MPGENVAL1}) ORDER BY create_time DESC
2026-06-28 10:42:55.579 [http-nio-8080-exec-77] INFO  c.p.t.c.attractions.SysAttractionsController - 查询结果数量：24
2026-06-28 10:42:55.595 [http-nio-8080-exec-82] INFO  c.p.t.c.attractions.SysAttractionsController - 查询景点参数：SysAttractions(id=null, name=, price=null, introduce=null, content=null, num=null, realName=null, images=null, scenicType=, location=, pv=null, open=null, time=null, state=1, createBy=null, createTime=null, updateBy=null, updateTime=null, pageNumber=1, pageSize=9)
2026-06-28 10:42:55.595 [http-nio-8080-exec-79] INFO  c.p.t.c.attractions.SysAttractionsController - 查询景点参数：SysAttractions(id=null, name=null, price=null, introduce=null, content=null, num=null, realName=null, images=null, scenicType=null, location=null, pv=null, open=null, time=null, state=1, createBy=null, createTime=null, updateBy=null, updateTime=null, pageNumber=1, pageSize=100)
2026-06-28 10:42:55.596 [http-nio-8080-exec-82] INFO  c.p.t.c.attractions.SysAttractionsController - location 参数值：
2026-06-28 10:42:55.596 [http-nio-8080-exec-79] INFO  c.p.t.c.attractions.SysAttractionsController - location 参数值：null
2026-06-28 10:42:55.596 [http-nio-8080-exec-82] INFO  c.p.t.c.attractions.SysAttractionsController - 最终查询条件 SQL：(state = #{ew.paramNameValuePairs.MPGENVAL1}) ORDER BY create_time DESC
2026-06-28 10:42:55.597 [http-nio-8080-exec-79] INFO  c.p.t.c.attractions.SysAttractionsController - 最终查询条件 SQL：(state = #{ew.paramNameValuePairs.MPGENVAL1}) ORDER BY create_time DESC
2026-06-28 10:42:55.617 [http-nio-8080-exec-82] INFO  c.p.t.c.attractions.SysAttractionsController - 查询结果数量：9
2026-06-28 10:42:55.618 [http-nio-8080-exec-79] INFO  c.p.t.c.attractions.SysAttractionsController - 查询结果数量：24
2026-06-28 10:42:57.652 [http-nio-8080-exec-94] INFO  c.p.t.c.attractions.SysAttractionsController - 查询景点参数：SysAttractions(id=null, name=null, price=null, introduce=null, content=null, num=null, realName=null, images=null, scenicType=null, location=null, pv=null, open=null, time=null, state=1, createBy=null, createTime=null, updateBy=null, updateTime=null, pageNumber=1, pageSize=100)
2026-06-28 10:42:57.652 [http-nio-8080-exec-94] INFO  c.p.t.c.attractions.SysAttractionsController - location 参数值：null
2026-06-28 10:42:57.653 [http-nio-8080-exec-94] INFO  c.p.t.c.attractions.SysAttractionsController - 最终查询条件 SQL：(state = #{ew.paramNameValuePairs.MPGENVAL1}) ORDER BY create_time DESC
2026-06-28 10:42:57.664 [http-nio-8080-exec-94] INFO  c.p.t.c.attractions.SysAttractionsController - 查询结果数量：24
2026-06-28 10:43:06.191 [http-nio-8080-exec-11] INFO  com.project.travel.handle.MyMetaObjectHandler - 公共字段自动填充[update]...
2026-06-28 10:43:07.817 [http-nio-8080-exec-18] INFO  c.p.t.c.attractions.SysAttractionsController - 查询景点参数：SysAttractions(id=null, name=null, price=null, introduce=null, content=null, num=null, realName=null, images=null, scenicType=null, location=null, pv=null, open=null, time=null, state=1, createBy=null, createTime=null, updateBy=null, updateTime=null, pageNumber=1, pageSize=100)
2026-06-28 10:43:07.818 [http-nio-8080-exec-18] INFO  c.p.t.c.attractions.SysAttractionsController - location 参数值：null
2026-06-28 10:43:07.818 [http-nio-8080-exec-18] INFO  c.p.t.c.attractions.SysAttractionsController - 最终查询条件 SQL：(state = #{ew.paramNameValuePairs.MPGENVAL1}) ORDER BY create_time DESC
2026-06-28 10:43:07.840 [http-nio-8080-exec-18] INFO  c.p.t.c.attractions.SysAttractionsController - 查询结果数量：24
2026-06-28 10:43:07.863 [http-nio-8080-exec-14] INFO  c.p.t.c.attractions.SysAttractionsController - 查询景点参数：SysAttractions(id=null, name=, price=null, introduce=null, content=null, num=null, realName=null, images=null, scenicType=, location=, pv=null, open=null, time=null, state=1, createBy=null, createTime=null, updateBy=null, updateTime=null, pageNumber=1, pageSize=9)
2026-06-28 10:43:07.864 [http-nio-8080-exec-13] INFO  c.p.t.c.attractions.SysAttractionsController - 查询景点参数：SysAttractions(id=null, name=null, price=null, introduce=null, content=null, num=null, realName=null, images=null, scenicType=null, location=null, pv=null, open=null, time=null, state=1, createBy=null, createTime=null, updateBy=null, updateTime=null, pageNumber=1, pageSize=100)
2026-06-28 10:43:07.865 [http-nio-8080-exec-13] INFO  c.p.t.c.attractions.SysAttractionsController - location 参数值：null
2026-06-28 10:43:07.865 [http-nio-8080-exec-14] INFO  c.p.t.c.attractions.SysAttractionsController - location 参数值：
2026-06-28 10:43:07.866 [http-nio-8080-exec-13] INFO  c.p.t.c.attractions.SysAttractionsController - 最终查询条件 SQL：(state = #{ew.paramNameValuePairs.MPGENVAL1}) ORDER BY create_time DESC
2026-06-28 10:43:07.867 [http-nio-8080-exec-14] INFO  c.p.t.c.attractions.SysAttractionsController - 最终查询条件 SQL：(state = #{ew.paramNameValuePairs.MPGENVAL1}) ORDER BY create_time DESC
2026-06-28 10:43:07.899 [http-nio-8080-exec-13] INFO  c.p.t.c.attractions.SysAttractionsController - 查询结果数量：24
2026-06-28 10:43:07.900 [http-nio-8080-exec-14] INFO  c.p.t.c.attractions.SysAttractionsController - 查询结果数量：9
2026-06-28 10:43:08.934 [http-nio-8080-exec-32] INFO  c.p.t.c.attractions.SysAttractionsController - 查询景点参数：SysAttractions(id=null, name=null, price=null, introduce=null, content=null, num=null, realName=null, images=null, scenicType=null, location=北京省, pv=null, open=null, time=null, state=1, createBy=null, createTime=null, updateBy=null, updateTime=null, pageNumber=1, pageSize=100)
2026-06-28 10:43:08.934 [http-nio-8080-exec-30] INFO  c.p.t.c.attractions.SysAttractionsController - 查询景点参数：SysAttractions(id=null, name=, price=null, introduce=null, content=null, num=null, realName=null, images=null, scenicType=, location=北京省, pv=null, open=null, time=null, state=1, createBy=null, createTime=null, updateBy=null, updateTime=null, pageNumber=1, pageSize=9)
2026-06-28 10:43:08.934 [http-nio-8080-exec-32] INFO  c.p.t.c.attractions.SysAttractionsController - location 参数值：北京省
2026-06-28 10:43:08.934 [http-nio-8080-exec-30] INFO  c.p.t.c.attractions.SysAttractionsController - location 参数值：北京省
2026-06-28 10:43:08.935 [http-nio-8080-exec-32] INFO  c.p.t.c.attractions.SysAttractionsController - 应用地区筛选：北京省
2026-06-28 10:43:08.935 [http-nio-8080-exec-30] INFO  c.p.t.c.attractions.SysAttractionsController - 应用地区筛选：北京省
2026-06-28 10:43:08.936 [http-nio-8080-exec-30] INFO  c.p.t.c.attractions.SysAttractionsController - 最终查询条件 SQL：(state = #{ew.paramNameValuePairs.MPGENVAL1} AND location LIKE #{ew.paramNameValuePairs.MPGENVAL2}) ORDER BY create_time DESC
2026-06-28 10:43:08.935 [http-nio-8080-exec-32] INFO  c.p.t.c.attractions.SysAttractionsController - 最终查询条件 SQL：(state = #{ew.paramNameValuePairs.MPGENVAL1} AND location LIKE #{ew.paramNameValuePairs.MPGENVAL2}) ORDER BY create_time DESC
2026-06-28 10:43:08.947 [http-nio-8080-exec-30] INFO  c.p.t.c.attractions.SysAttractionsController - 查询结果数量：9
2026-06-28 10:43:08.947 [http-nio-8080-exec-32] INFO  c.p.t.c.attractions.SysAttractionsController - 查询结果数量：16
2026-06-28 10:44:39.972 [http-nio-8080-exec-49] INFO  com.project.travel.handle.MyMetaObjectHandler - 公共字段自动填充[insert]...
2026-06-28 10:46:22.421 [http-nio-8080-exec-63] INFO  c.p.t.c.attractions.SysAttractionsController - 查询景点参数：SysAttractions(id=null, name=null, price=null, introduce=null, content=null, num=null, realName=null, images=null, scenicType=null, location=null, pv=null, open=null, time=null, state=1, createBy=null, createTime=null, updateBy=null, updateTime=null, pageNumber=1, pageSize=100)
2026-06-28 10:46:22.422 [http-nio-8080-exec-63] INFO  c.p.t.c.attractions.SysAttractionsController - location 参数值：null
2026-06-28 10:46:22.423 [http-nio-8080-exec-63] INFO  c.p.t.c.attractions.SysAttractionsController - 最终查询条件 SQL：(state = #{ew.paramNameValuePairs.MPGENVAL1}) ORDER BY create_time DESC
2026-06-28 10:46:22.434 [http-nio-8080-exec-63] INFO  c.p.t.c.attractions.SysAttractionsController - 查询结果数量：24
2026-06-28 10:46:22.453 [http-nio-8080-exec-69] INFO  c.p.t.c.attractions.SysAttractionsController - 查询景点参数：SysAttractions(id=null, name=null, price=null, introduce=null, content=null, num=null, realName=null, images=null, scenicType=null, location=null, pv=null, open=null, time=null, state=1, createBy=null, createTime=null, updateBy=null, updateTime=null, pageNumber=1, pageSize=100)
2026-06-28 10:46:22.453 [http-nio-8080-exec-64] INFO  c.p.t.c.attractions.SysAttractionsController - 查询景点参数：SysAttractions(id=null, name=, price=null, introduce=null, content=null, num=null, realName=null, images=null, scenicType=, location=, pv=null, open=null, time=null, state=1, createBy=null, createTime=null, updateBy=null, updateTime=null, pageNumber=1, pageSize=9)
2026-06-28 10:46:22.453 [http-nio-8080-exec-69] INFO  c.p.t.c.attractions.SysAttractionsController - location 参数值：null
2026-06-28 10:46:22.453 [http-nio-8080-exec-64] INFO  c.p.t.c.attractions.SysAttractionsController - location 参数值：
2026-06-28 10:46:22.454 [http-nio-8080-exec-69] INFO  c.p.t.c.attractions.SysAttractionsController - 最终查询条件 SQL：(state = #{ew.paramNameValuePairs.MPGENVAL1}) ORDER BY create_time DESC
2026-06-28 10:46:22.454 [http-nio-8080-exec-64] INFO  c.p.t.c.attractions.SysAttractionsController - 最终查询条件 SQL：(state = #{ew.paramNameValuePairs.MPGENVAL1}) ORDER BY create_time DESC
2026-06-28 10:46:22.473 [http-nio-8080-exec-64] INFO  c.p.t.c.attractions.SysAttractionsController - 查询结果数量：9
2026-06-28 10:46:22.479 [http-nio-8080-exec-69] INFO  c.p.t.c.attractions.SysAttractionsController - 查询结果数量：24
2026-06-28 10:46:23.714 [http-nio-8080-exec-77] INFO  c.p.t.c.attractions.SysAttractionsController - 查询景点参数：SysAttractions(id=null, name=, price=null, introduce=null, content=null, num=null, realName=null, images=null, scenicType=, location=北京省, pv=null, open=null, time=null, state=1, createBy=null, createTime=null, updateBy=null, updateTime=null, pageNumber=1, pageSize=9)
2026-06-28 10:46:23.714 [http-nio-8080-exec-82] INFO  c.p.t.c.attractions.SysAttractionsController - 查询景点参数：SysAttractions(id=null, name=null, price=null, introduce=null, content=null, num=null, realName=null, images=null, scenicType=null, location=北京省, pv=null, open=null, time=null, state=1, createBy=null, createTime=null, updateBy=null, updateTime=null, pageNumber=1, pageSize=100)
2026-06-28 10:46:23.715 [http-nio-8080-exec-82] INFO  c.p.t.c.attractions.SysAttractionsController - location 参数值：北京省
2026-06-28 10:46:23.715 [http-nio-8080-exec-77] INFO  c.p.t.c.attractions.SysAttractionsController - location 参数值：北京省
2026-06-28 10:46:23.715 [http-nio-8080-exec-82] INFO  c.p.t.c.attractions.SysAttractionsController - 应用地区筛选：北京省
2026-06-28 10:46:23.716 [http-nio-8080-exec-77] INFO  c.p.t.c.attractions.SysAttractionsController - 应用地区筛选：北京省
2026-06-28 10:46:23.716 [http-nio-8080-exec-77] INFO  c.p.t.c.attractions.SysAttractionsController - 最终查询条件 SQL：(state = #{ew.paramNameValuePairs.MPGENVAL1} AND location LIKE #{ew.paramNameValuePairs.MPGENVAL2}) ORDER BY create_time DESC
2026-06-28 10:46:23.716 [http-nio-8080-exec-82] INFO  c.p.t.c.attractions.SysAttractionsController - 最终查询条件 SQL：(state = #{ew.paramNameValuePairs.MPGENVAL1} AND location LIKE #{ew.paramNameValuePairs.MPGENVAL2}) ORDER BY create_time DESC
2026-06-28 10:46:23.735 [http-nio-8080-exec-77] INFO  c.p.t.c.attractions.SysAttractionsController - 查询结果数量：9
2026-06-28 10:46:23.740 [http-nio-8080-exec-82] INFO  c.p.t.c.attractions.SysAttractionsController - 查询结果数量：16
2026-06-28 10:46:25.507 [http-nio-8080-exec-83] INFO  c.p.t.c.attractions.SysAttractionsController - 查询景点参数：SysAttractions(id=null, name=, price=null, introduce=null, content=null, num=null, realName=null, images=null, scenicType=, location=北京省, pv=null, open=null, time=null, state=1, createBy=null, createTime=null, updateBy=null, updateTime=null, pageNumber=2, pageSize=9)
2026-06-28 10:46:25.507 [http-nio-8080-exec-83] INFO  c.p.t.c.attractions.SysAttractionsController - location 参数值：北京省
2026-06-28 10:46:25.507 [http-nio-8080-exec-83] INFO  c.p.t.c.attractions.SysAttractionsController - 应用地区筛选：北京省
2026-06-28 10:46:25.508 [http-nio-8080-exec-83] INFO  c.p.t.c.attractions.SysAttractionsController - 最终查询条件 SQL：(state = #{ew.paramNameValuePairs.MPGENVAL1} AND location LIKE #{ew.paramNameValuePairs.MPGENVAL2}) ORDER BY create_time DESC
2026-06-28 10:46:25.522 [http-nio-8080-exec-83] INFO  c.p.t.c.attractions.SysAttractionsController - 查询结果数量：7
2026-06-28 10:46:49.698 [http-nio-8080-exec-99] INFO  c.p.t.c.attractions.SysAttractionsController - 查询景点参数：SysAttractions(id=null, name=, price=null, introduce=null, content=null, num=null, realName=null, images=null, scenicType=, location=, pv=null, open=null, time=null, state=1, createBy=null, createTime=null, updateBy=null, updateTime=null, pageNumber=1, pageSize=9)
2026-06-28 10:46:49.698 [http-nio-8080-exec-99] INFO  c.p.t.c.attractions.SysAttractionsController - location 参数值：
2026-06-28 10:46:49.698 [http-nio-8080-exec-99] INFO  c.p.t.c.attractions.SysAttractionsController - 最终查询条件 SQL：(state = #{ew.paramNameValuePairs.MPGENVAL1}) ORDER BY create_time DESC
2026-06-28 10:46:49.698 [http-nio-8080-exec-4] INFO  c.p.t.c.attractions.SysAttractionsController - 查询景点参数：SysAttractions(id=null, name=null, price=null, introduce=null, content=null, num=null, realName=null, images=null, scenicType=null, location=null, pv=null, open=null, time=null, state=1, createBy=null, createTime=null, updateBy=null, updateTime=null, pageNumber=1, pageSize=100)
2026-06-28 10:46:49.699 [http-nio-8080-exec-4] INFO  c.p.t.c.attractions.SysAttractionsController - location 参数值：null
2026-06-28 10:46:49.699 [http-nio-8080-exec-4] INFO  c.p.t.c.attractions.SysAttractionsController - 最终查询条件 SQL：(state = #{ew.paramNameValuePairs.MPGENVAL1}) ORDER BY create_time DESC
2026-06-28 10:46:49.707 [http-nio-8080-exec-99] INFO  c.p.t.c.attractions.SysAttractionsController - 查询结果数量：9
2026-06-28 10:46:49.708 [http-nio-8080-exec-4] INFO  c.p.t.c.attractions.SysAttractionsController - 查询结果数量：24
2026-06-28 10:46:51.886 [http-nio-8080-exec-1] INFO  c.p.t.c.attractions.SysAttractionsController - 查询景点参数：SysAttractions(id=null, name=, price=null, introduce=null, content=null, num=null, realName=null, images=null, scenicType=, location=, pv=null, open=null, time=null, state=1, createBy=null, createTime=null, updateBy=null, updateTime=null, pageNumber=3, pageSize=9)
2026-06-28 10:46:51.887 [http-nio-8080-exec-1] INFO  c.p.t.c.attractions.SysAttractionsController - location 参数值：
2026-06-28 10:46:51.888 [http-nio-8080-exec-1] INFO  c.p.t.c.attractions.SysAttractionsController - 最终查询条件 SQL：(state = #{ew.paramNameValuePairs.MPGENVAL1}) ORDER BY create_time DESC
2026-06-28 10:46:51.896 [http-nio-8080-exec-1] INFO  c.p.t.c.attractions.SysAttractionsController - 查询结果数量：6
2026-06-28 10:46:54.176 [http-nio-8080-exec-8] INFO  c.p.t.c.attractions.SysAttractionsController - 查询景点参数：SysAttractions(id=null, name=, price=null, introduce=null, content=null, num=null, realName=null, images=null, scenicType=, location=, pv=null, open=null, time=null, state=1, createBy=null, createTime=null, updateBy=null, updateTime=null, pageNumber=1, pageSize=9)
2026-06-28 10:46:54.176 [http-nio-8080-exec-8] INFO  c.p.t.c.attractions.SysAttractionsController - location 参数值：
2026-06-28 10:46:54.177 [http-nio-8080-exec-8] INFO  c.p.t.c.attractions.SysAttractionsController - 最终查询条件 SQL：(state = #{ew.paramNameValuePairs.MPGENVAL1}) ORDER BY create_time DESC
2026-06-28 10:46:54.184 [http-nio-8080-exec-8] INFO  c.p.t.c.attractions.SysAttractionsController - 查询结果数量：9
2026-06-28 10:48:58.483 [http-nio-8080-exec-13] INFO  c.p.t.c.attractions.SysAttractionsController - 查询景点参数：SysAttractions(id=null, name=null, price=null, introduce=null, content=null, num=null, realName=null, images=null, scenicType=null, location=null, pv=null, open=null, time=null, state=1, createBy=null, createTime=null, updateBy=null, updateTime=null, pageNumber=1, pageSize=100)
2026-06-28 10:48:58.484 [http-nio-8080-exec-13] INFO  c.p.t.c.attractions.SysAttractionsController - location 参数值：null
2026-06-28 10:48:58.484 [http-nio-8080-exec-13] INFO  c.p.t.c.attractions.SysAttractionsController - 最终查询条件 SQL：(state = #{ew.paramNameValuePairs.MPGENVAL1}) ORDER BY create_time DESC
2026-06-28 10:48:58.504 [http-nio-8080-exec-13] INFO  c.p.t.c.attractions.SysAttractionsController - 查询结果数量：24
2026-06-28 10:48:58.534 [http-nio-8080-exec-14] INFO  c.p.t.c.attractions.SysAttractionsController - 查询景点参数：SysAttractions(id=null, name=, price=null, introduce=null, content=null, num=null, realName=null, images=null, scenicType=, location=, pv=null, open=null, time=null, state=1, createBy=null, createTime=null, updateBy=null, updateTime=null, pageNumber=1, pageSize=9)
2026-06-28 10:48:58.536 [http-nio-8080-exec-14] INFO  c.p.t.c.attractions.SysAttractionsController - location 参数值：
2026-06-28 10:48:58.534 [http-nio-8080-exec-26] INFO  c.p.t.c.attractions.SysAttractionsController - 查询景点参数：SysAttractions(id=null, name=null, price=null, introduce=null, content=null, num=null, realName=null, images=null, scenicType=null, location=null, pv=null, open=null, time=null, state=1, createBy=null, createTime=null, updateBy=null, updateTime=null, pageNumber=1, pageSize=100)
2026-06-28 10:48:58.537 [http-nio-8080-exec-26] INFO  c.p.t.c.attractions.SysAttractionsController - location 参数值：null
2026-06-28 10:48:58.537 [http-nio-8080-exec-26] INFO  c.p.t.c.attractions.SysAttractionsController - 最终查询条件 SQL：(state = #{ew.paramNameValuePairs.MPGENVAL1}) ORDER BY create_time DESC
2026-06-28 10:48:58.537 [http-nio-8080-exec-14] INFO  c.p.t.c.attractions.SysAttractionsController - 最终查询条件 SQL：(state = #{ew.paramNameValuePairs.MPGENVAL1}) ORDER BY create_time DESC
2026-06-28 10:48:58.557 [http-nio-8080-exec-14] INFO  c.p.t.c.attractions.SysAttractionsController - 查询结果数量：9
2026-06-28 10:48:58.567 [http-nio-8080-exec-26] INFO  c.p.t.c.attractions.SysAttractionsController - 查询结果数量：24
2026-06-28 10:48:59.683 [http-nio-8080-exec-20] INFO  c.p.t.c.attractions.SysAttractionsController - 查询景点参数：SysAttractions(id=null, name=, price=null, introduce=null, content=null, num=null, realName=null, images=null, scenicType=, location=北京省, pv=null, open=null, time=null, state=1, createBy=null, createTime=null, updateBy=null, updateTime=null, pageNumber=1, pageSize=9)
2026-06-28 10:48:59.685 [http-nio-8080-exec-20] INFO  c.p.t.c.attractions.SysAttractionsController - location 参数值：北京省
2026-06-28 10:48:59.686 [http-nio-8080-exec-20] INFO  c.p.t.c.attractions.SysAttractionsController - 应用地区筛选：北京省
2026-06-28 10:48:59.691 [http-nio-8080-exec-20] INFO  c.p.t.c.attractions.SysAttractionsController - 最终查询条件 SQL：(state = #{ew.paramNameValuePairs.MPGENVAL1} AND location LIKE #{ew.paramNameValuePairs.MPGENVAL2}) ORDER BY create_time DESC
2026-06-28 10:48:59.696 [http-nio-8080-exec-24] INFO  c.p.t.c.attractions.SysAttractionsController - 查询景点参数：SysAttractions(id=null, name=null, price=null, introduce=null, content=null, num=null, realName=null, images=null, scenicType=null, location=北京省, pv=null, open=null, time=null, state=1, createBy=null, createTime=null, updateBy=null, updateTime=null, pageNumber=1, pageSize=100)
2026-06-28 10:48:59.697 [http-nio-8080-exec-24] INFO  c.p.t.c.attractions.SysAttractionsController - location 参数值：北京省
2026-06-28 10:48:59.698 [http-nio-8080-exec-24] INFO  c.p.t.c.attractions.SysAttractionsController - 应用地区筛选：北京省
2026-06-28 10:48:59.698 [http-nio-8080-exec-24] INFO  c.p.t.c.attractions.SysAttractionsController - 最终查询条件 SQL：(state = #{ew.paramNameValuePairs.MPGENVAL1} AND location LIKE #{ew.paramNameValuePairs.MPGENVAL2}) ORDER BY create_time DESC
2026-06-28 10:48:59.709 [http-nio-8080-exec-20] INFO  c.p.t.c.attractions.SysAttractionsController - 查询结果数量：9
2026-06-28 10:48:59.713 [http-nio-8080-exec-24] INFO  c.p.t.c.attractions.SysAttractionsController - 查询结果数量：16
2026-06-28 10:49:04.759 [http-nio-8080-exec-23] INFO  c.p.t.c.attractions.SysAttractionsController - 查询景点参数：SysAttractions(id=null, name=, price=null, introduce=null, content=null, num=null, realName=null, images=null, scenicType=, location=北京省, pv=null, open=null, time=null, state=1, createBy=null, createTime=null, updateBy=null, updateTime=null, pageNumber=2, pageSize=9)
2026-06-28 10:49:04.760 [http-nio-8080-exec-23] INFO  c.p.t.c.attractions.SysAttractionsController - location 参数值：北京省
2026-06-28 10:49:04.760 [http-nio-8080-exec-23] INFO  c.p.t.c.attractions.SysAttractionsController - 应用地区筛选：北京省
2026-06-28 10:49:04.761 [http-nio-8080-exec-23] INFO  c.p.t.c.attractions.SysAttractionsController - 最终查询条件 SQL：(state = #{ew.paramNameValuePairs.MPGENVAL1} AND location LIKE #{ew.paramNameValuePairs.MPGENVAL2}) ORDER BY create_time DESC
2026-06-28 10:49:04.775 [http-nio-8080-exec-23] INFO  c.p.t.c.attractions.SysAttractionsController - 查询结果数量：7
2026-06-28 10:49:07.490 [http-nio-8080-exec-19] INFO  c.p.t.c.attractions.SysAttractionsController - 查询景点参数：SysAttractions(id=null, name=, price=null, introduce=null, content=null, num=null, realName=null, images=null, scenicType=, location=, pv=null, open=null, time=null, state=1, createBy=null, createTime=null, updateBy=null, updateTime=null, pageNumber=1, pageSize=9)
2026-06-28 10:49:07.490 [http-nio-8080-exec-28] INFO  c.p.t.c.attractions.SysAttractionsController - 查询景点参数：SysAttractions(id=null, name=null, price=null, introduce=null, content=null, num=null, realName=null, images=null, scenicType=null, location=null, pv=null, open=null, time=null, state=1, createBy=null, createTime=null, updateBy=null, updateTime=null, pageNumber=1, pageSize=100)
2026-06-28 10:49:07.490 [http-nio-8080-exec-28] INFO  c.p.t.c.attractions.SysAttractionsController - location 参数值：null
2026-06-28 10:49:07.490 [http-nio-8080-exec-19] INFO  c.p.t.c.attractions.SysAttractionsController - location 参数值：
2026-06-28 10:49:07.491 [http-nio-8080-exec-28] INFO  c.p.t.c.attractions.SysAttractionsController - 最终查询条件 SQL：(state = #{ew.paramNameValuePairs.MPGENVAL1}) ORDER BY create_time DESC
2026-06-28 10:49:07.492 [http-nio-8080-exec-19] INFO  c.p.t.c.attractions.SysAttractionsController - 最终查询条件 SQL：(state = #{ew.paramNameValuePairs.MPGENVAL1}) ORDER BY create_time DESC
2026-06-28 10:49:07.502 [http-nio-8080-exec-19] INFO  c.p.t.c.attractions.SysAttractionsController - 查询结果数量：9
2026-06-28 10:49:07.507 [http-nio-8080-exec-28] INFO  c.p.t.c.attractions.SysAttractionsController - 查询结果数量：24
2026-06-28 10:49:12.058 [http-nio-8080-exec-30] INFO  com.project.travel.handle.MyMetaObjectHandler - 公共字段自动填充[insert]...
2026-06-28 10:50:08.136 [http-nio-8080-exec-27] INFO  com.project.travel.handle.MyMetaObjectHandler - 公共字段自动填充[insert]...
2026-06-28 10:53:51.743 [File Watcher] INFO  o.s.b.d.a.LocalDevToolsAutoConfiguration$RestartingClassPathChangeChangedEventListener - Restarting due to 1 class path change (0 additions, 0 deletions, 1 modification)
2026-06-28 10:53:55.228 [Thread-7] INFO  org.apache.coyote.http11.Http11NioProtocol - Pausing ProtocolHandler ["http-nio-8080"]
2026-06-28 10:53:55.228 [Thread-7] INFO  org.apache.catalina.core.StandardService - Stopping service [Tomcat]
2026-06-28 10:53:55.235 [Thread-7] INFO  o.a.c.core.ContainerBase.[Tomcat].[localhost].[/] - Destroying Spring FrameworkServlet 'dispatcherServlet'
2026-06-28 10:53:55.277 [Thread-7] INFO  org.apache.coyote.http11.Http11NioProtocol - Stopping ProtocolHandler ["http-nio-8080"]
2026-06-28 10:53:55.309 [Thread-7] INFO  org.apache.coyote.http11.Http11NioProtocol - Destroying ProtocolHandler ["http-nio-8080"]
2026-06-28 10:53:55.334 [Thread-7] INFO  com.alibaba.druid.pool.DruidDataSource - {dataSource-1} closing ...
2026-06-28 10:53:55.350 [Thread-7] INFO  com.alibaba.druid.pool.DruidDataSource - {dataSource-1} closed
2026-06-28 10:53:56.319 [restartedMain] INFO  com.project.travel.TravelApplication - Starting TravelApplication using Java 1.8.0_202 on dilireba with PID 20680 (C:\maven\travel_system\travel\travel\travel-server\target\classes started by solitude in C:\maven\travel_system\travel\travel\travel-server)
2026-06-28 10:53:56.320 [restartedMain] INFO  com.project.travel.TravelApplication - The following 1 profile is active: "dev"
2026-06-28 10:53:57.085 [restartedMain] INFO  o.s.d.r.config.RepositoryConfigurationDelegate - Multiple Spring Data modules found, entering strict repository configuration mode
2026-06-28 10:53:57.085 [restartedMain] INFO  o.s.d.r.config.RepositoryConfigurationDelegate - Bootstrapping Spring Data Redis repositories in DEFAULT mode.
2026-06-28 10:53:57.139 [restartedMain] INFO  o.s.d.r.config.RepositoryConfigurationDelegate - Finished Spring Data repository scanning in 53 ms. Found 0 Redis repository interfaces.
2026-06-28 10:53:59.364 [restartedMain] INFO  o.s.boot.web.embedded.tomcat.TomcatWebServer - Tomcat initialized with port(s): 8080 (http)
2026-06-28 10:53:59.367 [restartedMain] INFO  org.apache.coyote.http11.Http11NioProtocol - Initializing ProtocolHandler ["http-nio-8080"]
2026-06-28 10:53:59.367 [restartedMain] INFO  org.apache.catalina.core.StandardService - Starting service [Tomcat]
2026-06-28 10:53:59.369 [restartedMain] INFO  org.apache.catalina.core.StandardEngine - Starting Servlet engine: [Apache Tomcat/9.0.83]
2026-06-28 10:53:59.432 [restartedMain] INFO  o.a.c.core.ContainerBase.[Tomcat].[localhost].[/] - Initializing Spring embedded WebApplicationContext
2026-06-28 10:53:59.433 [restartedMain] INFO  o.s.b.w.s.c.ServletWebServerApplicationContext - Root WebApplicationContext: initialization completed in 3103 ms
2026-06-28 10:53:59.545 [restartedMain] INFO  c.a.d.s.b.a.DruidDataSourceAutoConfigure - Init DruidDataSource
2026-06-28 10:53:59.803 [restartedMain] INFO  com.alibaba.druid.pool.DruidDataSource - {dataSource-2} inited
2026-06-28 10:54:04.489 [restartedMain] INFO  o.s.b.d.autoconfigure.OptionalLiveReloadServer - LiveReload server is running on port 35729
2026-06-28 10:54:04.529 [restartedMain] INFO  org.apache.coyote.http11.Http11NioProtocol - Starting ProtocolHandler ["http-nio-8080"]
2026-06-28 10:54:04.547 [restartedMain] INFO  o.s.boot.web.embedded.tomcat.TomcatWebServer - Tomcat started on port(s): 8080 (http) with context path ''
2026-06-28 10:54:04.553 [restartedMain] INFO  com.project.travel.TravelApplication - Started TravelApplication in 8.455 seconds (JVM running for 1357.728)
2026-06-28 10:54:04.557 [restartedMain] INFO  o.s.b.d.a.ConditionEvaluationDeltaLoggingListener - Condition evaluation unchanged
2026-06-28 10:54:28.887 [File Watcher] INFO  o.s.b.d.a.LocalDevToolsAutoConfiguration$RestartingClassPathChangeChangedEventListener - Restarting due to 1 class path change (0 additions, 0 deletions, 1 modification)
2026-06-28 10:54:32.328 [Thread-9] INFO  org.apache.coyote.http11.Http11NioProtocol - Pausing ProtocolHandler ["http-nio-8080"]
2026-06-28 10:54:32.329 [Thread-9] INFO  org.apache.catalina.core.StandardService - Stopping service [Tomcat]
2026-06-28 10:54:32.332 [Thread-9] INFO  org.apache.coyote.http11.Http11NioProtocol - Stopping ProtocolHandler ["http-nio-8080"]
2026-06-28 10:54:32.341 [Thread-9] INFO  org.apache.coyote.http11.Http11NioProtocol - Destroying ProtocolHandler ["http-nio-8080"]
2026-06-28 10:54:32.343 [Thread-9] INFO  com.alibaba.druid.pool.DruidDataSource - {dataSource-2} closing ...
2026-06-28 10:54:32.346 [Thread-9] INFO  com.alibaba.druid.pool.DruidDataSource - {dataSource-2} closed
2026-06-28 10:54:32.974 [restartedMain] INFO  com.project.travel.TravelApplication - Starting TravelApplication using Java 1.8.0_202 on dilireba with PID 20680 (C:\maven\travel_system\travel\travel\travel-server\target\classes started by solitude in C:\maven\travel_system\travel\travel\travel-server)
2026-06-28 10:54:32.975 [restartedMain] INFO  com.project.travel.TravelApplication - The following 1 profile is active: "dev"
2026-06-28 10:54:33.445 [restartedMain] INFO  o.s.d.r.config.RepositoryConfigurationDelegate - Multiple Spring Data modules found, entering strict repository configuration mode
2026-06-28 10:54:33.445 [restartedMain] INFO  o.s.d.r.config.RepositoryConfigurationDelegate - Bootstrapping Spring Data Redis repositories in DEFAULT mode.
2026-06-28 10:54:33.477 [restartedMain] INFO  o.s.d.r.config.RepositoryConfigurationDelegate - Finished Spring Data repository scanning in 32 ms. Found 0 Redis repository interfaces.
2026-06-28 10:54:33.802 [restartedMain] INFO  o.s.boot.web.embedded.tomcat.TomcatWebServer - Tomcat initialized with port(s): 8080 (http)
2026-06-28 10:54:33.803 [restartedMain] INFO  org.apache.coyote.http11.Http11NioProtocol - Initializing ProtocolHandler ["http-nio-8080"]
2026-06-28 10:54:33.804 [restartedMain] INFO  org.apache.catalina.core.StandardService - Starting service [Tomcat]
2026-06-28 10:54:33.804 [restartedMain] INFO  org.apache.catalina.core.StandardEngine - Starting Servlet engine: [Apache Tomcat/9.0.83]
2026-06-28 10:54:33.840 [restartedMain] INFO  o.a.c.core.ContainerBase.[Tomcat].[localhost].[/] - Initializing Spring embedded WebApplicationContext
2026-06-28 10:54:33.841 [restartedMain] INFO  o.s.b.w.s.c.ServletWebServerApplicationContext - Root WebApplicationContext: initialization completed in 862 ms
2026-06-28 10:54:33.898 [restartedMain] INFO  c.a.d.s.b.a.DruidDataSourceAutoConfigure - Init DruidDataSource
2026-06-28 10:54:34.208 [restartedMain] INFO  com.alibaba.druid.pool.DruidDataSource - {dataSource-3} inited
2026-06-28 10:54:38.218 [restartedMain] INFO  o.s.b.d.autoconfigure.OptionalLiveReloadServer - LiveReload server is running on port 35729
2026-06-28 10:54:38.245 [restartedMain] INFO  org.apache.coyote.http11.Http11NioProtocol - Starting ProtocolHandler ["http-nio-8080"]
2026-06-28 10:54:38.261 [restartedMain] INFO  o.s.boot.web.embedded.tomcat.TomcatWebServer - Tomcat started on port(s): 8080 (http) with context path ''
2026-06-28 10:54:38.268 [restartedMain] INFO  com.project.travel.TravelApplication - Started TravelApplication in 5.422 seconds (JVM running for 1391.443)
2026-06-28 10:54:38.269 [restartedMain] INFO  o.s.b.d.a.ConditionEvaluationDeltaLoggingListener - Condition evaluation unchanged
2026-06-28 10:54:53.764 [http-nio-8080-exec-1] INFO  o.a.c.core.ContainerBase.[Tomcat].[localhost].[/] - Initializing Spring DispatcherServlet 'dispatcherServlet'
2026-06-28 10:54:53.767 [http-nio-8080-exec-1] INFO  org.springframework.web.servlet.DispatcherServlet - Initializing Servlet 'dispatcherServlet'
2026-06-28 10:54:53.768 [http-nio-8080-exec-1] INFO  org.springframework.web.servlet.DispatcherServlet - Completed initialization in 1 ms
2026-06-28 10:57:13.070 [SpringApplicationShutdownHook] INFO  com.alibaba.druid.pool.DruidDataSource - {dataSource-3} closing ...
2026-06-28 10:57:13.074 [SpringApplicationShutdownHook] INFO  com.alibaba.druid.pool.DruidDataSource - {dataSource-3} closed
2026-06-28 10:57:20.340 [restartedMain] INFO  com.project.travel.TravelApplication - Starting TravelApplication using Java 1.8.0_202 on dilireba with PID 38900 (C:\maven\travel_system\travel\travel\travel-server\target\classes started by solitude in C:\maven\travel_system\travel\travel\travel-server)
2026-06-28 10:57:20.342 [restartedMain] INFO  com.project.travel.TravelApplication - The following 1 profile is active: "dev"
2026-06-28 10:57:20.415 [restartedMain] INFO  o.s.b.d.env.DevToolsPropertyDefaultsPostProcessor - Devtools property defaults active! Set 'spring.devtools.add-properties' to 'false' to disable
2026-06-28 10:57:20.416 [restartedMain] INFO  o.s.b.d.env.DevToolsPropertyDefaultsPostProcessor - For additional web related logging consider setting the 'logging.level.web' property to 'DEBUG'
2026-06-28 10:57:20.986 [restartedMain] INFO  o.s.d.r.config.RepositoryConfigurationDelegate - Multiple Spring Data modules found, entering strict repository configuration mode
2026-06-28 10:57:20.988 [restartedMain] INFO  o.s.d.r.config.RepositoryConfigurationDelegate - Bootstrapping Spring Data Redis repositories in DEFAULT mode.
2026-06-28 10:57:21.012 [restartedMain] INFO  o.s.d.r.config.RepositoryConfigurationDelegate - Finished Spring Data repository scanning in 14 ms. Found 0 Redis repository interfaces.
2026-06-28 10:57:21.630 [restartedMain] INFO  o.s.boot.web.embedded.tomcat.TomcatWebServer - Tomcat initialized with port(s): 8080 (http)
2026-06-28 10:57:21.637 [restartedMain] INFO  org.apache.coyote.http11.Http11NioProtocol - Initializing ProtocolHandler ["http-nio-8080"]
2026-06-28 10:57:21.639 [restartedMain] INFO  org.apache.catalina.core.StandardService - Starting service [Tomcat]
2026-06-28 10:57:21.639 [restartedMain] INFO  org.apache.catalina.core.StandardEngine - Starting Servlet engine: [Apache Tomcat/9.0.83]
2026-06-28 10:57:21.706 [restartedMain] INFO  o.a.c.core.ContainerBase.[Tomcat].[localhost].[/] - Initializing Spring embedded WebApplicationContext
2026-06-28 10:57:21.715 [restartedMain] INFO  o.s.b.w.s.c.ServletWebServerApplicationContext - Root WebApplicationContext: initialization completed in 1299 ms
2026-06-28 10:57:22.054 [restartedMain] INFO  c.a.d.s.b.a.DruidDataSourceAutoConfigure - Init DruidDataSource
2026-06-28 10:57:23.416 [restartedMain] INFO  com.alibaba.druid.pool.DruidDataSource - {dataSource-1} inited
2026-06-28 10:57:26.942 [restartedMain] INFO  o.s.b.d.autoconfigure.OptionalLiveReloadServer - LiveReload server is running on port 35729
2026-06-28 10:57:26.974 [restartedMain] INFO  org.apache.coyote.http11.Http11NioProtocol - Starting ProtocolHandler ["http-nio-8080"]
2026-06-28 10:57:27.006 [restartedMain] INFO  o.s.boot.web.embedded.tomcat.TomcatWebServer - Tomcat started on port(s): 8080 (http) with context path ''
2026-06-28 10:57:27.018 [restartedMain] INFO  com.project.travel.TravelApplication - Started TravelApplication in 7.104 seconds (JVM running for 7.473)
2026-06-28 10:58:13.597 [http-nio-8080-exec-1] INFO  o.a.c.core.ContainerBase.[Tomcat].[localhost].[/] - Initializing Spring DispatcherServlet 'dispatcherServlet'
2026-06-28 10:58:13.597 [http-nio-8080-exec-1] INFO  org.springframework.web.servlet.DispatcherServlet - Initializing Servlet 'dispatcherServlet'
2026-06-28 10:58:13.599 [http-nio-8080-exec-1] INFO  org.springframework.web.servlet.DispatcherServlet - Completed initialization in 2 ms
2026-06-28 10:59:13.965 [File Watcher] INFO  o.s.b.d.a.LocalDevToolsAutoConfiguration$RestartingClassPathChangeChangedEventListener - Restarting due to 1 class path change (0 additions, 0 deletions, 1 modification)
2026-06-28 10:59:16.967 [Thread-7] INFO  org.apache.coyote.http11.Http11NioProtocol - Pausing ProtocolHandler ["http-nio-8080"]
2026-06-28 10:59:16.969 [Thread-7] INFO  org.apache.catalina.core.StandardService - Stopping service [Tomcat]
2026-06-28 10:59:16.970 [Thread-7] INFO  o.a.c.core.ContainerBase.[Tomcat].[localhost].[/] - Destroying Spring FrameworkServlet 'dispatcherServlet'
2026-06-28 10:59:16.983 [Thread-7] INFO  org.apache.coyote.http11.Http11NioProtocol - Stopping ProtocolHandler ["http-nio-8080"]
2026-06-28 10:59:16.999 [Thread-7] INFO  org.apache.coyote.http11.Http11NioProtocol - Destroying ProtocolHandler ["http-nio-8080"]
2026-06-28 10:59:17.013 [Thread-7] INFO  com.alibaba.druid.pool.DruidDataSource - {dataSource-1} closing ...
2026-06-28 10:59:17.022 [Thread-7] INFO  com.alibaba.druid.pool.DruidDataSource - {dataSource-1} closed
2026-06-28 10:59:17.711 [restartedMain] INFO  com.project.travel.TravelApplication - Starting TravelApplication using Java 1.8.0_202 on dilireba with PID 38900 (C:\maven\travel_system\travel\travel\travel-server\target\classes started by solitude in C:\maven\travel_system\travel\travel\travel-server)
2026-06-28 10:59:17.712 [restartedMain] INFO  com.project.travel.TravelApplication - The following 1 profile is active: "dev"
2026-06-28 10:59:18.376 [restartedMain] INFO  o.s.d.r.config.RepositoryConfigurationDelegate - Multiple Spring Data modules found, entering strict repository configuration mode
2026-06-28 10:59:18.377 [restartedMain] INFO  o.s.d.r.config.RepositoryConfigurationDelegate - Bootstrapping Spring Data Redis repositories in DEFAULT mode.
2026-06-28 10:59:18.422 [restartedMain] INFO  o.s.d.r.config.RepositoryConfigurationDelegate - Finished Spring Data repository scanning in 45 ms. Found 0 Redis repository interfaces.
2026-06-28 10:59:19.319 [restartedMain] INFO  o.s.boot.web.embedded.tomcat.TomcatWebServer - Tomcat initialized with port(s): 8080 (http)
2026-06-28 10:59:19.320 [restartedMain] INFO  org.apache.coyote.http11.Http11NioProtocol - Initializing ProtocolHandler ["http-nio-8080"]
2026-06-28 10:59:19.320 [restartedMain] INFO  org.apache.catalina.core.StandardService - Starting service [Tomcat]
2026-06-28 10:59:19.320 [restartedMain] INFO  org.apache.catalina.core.StandardEngine - Starting Servlet engine: [Apache Tomcat/9.0.83]
2026-06-28 10:59:19.361 [restartedMain] INFO  o.a.c.core.ContainerBase.[Tomcat].[localhost].[/] - Initializing Spring embedded WebApplicationContext
2026-06-28 10:59:19.361 [restartedMain] INFO  o.s.b.w.s.c.ServletWebServerApplicationContext - Root WebApplicationContext: initialization completed in 1637 ms
2026-06-28 10:59:19.476 [restartedMain] INFO  c.a.d.s.b.a.DruidDataSourceAutoConfigure - Init DruidDataSource
2026-06-28 10:59:19.660 [restartedMain] INFO  com.alibaba.druid.pool.DruidDataSource - {dataSource-2} inited
2026-06-28 10:59:23.677 [restartedMain] INFO  o.s.b.d.autoconfigure.OptionalLiveReloadServer - LiveReload server is running on port 35729
2026-06-28 10:59:23.706 [restartedMain] INFO  org.apache.coyote.http11.Http11NioProtocol - Starting ProtocolHandler ["http-nio-8080"]
2026-06-28 10:59:23.716 [restartedMain] INFO  o.s.boot.web.embedded.tomcat.TomcatWebServer - Tomcat started on port(s): 8080 (http) with context path ''
2026-06-28 10:59:23.724 [restartedMain] INFO  com.project.travel.TravelApplication - Started TravelApplication in 6.261 seconds (JVM running for 124.179)
2026-06-28 10:59:23.726 [restartedMain] INFO  o.s.b.d.a.ConditionEvaluationDeltaLoggingListener - Condition evaluation unchanged
2026-06-28 10:59:40.301 [SpringApplicationShutdownHook] INFO  com.alibaba.druid.pool.DruidDataSource - {dataSource-2} closing ...
2026-06-28 10:59:40.311 [SpringApplicationShutdownHook] INFO  com.alibaba.druid.pool.DruidDataSource - {dataSource-2} closed
2026-06-28 10:59:53.091 [restartedMain] INFO  com.project.travel.TravelApplication - Starting TravelApplication using Java 1.8.0_202 on dilireba with PID 37520 (C:\maven\travel_system\travel\travel\travel-server\target\classes started by solitude in C:\maven\travel_system\travel\travel\travel-server)
2026-06-28 10:59:53.092 [restartedMain] INFO  com.project.travel.TravelApplication - The following 1 profile is active: "dev"
2026-06-28 10:59:53.164 [restartedMain] INFO  o.s.b.d.env.DevToolsPropertyDefaultsPostProcessor - Devtools property defaults active! Set 'spring.devtools.add-properties' to 'false' to disable
2026-06-28 10:59:53.165 [restartedMain] INFO  o.s.b.d.env.DevToolsPropertyDefaultsPostProcessor - For additional web related logging consider setting the 'logging.level.web' property to 'DEBUG'
2026-06-28 10:59:53.673 [restartedMain] INFO  o.s.d.r.config.RepositoryConfigurationDelegate - Multiple Spring Data modules found, entering strict repository configuration mode
2026-06-28 10:59:53.675 [restartedMain] INFO  o.s.d.r.config.RepositoryConfigurationDelegate - Bootstrapping Spring Data Redis repositories in DEFAULT mode.
2026-06-28 10:59:53.698 [restartedMain] INFO  o.s.d.r.config.RepositoryConfigurationDelegate - Finished Spring Data repository scanning in 14 ms. Found 0 Redis repository interfaces.
2026-06-28 10:59:54.306 [restartedMain] INFO  o.s.boot.web.embedded.tomcat.TomcatWebServer - Tomcat initialized with port(s): 8080 (http)
2026-06-28 10:59:54.312 [restartedMain] INFO  org.apache.coyote.http11.Http11NioProtocol - Initializing ProtocolHandler ["http-nio-8080"]
2026-06-28 10:59:54.314 [restartedMain] INFO  org.apache.catalina.core.StandardService - Starting service [Tomcat]
2026-06-28 10:59:54.314 [restartedMain] INFO  org.apache.catalina.core.StandardEngine - Starting Servlet engine: [Apache Tomcat/9.0.83]
2026-06-28 10:59:54.379 [restartedMain] INFO  o.a.c.core.ContainerBase.[Tomcat].[localhost].[/] - Initializing Spring embedded WebApplicationContext
2026-06-28 10:59:54.379 [restartedMain] INFO  o.s.b.w.s.c.ServletWebServerApplicationContext - Root WebApplicationContext: initialization completed in 1214 ms
2026-06-28 10:59:54.737 [restartedMain] INFO  c.a.d.s.b.a.DruidDataSourceAutoConfigure - Init DruidDataSource
2026-06-28 10:59:56.565 [restartedMain] INFO  com.alibaba.druid.pool.DruidDataSource - {dataSource-1} inited
2026-06-28 10:59:59.439 [restartedMain] INFO  o.s.b.d.autoconfigure.OptionalLiveReloadServer - LiveReload server is running on port 35729
2026-06-28 10:59:59.470 [restartedMain] INFO  org.apache.coyote.http11.Http11NioProtocol - Starting ProtocolHandler ["http-nio-8080"]
2026-06-28 10:59:59.502 [restartedMain] INFO  o.s.boot.web.embedded.tomcat.TomcatWebServer - Tomcat started on port(s): 8080 (http) with context path ''
2026-06-28 10:59:59.513 [restartedMain] INFO  com.project.travel.TravelApplication - Started TravelApplication in 6.833 seconds (JVM running for 7.189)
2026-06-28 11:00:14.729 [http-nio-8080-exec-1] INFO  o.a.c.core.ContainerBase.[Tomcat].[localhost].[/] - Initializing Spring DispatcherServlet 'dispatcherServlet'
2026-06-28 11:00:14.729 [http-nio-8080-exec-1] INFO  org.springframework.web.servlet.DispatcherServlet - Initializing Servlet 'dispatcherServlet'
2026-06-28 11:00:14.731 [http-nio-8080-exec-1] INFO  org.springframework.web.servlet.DispatcherServlet - Completed initialization in 1 ms
2026-06-28 11:01:32.959 [File Watcher] INFO  o.s.b.d.a.LocalDevToolsAutoConfiguration$RestartingClassPathChangeChangedEventListener - Restarting due to 1 class path change (0 additions, 0 deletions, 1 modification)
2026-06-28 11:01:36.107 [Thread-7] INFO  org.apache.coyote.http11.Http11NioProtocol - Pausing ProtocolHandler ["http-nio-8080"]
2026-06-28 11:01:36.107 [Thread-7] INFO  org.apache.catalina.core.StandardService - Stopping service [Tomcat]
2026-06-28 11:01:36.110 [Thread-7] INFO  o.a.c.core.ContainerBase.[Tomcat].[localhost].[/] - Destroying Spring FrameworkServlet 'dispatcherServlet'
2026-06-28 11:01:36.125 [Thread-7] INFO  org.apache.coyote.http11.Http11NioProtocol - Stopping ProtocolHandler ["http-nio-8080"]
2026-06-28 11:01:36.147 [Thread-7] INFO  org.apache.coyote.http11.Http11NioProtocol - Destroying ProtocolHandler ["http-nio-8080"]
2026-06-28 11:01:36.162 [Thread-7] INFO  com.alibaba.druid.pool.DruidDataSource - {dataSource-1} closing ...
2026-06-28 11:01:36.174 [Thread-7] INFO  com.alibaba.druid.pool.DruidDataSource - {dataSource-1} closed
2026-06-28 11:01:36.866 [restartedMain] INFO  com.project.travel.TravelApplication - Starting TravelApplication using Java 1.8.0_202 on dilireba with PID 37520 (C:\maven\travel_system\travel\travel\travel-server\target\classes started by solitude in C:\maven\travel_system\travel\travel\travel-server)
2026-06-28 11:01:36.869 [restartedMain] INFO  com.project.travel.TravelApplication - The following 1 profile is active: "dev"
2026-06-28 11:01:37.519 [restartedMain] INFO  o.s.d.r.config.RepositoryConfigurationDelegate - Multiple Spring Data modules found, entering strict repository configuration mode
2026-06-28 11:01:37.526 [restartedMain] INFO  o.s.d.r.config.RepositoryConfigurationDelegate - Bootstrapping Spring Data Redis repositories in DEFAULT mode.
2026-06-28 11:01:37.586 [restartedMain] INFO  o.s.d.r.config.RepositoryConfigurationDelegate - Finished Spring Data repository scanning in 59 ms. Found 0 Redis repository interfaces.
2026-06-28 11:01:38.449 [restartedMain] INFO  o.s.boot.web.embedded.tomcat.TomcatWebServer - Tomcat initialized with port(s): 8080 (http)
2026-06-28 11:01:38.450 [restartedMain] INFO  org.apache.coyote.http11.Http11NioProtocol - Initializing ProtocolHandler ["http-nio-8080"]
2026-06-28 11:01:38.450 [restartedMain] INFO  org.apache.catalina.core.StandardService - Starting service [Tomcat]
2026-06-28 11:01:38.451 [restartedMain] INFO  org.apache.catalina.core.StandardEngine - Starting Servlet engine: [Apache Tomcat/9.0.83]
2026-06-28 11:01:38.489 [restartedMain] INFO  o.a.c.core.ContainerBase.[Tomcat].[localhost].[/] - Initializing Spring embedded WebApplicationContext
2026-06-28 11:01:38.489 [restartedMain] INFO  o.s.b.w.s.c.ServletWebServerApplicationContext - Root WebApplicationContext: initialization completed in 1608 ms
2026-06-28 11:01:38.603 [restartedMain] INFO  c.a.d.s.b.a.DruidDataSourceAutoConfigure - Init DruidDataSource
2026-06-28 11:01:38.799 [restartedMain] INFO  com.alibaba.druid.pool.DruidDataSource - {dataSource-2} inited
2026-06-28 11:01:43.609 [restartedMain] INFO  o.s.b.d.autoconfigure.OptionalLiveReloadServer - LiveReload server is running on port 35729
2026-06-28 11:01:43.649 [restartedMain] INFO  org.apache.coyote.http11.Http11NioProtocol - Starting ProtocolHandler ["http-nio-8080"]
2026-06-28 11:01:43.669 [restartedMain] INFO  o.s.boot.web.embedded.tomcat.TomcatWebServer - Tomcat started on port(s): 8080 (http) with context path ''
2026-06-28 11:01:43.689 [restartedMain] INFO  com.project.travel.TravelApplication - Started TravelApplication in 7.017 seconds (JVM running for 111.366)
2026-06-28 11:01:43.693 [restartedMain] INFO  o.s.b.d.a.ConditionEvaluationDeltaLoggingListener - Condition evaluation unchanged
2026-06-28 11:02:00.382 [File Watcher] INFO  o.s.b.d.a.LocalDevToolsAutoConfiguration$RestartingClassPathChangeChangedEventListener - Restarting due to 1 class path change (0 additions, 0 deletions, 1 modification)
2026-06-28 11:02:03.292 [Thread-9] INFO  org.apache.coyote.http11.Http11NioProtocol - Pausing ProtocolHandler ["http-nio-8080"]
2026-06-28 11:02:03.292 [Thread-9] INFO  org.apache.catalina.core.StandardService - Stopping service [Tomcat]
2026-06-28 11:02:03.304 [Thread-9] INFO  org.apache.coyote.http11.Http11NioProtocol - Stopping ProtocolHandler ["http-nio-8080"]
2026-06-28 11:02:03.321 [Thread-9] INFO  org.apache.coyote.http11.Http11NioProtocol - Destroying ProtocolHandler ["http-nio-8080"]
2026-06-28 11:02:03.325 [Thread-9] INFO  com.alibaba.druid.pool.DruidDataSource - {dataSource-2} closing ...
2026-06-28 11:02:03.342 [Thread-9] INFO  com.alibaba.druid.pool.DruidDataSource - {dataSource-2} closed
2026-06-28 11:02:03.957 [restartedMain] INFO  com.project.travel.TravelApplication - Starting TravelApplication using Java 1.8.0_202 on dilireba with PID 37520 (C:\maven\travel_system\travel\travel\travel-server\target\classes started by solitude in C:\maven\travel_system\travel\travel\travel-server)
2026-06-28 11:02:03.958 [restartedMain] INFO  com.project.travel.TravelApplication - The following 1 profile is active: "dev"
2026-06-28 11:02:04.418 [restartedMain] INFO  o.s.d.r.config.RepositoryConfigurationDelegate - Multiple Spring Data modules found, entering strict repository configuration mode
2026-06-28 11:02:04.418 [restartedMain] INFO  o.s.d.r.config.RepositoryConfigurationDelegate - Bootstrapping Spring Data Redis repositories in DEFAULT mode.
2026-06-28 11:02:04.459 [restartedMain] INFO  o.s.d.r.config.RepositoryConfigurationDelegate - Finished Spring Data repository scanning in 39 ms. Found 0 Redis repository interfaces.
2026-06-28 11:02:04.663 [restartedMain] INFO  o.s.boot.web.embedded.tomcat.TomcatWebServer - Tomcat initialized with port(s): 8080 (http)
2026-06-28 11:02:04.664 [restartedMain] INFO  org.apache.coyote.http11.Http11NioProtocol - Initializing ProtocolHandler ["http-nio-8080"]
2026-06-28 11:02:04.665 [restartedMain] INFO  org.apache.catalina.core.StandardService - Starting service [Tomcat]
2026-06-28 11:02:04.665 [restartedMain] INFO  org.apache.catalina.core.StandardEngine - Starting Servlet engine: [Apache Tomcat/9.0.83]
2026-06-28 11:02:04.703 [restartedMain] INFO  o.a.c.core.ContainerBase.[Tomcat].[localhost].[/] - Initializing Spring embedded WebApplicationContext
2026-06-28 11:02:04.703 [restartedMain] INFO  o.s.b.w.s.c.ServletWebServerApplicationContext - Root WebApplicationContext: initialization completed in 740 ms
2026-06-28 11:02:04.766 [restartedMain] INFO  c.a.d.s.b.a.DruidDataSourceAutoConfigure - Init DruidDataSource
2026-06-28 11:02:05.008 [restartedMain] INFO  com.alibaba.druid.pool.DruidDataSource - {dataSource-3} inited
2026-06-28 11:02:09.050 [restartedMain] INFO  o.s.b.d.autoconfigure.OptionalLiveReloadServer - LiveReload server is running on port 35729
2026-06-28 11:02:09.085 [restartedMain] INFO  org.apache.coyote.http11.Http11NioProtocol - Starting ProtocolHandler ["http-nio-8080"]
2026-06-28 11:02:09.098 [restartedMain] INFO  o.s.boot.web.embedded.tomcat.TomcatWebServer - Tomcat started on port(s): 8080 (http) with context path ''
2026-06-28 11:02:09.109 [restartedMain] INFO  com.project.travel.TravelApplication - Started TravelApplication in 5.253 seconds (JVM running for 136.786)
2026-06-28 11:02:09.110 [restartedMain] INFO  o.s.b.d.a.ConditionEvaluationDeltaLoggingListener - Condition evaluation unchanged
2026-06-28 11:02:10.047 [http-nio-8080-exec-2] INFO  o.a.c.core.ContainerBase.[Tomcat].[localhost].[/] - Initializing Spring DispatcherServlet 'dispatcherServlet'
2026-06-28 11:02:10.049 [http-nio-8080-exec-2] INFO  org.springframework.web.servlet.DispatcherServlet - Initializing Servlet 'dispatcherServlet'
2026-06-28 11:02:10.051 [http-nio-8080-exec-2] INFO  org.springframework.web.servlet.DispatcherServlet - Completed initialization in 2 ms
2026-06-28 11:04:14.192 [http-nio-8080-exec-7] INFO  com.project.travel.handle.MyMetaObjectHandler - 公共字段自动填充[insert]...
2026-06-28 11:08:18.555 [File Watcher] INFO  o.s.b.d.a.LocalDevToolsAutoConfiguration$RestartingClassPathChangeChangedEventListener - Restarting due to 1 class path change (0 additions, 0 deletions, 1 modification)
2026-06-28 11:08:21.411 [Thread-13] INFO  org.apache.coyote.http11.Http11NioProtocol - Pausing ProtocolHandler ["http-nio-8080"]
2026-06-28 11:08:21.412 [Thread-13] INFO  org.apache.catalina.core.StandardService - Stopping service [Tomcat]
2026-06-28 11:08:21.416 [Thread-13] INFO  o.a.c.core.ContainerBase.[Tomcat].[localhost].[/] - Destroying Spring FrameworkServlet 'dispatcherServlet'
2026-06-28 11:08:21.434 [Thread-13] INFO  org.apache.coyote.http11.Http11NioProtocol - Stopping ProtocolHandler ["http-nio-8080"]
2026-06-28 11:08:21.451 [Thread-13] INFO  org.apache.coyote.http11.Http11NioProtocol - Destroying ProtocolHandler ["http-nio-8080"]
2026-06-28 11:08:21.457 [Thread-13] INFO  com.alibaba.druid.pool.DruidDataSource - {dataSource-3} closing ...
2026-06-28 11:08:21.463 [Thread-13] INFO  com.alibaba.druid.pool.DruidDataSource - {dataSource-3} closed
2026-06-28 11:08:22.480 [restartedMain] INFO  com.project.travel.TravelApplication - Starting TravelApplication using Java 1.8.0_202 on dilireba with PID 37520 (C:\maven\travel_system\travel\travel\travel-server\target\classes started by solitude in C:\maven\travel_system\travel\travel\travel-server)
2026-06-28 11:08:22.481 [restartedMain] INFO  com.project.travel.TravelApplication - The following 1 profile is active: "dev"
2026-06-28 11:08:23.017 [restartedMain] INFO  o.s.d.r.config.RepositoryConfigurationDelegate - Multiple Spring Data modules found, entering strict repository configuration mode
2026-06-28 11:08:23.018 [restartedMain] INFO  o.s.d.r.config.RepositoryConfigurationDelegate - Bootstrapping Spring Data Redis repositories in DEFAULT mode.
2026-06-28 11:08:23.084 [restartedMain] INFO  o.s.d.r.config.RepositoryConfigurationDelegate - Finished Spring Data repository scanning in 65 ms. Found 0 Redis repository interfaces.
2026-06-28 11:08:23.507 [restartedMain] INFO  o.s.boot.web.embedded.tomcat.TomcatWebServer - Tomcat initialized with port(s): 8080 (http)
2026-06-28 11:08:23.509 [restartedMain] INFO  org.apache.coyote.http11.Http11NioProtocol - Initializing ProtocolHandler ["http-nio-8080"]
2026-06-28 11:08:23.510 [restartedMain] INFO  org.apache.catalina.core.StandardService - Starting service [Tomcat]
2026-06-28 11:08:23.510 [restartedMain] INFO  org.apache.catalina.core.StandardEngine - Starting Servlet engine: [Apache Tomcat/9.0.83]
2026-06-28 11:08:23.557 [restartedMain] INFO  o.a.c.core.ContainerBase.[Tomcat].[localhost].[/] - Initializing Spring embedded WebApplicationContext
2026-06-28 11:08:23.559 [restartedMain] INFO  o.s.b.w.s.c.ServletWebServerApplicationContext - Root WebApplicationContext: initialization completed in 1073 ms
2026-06-28 11:08:23.618 [restartedMain] INFO  c.a.d.s.b.a.DruidDataSourceAutoConfigure - Init DruidDataSource
2026-06-28 11:08:23.828 [restartedMain] INFO  com.alibaba.druid.pool.DruidDataSource - {dataSource-4} inited
2026-06-28 11:08:27.822 [restartedMain] INFO  o.s.b.d.autoconfigure.OptionalLiveReloadServer - LiveReload server is running on port 35729
2026-06-28 11:08:27.874 [restartedMain] INFO  org.apache.coyote.http11.Http11NioProtocol - Starting ProtocolHandler ["http-nio-8080"]
2026-06-28 11:08:27.891 [restartedMain] INFO  o.s.boot.web.embedded.tomcat.TomcatWebServer - Tomcat started on port(s): 8080 (http) with context path ''
2026-06-28 11:08:27.902 [restartedMain] INFO  com.project.travel.TravelApplication - Started TravelApplication in 5.543 seconds (JVM running for 515.579)
2026-06-28 11:08:27.905 [restartedMain] INFO  o.s.b.d.a.ConditionEvaluationDeltaLoggingListener - Condition evaluation unchanged
2026-06-28 11:08:34.850 [File Watcher] INFO  o.s.b.d.a.LocalDevToolsAutoConfiguration$RestartingClassPathChangeChangedEventListener - Restarting due to 1 class path change (0 additions, 0 deletions, 1 modification)
2026-06-28 11:08:37.647 [Thread-17] INFO  org.apache.coyote.http11.Http11NioProtocol - Pausing ProtocolHandler ["http-nio-8080"]
2026-06-28 11:08:37.648 [Thread-17] INFO  org.apache.catalina.core.StandardService - Stopping service [Tomcat]
2026-06-28 11:08:37.662 [Thread-17] INFO  org.apache.coyote.http11.Http11NioProtocol - Stopping ProtocolHandler ["http-nio-8080"]
2026-06-28 11:08:37.670 [Thread-17] INFO  org.apache.coyote.http11.Http11NioProtocol - Destroying ProtocolHandler ["http-nio-8080"]
2026-06-28 11:08:37.673 [Thread-17] INFO  com.alibaba.druid.pool.DruidDataSource - {dataSource-4} closing ...
2026-06-28 11:08:37.680 [Thread-17] INFO  com.alibaba.druid.pool.DruidDataSource - {dataSource-4} closed
2026-06-28 11:08:38.331 [restartedMain] INFO  com.project.travel.TravelApplication - Starting TravelApplication using Java 1.8.0_202 on dilireba with PID 37520 (C:\maven\travel_system\travel\travel\travel-server\target\classes started by solitude in C:\maven\travel_system\travel\travel\travel-server)
2026-06-28 11:08:38.331 [restartedMain] INFO  com.project.travel.TravelApplication - The following 1 profile is active: "dev"
2026-06-28 11:08:38.745 [restartedMain] INFO  o.s.d.r.config.RepositoryConfigurationDelegate - Multiple Spring Data modules found, entering strict repository configuration mode
2026-06-28 11:08:38.745 [restartedMain] INFO  o.s.d.r.config.RepositoryConfigurationDelegate - Bootstrapping Spring Data Redis repositories in DEFAULT mode.
2026-06-28 11:08:38.779 [restartedMain] INFO  o.s.d.r.config.RepositoryConfigurationDelegate - Finished Spring Data repository scanning in 33 ms. Found 0 Redis repository interfaces.
2026-06-28 11:08:38.976 [restartedMain] INFO  o.s.boot.web.embedded.tomcat.TomcatWebServer - Tomcat initialized with port(s): 8080 (http)
2026-06-28 11:08:38.976 [restartedMain] INFO  org.apache.coyote.http11.Http11NioProtocol - Initializing ProtocolHandler ["http-nio-8080"]
2026-06-28 11:08:38.977 [restartedMain] INFO  org.apache.catalina.core.StandardService - Starting service [Tomcat]
2026-06-28 11:08:38.977 [restartedMain] INFO  org.apache.catalina.core.StandardEngine - Starting Servlet engine: [Apache Tomcat/9.0.83]
2026-06-28 11:08:39.008 [restartedMain] INFO  o.a.c.core.ContainerBase.[Tomcat].[localhost].[/] - Initializing Spring embedded WebApplicationContext
2026-06-28 11:08:39.008 [restartedMain] INFO  o.s.b.w.s.c.ServletWebServerApplicationContext - Root WebApplicationContext: initialization completed in 672 ms
2026-06-28 11:08:39.063 [restartedMain] INFO  c.a.d.s.b.a.DruidDataSourceAutoConfigure - Init DruidDataSource
2026-06-28 11:08:39.238 [restartedMain] INFO  com.alibaba.druid.pool.DruidDataSource - {dataSource-5} inited
2026-06-28 11:08:43.573 [restartedMain] INFO  o.s.b.d.autoconfigure.OptionalLiveReloadServer - LiveReload server is running on port 35729
2026-06-28 11:08:43.603 [restartedMain] INFO  org.apache.coyote.http11.Http11NioProtocol - Starting ProtocolHandler ["http-nio-8080"]
2026-06-28 11:08:43.618 [restartedMain] INFO  o.s.boot.web.embedded.tomcat.TomcatWebServer - Tomcat started on port(s): 8080 (http) with context path ''
2026-06-28 11:08:43.625 [restartedMain] INFO  com.project.travel.TravelApplication - Started TravelApplication in 5.447 seconds (JVM running for 531.302)
2026-06-28 11:08:43.627 [restartedMain] INFO  o.s.b.d.a.ConditionEvaluationDeltaLoggingListener - Condition evaluation unchanged
2026-06-28 11:08:50.522 [File Watcher] INFO  o.s.b.d.a.LocalDevToolsAutoConfiguration$RestartingClassPathChangeChangedEventListener - Restarting due to 1 class path change (0 additions, 0 deletions, 1 modification)
2026-06-28 11:08:53.346 [Thread-21] INFO  org.apache.coyote.http11.Http11NioProtocol - Pausing ProtocolHandler ["http-nio-8080"]
2026-06-28 11:08:53.347 [Thread-21] INFO  org.apache.catalina.core.StandardService - Stopping service [Tomcat]
2026-06-28 11:08:53.364 [Thread-21] INFO  org.apache.coyote.http11.Http11NioProtocol - Stopping ProtocolHandler ["http-nio-8080"]
2026-06-28 11:08:53.368 [Thread-21] INFO  org.apache.coyote.http11.Http11NioProtocol - Destroying ProtocolHandler ["http-nio-8080"]
2026-06-28 11:08:53.375 [Thread-21] INFO  com.alibaba.druid.pool.DruidDataSource - {dataSource-5} closing ...
2026-06-28 11:08:53.381 [Thread-21] INFO  com.alibaba.druid.pool.DruidDataSource - {dataSource-5} closed
2026-06-28 11:08:53.860 [restartedMain] INFO  com.project.travel.TravelApplication - Starting TravelApplication using Java 1.8.0_202 on dilireba with PID 37520 (C:\maven\travel_system\travel\travel\travel-server\target\classes started by solitude in C:\maven\travel_system\travel\travel\travel-server)
2026-06-28 11:08:53.861 [restartedMain] INFO  com.project.travel.TravelApplication - The following 1 profile is active: "dev"
2026-06-28 11:08:54.245 [restartedMain] INFO  o.s.d.r.config.RepositoryConfigurationDelegate - Multiple Spring Data modules found, entering strict repository configuration mode
2026-06-28 11:08:54.246 [restartedMain] INFO  o.s.d.r.config.RepositoryConfigurationDelegate - Bootstrapping Spring Data Redis repositories in DEFAULT mode.
2026-06-28 11:08:54.282 [restartedMain] INFO  o.s.d.r.config.RepositoryConfigurationDelegate - Finished Spring Data repository scanning in 36 ms. Found 0 Redis repository interfaces.
2026-06-28 11:08:54.537 [restartedMain] INFO  o.s.boot.web.embedded.tomcat.TomcatWebServer - Tomcat initialized with port(s): 8080 (http)
2026-06-28 11:08:54.537 [restartedMain] INFO  org.apache.coyote.http11.Http11NioProtocol - Initializing ProtocolHandler ["http-nio-8080"]
2026-06-28 11:08:54.537 [restartedMain] INFO  org.apache.catalina.core.StandardService - Starting service [Tomcat]
2026-06-28 11:08:54.537 [restartedMain] INFO  org.apache.catalina.core.StandardEngine - Starting Servlet engine: [Apache Tomcat/9.0.83]
2026-06-28 11:08:54.571 [restartedMain] INFO  o.a.c.core.ContainerBase.[Tomcat].[localhost].[/] - Initializing Spring embedded WebApplicationContext
2026-06-28 11:08:54.571 [restartedMain] INFO  o.s.b.w.s.c.ServletWebServerApplicationContext - Root WebApplicationContext: initialization completed in 705 ms
2026-06-28 11:08:54.628 [restartedMain] INFO  c.a.d.s.b.a.DruidDataSourceAutoConfigure - Init DruidDataSource
2026-06-28 11:08:54.834 [restartedMain] INFO  com.alibaba.druid.pool.DruidDataSource - {dataSource-6} inited
2026-06-28 11:08:59.192 [restartedMain] INFO  o.s.b.d.autoconfigure.OptionalLiveReloadServer - LiveReload server is running on port 35729
2026-06-28 11:08:59.241 [restartedMain] INFO  org.apache.coyote.http11.Http11NioProtocol - Starting ProtocolHandler ["http-nio-8080"]
2026-06-28 11:08:59.258 [restartedMain] INFO  o.s.boot.web.embedded.tomcat.TomcatWebServer - Tomcat started on port(s): 8080 (http) with context path ''
2026-06-28 11:08:59.262 [restartedMain] INFO  com.project.travel.TravelApplication - Started TravelApplication in 5.494 seconds (JVM running for 546.939)
2026-06-28 11:08:59.263 [restartedMain] INFO  o.s.b.d.a.ConditionEvaluationDeltaLoggingListener - Condition evaluation unchanged
2026-06-28 11:10:22.254 [http-nio-8080-exec-1] INFO  o.a.c.core.ContainerBase.[Tomcat].[localhost].[/] - Initializing Spring DispatcherServlet 'dispatcherServlet'
2026-06-28 11:10:22.257 [http-nio-8080-exec-1] INFO  org.springframework.web.servlet.DispatcherServlet - Initializing Servlet 'dispatcherServlet'
2026-06-28 11:10:22.260 [http-nio-8080-exec-1] INFO  org.springframework.web.servlet.DispatcherServlet - Completed initialization in 2 ms
2026-06-28 11:10:27.914 [http-nio-8080-exec-6] INFO  com.project.travel.handle.MyMetaObjectHandler - 公共字段自动填充[insert]...
2026-06-28 11:15:47.236 [File Watcher] INFO  o.s.b.d.a.LocalDevToolsAutoConfiguration$RestartingClassPathChangeChangedEventListener - Restarting due to 1 class path change (0 additions, 0 deletions, 1 modification)
2026-06-28 11:15:50.003 [Thread-25] INFO  org.apache.coyote.http11.Http11NioProtocol - Pausing ProtocolHandler ["http-nio-8080"]
2026-06-28 11:15:50.004 [Thread-25] INFO  org.apache.catalina.core.StandardService - Stopping service [Tomcat]
2026-06-28 11:15:50.010 [Thread-25] INFO  o.a.c.core.ContainerBase.[Tomcat].[localhost].[/] - Destroying Spring FrameworkServlet 'dispatcherServlet'
2026-06-28 11:15:50.041 [Thread-25] INFO  org.apache.coyote.http11.Http11NioProtocol - Stopping ProtocolHandler ["http-nio-8080"]
2026-06-28 11:15:50.053 [Thread-25] INFO  org.apache.coyote.http11.Http11NioProtocol - Destroying ProtocolHandler ["http-nio-8080"]
2026-06-28 11:15:50.060 [Thread-25] INFO  com.alibaba.druid.pool.DruidDataSource - {dataSource-6} closing ...
2026-06-28 11:15:50.069 [Thread-25] INFO  com.alibaba.druid.pool.DruidDataSource - {dataSource-6} closed
2026-06-28 11:15:51.198 [restartedMain] INFO  com.project.travel.TravelApplication - Starting TravelApplication using Java 1.8.0_202 on dilireba with PID 37520 (C:\maven\travel_system\travel\travel\travel-server\target\classes started by solitude in C:\maven\travel_system\travel\travel\travel-server)
2026-06-28 11:15:51.198 [restartedMain] INFO  com.project.travel.TravelApplication - The following 1 profile is active: "dev"
2026-06-28 11:15:51.617 [restartedMain] INFO  o.s.d.r.config.RepositoryConfigurationDelegate - Multiple Spring Data modules found, entering strict repository configuration mode
2026-06-28 11:15:51.617 [restartedMain] INFO  o.s.d.r.config.RepositoryConfigurationDelegate - Bootstrapping Spring Data Redis repositories in DEFAULT mode.
2026-06-28 11:15:51.629 [restartedMain] INFO  o.s.d.r.config.RepositoryConfigurationDelegate - Finished Spring Data repository scanning in 12 ms. Found 0 Redis repository interfaces.
2026-06-28 11:15:51.776 [restartedMain] INFO  o.s.boot.web.embedded.tomcat.TomcatWebServer - Tomcat initialized with port(s): 8080 (http)
2026-06-28 11:15:51.776 [restartedMain] INFO  org.apache.coyote.http11.Http11NioProtocol - Initializing ProtocolHandler ["http-nio-8080"]
2026-06-28 11:15:51.776 [restartedMain] INFO  org.apache.catalina.core.StandardService - Starting service [Tomcat]
2026-06-28 11:15:51.776 [restartedMain] INFO  org.apache.catalina.core.StandardEngine - Starting Servlet engine: [Apache Tomcat/9.0.83]
2026-06-28 11:15:51.797 [restartedMain] INFO  o.a.c.core.ContainerBase.[Tomcat].[localhost].[/] - Initializing Spring embedded WebApplicationContext
2026-06-28 11:15:51.797 [restartedMain] INFO  o.s.b.w.s.c.ServletWebServerApplicationContext - Root WebApplicationContext: initialization completed in 595 ms
2026-06-28 11:15:51.835 [restartedMain] INFO  c.a.d.s.b.a.DruidDataSourceAutoConfigure - Init DruidDataSource
2026-06-28 11:15:51.996 [restartedMain] INFO  com.alibaba.druid.pool.DruidDataSource - {dataSource-7} inited
2026-06-28 11:15:53.454 [restartedMain] INFO  o.s.b.d.autoconfigure.OptionalLiveReloadServer - LiveReload server is running on port 35729
2026-06-28 11:15:53.464 [restartedMain] INFO  org.apache.coyote.http11.Http11NioProtocol - Starting ProtocolHandler ["http-nio-8080"]
2026-06-28 11:15:53.468 [restartedMain] INFO  o.s.boot.web.embedded.tomcat.TomcatWebServer - Tomcat started on port(s): 8080 (http) with context path ''
2026-06-28 11:15:53.470 [restartedMain] INFO  com.project.travel.TravelApplication - Started TravelApplication in 2.348 seconds (JVM running for 961.147)
2026-06-28 11:15:53.471 [restartedMain] INFO  o.s.b.d.a.ConditionEvaluationDeltaLoggingListener - Condition evaluation unchanged
2026-06-28 11:15:55.380 [SpringApplicationShutdownHook] INFO  com.alibaba.druid.pool.DruidDataSource - {dataSource-7} closing ...
2026-06-28 11:15:55.383 [SpringApplicationShutdownHook] INFO  com.alibaba.druid.pool.DruidDataSource - {dataSource-7} closed
2026-06-28 11:16:02.607 [restartedMain] INFO  com.project.travel.TravelApplication - Starting TravelApplication using Java 1.8.0_202 on dilireba with PID 40380 (C:\maven\travel_system\travel\travel\travel-server\target\classes started by solitude in C:\maven\travel_system\travel\travel\travel-server)
2026-06-28 11:16:02.608 [restartedMain] INFO  com.project.travel.TravelApplication - The following 1 profile is active: "dev"
2026-06-28 11:16:02.682 [restartedMain] INFO  o.s.b.d.env.DevToolsPropertyDefaultsPostProcessor - Devtools property defaults active! Set 'spring.devtools.add-properties' to 'false' to disable
2026-06-28 11:16:02.682 [restartedMain] INFO  o.s.b.d.env.DevToolsPropertyDefaultsPostProcessor - For additional web related logging consider setting the 'logging.level.web' property to 'DEBUG'
2026-06-28 11:16:03.260 [restartedMain] INFO  o.s.d.r.config.RepositoryConfigurationDelegate - Multiple Spring Data modules found, entering strict repository configuration mode
2026-06-28 11:16:03.262 [restartedMain] INFO  o.s.d.r.config.RepositoryConfigurationDelegate - Bootstrapping Spring Data Redis repositories in DEFAULT mode.
2026-06-28 11:16:03.288 [restartedMain] INFO  o.s.d.r.config.RepositoryConfigurationDelegate - Finished Spring Data repository scanning in 15 ms. Found 0 Redis repository interfaces.
2026-06-28 11:16:03.960 [restartedMain] INFO  o.s.boot.web.embedded.tomcat.TomcatWebServer - Tomcat initialized with port(s): 8080 (http)
2026-06-28 11:16:03.967 [restartedMain] INFO  org.apache.coyote.http11.Http11NioProtocol - Initializing ProtocolHandler ["http-nio-8080"]
2026-06-28 11:16:03.969 [restartedMain] INFO  org.apache.catalina.core.StandardService - Starting service [Tomcat]
2026-06-28 11:16:03.969 [restartedMain] INFO  org.apache.catalina.core.StandardEngine - Starting Servlet engine: [Apache Tomcat/9.0.83]
2026-06-28 11:16:04.034 [restartedMain] INFO  o.a.c.core.ContainerBase.[Tomcat].[localhost].[/] - Initializing Spring embedded WebApplicationContext
2026-06-28 11:16:04.035 [restartedMain] INFO  o.s.b.w.s.c.ServletWebServerApplicationContext - Root WebApplicationContext: initialization completed in 1353 ms
2026-06-28 11:16:04.424 [restartedMain] INFO  c.a.d.s.b.a.DruidDataSourceAutoConfigure - Init DruidDataSource
2026-06-28 11:16:06.030 [restartedMain] INFO  com.alibaba.druid.pool.DruidDataSource - {dataSource-1} inited
2026-06-28 11:16:09.125 [restartedMain] INFO  o.s.b.d.autoconfigure.OptionalLiveReloadServer - LiveReload server is running on port 35729
2026-06-28 11:16:09.159 [restartedMain] INFO  org.apache.coyote.http11.Http11NioProtocol - Starting ProtocolHandler ["http-nio-8080"]
2026-06-28 11:16:09.194 [restartedMain] INFO  o.s.boot.web.embedded.tomcat.TomcatWebServer - Tomcat started on port(s): 8080 (http) with context path ''
2026-06-28 11:16:09.208 [restartedMain] INFO  com.project.travel.TravelApplication - Started TravelApplication in 7.017 seconds (JVM running for 7.408)
2026-06-28 11:16:46.573 [http-nio-8080-exec-1] INFO  o.a.c.core.ContainerBase.[Tomcat].[localhost].[/] - Initializing Spring DispatcherServlet 'dispatcherServlet'
2026-06-28 11:16:46.574 [http-nio-8080-exec-1] INFO  org.springframework.web.servlet.DispatcherServlet - Initializing Servlet 'dispatcherServlet'
2026-06-28 11:16:46.576 [http-nio-8080-exec-1] INFO  org.springframework.web.servlet.DispatcherServlet - Completed initialization in 1 ms
2026-06-28 11:35:14.097 [http-nio-8080-exec-26] INFO  c.p.t.c.attractions.SysAttractionsController - 查询景点参数：SysAttractions(id=null, name=, price=null, introduce=null, content=null, num=null, realName=null, images=null, scenicType=, location=null, pv=null, open=null, time=null, state=null, createBy=null, createTime=null, updateBy=null, updateTime=null, pageNumber=1, pageSize=10)
2026-06-28 11:35:14.117 [http-nio-8080-exec-26] INFO  c.p.t.c.attractions.SysAttractionsController - location 参数值：null
2026-06-28 11:35:14.123 [http-nio-8080-exec-26] INFO  c.p.t.c.attractions.SysAttractionsController - 最终查询条件 SQL： ORDER BY create_time DESC
2026-06-28 11:35:14.165 [http-nio-8080-exec-26] INFO  c.p.t.c.attractions.SysAttractionsController - 查询结果数量：10
2026-06-28 11:35:20.720 [http-nio-8080-exec-34] INFO  com.project.travel.handle.MyMetaObjectHandler - 公共字段自动填充[update]...
2026-06-28 11:35:44.950 [File Watcher] INFO  o.s.b.d.a.LocalDevToolsAutoConfiguration$RestartingClassPathChangeChangedEventListener - Restarting due to 1 class path change (0 additions, 0 deletions, 1 modification)
2026-06-28 11:35:48.309 [Thread-7] INFO  org.apache.coyote.http11.Http11NioProtocol - Pausing ProtocolHandler ["http-nio-8080"]
2026-06-28 11:35:48.310 [Thread-7] INFO  org.apache.catalina.core.StandardService - Stopping service [Tomcat]
2026-06-28 11:35:48.318 [Thread-7] INFO  o.a.c.core.ContainerBase.[Tomcat].[localhost].[/] - Destroying Spring FrameworkServlet 'dispatcherServlet'
2026-06-28 11:35:48.377 [Thread-7] INFO  org.apache.coyote.http11.Http11NioProtocol - Stopping ProtocolHandler ["http-nio-8080"]
2026-06-28 11:35:48.474 [Thread-7] INFO  org.apache.coyote.http11.Http11NioProtocol - Destroying ProtocolHandler ["http-nio-8080"]
2026-06-28 11:35:48.490 [Thread-7] INFO  com.alibaba.druid.pool.DruidDataSource - {dataSource-1} closing ...
2026-06-28 11:35:48.502 [Thread-7] INFO  com.alibaba.druid.pool.DruidDataSource - {dataSource-1} closed
2026-06-28 11:35:49.469 [restartedMain] INFO  com.project.travel.TravelApplication - Starting TravelApplication using Java 1.8.0_202 on dilireba with PID 40380 (C:\maven\travel_system\travel\travel\travel-server\target\classes started by solitude in C:\maven\travel_system\travel\travel\travel-server)
2026-06-28 11:35:49.469 [restartedMain] INFO  com.project.travel.TravelApplication - The following 1 profile is active: "dev"
2026-06-28 11:35:50.292 [restartedMain] INFO  o.s.d.r.config.RepositoryConfigurationDelegate - Multiple Spring Data modules found, entering strict repository configuration mode
2026-06-28 11:35:50.294 [restartedMain] INFO  o.s.d.r.config.RepositoryConfigurationDelegate - Bootstrapping Spring Data Redis repositories in DEFAULT mode.
2026-06-28 11:35:50.355 [restartedMain] INFO  o.s.d.r.config.RepositoryConfigurationDelegate - Finished Spring Data repository scanning in 59 ms. Found 0 Redis repository interfaces.
2026-06-28 11:35:50.989 [restartedMain] INFO  o.s.boot.web.embedded.tomcat.TomcatWebServer - Tomcat initialized with port(s): 8080 (http)
2026-06-28 11:35:50.990 [restartedMain] INFO  org.apache.coyote.http11.Http11NioProtocol - Initializing ProtocolHandler ["http-nio-8080"]
2026-06-28 11:35:50.990 [restartedMain] INFO  org.apache.catalina.core.StandardService - Starting service [Tomcat]
2026-06-28 11:35:50.991 [restartedMain] INFO  org.apache.catalina.core.StandardEngine - Starting Servlet engine: [Apache Tomcat/9.0.83]
2026-06-28 11:35:51.032 [restartedMain] INFO  o.a.c.core.ContainerBase.[Tomcat].[localhost].[/] - Initializing Spring embedded WebApplicationContext
2026-06-28 11:35:51.034 [restartedMain] INFO  o.s.b.w.s.c.ServletWebServerApplicationContext - Root WebApplicationContext: initialization completed in 1556 ms
2026-06-28 11:35:51.114 [restartedMain] INFO  c.a.d.s.b.a.DruidDataSourceAutoConfigure - Init DruidDataSource
2026-06-28 11:35:51.337 [restartedMain] INFO  com.alibaba.druid.pool.DruidDataSource - {dataSource-2} inited
2026-06-28 11:35:52.943 [restartedMain] INFO  o.s.b.d.autoconfigure.OptionalLiveReloadServer - LiveReload server is running on port 35729
2026-06-28 11:35:52.954 [restartedMain] INFO  org.apache.coyote.http11.Http11NioProtocol - Starting ProtocolHandler ["http-nio-8080"]
2026-06-28 11:35:52.959 [restartedMain] INFO  o.s.boot.web.embedded.tomcat.TomcatWebServer - Tomcat started on port(s): 8080 (http) with context path ''
2026-06-28 11:35:52.963 [restartedMain] INFO  com.project.travel.TravelApplication - Started TravelApplication in 3.768 seconds (JVM running for 1191.163)
2026-06-28 11:35:52.965 [restartedMain] INFO  o.s.b.d.a.ConditionEvaluationDeltaLoggingListener - Condition evaluation unchanged
2026-06-28 11:35:54.841 [SpringApplicationShutdownHook] INFO  com.alibaba.druid.pool.DruidDataSource - {dataSource-2} closing ...
2026-06-28 11:35:54.845 [SpringApplicationShutdownHook] INFO  com.alibaba.druid.pool.DruidDataSource - {dataSource-2} closed
2026-06-28 11:36:12.407 [restartedMain] INFO  com.project.travel.TravelApplication - Starting TravelApplication using Java 1.8.0_202 on dilireba with PID 27796 (C:\maven\travel_system\travel\travel\travel-server\target\classes started by solitude in C:\maven\travel_system\travel\travel\travel-server)
2026-06-28 11:36:12.409 [restartedMain] INFO  com.project.travel.TravelApplication - The following 1 profile is active: "dev"
2026-06-28 11:36:12.492 [restartedMain] INFO  o.s.b.d.env.DevToolsPropertyDefaultsPostProcessor - Devtools property defaults active! Set 'spring.devtools.add-properties' to 'false' to disable
2026-06-28 11:36:12.492 [restartedMain] INFO  o.s.b.d.env.DevToolsPropertyDefaultsPostProcessor - For additional web related logging consider setting the 'logging.level.web' property to 'DEBUG'
2026-06-28 11:36:13.054 [restartedMain] INFO  o.s.d.r.config.RepositoryConfigurationDelegate - Multiple Spring Data modules found, entering strict repository configuration mode
2026-06-28 11:36:13.056 [restartedMain] INFO  o.s.d.r.config.RepositoryConfigurationDelegate - Bootstrapping Spring Data Redis repositories in DEFAULT mode.
2026-06-28 11:36:13.081 [restartedMain] INFO  o.s.d.r.config.RepositoryConfigurationDelegate - Finished Spring Data repository scanning in 14 ms. Found 0 Redis repository interfaces.
2026-06-28 11:36:13.715 [restartedMain] INFO  o.s.boot.web.embedded.tomcat.TomcatWebServer - Tomcat initialized with port(s): 8080 (http)
2026-06-28 11:36:13.724 [restartedMain] INFO  org.apache.coyote.http11.Http11NioProtocol - Initializing ProtocolHandler ["http-nio-8080"]
2026-06-28 11:36:13.727 [restartedMain] INFO  org.apache.catalina.core.StandardService - Starting service [Tomcat]
2026-06-28 11:36:13.727 [restartedMain] INFO  org.apache.catalina.core.StandardEngine - Starting Servlet engine: [Apache Tomcat/9.0.83]
2026-06-28 11:36:13.803 [restartedMain] INFO  o.a.c.core.ContainerBase.[Tomcat].[localhost].[/] - Initializing Spring embedded WebApplicationContext
2026-06-28 11:36:13.804 [restartedMain] INFO  o.s.b.w.s.c.ServletWebServerApplicationContext - Root WebApplicationContext: initialization completed in 1311 ms
2026-06-28 11:36:14.185 [restartedMain] INFO  c.a.d.s.b.a.DruidDataSourceAutoConfigure - Init DruidDataSource
2026-06-28 11:36:16.247 [restartedMain] INFO  com.alibaba.druid.pool.DruidDataSource - {dataSource-1} inited
2026-06-28 11:36:23.011 [restartedMain] INFO  o.s.b.d.autoconfigure.OptionalLiveReloadServer - LiveReload server is running on port 35729
2026-06-28 11:36:23.177 [restartedMain] INFO  org.apache.coyote.http11.Http11NioProtocol - Starting ProtocolHandler ["http-nio-8080"]
2026-06-28 11:36:23.249 [restartedMain] INFO  o.s.boot.web.embedded.tomcat.TomcatWebServer - Tomcat started on port(s): 8080 (http) with context path ''
2026-06-28 11:36:23.276 [restartedMain] INFO  com.project.travel.TravelApplication - Started TravelApplication in 11.319 seconds (JVM running for 11.723)
2026-06-28 11:39:05.136 [http-nio-8080-exec-1] INFO  o.a.c.core.ContainerBase.[Tomcat].[localhost].[/] - Initializing Spring DispatcherServlet 'dispatcherServlet'
2026-06-28 11:39:05.138 [http-nio-8080-exec-1] INFO  org.springframework.web.servlet.DispatcherServlet - Initializing Servlet 'dispatcherServlet'
2026-06-28 11:39:05.144 [http-nio-8080-exec-1] INFO  org.springframework.web.servlet.DispatcherServlet - Completed initialization in 6 ms
2026-06-28 11:43:19.562 [File Watcher] INFO  o.s.b.d.a.LocalDevToolsAutoConfiguration$RestartingClassPathChangeChangedEventListener - Restarting due to 1 class path change (0 additions, 0 deletions, 1 modification)
2026-06-28 11:43:22.307 [Thread-7] INFO  org.apache.coyote.http11.Http11NioProtocol - Pausing ProtocolHandler ["http-nio-8080"]
2026-06-28 11:43:22.308 [Thread-7] INFO  org.apache.catalina.core.StandardService - Stopping service [Tomcat]
2026-06-28 11:43:22.310 [Thread-7] INFO  o.a.c.core.ContainerBase.[Tomcat].[localhost].[/] - Destroying Spring FrameworkServlet 'dispatcherServlet'
2026-06-28 11:43:22.336 [Thread-7] INFO  org.apache.coyote.http11.Http11NioProtocol - Stopping ProtocolHandler ["http-nio-8080"]
2026-06-28 11:43:22.380 [Thread-7] INFO  org.apache.coyote.http11.Http11NioProtocol - Destroying ProtocolHandler ["http-nio-8080"]
2026-06-28 11:43:22.387 [Thread-7] INFO  com.alibaba.druid.pool.DruidDataSource - {dataSource-1} closing ...
2026-06-28 11:43:22.397 [Thread-7] INFO  com.alibaba.druid.pool.DruidDataSource - {dataSource-1} closed
2026-06-28 11:43:23.178 [restartedMain] INFO  com.project.travel.TravelApplication - Starting TravelApplication using Java 1.8.0_202 on dilireba with PID 27796 (C:\maven\travel_system\travel\travel\travel-server\target\classes started by solitude in C:\maven\travel_system\travel\travel\travel-server)
2026-06-28 11:43:23.178 [restartedMain] INFO  com.project.travel.TravelApplication - The following 1 profile is active: "dev"
2026-06-28 11:43:23.954 [restartedMain] INFO  o.s.d.r.config.RepositoryConfigurationDelegate - Multiple Spring Data modules found, entering strict repository configuration mode
2026-06-28 11:43:23.955 [restartedMain] INFO  o.s.d.r.config.RepositoryConfigurationDelegate - Bootstrapping Spring Data Redis repositories in DEFAULT mode.
2026-06-28 11:43:24.026 [restartedMain] INFO  o.s.d.r.config.RepositoryConfigurationDelegate - Finished Spring Data repository scanning in 69 ms. Found 0 Redis repository interfaces.
2026-06-28 11:43:24.774 [restartedMain] INFO  o.s.boot.web.embedded.tomcat.TomcatWebServer - Tomcat initialized with port(s): 8080 (http)
2026-06-28 11:43:24.775 [restartedMain] INFO  org.apache.coyote.http11.Http11NioProtocol - Initializing ProtocolHandler ["http-nio-8080"]
2026-06-28 11:43:24.776 [restartedMain] INFO  org.apache.catalina.core.StandardService - Starting service [Tomcat]
2026-06-28 11:43:24.778 [restartedMain] INFO  org.apache.catalina.core.StandardEngine - Starting Servlet engine: [Apache Tomcat/9.0.83]
2026-06-28 11:43:24.811 [restartedMain] INFO  o.a.c.core.ContainerBase.[Tomcat].[localhost].[/] - Initializing Spring embedded WebApplicationContext
2026-06-28 11:43:24.811 [restartedMain] INFO  o.s.b.w.s.c.ServletWebServerApplicationContext - Root WebApplicationContext: initialization completed in 1624 ms
2026-06-28 11:43:24.901 [restartedMain] INFO  c.a.d.s.b.a.DruidDataSourceAutoConfigure - Init DruidDataSource
2026-06-28 11:43:25.097 [restartedMain] INFO  com.alibaba.druid.pool.DruidDataSource - {dataSource-2} inited
2026-06-28 11:43:29.675 [restartedMain] INFO  o.s.b.d.autoconfigure.OptionalLiveReloadServer - LiveReload server is running on port 35729
2026-06-28 11:43:29.709 [restartedMain] INFO  org.apache.coyote.http11.Http11NioProtocol - Starting ProtocolHandler ["http-nio-8080"]
2026-06-28 11:43:29.728 [restartedMain] INFO  o.s.boot.web.embedded.tomcat.TomcatWebServer - Tomcat started on port(s): 8080 (http) with context path ''
2026-06-28 11:43:29.737 [restartedMain] INFO  com.project.travel.TravelApplication - Started TravelApplication in 6.776 seconds (JVM running for 438.184)
2026-06-28 11:43:29.742 [restartedMain] INFO  o.s.b.d.a.ConditionEvaluationDeltaLoggingListener - Condition evaluation unchanged
2026-06-28 11:43:31.234 [File Watcher] INFO  o.s.b.d.a.LocalDevToolsAutoConfiguration$RestartingClassPathChangeChangedEventListener - Restarting due to 1 class path change (0 additions, 0 deletions, 1 modification)
2026-06-28 11:43:34.871 [Thread-9] INFO  org.apache.coyote.http11.Http11NioProtocol - Pausing ProtocolHandler ["http-nio-8080"]
2026-06-28 11:43:34.873 [Thread-9] INFO  org.apache.catalina.core.StandardService - Stopping service [Tomcat]
2026-06-28 11:43:34.880 [Thread-9] INFO  org.apache.coyote.http11.Http11NioProtocol - Stopping ProtocolHandler ["http-nio-8080"]
2026-06-28 11:43:34.888 [Thread-9] INFO  org.apache.coyote.http11.Http11NioProtocol - Destroying ProtocolHandler ["http-nio-8080"]
2026-06-28 11:43:34.891 [Thread-9] INFO  com.alibaba.druid.pool.DruidDataSource - {dataSource-2} closing ...
2026-06-28 11:43:34.896 [Thread-9] INFO  com.alibaba.druid.pool.DruidDataSource - {dataSource-2} closed
2026-06-28 11:43:35.402 [restartedMain] INFO  com.project.travel.TravelApplication - Starting TravelApplication using Java 1.8.0_202 on dilireba with PID 27796 (C:\maven\travel_system\travel\travel\travel-server\target\classes started by solitude in C:\maven\travel_system\travel\travel\travel-server)
2026-06-28 11:43:35.403 [restartedMain] INFO  com.project.travel.TravelApplication - The following 1 profile is active: "dev"
2026-06-28 11:43:35.788 [restartedMain] INFO  o.s.d.r.config.RepositoryConfigurationDelegate - Multiple Spring Data modules found, entering strict repository configuration mode
2026-06-28 11:43:35.788 [restartedMain] INFO  o.s.d.r.config.RepositoryConfigurationDelegate - Bootstrapping Spring Data Redis repositories in DEFAULT mode.
2026-06-28 11:43:35.821 [restartedMain] INFO  o.s.d.r.config.RepositoryConfigurationDelegate - Finished Spring Data repository scanning in 32 ms. Found 0 Redis repository interfaces.
2026-06-28 11:43:36.049 [restartedMain] INFO  o.s.boot.web.embedded.tomcat.TomcatWebServer - Tomcat initialized with port(s): 8080 (http)
2026-06-28 11:43:36.050 [restartedMain] INFO  org.apache.coyote.http11.Http11NioProtocol - Initializing ProtocolHandler ["http-nio-8080"]
2026-06-28 11:43:36.050 [restartedMain] INFO  org.apache.catalina.core.StandardService - Starting service [Tomcat]
2026-06-28 11:43:36.050 [restartedMain] INFO  org.apache.catalina.core.StandardEngine - Starting Servlet engine: [Apache Tomcat/9.0.83]
2026-06-28 11:43:36.092 [restartedMain] INFO  o.a.c.core.ContainerBase.[Tomcat].[localhost].[/] - Initializing Spring embedded WebApplicationContext
2026-06-28 11:43:36.092 [restartedMain] INFO  o.s.b.w.s.c.ServletWebServerApplicationContext - Root WebApplicationContext: initialization completed in 682 ms
2026-06-28 11:43:36.172 [restartedMain] INFO  c.a.d.s.b.a.DruidDataSourceAutoConfigure - Init DruidDataSource
2026-06-28 11:43:36.444 [restartedMain] INFO  com.alibaba.druid.pool.DruidDataSource - {dataSource-3} inited
2026-06-28 11:43:40.646 [restartedMain] INFO  o.s.b.d.autoconfigure.OptionalLiveReloadServer - LiveReload server is running on port 35729
2026-06-28 11:43:40.672 [restartedMain] INFO  org.apache.coyote.http11.Http11NioProtocol - Starting ProtocolHandler ["http-nio-8080"]
2026-06-28 11:43:40.685 [restartedMain] INFO  o.s.boot.web.embedded.tomcat.TomcatWebServer - Tomcat started on port(s): 8080 (http) with context path ''
2026-06-28 11:43:40.690 [restartedMain] INFO  com.project.travel.TravelApplication - Started TravelApplication in 5.393 seconds (JVM running for 449.137)
2026-06-28 11:43:40.692 [restartedMain] INFO  o.s.b.d.a.ConditionEvaluationDeltaLoggingListener - Condition evaluation unchanged
2026-06-28 11:43:55.255 [File Watcher] INFO  o.s.b.d.a.LocalDevToolsAutoConfiguration$RestartingClassPathChangeChangedEventListener - Restarting due to 1 class path change (0 additions, 0 deletions, 1 modification)
2026-06-28 11:43:58.403 [Thread-13] INFO  org.apache.coyote.http11.Http11NioProtocol - Pausing ProtocolHandler ["http-nio-8080"]
2026-06-28 11:43:58.404 [Thread-13] INFO  org.apache.catalina.core.StandardService - Stopping service [Tomcat]
2026-06-28 11:43:58.423 [Thread-13] INFO  org.apache.coyote.http11.Http11NioProtocol - Stopping ProtocolHandler ["http-nio-8080"]
2026-06-28 11:43:58.437 [Thread-13] INFO  org.apache.coyote.http11.Http11NioProtocol - Destroying ProtocolHandler ["http-nio-8080"]
2026-06-28 11:43:58.442 [Thread-13] INFO  com.alibaba.druid.pool.DruidDataSource - {dataSource-3} closing ...
2026-06-28 11:43:58.451 [Thread-13] INFO  com.alibaba.druid.pool.DruidDataSource - {dataSource-3} closed
2026-06-28 11:43:58.988 [restartedMain] INFO  com.project.travel.TravelApplication - Starting TravelApplication using Java 1.8.0_202 on dilireba with PID 27796 (C:\maven\travel_system\travel\travel\travel-server\target\classes started by solitude in C:\maven\travel_system\travel\travel\travel-server)
2026-06-28 11:43:58.989 [restartedMain] INFO  com.project.travel.TravelApplication - The following 1 profile is active: "dev"
2026-06-28 11:43:59.472 [restartedMain] INFO  o.s.d.r.config.RepositoryConfigurationDelegate - Multiple Spring Data modules found, entering strict repository configuration mode
2026-06-28 11:43:59.472 [restartedMain] INFO  o.s.d.r.config.RepositoryConfigurationDelegate - Bootstrapping Spring Data Redis repositories in DEFAULT mode.
2026-06-28 11:43:59.507 [restartedMain] INFO  o.s.d.r.config.RepositoryConfigurationDelegate - Finished Spring Data repository scanning in 35 ms. Found 0 Redis repository interfaces.
2026-06-28 11:43:59.810 [restartedMain] INFO  o.s.boot.web.embedded.tomcat.TomcatWebServer - Tomcat initialized with port(s): 8080 (http)
2026-06-28 11:43:59.811 [restartedMain] INFO  org.apache.coyote.http11.Http11NioProtocol - Initializing ProtocolHandler ["http-nio-8080"]
2026-06-28 11:43:59.811 [restartedMain] INFO  org.apache.catalina.core.StandardService - Starting service [Tomcat]
2026-06-28 11:43:59.813 [restartedMain] INFO  org.apache.catalina.core.StandardEngine - Starting Servlet engine: [Apache Tomcat/9.0.83]
2026-06-28 11:43:59.854 [restartedMain] INFO  o.a.c.core.ContainerBase.[Tomcat].[localhost].[/] - Initializing Spring embedded WebApplicationContext
2026-06-28 11:43:59.854 [restartedMain] INFO  o.s.b.w.s.c.ServletWebServerApplicationContext - Root WebApplicationContext: initialization completed in 859 ms
2026-06-28 11:43:59.925 [restartedMain] INFO  c.a.d.s.b.a.DruidDataSourceAutoConfigure - Init DruidDataSource
2026-06-28 11:44:00.110 [restartedMain] INFO  com.alibaba.druid.pool.DruidDataSource - {dataSource-4} inited
2026-06-28 11:44:04.598 [restartedMain] INFO  o.s.b.d.autoconfigure.OptionalLiveReloadServer - LiveReload server is running on port 35729
2026-06-28 11:44:04.627 [restartedMain] INFO  org.apache.coyote.http11.Http11NioProtocol - Starting ProtocolHandler ["http-nio-8080"]
2026-06-28 11:44:04.636 [restartedMain] INFO  o.s.boot.web.embedded.tomcat.TomcatWebServer - Tomcat started on port(s): 8080 (http) with context path ''
2026-06-28 11:44:04.643 [restartedMain] INFO  com.project.travel.TravelApplication - Started TravelApplication in 5.771 seconds (JVM running for 473.09)
2026-06-28 11:44:04.645 [restartedMain] INFO  o.s.b.d.a.ConditionEvaluationDeltaLoggingListener - Condition evaluation unchanged
2026-06-28 11:44:49.329 [SpringApplicationShutdownHook] INFO  com.alibaba.druid.pool.DruidDataSource - {dataSource-4} closing ...
2026-06-28 11:44:49.343 [SpringApplicationShutdownHook] INFO  com.alibaba.druid.pool.DruidDataSource - {dataSource-4} closed
2026-06-28 11:44:58.535 [restartedMain] INFO  com.project.travel.TravelApplication - Starting TravelApplication using Java 1.8.0_202 on dilireba with PID 31076 (C:\maven\travel_system\travel\travel\travel-server\target\classes started by solitude in C:\maven\travel_system\travel\travel\travel-server)
2026-06-28 11:44:58.537 [restartedMain] INFO  com.project.travel.TravelApplication - The following 1 profile is active: "dev"
2026-06-28 11:44:58.620 [restartedMain] INFO  o.s.b.d.env.DevToolsPropertyDefaultsPostProcessor - Devtools property defaults active! Set 'spring.devtools.add-properties' to 'false' to disable
2026-06-28 11:44:58.621 [restartedMain] INFO  o.s.b.d.env.DevToolsPropertyDefaultsPostProcessor - For additional web related logging consider setting the 'logging.level.web' property to 'DEBUG'
2026-06-28 11:44:59.179 [restartedMain] INFO  o.s.d.r.config.RepositoryConfigurationDelegate - Multiple Spring Data modules found, entering strict repository configuration mode
2026-06-28 11:44:59.182 [restartedMain] INFO  o.s.d.r.config.RepositoryConfigurationDelegate - Bootstrapping Spring Data Redis repositories in DEFAULT mode.
2026-06-28 11:44:59.207 [restartedMain] INFO  o.s.d.r.config.RepositoryConfigurationDelegate - Finished Spring Data repository scanning in 16 ms. Found 0 Redis repository interfaces.
2026-06-28 11:44:59.848 [restartedMain] INFO  o.s.boot.web.embedded.tomcat.TomcatWebServer - Tomcat initialized with port(s): 8080 (http)
2026-06-28 11:44:59.854 [restartedMain] INFO  org.apache.coyote.http11.Http11NioProtocol - Initializing ProtocolHandler ["http-nio-8080"]
2026-06-28 11:44:59.856 [restartedMain] INFO  org.apache.catalina.core.StandardService - Starting service [Tomcat]
2026-06-28 11:44:59.856 [restartedMain] INFO  org.apache.catalina.core.StandardEngine - Starting Servlet engine: [Apache Tomcat/9.0.83]
2026-06-28 11:44:59.926 [restartedMain] INFO  o.a.c.core.ContainerBase.[Tomcat].[localhost].[/] - Initializing Spring embedded WebApplicationContext
2026-06-28 11:44:59.928 [restartedMain] INFO  o.s.b.w.s.c.ServletWebServerApplicationContext - Root WebApplicationContext: initialization completed in 1307 ms
2026-06-28 11:45:00.299 [restartedMain] INFO  c.a.d.s.b.a.DruidDataSourceAutoConfigure - Init DruidDataSource
2026-06-28 11:45:01.671 [restartedMain] INFO  com.alibaba.druid.pool.DruidDataSource - {dataSource-1} inited
2026-06-28 11:45:04.596 [restartedMain] INFO  o.s.b.d.autoconfigure.OptionalLiveReloadServer - LiveReload server is running on port 35729
2026-06-28 11:45:04.628 [restartedMain] INFO  org.apache.coyote.http11.Http11NioProtocol - Starting ProtocolHandler ["http-nio-8080"]
2026-06-28 11:45:04.662 [restartedMain] INFO  o.s.boot.web.embedded.tomcat.TomcatWebServer - Tomcat started on port(s): 8080 (http) with context path ''
2026-06-28 11:45:04.676 [restartedMain] INFO  com.project.travel.TravelApplication - Started TravelApplication in 6.567 seconds (JVM running for 6.955)
2026-06-28 11:45:56.786 [http-nio-8080-exec-1] INFO  o.a.c.core.ContainerBase.[Tomcat].[localhost].[/] - Initializing Spring DispatcherServlet 'dispatcherServlet'
2026-06-28 11:45:56.786 [http-nio-8080-exec-1] INFO  org.springframework.web.servlet.DispatcherServlet - Initializing Servlet 'dispatcherServlet'
2026-06-28 11:45:56.788 [http-nio-8080-exec-1] INFO  org.springframework.web.servlet.DispatcherServlet - Completed initialization in 2 ms
2026-06-28 11:46:10.166 [http-nio-8080-exec-13] INFO  com.project.travel.handle.MyMetaObjectHandler - 公共字段自动填充[insert]...
2026-06-28 11:50:24.632 [File Watcher] INFO  o.s.b.d.a.LocalDevToolsAutoConfiguration$RestartingClassPathChangeChangedEventListener - Restarting due to 1 class path change (0 additions, 0 deletions, 1 modification)
2026-06-28 11:50:27.511 [Thread-7] INFO  org.apache.coyote.http11.Http11NioProtocol - Pausing ProtocolHandler ["http-nio-8080"]
2026-06-28 11:50:27.512 [Thread-7] INFO  org.apache.catalina.core.StandardService - Stopping service [Tomcat]
2026-06-28 11:50:27.520 [Thread-7] INFO  o.a.c.core.ContainerBase.[Tomcat].[localhost].[/] - Destroying Spring FrameworkServlet 'dispatcherServlet'
2026-06-28 11:50:27.568 [Thread-7] INFO  org.apache.coyote.http11.Http11NioProtocol - Stopping ProtocolHandler ["http-nio-8080"]
2026-06-28 11:50:27.600 [Thread-7] INFO  org.apache.coyote.http11.Http11NioProtocol - Destroying ProtocolHandler ["http-nio-8080"]
2026-06-28 11:50:27.627 [Thread-7] INFO  com.alibaba.druid.pool.DruidDataSource - {dataSource-1} closing ...
2026-06-28 11:50:27.651 [Thread-7] INFO  com.alibaba.druid.pool.DruidDataSource - {dataSource-1} closed
2026-06-28 11:50:28.926 [restartedMain] INFO  com.project.travel.TravelApplication - Starting TravelApplication using Java 1.8.0_202 on dilireba with PID 31076 (C:\maven\travel_system\travel\travel\travel-server\target\classes started by solitude in C:\maven\travel_system\travel\travel\travel-server)
2026-06-28 11:50:28.926 [restartedMain] INFO  com.project.travel.TravelApplication - The following 1 profile is active: "dev"
2026-06-28 11:50:29.655 [restartedMain] INFO  o.s.d.r.config.RepositoryConfigurationDelegate - Multiple Spring Data modules found, entering strict repository configuration mode
2026-06-28 11:50:29.656 [restartedMain] INFO  o.s.d.r.config.RepositoryConfigurationDelegate - Bootstrapping Spring Data Redis repositories in DEFAULT mode.
2026-06-28 11:50:29.697 [restartedMain] INFO  o.s.d.r.config.RepositoryConfigurationDelegate - Finished Spring Data repository scanning in 40 ms. Found 0 Redis repository interfaces.
2026-06-28 11:50:30.599 [restartedMain] INFO  o.s.boot.web.embedded.tomcat.TomcatWebServer - Tomcat initialized with port(s): 8080 (http)
2026-06-28 11:50:30.600 [restartedMain] INFO  org.apache.coyote.http11.Http11NioProtocol - Initializing ProtocolHandler ["http-nio-8080"]
2026-06-28 11:50:30.600 [restartedMain] INFO  org.apache.catalina.core.StandardService - Starting service [Tomcat]
2026-06-28 11:50:30.601 [restartedMain] INFO  org.apache.catalina.core.StandardEngine - Starting Servlet engine: [Apache Tomcat/9.0.83]
2026-06-28 11:50:30.633 [restartedMain] INFO  o.a.c.core.ContainerBase.[Tomcat].[localhost].[/] - Initializing Spring embedded WebApplicationContext
2026-06-28 11:50:30.635 [restartedMain] INFO  o.s.b.w.s.c.ServletWebServerApplicationContext - Root WebApplicationContext: initialization completed in 1699 ms
2026-06-28 11:50:30.722 [restartedMain] INFO  c.a.d.s.b.a.DruidDataSourceAutoConfigure - Init DruidDataSource
2026-06-28 11:50:30.963 [restartedMain] INFO  com.alibaba.druid.pool.DruidDataSource - {dataSource-2} inited
2026-06-28 11:50:36.153 [restartedMain] INFO  o.s.b.d.autoconfigure.OptionalLiveReloadServer - LiveReload server is running on port 35729
2026-06-28 11:50:36.194 [restartedMain] INFO  org.apache.coyote.http11.Http11NioProtocol - Starting ProtocolHandler ["http-nio-8080"]
2026-06-28 11:50:36.211 [restartedMain] INFO  o.s.boot.web.embedded.tomcat.TomcatWebServer - Tomcat started on port(s): 8080 (http) with context path ''
2026-06-28 11:50:36.246 [restartedMain] INFO  com.project.travel.TravelApplication - Started TravelApplication in 7.703 seconds (JVM running for 338.524)
2026-06-28 11:50:36.252 [restartedMain] INFO  o.s.b.d.a.ConditionEvaluationDeltaLoggingListener - Condition evaluation unchanged
2026-06-28 11:51:01.487 [http-nio-8080-exec-1] INFO  o.a.c.core.ContainerBase.[Tomcat].[localhost].[/] - Initializing Spring DispatcherServlet 'dispatcherServlet'
2026-06-28 11:51:01.489 [http-nio-8080-exec-1] INFO  org.springframework.web.servlet.DispatcherServlet - Initializing Servlet 'dispatcherServlet'
2026-06-28 11:51:01.490 [http-nio-8080-exec-1] INFO  org.springframework.web.servlet.DispatcherServlet - Completed initialization in 1 ms
2026-06-28 11:51:14.730 [http-nio-8080-exec-4] INFO  com.project.travel.handle.MyMetaObjectHandler - 公共字段自动填充[insert]...
2026-06-28 11:51:15.569 [http-nio-8080-exec-5] INFO  com.project.travel.handle.MyMetaObjectHandler - 公共字段自动填充[insert]...
2026-06-28 11:53:25.642 [File Watcher] INFO  o.s.b.d.a.LocalDevToolsAutoConfiguration$RestartingClassPathChangeChangedEventListener - Restarting due to 5 class path changes (0 additions, 0 deletions, 5 modifications)
2026-06-28 11:53:28.460 [Thread-9] INFO  org.apache.coyote.http11.Http11NioProtocol - Pausing ProtocolHandler ["http-nio-8080"]
2026-06-28 11:53:28.461 [Thread-9] INFO  org.apache.catalina.core.StandardService - Stopping service [Tomcat]
2026-06-28 11:53:28.464 [Thread-9] INFO  o.a.c.core.ContainerBase.[Tomcat].[localhost].[/] - Destroying Spring FrameworkServlet 'dispatcherServlet'
2026-06-28 11:53:28.476 [Thread-9] INFO  org.apache.coyote.http11.Http11NioProtocol - Stopping ProtocolHandler ["http-nio-8080"]
2026-06-28 11:53:28.510 [Thread-9] INFO  org.apache.coyote.http11.Http11NioProtocol - Destroying ProtocolHandler ["http-nio-8080"]
2026-06-28 11:53:28.521 [Thread-9] INFO  com.alibaba.druid.pool.DruidDataSource - {dataSource-2} closing ...
2026-06-28 11:53:28.530 [Thread-9] INFO  com.alibaba.druid.pool.DruidDataSource - {dataSource-2} closed
2026-06-28 11:53:29.275 [restartedMain] INFO  com.project.travel.TravelApplication - Starting TravelApplication using Java 1.8.0_202 on dilireba with PID 31076 (C:\maven\travel_system\travel\travel\travel-server\target\classes started by solitude in C:\maven\travel_system\travel\travel\travel-server)
2026-06-28 11:53:29.276 [restartedMain] INFO  com.project.travel.TravelApplication - The following 1 profile is active: "dev"
2026-06-28 11:53:29.816 [restartedMain] INFO  o.s.d.r.config.RepositoryConfigurationDelegate - Multiple Spring Data modules found, entering strict repository configuration mode
2026-06-28 11:53:29.816 [restartedMain] INFO  o.s.d.r.config.RepositoryConfigurationDelegate - Bootstrapping Spring Data Redis repositories in DEFAULT mode.
2026-06-28 11:53:29.847 [restartedMain] INFO  o.s.d.r.config.RepositoryConfigurationDelegate - Finished Spring Data repository scanning in 30 ms. Found 0 Redis repository interfaces.
2026-06-28 11:53:30.131 [restartedMain] INFO  o.s.boot.web.embedded.tomcat.TomcatWebServer - Tomcat initialized with port(s): 8080 (http)
2026-06-28 11:53:30.133 [restartedMain] INFO  org.apache.coyote.http11.Http11NioProtocol - Initializing ProtocolHandler ["http-nio-8080"]
2026-06-28 11:53:30.133 [restartedMain] INFO  org.apache.catalina.core.StandardService - Starting service [Tomcat]
2026-06-28 11:53:30.134 [restartedMain] INFO  org.apache.catalina.core.StandardEngine - Starting Servlet engine: [Apache Tomcat/9.0.83]
2026-06-28 11:53:30.175 [restartedMain] INFO  o.a.c.core.ContainerBase.[Tomcat].[localhost].[/] - Initializing Spring embedded WebApplicationContext
2026-06-28 11:53:30.175 [restartedMain] INFO  o.s.b.w.s.c.ServletWebServerApplicationContext - Root WebApplicationContext: initialization completed in 893 ms
2026-06-28 11:53:30.236 [restartedMain] INFO  c.a.d.s.b.a.DruidDataSourceAutoConfigure - Init DruidDataSource
2026-06-28 11:53:30.518 [restartedMain] INFO  com.alibaba.druid.pool.DruidDataSource - {dataSource-3} inited
2026-06-28 11:53:34.481 [restartedMain] INFO  o.s.b.d.autoconfigure.OptionalLiveReloadServer - LiveReload server is running on port 35729
2026-06-28 11:53:34.512 [restartedMain] INFO  org.apache.coyote.http11.Http11NioProtocol - Starting ProtocolHandler ["http-nio-8080"]
2026-06-28 11:53:34.577 [restartedMain] INFO  o.s.boot.web.embedded.tomcat.TomcatWebServer - Tomcat started on port(s): 8080 (http) with context path ''
2026-06-28 11:53:34.590 [restartedMain] INFO  com.project.travel.TravelApplication - Started TravelApplication in 5.57 seconds (JVM running for 516.869)
2026-06-28 11:53:34.595 [restartedMain] INFO  o.s.b.d.a.ConditionEvaluationDeltaLoggingListener - Condition evaluation unchanged
2026-06-28 11:54:12.243 [http-nio-8080-exec-1] INFO  o.a.c.core.ContainerBase.[Tomcat].[localhost].[/] - Initializing Spring DispatcherServlet 'dispatcherServlet'
2026-06-28 11:54:12.245 [http-nio-8080-exec-1] INFO  org.springframework.web.servlet.DispatcherServlet - Initializing Servlet 'dispatcherServlet'
2026-06-28 11:54:12.248 [http-nio-8080-exec-1] INFO  org.springframework.web.servlet.DispatcherServlet - Completed initialization in 3 ms
2026-06-28 11:54:18.476 [http-nio-8080-exec-6] INFO  c.p.t.c.attractions.SysAttractionsController - 查询景点参数：SysAttractions(id=null, name=null, price=null, introduce=null, content=null, num=null, realName=null, images=null, scenicType=null, location=null, pv=null, open=null, time=null, state=1, createBy=null, createTime=null, updateBy=null, updateTime=null, pageNumber=1, pageSize=100)
2026-06-28 11:54:18.480 [http-nio-8080-exec-6] INFO  c.p.t.c.attractions.SysAttractionsController - location 参数值：null
2026-06-28 11:54:18.484 [http-nio-8080-exec-6] INFO  c.p.t.c.attractions.SysAttractionsController - 最终查询条件 SQL：(state = #{ew.paramNameValuePairs.MPGENVAL1}) ORDER BY create_time DESC
2026-06-28 11:54:18.515 [http-nio-8080-exec-8] INFO  c.p.t.c.attractions.SysAttractionsController - 查询景点参数：SysAttractions(id=null, name=null, price=null, introduce=null, content=null, num=null, realName=null, images=null, scenicType=null, location=null, pv=null, open=null, time=null, state=1, createBy=null, createTime=null, updateBy=null, updateTime=null, pageNumber=1, pageSize=100)
2026-06-28 11:54:18.515 [http-nio-8080-exec-7] INFO  c.p.t.c.attractions.SysAttractionsController - 查询景点参数：SysAttractions(id=null, name=, price=null, introduce=null, content=null, num=null, realName=null, images=null, scenicType=, location=, pv=null, open=null, time=null, state=1, createBy=null, createTime=null, updateBy=null, updateTime=null, pageNumber=1, pageSize=9)
2026-06-28 11:54:18.516 [http-nio-8080-exec-8] INFO  c.p.t.c.attractions.SysAttractionsController - location 参数值：null
2026-06-28 11:54:18.516 [http-nio-8080-exec-7] INFO  c.p.t.c.attractions.SysAttractionsController - location 参数值：
2026-06-28 11:54:18.516 [http-nio-8080-exec-8] INFO  c.p.t.c.attractions.SysAttractionsController - 最终查询条件 SQL：(state = #{ew.paramNameValuePairs.MPGENVAL1}) ORDER BY create_time DESC
2026-06-28 11:54:18.516 [http-nio-8080-exec-7] INFO  c.p.t.c.attractions.SysAttractionsController - 最终查询条件 SQL：(state = #{ew.paramNameValuePairs.MPGENVAL1}) ORDER BY create_time DESC
2026-06-28 11:54:18.537 [http-nio-8080-exec-7] INFO  c.p.t.c.attractions.SysAttractionsController - 查询结果数量：9
2026-06-28 11:54:18.571 [http-nio-8080-exec-8] INFO  c.p.t.c.attractions.SysAttractionsController - 查询结果数量：24
2026-06-28 11:54:18.571 [http-nio-8080-exec-6] INFO  c.p.t.c.attractions.SysAttractionsController - 查询结果数量：24
2026-06-28 11:54:19.854 [http-nio-8080-exec-33] INFO  c.p.t.c.attractions.SysAttractionsController - 查询景点参数：SysAttractions(id=null, name=null, price=null, introduce=null, content=null, num=null, realName=null, images=null, scenicType=null, location=null, pv=null, open=null, time=null, state=1, createBy=null, createTime=null, updateBy=null, updateTime=null, pageNumber=1, pageSize=100)
2026-06-28 11:54:19.854 [http-nio-8080-exec-33] INFO  c.p.t.c.attractions.SysAttractionsController - location 参数值：null
2026-06-28 11:54:19.855 [http-nio-8080-exec-33] INFO  c.p.t.c.attractions.SysAttractionsController - 最终查询条件 SQL：(state = #{ew.paramNameValuePairs.MPGENVAL1}) ORDER BY create_time DESC
2026-06-28 11:54:19.883 [http-nio-8080-exec-33] INFO  c.p.t.c.attractions.SysAttractionsController - 查询结果数量：24
2026-06-28 11:54:24.558 [http-nio-8080-exec-22] INFO  com.project.travel.handle.MyMetaObjectHandler - 公共字段自动填充[update]...
2026-06-28 11:54:58.526 [File Watcher] INFO  o.s.b.d.a.LocalDevToolsAutoConfiguration$RestartingClassPathChangeChangedEventListener - Restarting due to 1 class path change (0 additions, 0 deletions, 1 modification)
2026-06-28 11:55:00.723 [Thread-13] INFO  org.apache.coyote.http11.Http11NioProtocol - Pausing ProtocolHandler ["http-nio-8080"]
2026-06-28 11:55:00.724 [Thread-13] INFO  org.apache.catalina.core.StandardService - Stopping service [Tomcat]
2026-06-28 11:55:00.727 [Thread-13] INFO  o.a.c.core.ContainerBase.[Tomcat].[localhost].[/] - Destroying Spring FrameworkServlet 'dispatcherServlet'
2026-06-28 11:55:00.756 [Thread-13] INFO  org.apache.coyote.http11.Http11NioProtocol - Stopping ProtocolHandler ["http-nio-8080"]
2026-06-28 11:55:00.763 [Thread-13] INFO  org.apache.coyote.http11.Http11NioProtocol - Destroying ProtocolHandler ["http-nio-8080"]
2026-06-28 11:55:00.769 [Thread-13] INFO  com.alibaba.druid.pool.DruidDataSource - {dataSource-3} closing ...
2026-06-28 11:55:00.775 [Thread-13] INFO  com.alibaba.druid.pool.DruidDataSource - {dataSource-3} closed
2026-06-28 11:55:01.525 [restartedMain] INFO  com.project.travel.TravelApplication - Starting TravelApplication using Java 1.8.0_202 on dilireba with PID 31076 (C:\maven\travel_system\travel\travel\travel-server\target\classes started by solitude in C:\maven\travel_system\travel\travel\travel-server)
2026-06-28 11:55:01.525 [restartedMain] INFO  com.project.travel.TravelApplication - The following 1 profile is active: "dev"
2026-06-28 11:55:01.942 [restartedMain] INFO  o.s.d.r.config.RepositoryConfigurationDelegate - Multiple Spring Data modules found, entering strict repository configuration mode
2026-06-28 11:55:01.942 [restartedMain] INFO  o.s.d.r.config.RepositoryConfigurationDelegate - Bootstrapping Spring Data Redis repositories in DEFAULT mode.
2026-06-28 11:55:01.978 [restartedMain] INFO  o.s.d.r.config.RepositoryConfigurationDelegate - Finished Spring Data repository scanning in 36 ms. Found 0 Redis repository interfaces.
2026-06-28 11:55:02.336 [restartedMain] INFO  o.s.boot.web.embedded.tomcat.TomcatWebServer - Tomcat initialized with port(s): 8080 (http)
2026-06-28 11:55:02.338 [restartedMain] INFO  org.apache.coyote.http11.Http11NioProtocol - Initializing ProtocolHandler ["http-nio-8080"]
2026-06-28 11:55:02.338 [restartedMain] INFO  org.apache.catalina.core.StandardService - Starting service [Tomcat]
2026-06-28 11:55:02.338 [restartedMain] INFO  org.apache.catalina.core.StandardEngine - Starting Servlet engine: [Apache Tomcat/9.0.83]
2026-06-28 11:55:02.372 [restartedMain] INFO  o.a.c.core.ContainerBase.[Tomcat].[localhost].[/] - Initializing Spring embedded WebApplicationContext
2026-06-28 11:55:02.372 [restartedMain] INFO  o.s.b.w.s.c.ServletWebServerApplicationContext - Root WebApplicationContext: initialization completed in 845 ms
2026-06-28 11:55:02.439 [restartedMain] INFO  c.a.d.s.b.a.DruidDataSourceAutoConfigure - Init DruidDataSource
2026-06-28 11:55:02.644 [restartedMain] INFO  com.alibaba.druid.pool.DruidDataSource - {dataSource-4} inited
2026-06-28 11:55:06.464 [restartedMain] INFO  o.s.b.d.autoconfigure.OptionalLiveReloadServer - LiveReload server is running on port 35729
2026-06-28 11:55:06.499 [restartedMain] INFO  org.apache.coyote.http11.Http11NioProtocol - Starting ProtocolHandler ["http-nio-8080"]
2026-06-28 11:55:06.508 [restartedMain] INFO  o.s.boot.web.embedded.tomcat.TomcatWebServer - Tomcat started on port(s): 8080 (http) with context path ''
2026-06-28 11:55:06.515 [restartedMain] INFO  com.project.travel.TravelApplication - Started TravelApplication in 5.071 seconds (JVM running for 608.793)
2026-06-28 11:55:06.516 [restartedMain] INFO  o.s.b.d.a.ConditionEvaluationDeltaLoggingListener - Condition evaluation unchanged
2026-06-28 11:55:10.195 [File Watcher] INFO  o.s.b.d.a.LocalDevToolsAutoConfiguration$RestartingClassPathChangeChangedEventListener - Restarting due to 1 class path change (0 additions, 0 deletions, 1 modification)
2026-06-28 11:55:13.168 [Thread-17] INFO  org.apache.coyote.http11.Http11NioProtocol - Pausing ProtocolHandler ["http-nio-8080"]
2026-06-28 11:55:13.169 [Thread-17] INFO  org.apache.catalina.core.StandardService - Stopping service [Tomcat]
2026-06-28 11:55:13.183 [Thread-17] INFO  org.apache.coyote.http11.Http11NioProtocol - Stopping ProtocolHandler ["http-nio-8080"]
2026-06-28 11:55:13.192 [Thread-17] INFO  org.apache.coyote.http11.Http11NioProtocol - Destroying ProtocolHandler ["http-nio-8080"]
2026-06-28 11:55:13.199 [Thread-17] INFO  com.alibaba.druid.pool.DruidDataSource - {dataSource-4} closing ...
2026-06-28 11:55:13.205 [Thread-17] INFO  com.alibaba.druid.pool.DruidDataSource - {dataSource-4} closed
2026-06-28 11:55:13.752 [restartedMain] INFO  com.project.travel.TravelApplication - Starting TravelApplication using Java 1.8.0_202 on dilireba with PID 31076 (C:\maven\travel_system\travel\travel\travel-server\target\classes started by solitude in C:\maven\travel_system\travel\travel\travel-server)
2026-06-28 11:55:13.753 [restartedMain] INFO  com.project.travel.TravelApplication - The following 1 profile is active: "dev"
2026-06-28 11:55:14.139 [restartedMain] INFO  o.s.d.r.config.RepositoryConfigurationDelegate - Multiple Spring Data modules found, entering strict repository configuration mode
2026-06-28 11:55:14.139 [restartedMain] INFO  o.s.d.r.config.RepositoryConfigurationDelegate - Bootstrapping Spring Data Redis repositories in DEFAULT mode.
2026-06-28 11:55:14.170 [restartedMain] INFO  o.s.d.r.config.RepositoryConfigurationDelegate - Finished Spring Data repository scanning in 30 ms. Found 0 Redis repository interfaces.
2026-06-28 11:55:14.367 [restartedMain] INFO  o.s.boot.web.embedded.tomcat.TomcatWebServer - Tomcat initialized with port(s): 8080 (http)
2026-06-28 11:55:14.367 [restartedMain] INFO  org.apache.coyote.http11.Http11NioProtocol - Initializing ProtocolHandler ["http-nio-8080"]
2026-06-28 11:55:14.367 [restartedMain] INFO  org.apache.catalina.core.StandardService - Starting service [Tomcat]
2026-06-28 11:55:14.367 [restartedMain] INFO  org.apache.catalina.core.StandardEngine - Starting Servlet engine: [Apache Tomcat/9.0.83]
2026-06-28 11:55:14.403 [restartedMain] INFO  o.a.c.core.ContainerBase.[Tomcat].[localhost].[/] - Initializing Spring embedded WebApplicationContext
2026-06-28 11:55:14.403 [restartedMain] INFO  o.s.b.w.s.c.ServletWebServerApplicationContext - Root WebApplicationContext: initialization completed in 646 ms
2026-06-28 11:55:14.462 [restartedMain] INFO  c.a.d.s.b.a.DruidDataSourceAutoConfigure - Init DruidDataSource
2026-06-28 11:55:14.639 [restartedMain] INFO  com.alibaba.druid.pool.DruidDataSource - {dataSource-5} inited
2026-06-28 11:55:18.700 [restartedMain] INFO  o.s.b.d.autoconfigure.OptionalLiveReloadServer - LiveReload server is running on port 35729
2026-06-28 11:55:18.728 [restartedMain] INFO  org.apache.coyote.http11.Http11NioProtocol - Starting ProtocolHandler ["http-nio-8080"]
2026-06-28 11:55:18.738 [restartedMain] INFO  o.s.boot.web.embedded.tomcat.TomcatWebServer - Tomcat started on port(s): 8080 (http) with context path ''
2026-06-28 11:55:18.741 [restartedMain] INFO  com.project.travel.TravelApplication - Started TravelApplication in 5.068 seconds (JVM running for 621.02)
2026-06-28 11:55:18.743 [restartedMain] INFO  o.s.b.d.a.ConditionEvaluationDeltaLoggingListener - Condition evaluation unchanged
2026-06-28 11:56:21.126 [File Watcher] INFO  o.s.b.d.a.LocalDevToolsAutoConfiguration$RestartingClassPathChangeChangedEventListener - Restarting due to 1 class path change (0 additions, 0 deletions, 1 modification)
2026-06-28 11:56:23.729 [Thread-21] INFO  org.apache.coyote.http11.Http11NioProtocol - Pausing ProtocolHandler ["http-nio-8080"]
2026-06-28 11:56:23.730 [Thread-21] INFO  org.apache.catalina.core.StandardService - Stopping service [Tomcat]
2026-06-28 11:56:23.741 [Thread-21] INFO  org.apache.coyote.http11.Http11NioProtocol - Stopping ProtocolHandler ["http-nio-8080"]
2026-06-28 11:56:23.748 [Thread-21] INFO  org.apache.coyote.http11.Http11NioProtocol - Destroying ProtocolHandler ["http-nio-8080"]
2026-06-28 11:56:23.752 [Thread-21] INFO  com.alibaba.druid.pool.DruidDataSource - {dataSource-5} closing ...
2026-06-28 11:56:23.761 [Thread-21] INFO  com.alibaba.druid.pool.DruidDataSource - {dataSource-5} closed
2026-06-28 11:56:24.216 [restartedMain] INFO  com.project.travel.TravelApplication - Starting TravelApplication using Java 1.8.0_202 on dilireba with PID 31076 (C:\maven\travel_system\travel\travel\travel-server\target\classes started by solitude in C:\maven\travel_system\travel\travel\travel-server)
2026-06-28 11:56:24.217 [restartedMain] INFO  com.project.travel.TravelApplication - The following 1 profile is active: "dev"
2026-06-28 11:56:24.874 [restartedMain] INFO  o.s.d.r.config.RepositoryConfigurationDelegate - Multiple Spring Data modules found, entering strict repository configuration mode
2026-06-28 11:56:24.875 [restartedMain] INFO  o.s.d.r.config.RepositoryConfigurationDelegate - Bootstrapping Spring Data Redis repositories in DEFAULT mode.
2026-06-28 11:56:24.923 [restartedMain] INFO  o.s.d.r.config.RepositoryConfigurationDelegate - Finished Spring Data repository scanning in 47 ms. Found 0 Redis repository interfaces.
2026-06-28 11:56:25.227 [restartedMain] INFO  o.s.boot.web.embedded.tomcat.TomcatWebServer - Tomcat initialized with port(s): 8080 (http)
2026-06-28 11:56:25.229 [restartedMain] INFO  org.apache.coyote.http11.Http11NioProtocol - Initializing ProtocolHandler ["http-nio-8080"]
2026-06-28 11:56:25.229 [restartedMain] INFO  org.apache.catalina.core.StandardService - Starting service [Tomcat]
2026-06-28 11:56:25.231 [restartedMain] INFO  org.apache.catalina.core.StandardEngine - Starting Servlet engine: [Apache Tomcat/9.0.83]
2026-06-28 11:56:25.279 [restartedMain] INFO  o.a.c.core.ContainerBase.[Tomcat].[localhost].[/] - Initializing Spring embedded WebApplicationContext
2026-06-28 11:56:25.279 [restartedMain] INFO  o.s.b.w.s.c.ServletWebServerApplicationContext - Root WebApplicationContext: initialization completed in 1059 ms
2026-06-28 11:56:25.337 [restartedMain] INFO  c.a.d.s.b.a.DruidDataSourceAutoConfigure - Init DruidDataSource
2026-06-28 11:56:25.554 [restartedMain] INFO  com.alibaba.druid.pool.DruidDataSource - {dataSource-6} inited
2026-06-28 11:56:29.978 [restartedMain] INFO  o.s.b.d.autoconfigure.OptionalLiveReloadServer - LiveReload server is running on port 35729
2026-06-28 11:56:30.007 [restartedMain] INFO  org.apache.coyote.http11.Http11NioProtocol - Starting ProtocolHandler ["http-nio-8080"]
2026-06-28 11:56:30.017 [restartedMain] INFO  o.s.boot.web.embedded.tomcat.TomcatWebServer - Tomcat started on port(s): 8080 (http) with context path ''
2026-06-28 11:56:30.022 [restartedMain] INFO  com.project.travel.TravelApplication - Started TravelApplication in 5.88 seconds (JVM running for 692.301)
2026-06-28 11:56:30.023 [restartedMain] INFO  o.s.b.d.a.ConditionEvaluationDeltaLoggingListener - Condition evaluation unchanged
2026-06-28 11:58:38.667 [SpringApplicationShutdownHook] INFO  com.alibaba.druid.pool.DruidDataSource - {dataSource-6} closing ...
2026-06-28 11:58:38.670 [SpringApplicationShutdownHook] INFO  com.alibaba.druid.pool.DruidDataSource - {dataSource-6} closed
2026-06-28 11:58:45.514 [restartedMain] INFO  com.project.travel.TravelApplication - Starting TravelApplication using Java 1.8.0_202 on dilireba with PID 35288 (C:\maven\travel_system\travel\travel\travel-server\target\classes started by solitude in C:\maven\travel_system\travel\travel\travel-server)
2026-06-28 11:58:45.516 [restartedMain] INFO  com.project.travel.TravelApplication - The following 1 profile is active: "dev"
2026-06-28 11:58:45.580 [restartedMain] INFO  o.s.b.d.env.DevToolsPropertyDefaultsPostProcessor - Devtools property defaults active! Set 'spring.devtools.add-properties' to 'false' to disable
2026-06-28 11:58:45.580 [restartedMain] INFO  o.s.b.d.env.DevToolsPropertyDefaultsPostProcessor - For additional web related logging consider setting the 'logging.level.web' property to 'DEBUG'
2026-06-28 11:58:46.107 [restartedMain] INFO  o.s.d.r.config.RepositoryConfigurationDelegate - Multiple Spring Data modules found, entering strict repository configuration mode
2026-06-28 11:58:46.108 [restartedMain] INFO  o.s.d.r.config.RepositoryConfigurationDelegate - Bootstrapping Spring Data Redis repositories in DEFAULT mode.
2026-06-28 11:58:46.133 [restartedMain] INFO  o.s.d.r.config.RepositoryConfigurationDelegate - Finished Spring Data repository scanning in 14 ms. Found 0 Redis repository interfaces.
2026-06-28 11:58:46.778 [restartedMain] INFO  o.s.boot.web.embedded.tomcat.TomcatWebServer - Tomcat initialized with port(s): 8080 (http)
2026-06-28 11:58:46.787 [restartedMain] INFO  org.apache.coyote.http11.Http11NioProtocol - Initializing ProtocolHandler ["http-nio-8080"]
2026-06-28 11:58:46.790 [restartedMain] INFO  org.apache.catalina.core.StandardService - Starting service [Tomcat]
2026-06-28 11:58:46.790 [restartedMain] INFO  org.apache.catalina.core.StandardEngine - Starting Servlet engine: [Apache Tomcat/9.0.83]
2026-06-28 11:58:46.873 [restartedMain] INFO  o.a.c.core.ContainerBase.[Tomcat].[localhost].[/] - Initializing Spring embedded WebApplicationContext
2026-06-28 11:58:46.873 [restartedMain] INFO  o.s.b.w.s.c.ServletWebServerApplicationContext - Root WebApplicationContext: initialization completed in 1293 ms
2026-06-28 11:58:47.222 [restartedMain] INFO  c.a.d.s.b.a.DruidDataSourceAutoConfigure - Init DruidDataSource
2026-06-28 11:58:48.573 [restartedMain] INFO  com.alibaba.druid.pool.DruidDataSource - {dataSource-1} inited
2026-06-28 11:58:51.319 [restartedMain] INFO  o.s.b.d.autoconfigure.OptionalLiveReloadServer - LiveReload server is running on port 35729
2026-06-28 11:58:51.350 [restartedMain] INFO  org.apache.coyote.http11.Http11NioProtocol - Starting ProtocolHandler ["http-nio-8080"]
2026-06-28 11:58:51.384 [restartedMain] INFO  o.s.boot.web.embedded.tomcat.TomcatWebServer - Tomcat started on port(s): 8080 (http) with context path ''
2026-06-28 11:58:51.397 [restartedMain] INFO  com.project.travel.TravelApplication - Started TravelApplication in 6.32 seconds (JVM running for 6.701)
2026-06-28 11:59:17.827 [http-nio-8080-exec-1] INFO  o.a.c.core.ContainerBase.[Tomcat].[localhost].[/] - Initializing Spring DispatcherServlet 'dispatcherServlet'
2026-06-28 11:59:17.827 [http-nio-8080-exec-1] INFO  org.springframework.web.servlet.DispatcherServlet - Initializing Servlet 'dispatcherServlet'
2026-06-28 11:59:17.827 [http-nio-8080-exec-1] INFO  org.springframework.web.servlet.DispatcherServlet - Completed initialization in 0 ms
2026-06-28 11:59:55.306 [http-nio-8080-exec-29] INFO  c.p.t.c.attractions.SysAttractionsController - 查询景点参数：SysAttractions(id=null, name=null, price=null, introduce=null, content=null, num=null, realName=null, images=null, scenicType=null, location=null, pv=null, open=null, time=null, state=1, createBy=null, createTime=null, updateBy=null, updateTime=null, pageNumber=1, pageSize=100)
2026-06-28 11:59:55.309 [http-nio-8080-exec-29] INFO  c.p.t.c.attractions.SysAttractionsController - location 参数值：null
2026-06-28 11:59:55.312 [http-nio-8080-exec-29] INFO  c.p.t.c.attractions.SysAttractionsController - 最终查询条件 SQL：(state = #{ew.paramNameValuePairs.MPGENVAL1}) ORDER BY create_time DESC
2026-06-28 11:59:55.355 [http-nio-8080-exec-22] INFO  c.p.t.c.attractions.SysAttractionsController - 查询景点参数：SysAttractions(id=null, name=null, price=null, introduce=null, content=null, num=null, realName=null, images=null, scenicType=null, location=null, pv=null, open=null, time=null, state=1, createBy=null, createTime=null, updateBy=null, updateTime=null, pageNumber=1, pageSize=100)
2026-06-28 11:59:55.355 [http-nio-8080-exec-30] INFO  c.p.t.c.attractions.SysAttractionsController - 查询景点参数：SysAttractions(id=null, name=, price=null, introduce=null, content=null, num=null, realName=null, images=null, scenicType=, location=, pv=null, open=null, time=null, state=1, createBy=null, createTime=null, updateBy=null, updateTime=null, pageNumber=1, pageSize=9)
2026-06-28 11:59:55.355 [http-nio-8080-exec-22] INFO  c.p.t.c.attractions.SysAttractionsController - location 参数值：null
2026-06-28 11:59:55.355 [http-nio-8080-exec-30] INFO  c.p.t.c.attractions.SysAttractionsController - location 参数值：
2026-06-28 11:59:55.356 [http-nio-8080-exec-22] INFO  c.p.t.c.attractions.SysAttractionsController - 最终查询条件 SQL：(state = #{ew.paramNameValuePairs.MPGENVAL1}) ORDER BY create_time DESC
2026-06-28 11:59:55.356 [http-nio-8080-exec-30] INFO  c.p.t.c.attractions.SysAttractionsController - 最终查询条件 SQL：(state = #{ew.paramNameValuePairs.MPGENVAL1}) ORDER BY create_time DESC
2026-06-28 11:59:55.366 [http-nio-8080-exec-29] INFO  c.p.t.c.attractions.SysAttractionsController - 查询结果数量：24
2026-06-28 11:59:55.384 [http-nio-8080-exec-30] INFO  c.p.t.c.attractions.SysAttractionsController - 查询结果数量：9
2026-06-28 11:59:55.393 [http-nio-8080-exec-22] INFO  c.p.t.c.attractions.SysAttractionsController - 查询结果数量：24
2026-06-28 11:59:56.696 [http-nio-8080-exec-44] INFO  c.p.t.c.attractions.SysAttractionsController - 查询景点参数：SysAttractions(id=null, name=null, price=null, introduce=null, content=null, num=null, realName=null, images=null, scenicType=null, location=null, pv=null, open=null, time=null, state=1, createBy=null, createTime=null, updateBy=null, updateTime=null, pageNumber=1, pageSize=100)
2026-06-28 11:59:56.696 [http-nio-8080-exec-44] INFO  c.p.t.c.attractions.SysAttractionsController - location 参数值：null
2026-06-28 11:59:56.698 [http-nio-8080-exec-44] INFO  c.p.t.c.attractions.SysAttractionsController - 最终查询条件 SQL：(state = #{ew.paramNameValuePairs.MPGENVAL1}) ORDER BY create_time DESC
2026-06-28 11:59:56.716 [http-nio-8080-exec-44] INFO  c.p.t.c.attractions.SysAttractionsController - 查询结果数量：24
2026-06-28 12:02:42.238 [File Watcher] INFO  o.s.b.d.a.LocalDevToolsAutoConfiguration$RestartingClassPathChangeChangedEventListener - Restarting due to 1 class path change (0 additions, 0 deletions, 1 modification)
2026-06-28 12:02:45.051 [Thread-7] INFO  org.apache.coyote.http11.Http11NioProtocol - Pausing ProtocolHandler ["http-nio-8080"]
2026-06-28 12:02:45.051 [Thread-7] INFO  org.apache.catalina.core.StandardService - Stopping service [Tomcat]
2026-06-28 12:02:45.053 [Thread-7] INFO  o.a.c.core.ContainerBase.[Tomcat].[localhost].[/] - Destroying Spring FrameworkServlet 'dispatcherServlet'
2026-06-28 12:02:45.097 [Thread-7] INFO  org.apache.coyote.http11.Http11NioProtocol - Stopping ProtocolHandler ["http-nio-8080"]
2026-06-28 12:02:45.112 [Thread-7] INFO  org.apache.coyote.http11.Http11NioProtocol - Destroying ProtocolHandler ["http-nio-8080"]
2026-06-28 12:02:45.124 [Thread-7] INFO  com.alibaba.druid.pool.DruidDataSource - {dataSource-1} closing ...
2026-06-28 12:02:45.132 [Thread-7] INFO  com.alibaba.druid.pool.DruidDataSource - {dataSource-1} closed
2026-06-28 12:02:45.724 [restartedMain] INFO  com.project.travel.TravelApplication - Starting TravelApplication using Java 1.8.0_202 on dilireba with PID 35288 (C:\maven\travel_system\travel\travel\travel-server\target\classes started by solitude in C:\maven\travel_system\travel\travel\travel-server)
2026-06-28 12:02:45.724 [restartedMain] INFO  com.project.travel.TravelApplication - The following 1 profile is active: "dev"
2026-06-28 12:02:46.247 [restartedMain] INFO  o.s.d.r.config.RepositoryConfigurationDelegate - Multiple Spring Data modules found, entering strict repository configuration mode
2026-06-28 12:02:46.247 [restartedMain] INFO  o.s.d.r.config.RepositoryConfigurationDelegate - Bootstrapping Spring Data Redis repositories in DEFAULT mode.
2026-06-28 12:02:46.287 [restartedMain] INFO  o.s.d.r.config.RepositoryConfigurationDelegate - Finished Spring Data repository scanning in 39 ms. Found 0 Redis repository interfaces.
2026-06-28 12:02:47.009 [restartedMain] INFO  o.s.boot.web.embedded.tomcat.TomcatWebServer - Tomcat initialized with port(s): 8080 (http)
2026-06-28 12:02:47.011 [restartedMain] INFO  org.apache.coyote.http11.Http11NioProtocol - Initializing ProtocolHandler ["http-nio-8080"]
2026-06-28 12:02:47.011 [restartedMain] INFO  org.apache.catalina.core.StandardService - Starting service [Tomcat]
2026-06-28 12:02:47.012 [restartedMain] INFO  org.apache.catalina.core.StandardEngine - Starting Servlet engine: [Apache Tomcat/9.0.83]
2026-06-28 12:02:47.044 [restartedMain] INFO  o.a.c.core.ContainerBase.[Tomcat].[localhost].[/] - Initializing Spring embedded WebApplicationContext
2026-06-28 12:02:47.044 [restartedMain] INFO  o.s.b.w.s.c.ServletWebServerApplicationContext - Root WebApplicationContext: initialization completed in 1315 ms
2026-06-28 12:02:47.157 [restartedMain] INFO  c.a.d.s.b.a.DruidDataSourceAutoConfigure - Init DruidDataSource
2026-06-28 12:02:47.346 [restartedMain] INFO  com.alibaba.druid.pool.DruidDataSource - {dataSource-2} inited
2026-06-28 12:02:51.534 [restartedMain] INFO  o.s.b.d.autoconfigure.OptionalLiveReloadServer - LiveReload server is running on port 35729
2026-06-28 12:02:51.565 [restartedMain] INFO  org.apache.coyote.http11.Http11NioProtocol - Starting ProtocolHandler ["http-nio-8080"]
2026-06-28 12:02:51.581 [restartedMain] INFO  o.s.boot.web.embedded.tomcat.TomcatWebServer - Tomcat started on port(s): 8080 (http) with context path ''
2026-06-28 12:02:51.587 [restartedMain] INFO  com.project.travel.TravelApplication - Started TravelApplication in 6.017 seconds (JVM running for 246.89)
2026-06-28 12:02:51.590 [restartedMain] INFO  o.s.b.d.a.ConditionEvaluationDeltaLoggingListener - Condition evaluation unchanged
2026-06-28 12:03:06.102 [File Watcher] INFO  o.s.b.d.a.LocalDevToolsAutoConfiguration$RestartingClassPathChangeChangedEventListener - Restarting due to 1 class path change (0 additions, 0 deletions, 1 modification)
2026-06-28 12:03:09.102 [Thread-9] INFO  org.apache.coyote.http11.Http11NioProtocol - Pausing ProtocolHandler ["http-nio-8080"]
2026-06-28 12:03:09.103 [Thread-9] INFO  org.apache.catalina.core.StandardService - Stopping service [Tomcat]
2026-06-28 12:03:09.116 [Thread-9] INFO  org.apache.coyote.http11.Http11NioProtocol - Stopping ProtocolHandler ["http-nio-8080"]
2026-06-28 12:03:09.124 [Thread-9] INFO  org.apache.coyote.http11.Http11NioProtocol - Destroying ProtocolHandler ["http-nio-8080"]
2026-06-28 12:03:09.132 [Thread-9] INFO  com.alibaba.druid.pool.DruidDataSource - {dataSource-2} closing ...
2026-06-28 12:03:09.142 [Thread-9] INFO  com.alibaba.druid.pool.DruidDataSource - {dataSource-2} closed
2026-06-28 12:03:09.851 [restartedMain] INFO  com.project.travel.TravelApplication - Starting TravelApplication using Java 1.8.0_202 on dilireba with PID 35288 (C:\maven\travel_system\travel\travel\travel-server\target\classes started by solitude in C:\maven\travel_system\travel\travel\travel-server)
2026-06-28 12:03:09.851 [restartedMain] INFO  com.project.travel.TravelApplication - The following 1 profile is active: "dev"
2026-06-28 12:03:10.428 [restartedMain] INFO  o.s.d.r.config.RepositoryConfigurationDelegate - Multiple Spring Data modules found, entering strict repository configuration mode
2026-06-28 12:03:10.428 [restartedMain] INFO  o.s.d.r.config.RepositoryConfigurationDelegate - Bootstrapping Spring Data Redis repositories in DEFAULT mode.
2026-06-28 12:03:10.467 [restartedMain] INFO  o.s.d.r.config.RepositoryConfigurationDelegate - Finished Spring Data repository scanning in 38 ms. Found 0 Redis repository interfaces.
2026-06-28 12:03:10.705 [restartedMain] INFO  o.s.boot.web.embedded.tomcat.TomcatWebServer - Tomcat initialized with port(s): 8080 (http)
2026-06-28 12:03:10.706 [restartedMain] INFO  org.apache.coyote.http11.Http11NioProtocol - Initializing ProtocolHandler ["http-nio-8080"]
2026-06-28 12:03:10.706 [restartedMain] INFO  org.apache.catalina.core.StandardService - Starting service [Tomcat]
2026-06-28 12:03:10.707 [restartedMain] INFO  org.apache.catalina.core.StandardEngine - Starting Servlet engine: [Apache Tomcat/9.0.83]
2026-06-28 12:03:10.748 [restartedMain] INFO  o.a.c.core.ContainerBase.[Tomcat].[localhost].[/] - Initializing Spring embedded WebApplicationContext
2026-06-28 12:03:10.748 [restartedMain] INFO  o.s.b.w.s.c.ServletWebServerApplicationContext - Root WebApplicationContext: initialization completed in 889 ms
2026-06-28 12:03:10.818 [restartedMain] INFO  c.a.d.s.b.a.DruidDataSourceAutoConfigure - Init DruidDataSource
2026-06-28 12:03:11.326 [restartedMain] INFO  com.alibaba.druid.pool.DruidDataSource - {dataSource-3} inited
2026-06-28 12:03:16.379 [restartedMain] INFO  o.s.b.d.autoconfigure.OptionalLiveReloadServer - LiveReload server is running on port 35729
2026-06-28 12:03:16.402 [restartedMain] INFO  org.apache.coyote.http11.Http11NioProtocol - Starting ProtocolHandler ["http-nio-8080"]
2026-06-28 12:03:16.418 [restartedMain] INFO  o.s.boot.web.embedded.tomcat.TomcatWebServer - Tomcat started on port(s): 8080 (http) with context path ''
2026-06-28 12:03:16.423 [restartedMain] INFO  com.project.travel.TravelApplication - Started TravelApplication in 6.695 seconds (JVM running for 271.727)
2026-06-28 12:03:16.423 [restartedMain] INFO  o.s.b.d.a.ConditionEvaluationDeltaLoggingListener - Condition evaluation unchanged
2026-06-28 12:03:50.979 [SpringApplicationShutdownHook] INFO  com.alibaba.druid.pool.DruidDataSource - {dataSource-3} closing ...
2026-06-28 12:03:50.983 [SpringApplicationShutdownHook] INFO  com.alibaba.druid.pool.DruidDataSource - {dataSource-3} closed
2026-06-28 12:05:25.972 [restartedMain] INFO  com.project.travel.TravelApplication - Starting TravelApplication using Java 1.8.0_202 on dilireba with PID 13952 (C:\maven\travel_system\travel\travel\travel-server\target\classes started by solitude in C:\maven\travel_system\travel\travel\travel-server)
2026-06-28 12:05:25.974 [restartedMain] INFO  com.project.travel.TravelApplication - The following 1 profile is active: "dev"
2026-06-28 12:05:26.039 [restartedMain] INFO  o.s.b.d.env.DevToolsPropertyDefaultsPostProcessor - Devtools property defaults active! Set 'spring.devtools.add-properties' to 'false' to disable
2026-06-28 12:05:26.040 [restartedMain] INFO  o.s.b.d.env.DevToolsPropertyDefaultsPostProcessor - For additional web related logging consider setting the 'logging.level.web' property to 'DEBUG'
2026-06-28 12:05:26.575 [restartedMain] INFO  o.s.d.r.config.RepositoryConfigurationDelegate - Multiple Spring Data modules found, entering strict repository configuration mode
2026-06-28 12:05:26.577 [restartedMain] INFO  o.s.d.r.config.RepositoryConfigurationDelegate - Bootstrapping Spring Data Redis repositories in DEFAULT mode.
2026-06-28 12:05:26.601 [restartedMain] INFO  o.s.d.r.config.RepositoryConfigurationDelegate - Finished Spring Data repository scanning in 14 ms. Found 0 Redis repository interfaces.
2026-06-28 12:05:27.215 [restartedMain] INFO  o.s.boot.web.embedded.tomcat.TomcatWebServer - Tomcat initialized with port(s): 8080 (http)
2026-06-28 12:05:27.223 [restartedMain] INFO  org.apache.coyote.http11.Http11NioProtocol - Initializing ProtocolHandler ["http-nio-8080"]
2026-06-28 12:05:27.225 [restartedMain] INFO  org.apache.catalina.core.StandardService - Starting service [Tomcat]
2026-06-28 12:05:27.225 [restartedMain] INFO  org.apache.catalina.core.StandardEngine - Starting Servlet engine: [Apache Tomcat/9.0.83]
2026-06-28 12:05:27.294 [restartedMain] INFO  o.a.c.core.ContainerBase.[Tomcat].[localhost].[/] - Initializing Spring embedded WebApplicationContext
2026-06-28 12:05:27.295 [restartedMain] INFO  o.s.b.w.s.c.ServletWebServerApplicationContext - Root WebApplicationContext: initialization completed in 1255 ms
2026-06-28 12:05:27.644 [restartedMain] INFO  c.a.d.s.b.a.DruidDataSourceAutoConfigure - Init DruidDataSource
2026-06-28 12:05:29.102 [restartedMain] INFO  com.alibaba.druid.pool.DruidDataSource - {dataSource-1} inited
2026-06-28 12:05:31.789 [restartedMain] INFO  o.s.b.d.autoconfigure.OptionalLiveReloadServer - LiveReload server is running on port 35729
2026-06-28 12:05:31.817 [restartedMain] INFO  org.apache.coyote.http11.Http11NioProtocol - Starting ProtocolHandler ["http-nio-8080"]
2026-06-28 12:05:31.851 [restartedMain] INFO  o.s.boot.web.embedded.tomcat.TomcatWebServer - Tomcat started on port(s): 8080 (http) with context path ''
2026-06-28 12:05:31.865 [restartedMain] INFO  com.project.travel.TravelApplication - Started TravelApplication in 6.339 seconds (JVM running for 6.734)
2026-06-28 12:05:55.368 [http-nio-8080-exec-2] INFO  o.a.c.core.ContainerBase.[Tomcat].[localhost].[/] - Initializing Spring DispatcherServlet 'dispatcherServlet'
2026-06-28 12:05:55.369 [http-nio-8080-exec-2] INFO  org.springframework.web.servlet.DispatcherServlet - Initializing Servlet 'dispatcherServlet'
2026-06-28 12:05:55.371 [http-nio-8080-exec-2] INFO  org.springframework.web.servlet.DispatcherServlet - Completed initialization in 2 ms
2026-06-28 12:07:55.542 [File Watcher] INFO  o.s.b.d.a.LocalDevToolsAutoConfiguration$RestartingClassPathChangeChangedEventListener - Restarting due to 1 class path change (0 additions, 0 deletions, 1 modification)
2026-06-28 12:07:58.245 [Thread-7] INFO  org.apache.coyote.http11.Http11NioProtocol - Pausing ProtocolHandler ["http-nio-8080"]
2026-06-28 12:07:58.245 [Thread-7] INFO  org.apache.catalina.core.StandardService - Stopping service [Tomcat]
2026-06-28 12:07:58.248 [Thread-7] INFO  o.a.c.core.ContainerBase.[Tomcat].[localhost].[/] - Destroying Spring FrameworkServlet 'dispatcherServlet'
2026-06-28 12:07:58.271 [Thread-7] INFO  org.apache.coyote.http11.Http11NioProtocol - Stopping ProtocolHandler ["http-nio-8080"]
2026-06-28 12:07:58.287 [Thread-7] INFO  org.apache.coyote.http11.Http11NioProtocol - Destroying ProtocolHandler ["http-nio-8080"]
2026-06-28 12:07:58.298 [Thread-7] INFO  com.alibaba.druid.pool.DruidDataSource - {dataSource-1} closing ...
2026-06-28 12:07:58.311 [Thread-7] INFO  com.alibaba.druid.pool.DruidDataSource - {dataSource-1} closed
2026-06-28 12:07:59.010 [restartedMain] INFO  com.project.travel.TravelApplication - Starting TravelApplication using Java 1.8.0_202 on dilireba with PID 13952 (C:\maven\travel_system\travel\travel\travel-server\target\classes started by solitude in C:\maven\travel_system\travel\travel\travel-server)
2026-06-28 12:07:59.010 [restartedMain] INFO  com.project.travel.TravelApplication - The following 1 profile is active: "dev"
2026-06-28 12:07:59.697 [restartedMain] INFO  o.s.d.r.config.RepositoryConfigurationDelegate - Multiple Spring Data modules found, entering strict repository configuration mode
2026-06-28 12:07:59.698 [restartedMain] INFO  o.s.d.r.config.RepositoryConfigurationDelegate - Bootstrapping Spring Data Redis repositories in DEFAULT mode.
2026-06-28 12:07:59.750 [restartedMain] INFO  o.s.d.r.config.RepositoryConfigurationDelegate - Finished Spring Data repository scanning in 51 ms. Found 0 Redis repository interfaces.
2026-06-28 12:08:00.916 [restartedMain] INFO  o.s.boot.web.embedded.tomcat.TomcatWebServer - Tomcat initialized with port(s): 8080 (http)
2026-06-28 12:08:00.916 [restartedMain] INFO  org.apache.coyote.http11.Http11NioProtocol - Initializing ProtocolHandler ["http-nio-8080"]
2026-06-28 12:08:00.917 [restartedMain] INFO  org.apache.catalina.core.StandardService - Starting service [Tomcat]
2026-06-28 12:08:00.918 [restartedMain] INFO  org.apache.catalina.core.StandardEngine - Starting Servlet engine: [Apache Tomcat/9.0.83]
2026-06-28 12:08:00.965 [restartedMain] INFO  o.a.c.core.ContainerBase.[Tomcat].[localhost].[/] - Initializing Spring embedded WebApplicationContext
2026-06-28 12:08:00.966 [restartedMain] INFO  o.s.b.w.s.c.ServletWebServerApplicationContext - Root WebApplicationContext: initialization completed in 1941 ms
2026-06-28 12:08:01.124 [restartedMain] INFO  c.a.d.s.b.a.DruidDataSourceAutoConfigure - Init DruidDataSource
2026-06-28 12:08:01.318 [restartedMain] INFO  com.alibaba.druid.pool.DruidDataSource - {dataSource-2} inited
2026-06-28 12:08:05.295 [restartedMain] INFO  o.s.b.d.autoconfigure.OptionalLiveReloadServer - LiveReload server is running on port 35729
2026-06-28 12:08:05.341 [restartedMain] INFO  org.apache.coyote.http11.Http11NioProtocol - Starting ProtocolHandler ["http-nio-8080"]
2026-06-28 12:08:05.388 [restartedMain] INFO  o.s.boot.web.embedded.tomcat.TomcatWebServer - Tomcat started on port(s): 8080 (http) with context path ''
2026-06-28 12:08:05.410 [restartedMain] INFO  com.project.travel.TravelApplication - Started TravelApplication in 6.592 seconds (JVM running for 160.278)
2026-06-28 12:08:05.417 [restartedMain] INFO  o.s.b.d.a.ConditionEvaluationDeltaLoggingListener - Condition evaluation unchanged
2026-06-28 12:08:11.269 [File Watcher] INFO  o.s.b.d.a.LocalDevToolsAutoConfiguration$RestartingClassPathChangeChangedEventListener - Restarting due to 1 class path change (0 additions, 0 deletions, 1 modification)
2026-06-28 12:08:13.783 [Thread-9] INFO  org.apache.coyote.http11.Http11NioProtocol - Pausing ProtocolHandler ["http-nio-8080"]
2026-06-28 12:08:13.785 [Thread-9] INFO  org.apache.catalina.core.StandardService - Stopping service [Tomcat]
2026-06-28 12:08:13.794 [Thread-9] INFO  org.apache.coyote.http11.Http11NioProtocol - Stopping ProtocolHandler ["http-nio-8080"]
2026-06-28 12:08:13.818 [Thread-9] INFO  org.apache.coyote.http11.Http11NioProtocol - Destroying ProtocolHandler ["http-nio-8080"]
2026-06-28 12:08:13.828 [Thread-9] INFO  com.alibaba.druid.pool.DruidDataSource - {dataSource-2} closing ...
2026-06-28 12:08:13.837 [Thread-9] INFO  com.alibaba.druid.pool.DruidDataSource - {dataSource-2} closed
2026-06-28 12:08:14.512 [restartedMain] INFO  com.project.travel.TravelApplication - Starting TravelApplication using Java 1.8.0_202 on dilireba with PID 13952 (C:\maven\travel_system\travel\travel\travel-server\target\classes started by solitude in C:\maven\travel_system\travel\travel\travel-server)
2026-06-28 12:08:14.513 [restartedMain] INFO  com.project.travel.TravelApplication - The following 1 profile is active: "dev"
2026-06-28 12:08:14.963 [restartedMain] INFO  o.s.d.r.config.RepositoryConfigurationDelegate - Multiple Spring Data modules found, entering strict repository configuration mode
2026-06-28 12:08:14.964 [restartedMain] INFO  o.s.d.r.config.RepositoryConfigurationDelegate - Bootstrapping Spring Data Redis repositories in DEFAULT mode.
2026-06-28 12:08:15.001 [restartedMain] INFO  o.s.d.r.config.RepositoryConfigurationDelegate - Finished Spring Data repository scanning in 36 ms. Found 0 Redis repository interfaces.
2026-06-28 12:08:15.236 [restartedMain] INFO  o.s.boot.web.embedded.tomcat.TomcatWebServer - Tomcat initialized with port(s): 8080 (http)
2026-06-28 12:08:15.237 [restartedMain] INFO  org.apache.coyote.http11.Http11NioProtocol - Initializing ProtocolHandler ["http-nio-8080"]
2026-06-28 12:08:15.237 [restartedMain] INFO  org.apache.catalina.core.StandardService - Starting service [Tomcat]
2026-06-28 12:08:15.239 [restartedMain] INFO  org.apache.catalina.core.StandardEngine - Starting Servlet engine: [Apache Tomcat/9.0.83]
2026-06-28 12:08:15.285 [restartedMain] INFO  o.a.c.core.ContainerBase.[Tomcat].[localhost].[/] - Initializing Spring embedded WebApplicationContext
2026-06-28 12:08:15.286 [restartedMain] INFO  o.s.b.w.s.c.ServletWebServerApplicationContext - Root WebApplicationContext: initialization completed in 768 ms
2026-06-28 12:08:15.364 [restartedMain] INFO  c.a.d.s.b.a.DruidDataSourceAutoConfigure - Init DruidDataSource
2026-06-28 12:08:15.793 [restartedMain] INFO  com.alibaba.druid.pool.DruidDataSource - {dataSource-3} inited
2026-06-28 12:08:19.393 [restartedMain] INFO  o.s.b.d.autoconfigure.OptionalLiveReloadServer - LiveReload server is running on port 35729
2026-06-28 12:08:19.418 [restartedMain] INFO  org.apache.coyote.http11.Http11NioProtocol - Starting ProtocolHandler ["http-nio-8080"]
2026-06-28 12:08:19.427 [restartedMain] INFO  o.s.boot.web.embedded.tomcat.TomcatWebServer - Tomcat started on port(s): 8080 (http) with context path ''
2026-06-28 12:08:19.433 [restartedMain] INFO  com.project.travel.TravelApplication - Started TravelApplication in 5.05 seconds (JVM running for 174.301)
2026-06-28 12:08:19.434 [restartedMain] INFO  o.s.b.d.a.ConditionEvaluationDeltaLoggingListener - Condition evaluation unchanged
2026-06-28 12:11:55.926 [SpringApplicationShutdownHook] INFO  com.alibaba.druid.pool.DruidDataSource - {dataSource-3} closing ...
2026-06-28 12:11:55.930 [SpringApplicationShutdownHook] INFO  com.alibaba.druid.pool.DruidDataSource - {dataSource-3} closed
2026-06-28 12:12:02.294 [restartedMain] INFO  com.project.travel.TravelApplication - Starting TravelApplication using Java 1.8.0_202 on dilireba with PID 35348 (C:\maven\travel_system\travel\travel\travel-server\target\classes started by solitude in C:\maven\travel_system\travel\travel\travel-server)
2026-06-28 12:12:02.296 [restartedMain] INFO  com.project.travel.TravelApplication - The following 1 profile is active: "dev"
2026-06-28 12:12:02.379 [restartedMain] INFO  o.s.b.d.env.DevToolsPropertyDefaultsPostProcessor - Devtools property defaults active! Set 'spring.devtools.add-properties' to 'false' to disable
2026-06-28 12:12:02.379 [restartedMain] INFO  o.s.b.d.env.DevToolsPropertyDefaultsPostProcessor - For additional web related logging consider setting the 'logging.level.web' property to 'DEBUG'
2026-06-28 12:12:02.956 [restartedMain] INFO  o.s.d.r.config.RepositoryConfigurationDelegate - Multiple Spring Data modules found, entering strict repository configuration mode
2026-06-28 12:12:02.959 [restartedMain] INFO  o.s.d.r.config.RepositoryConfigurationDelegate - Bootstrapping Spring Data Redis repositories in DEFAULT mode.
2026-06-28 12:12:02.988 [restartedMain] INFO  o.s.d.r.config.RepositoryConfigurationDelegate - Finished Spring Data repository scanning in 18 ms. Found 0 Redis repository interfaces.
2026-06-28 12:12:03.616 [restartedMain] INFO  o.s.boot.web.embedded.tomcat.TomcatWebServer - Tomcat initialized with port(s): 8080 (http)
2026-06-28 12:12:03.623 [restartedMain] INFO  org.apache.coyote.http11.Http11NioProtocol - Initializing ProtocolHandler ["http-nio-8080"]
2026-06-28 12:12:03.625 [restartedMain] INFO  org.apache.catalina.core.StandardService - Starting service [Tomcat]
2026-06-28 12:12:03.625 [restartedMain] INFO  org.apache.catalina.core.StandardEngine - Starting Servlet engine: [Apache Tomcat/9.0.83]
2026-06-28 12:12:03.694 [restartedMain] INFO  o.a.c.core.ContainerBase.[Tomcat].[localhost].[/] - Initializing Spring embedded WebApplicationContext
2026-06-28 12:12:03.694 [restartedMain] INFO  o.s.b.w.s.c.ServletWebServerApplicationContext - Root WebApplicationContext: initialization completed in 1314 ms
2026-06-28 12:12:04.051 [restartedMain] INFO  c.a.d.s.b.a.DruidDataSourceAutoConfigure - Init DruidDataSource
2026-06-28 12:12:05.361 [restartedMain] INFO  com.alibaba.druid.pool.DruidDataSource - {dataSource-1} inited
2026-06-28 12:12:08.281 [restartedMain] INFO  o.s.b.d.autoconfigure.OptionalLiveReloadServer - LiveReload server is running on port 35729
2026-06-28 12:12:08.310 [restartedMain] INFO  org.apache.coyote.http11.Http11NioProtocol - Starting ProtocolHandler ["http-nio-8080"]
2026-06-28 12:12:08.341 [restartedMain] INFO  o.s.boot.web.embedded.tomcat.TomcatWebServer - Tomcat started on port(s): 8080 (http) with context path ''
2026-06-28 12:12:08.356 [restartedMain] INFO  com.project.travel.TravelApplication - Started TravelApplication in 6.459 seconds (JVM running for 6.825)
2026-06-28 12:12:47.818 [http-nio-8080-exec-1] INFO  o.a.c.core.ContainerBase.[Tomcat].[localhost].[/] - Initializing Spring DispatcherServlet 'dispatcherServlet'
2026-06-28 12:12:47.819 [http-nio-8080-exec-1] INFO  org.springframework.web.servlet.DispatcherServlet - Initializing Servlet 'dispatcherServlet'
2026-06-28 12:12:47.822 [http-nio-8080-exec-1] INFO  org.springframework.web.servlet.DispatcherServlet - Completed initialization in 3 ms
2026-06-28 12:15:10.266 [File Watcher] INFO  o.s.b.d.a.LocalDevToolsAutoConfiguration$RestartingClassPathChangeChangedEventListener - Restarting due to 6 class path changes (0 additions, 0 deletions, 6 modifications)
2026-06-28 12:15:13.156 [Thread-7] INFO  org.apache.coyote.http11.Http11NioProtocol - Pausing ProtocolHandler ["http-nio-8080"]
2026-06-28 12:15:13.157 [Thread-7] INFO  org.apache.catalina.core.StandardService - Stopping service [Tomcat]
2026-06-28 12:15:13.160 [Thread-7] INFO  o.a.c.core.ContainerBase.[Tomcat].[localhost].[/] - Destroying Spring FrameworkServlet 'dispatcherServlet'
2026-06-28 12:15:13.170 [Thread-7] INFO  org.apache.coyote.http11.Http11NioProtocol - Stopping ProtocolHandler ["http-nio-8080"]
2026-06-28 12:15:13.186 [Thread-7] INFO  org.apache.coyote.http11.Http11NioProtocol - Destroying ProtocolHandler ["http-nio-8080"]
2026-06-28 12:15:13.201 [Thread-7] INFO  com.alibaba.druid.pool.DruidDataSource - {dataSource-1} closing ...
2026-06-28 12:15:13.211 [Thread-7] INFO  com.alibaba.druid.pool.DruidDataSource - {dataSource-1} closed
2026-06-28 12:15:13.690 [restartedMain] INFO  com.project.travel.TravelApplication - Starting TravelApplication using Java 1.8.0_202 on dilireba with PID 35348 (C:\maven\travel_system\travel\travel\travel-server\target\classes started by solitude in C:\maven\travel_system\travel\travel\travel-server)
2026-06-28 12:15:13.690 [restartedMain] INFO  com.project.travel.TravelApplication - The following 1 profile is active: "dev"
2026-06-28 12:15:14.313 [restartedMain] INFO  o.s.d.r.config.RepositoryConfigurationDelegate - Multiple Spring Data modules found, entering strict repository configuration mode
2026-06-28 12:15:14.314 [restartedMain] INFO  o.s.d.r.config.RepositoryConfigurationDelegate - Bootstrapping Spring Data Redis repositories in DEFAULT mode.
2026-06-28 12:15:14.359 [restartedMain] INFO  o.s.d.r.config.RepositoryConfigurationDelegate - Finished Spring Data repository scanning in 43 ms. Found 0 Redis repository interfaces.
2026-06-28 12:15:14.905 [restartedMain] INFO  o.s.boot.web.embedded.tomcat.TomcatWebServer - Tomcat initialized with port(s): 8080 (http)
2026-06-28 12:15:14.905 [restartedMain] INFO  org.apache.coyote.http11.Http11NioProtocol - Initializing ProtocolHandler ["http-nio-8080"]
2026-06-28 12:15:14.908 [restartedMain] INFO  org.apache.catalina.core.StandardService - Starting service [Tomcat]
2026-06-28 12:15:14.909 [restartedMain] INFO  org.apache.catalina.core.StandardEngine - Starting Servlet engine: [Apache Tomcat/9.0.83]
2026-06-28 12:15:14.964 [restartedMain] INFO  o.a.c.core.ContainerBase.[Tomcat].[localhost].[/] - Initializing Spring embedded WebApplicationContext
2026-06-28 12:15:14.964 [restartedMain] INFO  o.s.b.w.s.c.ServletWebServerApplicationContext - Root WebApplicationContext: initialization completed in 1268 ms
2026-06-28 12:15:15.082 [restartedMain] INFO  c.a.d.s.b.a.DruidDataSourceAutoConfigure - Init DruidDataSource
2026-06-28 12:15:15.267 [restartedMain] INFO  com.alibaba.druid.pool.DruidDataSource - {dataSource-2} inited
2026-06-28 12:15:19.440 [restartedMain] INFO  o.s.b.d.autoconfigure.OptionalLiveReloadServer - LiveReload server is running on port 35729
2026-06-28 12:15:19.450 [restartedMain] INFO  org.apache.coyote.http11.Http11NioProtocol - Starting ProtocolHandler ["http-nio-8080"]
2026-06-28 12:15:19.456 [restartedMain] INFO  o.s.boot.web.embedded.tomcat.TomcatWebServer - Tomcat started on port(s): 8080 (http) with context path ''
2026-06-28 12:15:19.459 [restartedMain] INFO  com.project.travel.TravelApplication - Started TravelApplication in 5.896 seconds (JVM running for 197.928)
2026-06-28 12:15:19.460 [restartedMain] INFO  o.s.b.d.a.ConditionEvaluationDeltaLoggingListener - Condition evaluation unchanged
2026-06-28 12:15:23.488 [SpringApplicationShutdownHook] INFO  com.alibaba.druid.pool.DruidDataSource - {dataSource-2} closing ...
2026-06-28 12:15:23.491 [SpringApplicationShutdownHook] INFO  com.alibaba.druid.pool.DruidDataSource - {dataSource-2} closed
2026-06-28 12:15:29.858 [restartedMain] INFO  com.project.travel.TravelApplication - Starting TravelApplication using Java 1.8.0_202 on dilireba with PID 26948 (C:\maven\travel_system\travel\travel\travel-server\target\classes started by solitude in C:\maven\travel_system\travel\travel\travel-server)
2026-06-28 12:15:29.860 [restartedMain] INFO  com.project.travel.TravelApplication - The following 1 profile is active: "dev"
2026-06-28 12:15:29.938 [restartedMain] INFO  o.s.b.d.env.DevToolsPropertyDefaultsPostProcessor - Devtools property defaults active! Set 'spring.devtools.add-properties' to 'false' to disable
2026-06-28 12:15:29.938 [restartedMain] INFO  o.s.b.d.env.DevToolsPropertyDefaultsPostProcessor - For additional web related logging consider setting the 'logging.level.web' property to 'DEBUG'
2026-06-28 12:15:30.458 [restartedMain] INFO  o.s.d.r.config.RepositoryConfigurationDelegate - Multiple Spring Data modules found, entering strict repository configuration mode
2026-06-28 12:15:30.460 [restartedMain] INFO  o.s.d.r.config.RepositoryConfigurationDelegate - Bootstrapping Spring Data Redis repositories in DEFAULT mode.
2026-06-28 12:15:30.486 [restartedMain] INFO  o.s.d.r.config.RepositoryConfigurationDelegate - Finished Spring Data repository scanning in 14 ms. Found 0 Redis repository interfaces.
2026-06-28 12:15:31.111 [restartedMain] INFO  o.s.boot.web.embedded.tomcat.TomcatWebServer - Tomcat initialized with port(s): 8080 (http)
2026-06-28 12:15:31.118 [restartedMain] INFO  org.apache.coyote.http11.Http11NioProtocol - Initializing ProtocolHandler ["http-nio-8080"]
2026-06-28 12:15:31.119 [restartedMain] INFO  org.apache.catalina.core.StandardService - Starting service [Tomcat]
2026-06-28 12:15:31.120 [restartedMain] INFO  org.apache.catalina.core.StandardEngine - Starting Servlet engine: [Apache Tomcat/9.0.83]
2026-06-28 12:15:31.194 [restartedMain] INFO  o.a.c.core.ContainerBase.[Tomcat].[localhost].[/] - Initializing Spring embedded WebApplicationContext
2026-06-28 12:15:31.194 [restartedMain] INFO  o.s.b.w.s.c.ServletWebServerApplicationContext - Root WebApplicationContext: initialization completed in 1256 ms
2026-06-28 12:15:31.562 [restartedMain] INFO  c.a.d.s.b.a.DruidDataSourceAutoConfigure - Init DruidDataSource
2026-06-28 12:15:33.220 [restartedMain] INFO  com.alibaba.druid.pool.DruidDataSource - {dataSource-1} inited
2026-06-28 12:15:36.038 [restartedMain] INFO  o.s.b.d.autoconfigure.OptionalLiveReloadServer - LiveReload server is running on port 35729
2026-06-28 12:15:36.057 [restartedMain] INFO  org.apache.coyote.http11.Http11NioProtocol - Starting ProtocolHandler ["http-nio-8080"]
2026-06-28 12:15:36.088 [restartedMain] INFO  o.s.boot.web.embedded.tomcat.TomcatWebServer - Tomcat started on port(s): 8080 (http) with context path ''
2026-06-28 12:15:36.099 [restartedMain] INFO  com.project.travel.TravelApplication - Started TravelApplication in 6.65 seconds (JVM running for 7.037)
2026-06-28 12:16:20.920 [http-nio-8080-exec-4] INFO  o.a.c.core.ContainerBase.[Tomcat].[localhost].[/] - Initializing Spring DispatcherServlet 'dispatcherServlet'
2026-06-28 12:16:20.921 [http-nio-8080-exec-4] INFO  org.springframework.web.servlet.DispatcherServlet - Initializing Servlet 'dispatcherServlet'
2026-06-28 12:16:20.923 [http-nio-8080-exec-4] INFO  org.springframework.web.servlet.DispatcherServlet - Completed initialization in 2 ms
2026-06-28 12:16:30.530 [http-nio-8080-exec-19] INFO  com.project.travel.handle.MyMetaObjectHandler - 公共字段自动填充[insert]...
2026-06-28 12:57:06.979 [http-nio-8080-exec-33] INFO  com.project.travel.handle.MyMetaObjectHandler - 公共字段自动填充[insert]...
2026-06-28 12:57:36.956 [http-nio-8080-exec-34] INFO  com.project.travel.handle.MyMetaObjectHandler - 公共字段自动填充[insert]...
2026-06-28 12:58:17.745 [File Watcher] INFO  o.s.b.d.a.LocalDevToolsAutoConfiguration$RestartingClassPathChangeChangedEventListener - Restarting due to 1 class path change (0 additions, 0 deletions, 1 modification)
2026-06-28 12:58:20.793 [Thread-7] INFO  org.apache.coyote.http11.Http11NioProtocol - Pausing ProtocolHandler ["http-nio-8080"]
2026-06-28 12:58:20.795 [Thread-7] INFO  org.apache.catalina.core.StandardService - Stopping service [Tomcat]
2026-06-28 12:58:20.797 [Thread-7] INFO  o.a.c.core.ContainerBase.[Tomcat].[localhost].[/] - Destroying Spring FrameworkServlet 'dispatcherServlet'
2026-06-28 12:58:20.836 [Thread-7] INFO  org.apache.coyote.http11.Http11NioProtocol - Stopping ProtocolHandler ["http-nio-8080"]
2026-06-28 12:58:20.882 [Thread-7] INFO  org.apache.coyote.http11.Http11NioProtocol - Destroying ProtocolHandler ["http-nio-8080"]
2026-06-28 12:58:20.903 [Thread-7] INFO  com.alibaba.druid.pool.DruidDataSource - {dataSource-1} closing ...
2026-06-28 12:58:20.920 [Thread-7] INFO  com.alibaba.druid.pool.DruidDataSource - {dataSource-1} closed
2026-06-28 12:58:21.960 [restartedMain] INFO  com.project.travel.TravelApplication - Starting TravelApplication using Java 1.8.0_202 on dilireba with PID 26948 (C:\maven\travel_system\travel\travel\travel-server\target\classes started by solitude in C:\maven\travel_system\travel\travel\travel-server)
2026-06-28 12:58:21.961 [restartedMain] INFO  com.project.travel.TravelApplication - The following 1 profile is active: "dev"
2026-06-28 12:58:22.525 [restartedMain] INFO  o.s.d.r.config.RepositoryConfigurationDelegate - Multiple Spring Data modules found, entering strict repository configuration mode
2026-06-28 12:58:22.526 [restartedMain] INFO  o.s.d.r.config.RepositoryConfigurationDelegate - Bootstrapping Spring Data Redis repositories in DEFAULT mode.
2026-06-28 12:58:22.573 [restartedMain] INFO  o.s.d.r.config.RepositoryConfigurationDelegate - Finished Spring Data repository scanning in 47 ms. Found 0 Redis repository interfaces.
2026-06-28 12:58:23.525 [restartedMain] INFO  o.s.boot.web.embedded.tomcat.TomcatWebServer - Tomcat initialized with port(s): 8080 (http)
2026-06-28 12:58:23.527 [restartedMain] INFO  org.apache.coyote.http11.Http11NioProtocol - Initializing ProtocolHandler ["http-nio-8080"]
2026-06-28 12:58:23.527 [restartedMain] INFO  org.apache.catalina.core.StandardService - Starting service [Tomcat]
2026-06-28 12:58:23.527 [restartedMain] INFO  org.apache.catalina.core.StandardEngine - Starting Servlet engine: [Apache Tomcat/9.0.83]
2026-06-28 12:58:23.576 [restartedMain] INFO  o.a.c.core.ContainerBase.[Tomcat].[localhost].[/] - Initializing Spring embedded WebApplicationContext
2026-06-28 12:58:23.577 [restartedMain] INFO  o.s.b.w.s.c.ServletWebServerApplicationContext - Root WebApplicationContext: initialization completed in 1612 ms
2026-06-28 12:58:23.792 [restartedMain] INFO  c.a.d.s.b.a.DruidDataSourceAutoConfigure - Init DruidDataSource
2026-06-28 12:58:24.034 [restartedMain] INFO  com.alibaba.druid.pool.DruidDataSource - {dataSource-2} inited
2026-06-28 12:58:28.290 [restartedMain] INFO  o.s.b.d.autoconfigure.OptionalLiveReloadServer - LiveReload server is running on port 35729
2026-06-28 12:58:28.329 [restartedMain] INFO  org.apache.coyote.http11.Http11NioProtocol - Starting ProtocolHandler ["http-nio-8080"]
2026-06-28 12:58:28.352 [restartedMain] INFO  o.s.boot.web.embedded.tomcat.TomcatWebServer - Tomcat started on port(s): 8080 (http) with context path ''
2026-06-28 12:58:28.378 [restartedMain] INFO  com.project.travel.TravelApplication - Started TravelApplication in 6.612 seconds (JVM running for 2579.316)
2026-06-28 12:58:28.382 [restartedMain] INFO  o.s.b.d.a.ConditionEvaluationDeltaLoggingListener - Condition evaluation unchanged
2026-06-28 12:59:00.669 [SpringApplicationShutdownHook] INFO  com.alibaba.druid.pool.DruidDataSource - {dataSource-2} closing ...
2026-06-28 12:59:00.672 [SpringApplicationShutdownHook] INFO  com.alibaba.druid.pool.DruidDataSource - {dataSource-2} closed
2026-06-28 12:59:06.741 [restartedMain] INFO  com.project.travel.TravelApplication - Starting TravelApplication using Java 1.8.0_202 on dilireba with PID 40964 (C:\maven\travel_system\travel\travel\travel-server\target\classes started by solitude in C:\maven\travel_system\travel\travel\travel-server)
2026-06-28 12:59:06.742 [restartedMain] INFO  com.project.travel.TravelApplication - The following 1 profile is active: "dev"
2026-06-28 12:59:06.806 [restartedMain] INFO  o.s.b.d.env.DevToolsPropertyDefaultsPostProcessor - Devtools property defaults active! Set 'spring.devtools.add-properties' to 'false' to disable
2026-06-28 12:59:06.807 [restartedMain] INFO  o.s.b.d.env.DevToolsPropertyDefaultsPostProcessor - For additional web related logging consider setting the 'logging.level.web' property to 'DEBUG'
2026-06-28 12:59:07.382 [restartedMain] INFO  o.s.d.r.config.RepositoryConfigurationDelegate - Multiple Spring Data modules found, entering strict repository configuration mode
2026-06-28 12:59:07.383 [restartedMain] INFO  o.s.d.r.config.RepositoryConfigurationDelegate - Bootstrapping Spring Data Redis repositories in DEFAULT mode.
2026-06-28 12:59:07.408 [restartedMain] INFO  o.s.d.r.config.RepositoryConfigurationDelegate - Finished Spring Data repository scanning in 14 ms. Found 0 Redis repository interfaces.
2026-06-28 12:59:08.087 [restartedMain] INFO  o.s.boot.web.embedded.tomcat.TomcatWebServer - Tomcat initialized with port(s): 8080 (http)
2026-06-28 12:59:08.095 [restartedMain] INFO  org.apache.coyote.http11.Http11NioProtocol - Initializing ProtocolHandler ["http-nio-8080"]
2026-06-28 12:59:08.096 [restartedMain] INFO  org.apache.catalina.core.StandardService - Starting service [Tomcat]
2026-06-28 12:59:08.096 [restartedMain] INFO  org.apache.catalina.core.StandardEngine - Starting Servlet engine: [Apache Tomcat/9.0.83]
2026-06-28 12:59:08.163 [restartedMain] INFO  o.a.c.core.ContainerBase.[Tomcat].[localhost].[/] - Initializing Spring embedded WebApplicationContext
2026-06-28 12:59:08.164 [restartedMain] INFO  o.s.b.w.s.c.ServletWebServerApplicationContext - Root WebApplicationContext: initialization completed in 1357 ms
2026-06-28 12:59:08.541 [restartedMain] INFO  c.a.d.s.b.a.DruidDataSourceAutoConfigure - Init DruidDataSource
2026-06-28 12:59:10.051 [restartedMain] INFO  com.alibaba.druid.pool.DruidDataSource - {dataSource-1} inited
2026-06-28 12:59:12.789 [restartedMain] INFO  o.s.b.d.autoconfigure.OptionalLiveReloadServer - LiveReload server is running on port 35729
2026-06-28 12:59:12.836 [restartedMain] INFO  org.apache.coyote.http11.Http11NioProtocol - Starting ProtocolHandler ["http-nio-8080"]
2026-06-28 12:59:12.869 [restartedMain] INFO  o.s.boot.web.embedded.tomcat.TomcatWebServer - Tomcat started on port(s): 8080 (http) with context path ''
2026-06-28 12:59:12.880 [restartedMain] INFO  com.project.travel.TravelApplication - Started TravelApplication in 6.557 seconds (JVM running for 6.912)
2026-06-28 12:59:38.526 [http-nio-8080-exec-1] INFO  o.a.c.core.ContainerBase.[Tomcat].[localhost].[/] - Initializing Spring DispatcherServlet 'dispatcherServlet'
2026-06-28 12:59:38.527 [http-nio-8080-exec-1] INFO  org.springframework.web.servlet.DispatcherServlet - Initializing Servlet 'dispatcherServlet'
2026-06-28 12:59:38.529 [http-nio-8080-exec-1] INFO  org.springframework.web.servlet.DispatcherServlet - Completed initialization in 2 ms
2026-06-28 12:59:41.283 [http-nio-8080-exec-7] INFO  com.project.travel.handle.MyMetaObjectHandler - 公共字段自动填充[insert]...
2026-06-28 13:00:05.096 [http-nio-8080-exec-20] INFO  c.p.t.c.attractions.SysAttractionsController - 查询景点参数：SysAttractions(id=null, name=null, price=null, introduce=null, content=null, num=null, realName=null, images=null, scenicType=null, location=null, pv=null, open=null, time=null, state=1, createBy=null, createTime=null, updateBy=null, updateTime=null, pageNumber=1, pageSize=100)
2026-06-28 13:00:05.103 [http-nio-8080-exec-20] INFO  c.p.t.c.attractions.SysAttractionsController - location 参数值：null
2026-06-28 13:00:05.107 [http-nio-8080-exec-20] INFO  c.p.t.c.attractions.SysAttractionsController - 最终查询条件 SQL：(state = #{ew.paramNameValuePairs.MPGENVAL1}) ORDER BY create_time DESC
2026-06-28 13:00:05.147 [http-nio-8080-exec-23] INFO  c.p.t.c.attractions.SysAttractionsController - 查询景点参数：SysAttractions(id=null, name=null, price=null, introduce=null, content=null, num=null, realName=null, images=null, scenicType=null, location=null, pv=null, open=null, time=null, state=1, createBy=null, createTime=null, updateBy=null, updateTime=null, pageNumber=1, pageSize=100)
2026-06-28 13:00:05.147 [http-nio-8080-exec-22] INFO  c.p.t.c.attractions.SysAttractionsController - 查询景点参数：SysAttractions(id=null, name=, price=null, introduce=null, content=null, num=null, realName=null, images=null, scenicType=, location=, pv=null, open=null, time=null, state=1, createBy=null, createTime=null, updateBy=null, updateTime=null, pageNumber=1, pageSize=9)
2026-06-28 13:00:05.148 [http-nio-8080-exec-23] INFO  c.p.t.c.attractions.SysAttractionsController - location 参数值：null
2026-06-28 13:00:05.148 [http-nio-8080-exec-22] INFO  c.p.t.c.attractions.SysAttractionsController - location 参数值：
2026-06-28 13:00:05.148 [http-nio-8080-exec-23] INFO  c.p.t.c.attractions.SysAttractionsController - 最终查询条件 SQL：(state = #{ew.paramNameValuePairs.MPGENVAL1}) ORDER BY create_time DESC
2026-06-28 13:00:05.148 [http-nio-8080-exec-22] INFO  c.p.t.c.attractions.SysAttractionsController - 最终查询条件 SQL：(state = #{ew.paramNameValuePairs.MPGENVAL1}) ORDER BY create_time DESC
2026-06-28 13:00:05.187 [http-nio-8080-exec-22] INFO  c.p.t.c.attractions.SysAttractionsController - 查询结果数量：9
2026-06-28 13:00:05.210 [http-nio-8080-exec-20] INFO  c.p.t.c.attractions.SysAttractionsController - 查询结果数量：24
2026-06-28 13:00:05.210 [http-nio-8080-exec-23] INFO  c.p.t.c.attractions.SysAttractionsController - 查询结果数量：24
2026-06-28 13:00:06.593 [http-nio-8080-exec-39] INFO  c.p.t.c.attractions.SysAttractionsController - 查询景点参数：SysAttractions(id=null, name=null, price=null, introduce=null, content=null, num=null, realName=null, images=null, scenicType=null, location=北京省, pv=null, open=null, time=null, state=1, createBy=null, createTime=null, updateBy=null, updateTime=null, pageNumber=1, pageSize=100)
2026-06-28 13:00:06.600 [http-nio-8080-exec-39] INFO  c.p.t.c.attractions.SysAttractionsController - location 参数值：北京省
2026-06-28 13:00:06.589 [http-nio-8080-exec-38] INFO  c.p.t.c.attractions.SysAttractionsController - 查询景点参数：SysAttractions(id=null, name=, price=null, introduce=null, content=null, num=null, realName=null, images=null, scenicType=, location=北京省, pv=null, open=null, time=null, state=1, createBy=null, createTime=null, updateBy=null, updateTime=null, pageNumber=1, pageSize=9)
2026-06-28 13:00:06.601 [http-nio-8080-exec-39] INFO  c.p.t.c.attractions.SysAttractionsController - 应用地区筛选：北京省
2026-06-28 13:00:06.610 [http-nio-8080-exec-38] INFO  c.p.t.c.attractions.SysAttractionsController - location 参数值：北京省
2026-06-28 13:00:06.611 [http-nio-8080-exec-38] INFO  c.p.t.c.attractions.SysAttractionsController - 应用地区筛选：北京省
2026-06-28 13:00:06.623 [http-nio-8080-exec-38] INFO  c.p.t.c.attractions.SysAttractionsController - 最终查询条件 SQL：(state = #{ew.paramNameValuePairs.MPGENVAL1} AND location LIKE #{ew.paramNameValuePairs.MPGENVAL2}) ORDER BY create_time DESC
2026-06-28 13:00:06.624 [http-nio-8080-exec-39] INFO  c.p.t.c.attractions.SysAttractionsController - 最终查询条件 SQL：(state = #{ew.paramNameValuePairs.MPGENVAL1} AND location LIKE #{ew.paramNameValuePairs.MPGENVAL2}) ORDER BY create_time DESC
2026-06-28 13:00:06.657 [http-nio-8080-exec-38] INFO  c.p.t.c.attractions.SysAttractionsController - 查询结果数量：9
2026-06-28 13:00:06.679 [http-nio-8080-exec-39] INFO  c.p.t.c.attractions.SysAttractionsController - 查询结果数量：16
2026-06-28 13:00:15.957 [http-nio-8080-exec-53] INFO  com.project.travel.handle.MyMetaObjectHandler - 公共字段自动填充[insert]...
2026-06-28 13:00:30.822 [File Watcher] INFO  o.s.b.d.a.LocalDevToolsAutoConfiguration$RestartingClassPathChangeChangedEventListener - Restarting due to 3 class path changes (0 additions, 0 deletions, 3 modifications)
2026-06-28 13:00:33.761 [Thread-7] INFO  org.apache.coyote.http11.Http11NioProtocol - Pausing ProtocolHandler ["http-nio-8080"]
2026-06-28 13:00:33.761 [Thread-7] INFO  org.apache.catalina.core.StandardService - Stopping service [Tomcat]
2026-06-28 13:00:33.764 [Thread-7] INFO  o.a.c.core.ContainerBase.[Tomcat].[localhost].[/] - Destroying Spring FrameworkServlet 'dispatcherServlet'
2026-06-28 13:00:33.786 [Thread-7] INFO  org.apache.coyote.http11.Http11NioProtocol - Stopping ProtocolHandler ["http-nio-8080"]
2026-06-28 13:00:33.799 [Thread-7] INFO  org.apache.coyote.http11.Http11NioProtocol - Destroying ProtocolHandler ["http-nio-8080"]
2026-06-28 13:00:33.806 [Thread-7] INFO  com.alibaba.druid.pool.DruidDataSource - {dataSource-1} closing ...
2026-06-28 13:00:33.813 [Thread-7] INFO  com.alibaba.druid.pool.DruidDataSource - {dataSource-1} closed
2026-06-28 13:00:34.516 [restartedMain] INFO  com.project.travel.TravelApplication - Starting TravelApplication using Java 1.8.0_202 on dilireba with PID 40964 (C:\maven\travel_system\travel\travel\travel-server\target\classes started by solitude in C:\maven\travel_system\travel\travel\travel-server)
2026-06-28 13:00:34.517 [restartedMain] INFO  com.project.travel.TravelApplication - The following 1 profile is active: "dev"
2026-06-28 13:00:35.134 [restartedMain] INFO  o.s.d.r.config.RepositoryConfigurationDelegate - Multiple Spring Data modules found, entering strict repository configuration mode
2026-06-28 13:00:35.135 [restartedMain] INFO  o.s.d.r.config.RepositoryConfigurationDelegate - Bootstrapping Spring Data Redis repositories in DEFAULT mode.
2026-06-28 13:00:35.176 [restartedMain] INFO  o.s.d.r.config.RepositoryConfigurationDelegate - Finished Spring Data repository scanning in 40 ms. Found 0 Redis repository interfaces.
2026-06-28 13:00:35.759 [restartedMain] INFO  o.s.boot.web.embedded.tomcat.TomcatWebServer - Tomcat initialized with port(s): 8080 (http)
2026-06-28 13:00:35.762 [restartedMain] INFO  org.apache.coyote.http11.Http11NioProtocol - Initializing ProtocolHandler ["http-nio-8080"]
2026-06-28 13:00:35.762 [restartedMain] INFO  org.apache.catalina.core.StandardService - Starting service [Tomcat]
2026-06-28 13:00:35.763 [restartedMain] INFO  org.apache.catalina.core.StandardEngine - Starting Servlet engine: [Apache Tomcat/9.0.83]
2026-06-28 13:00:35.846 [restartedMain] INFO  o.a.c.core.ContainerBase.[Tomcat].[localhost].[/] - Initializing Spring embedded WebApplicationContext
2026-06-28 13:00:35.847 [restartedMain] INFO  o.s.b.w.s.c.ServletWebServerApplicationContext - Root WebApplicationContext: initialization completed in 1321 ms
2026-06-28 13:00:35.986 [restartedMain] INFO  c.a.d.s.b.a.DruidDataSourceAutoConfigure - Init DruidDataSource
2026-06-28 13:00:36.198 [restartedMain] INFO  com.alibaba.druid.pool.DruidDataSource - {dataSource-2} inited
2026-06-28 13:00:40.603 [restartedMain] INFO  o.s.b.d.autoconfigure.OptionalLiveReloadServer - LiveReload server is running on port 35729
2026-06-28 13:00:40.637 [restartedMain] INFO  org.apache.coyote.http11.Http11NioProtocol - Starting ProtocolHandler ["http-nio-8080"]
2026-06-28 13:00:40.664 [restartedMain] INFO  o.s.boot.web.embedded.tomcat.TomcatWebServer - Tomcat started on port(s): 8080 (http) with context path ''
2026-06-28 13:00:40.669 [restartedMain] INFO  com.project.travel.TravelApplication - Started TravelApplication in 6.354 seconds (JVM running for 94.701)
2026-06-28 13:00:40.673 [restartedMain] INFO  o.s.b.d.a.ConditionEvaluationDeltaLoggingListener - Condition evaluation unchanged
2026-06-28 13:01:21.073 [File Watcher] INFO  o.s.b.d.a.LocalDevToolsAutoConfiguration$RestartingClassPathChangeChangedEventListener - Restarting due to 1 class path change (0 additions, 0 deletions, 1 modification)
2026-06-28 13:01:24.164 [Thread-9] INFO  org.apache.coyote.http11.Http11NioProtocol - Pausing ProtocolHandler ["http-nio-8080"]
2026-06-28 13:01:24.166 [Thread-9] INFO  org.apache.catalina.core.StandardService - Stopping service [Tomcat]
2026-06-28 13:01:24.178 [Thread-9] INFO  org.apache.coyote.http11.Http11NioProtocol - Stopping ProtocolHandler ["http-nio-8080"]
2026-06-28 13:01:24.190 [Thread-9] INFO  org.apache.coyote.http11.Http11NioProtocol - Destroying ProtocolHandler ["http-nio-8080"]
2026-06-28 13:01:24.197 [Thread-9] INFO  com.alibaba.druid.pool.DruidDataSource - {dataSource-2} closing ...
2026-06-28 13:01:24.207 [Thread-9] INFO  com.alibaba.druid.pool.DruidDataSource - {dataSource-2} closed
2026-06-28 13:01:24.875 [restartedMain] INFO  com.project.travel.TravelApplication - Starting TravelApplication using Java 1.8.0_202 on dilireba with PID 40964 (C:\maven\travel_system\travel\travel\travel-server\target\classes started by solitude in C:\maven\travel_system\travel\travel\travel-server)
2026-06-28 13:01:24.876 [restartedMain] INFO  com.project.travel.TravelApplication - The following 1 profile is active: "dev"
2026-06-28 13:01:25.397 [restartedMain] INFO  o.s.d.r.config.RepositoryConfigurationDelegate - Multiple Spring Data modules found, entering strict repository configuration mode
2026-06-28 13:01:25.398 [restartedMain] INFO  o.s.d.r.config.RepositoryConfigurationDelegate - Bootstrapping Spring Data Redis repositories in DEFAULT mode.
2026-06-28 13:01:25.431 [restartedMain] INFO  o.s.d.r.config.RepositoryConfigurationDelegate - Finished Spring Data repository scanning in 33 ms. Found 0 Redis repository interfaces.
2026-06-28 13:01:25.759 [restartedMain] INFO  o.s.boot.web.embedded.tomcat.TomcatWebServer - Tomcat initialized with port(s): 8080 (http)
2026-06-28 13:01:25.760 [restartedMain] INFO  org.apache.coyote.http11.Http11NioProtocol - Initializing ProtocolHandler ["http-nio-8080"]
2026-06-28 13:01:25.761 [restartedMain] INFO  org.apache.catalina.core.StandardService - Starting service [Tomcat]
2026-06-28 13:01:25.761 [restartedMain] INFO  org.apache.catalina.core.StandardEngine - Starting Servlet engine: [Apache Tomcat/9.0.83]
2026-06-28 13:01:25.795 [restartedMain] INFO  o.a.c.core.ContainerBase.[Tomcat].[localhost].[/] - Initializing Spring embedded WebApplicationContext
2026-06-28 13:01:25.795 [restartedMain] INFO  o.s.b.w.s.c.ServletWebServerApplicationContext - Root WebApplicationContext: initialization completed in 913 ms
2026-06-28 13:01:25.868 [restartedMain] INFO  c.a.d.s.b.a.DruidDataSourceAutoConfigure - Init DruidDataSource
2026-06-28 13:01:26.167 [restartedMain] INFO  com.alibaba.druid.pool.DruidDataSource - {dataSource-3} inited
2026-06-28 13:01:30.316 [restartedMain] INFO  o.s.b.d.autoconfigure.OptionalLiveReloadServer - LiveReload server is running on port 35729
2026-06-28 13:01:30.345 [restartedMain] INFO  org.apache.coyote.http11.Http11NioProtocol - Starting ProtocolHandler ["http-nio-8080"]
2026-06-28 13:01:30.355 [restartedMain] INFO  o.s.boot.web.embedded.tomcat.TomcatWebServer - Tomcat started on port(s): 8080 (http) with context path ''
2026-06-28 13:01:30.361 [restartedMain] INFO  com.project.travel.TravelApplication - Started TravelApplication in 5.635 seconds (JVM running for 144.393)
2026-06-28 13:01:30.363 [restartedMain] INFO  o.s.b.d.a.ConditionEvaluationDeltaLoggingListener - Condition evaluation unchanged
2026-06-28 13:01:53.610 [File Watcher] INFO  o.s.b.d.a.LocalDevToolsAutoConfiguration$RestartingClassPathChangeChangedEventListener - Restarting due to 1 class path change (0 additions, 0 deletions, 1 modification)
2026-06-28 13:01:56.136 [Thread-13] INFO  org.apache.coyote.http11.Http11NioProtocol - Pausing ProtocolHandler ["http-nio-8080"]
2026-06-28 13:01:56.137 [Thread-13] INFO  org.apache.catalina.core.StandardService - Stopping service [Tomcat]
2026-06-28 13:01:56.154 [Thread-13] INFO  org.apache.coyote.http11.Http11NioProtocol - Stopping ProtocolHandler ["http-nio-8080"]
2026-06-28 13:01:56.169 [Thread-13] INFO  org.apache.coyote.http11.Http11NioProtocol - Destroying ProtocolHandler ["http-nio-8080"]
2026-06-28 13:01:56.177 [Thread-13] INFO  com.alibaba.druid.pool.DruidDataSource - {dataSource-3} closing ...
2026-06-28 13:01:56.196 [Thread-13] INFO  com.alibaba.druid.pool.DruidDataSource - {dataSource-3} closed
2026-06-28 13:01:56.787 [restartedMain] INFO  com.project.travel.TravelApplication - Starting TravelApplication using Java 1.8.0_202 on dilireba with PID 40964 (C:\maven\travel_system\travel\travel\travel-server\target\classes started by solitude in C:\maven\travel_system\travel\travel\travel-server)
2026-06-28 13:01:56.787 [restartedMain] INFO  com.project.travel.TravelApplication - The following 1 profile is active: "dev"
2026-06-28 13:01:57.213 [restartedMain] INFO  o.s.d.r.config.RepositoryConfigurationDelegate - Multiple Spring Data modules found, entering strict repository configuration mode
2026-06-28 13:01:57.213 [restartedMain] INFO  o.s.d.r.config.RepositoryConfigurationDelegate - Bootstrapping Spring Data Redis repositories in DEFAULT mode.
2026-06-28 13:01:57.247 [restartedMain] INFO  o.s.d.r.config.RepositoryConfigurationDelegate - Finished Spring Data repository scanning in 33 ms. Found 0 Redis repository interfaces.
2026-06-28 13:01:57.611 [restartedMain] INFO  o.s.boot.web.embedded.tomcat.TomcatWebServer - Tomcat initialized with port(s): 8080 (http)
2026-06-28 13:01:57.612 [restartedMain] INFO  org.apache.coyote.http11.Http11NioProtocol - Initializing ProtocolHandler ["http-nio-8080"]
2026-06-28 13:01:57.613 [restartedMain] INFO  org.apache.catalina.core.StandardService - Starting service [Tomcat]
2026-06-28 13:01:57.614 [restartedMain] INFO  org.apache.catalina.core.StandardEngine - Starting Servlet engine: [Apache Tomcat/9.0.83]
2026-06-28 13:01:57.660 [restartedMain] INFO  o.a.c.core.ContainerBase.[Tomcat].[localhost].[/] - Initializing Spring embedded WebApplicationContext
2026-06-28 13:01:57.660 [restartedMain] INFO  o.s.b.w.s.c.ServletWebServerApplicationContext - Root WebApplicationContext: initialization completed in 868 ms
2026-06-28 13:01:57.726 [restartedMain] INFO  c.a.d.s.b.a.DruidDataSourceAutoConfigure - Init DruidDataSource
2026-06-28 13:01:57.926 [restartedMain] INFO  com.alibaba.druid.pool.DruidDataSource - {dataSource-4} inited
2026-06-28 13:02:01.607 [restartedMain] INFO  o.s.b.d.autoconfigure.OptionalLiveReloadServer - LiveReload server is running on port 35729
2026-06-28 13:02:01.635 [restartedMain] INFO  org.apache.coyote.http11.Http11NioProtocol - Starting ProtocolHandler ["http-nio-8080"]
2026-06-28 13:02:01.647 [restartedMain] INFO  o.s.boot.web.embedded.tomcat.TomcatWebServer - Tomcat started on port(s): 8080 (http) with context path ''
2026-06-28 13:02:01.652 [restartedMain] INFO  com.project.travel.TravelApplication - Started TravelApplication in 4.946 seconds (JVM running for 175.684)
2026-06-28 13:02:01.655 [restartedMain] INFO  o.s.b.d.a.ConditionEvaluationDeltaLoggingListener - Condition evaluation unchanged
2026-06-28 13:02:19.467 [SpringApplicationShutdownHook] INFO  com.alibaba.druid.pool.DruidDataSource - {dataSource-4} closing ...
2026-06-28 13:02:19.469 [SpringApplicationShutdownHook] INFO  com.alibaba.druid.pool.DruidDataSource - {dataSource-4} closed
2026-06-28 13:02:27.286 [restartedMain] INFO  com.project.travel.TravelApplication - Starting TravelApplication using Java 1.8.0_202 on dilireba with PID 19920 (C:\maven\travel_system\travel\travel\travel-server\target\classes started by solitude in C:\maven\travel_system\travel\travel\travel-server)
2026-06-28 13:02:27.287 [restartedMain] INFO  com.project.travel.TravelApplication - The following 1 profile is active: "dev"
2026-06-28 13:02:27.343 [restartedMain] INFO  o.s.b.d.env.DevToolsPropertyDefaultsPostProcessor - Devtools property defaults active! Set 'spring.devtools.add-properties' to 'false' to disable
2026-06-28 13:02:27.343 [restartedMain] INFO  o.s.b.d.env.DevToolsPropertyDefaultsPostProcessor - For additional web related logging consider setting the 'logging.level.web' property to 'DEBUG'
2026-06-28 13:02:27.894 [restartedMain] INFO  o.s.d.r.config.RepositoryConfigurationDelegate - Multiple Spring Data modules found, entering strict repository configuration mode
2026-06-28 13:02:27.896 [restartedMain] INFO  o.s.d.r.config.RepositoryConfigurationDelegate - Bootstrapping Spring Data Redis repositories in DEFAULT mode.
2026-06-28 13:02:27.922 [restartedMain] INFO  o.s.d.r.config.RepositoryConfigurationDelegate - Finished Spring Data repository scanning in 14 ms. Found 0 Redis repository interfaces.
2026-06-28 13:02:28.566 [restartedMain] INFO  o.s.boot.web.embedded.tomcat.TomcatWebServer - Tomcat initialized with port(s): 8080 (http)
2026-06-28 13:02:28.573 [restartedMain] INFO  org.apache.coyote.http11.Http11NioProtocol - Initializing ProtocolHandler ["http-nio-8080"]
2026-06-28 13:02:28.574 [restartedMain] INFO  org.apache.catalina.core.StandardService - Starting service [Tomcat]
2026-06-28 13:02:28.574 [restartedMain] INFO  org.apache.catalina.core.StandardEngine - Starting Servlet engine: [Apache Tomcat/9.0.83]
2026-06-28 13:02:28.640 [restartedMain] INFO  o.a.c.core.ContainerBase.[Tomcat].[localhost].[/] - Initializing Spring embedded WebApplicationContext
2026-06-28 13:02:28.640 [restartedMain] INFO  o.s.b.w.s.c.ServletWebServerApplicationContext - Root WebApplicationContext: initialization completed in 1296 ms
2026-06-28 13:02:29.053 [restartedMain] INFO  c.a.d.s.b.a.DruidDataSourceAutoConfigure - Init DruidDataSource
2026-06-28 13:02:30.384 [restartedMain] INFO  com.alibaba.druid.pool.DruidDataSource - {dataSource-1} inited
2026-06-28 13:02:33.352 [restartedMain] INFO  o.s.b.d.autoconfigure.OptionalLiveReloadServer - LiveReload server is running on port 35729
2026-06-28 13:02:33.384 [restartedMain] INFO  org.apache.coyote.http11.Http11NioProtocol - Starting ProtocolHandler ["http-nio-8080"]
2026-06-28 13:02:33.419 [restartedMain] INFO  o.s.boot.web.embedded.tomcat.TomcatWebServer - Tomcat started on port(s): 8080 (http) with context path ''
2026-06-28 13:02:33.432 [restartedMain] INFO  com.project.travel.TravelApplication - Started TravelApplication in 6.54 seconds (JVM running for 6.91)
2026-06-28 13:02:54.948 [http-nio-8080-exec-1] INFO  o.a.c.core.ContainerBase.[Tomcat].[localhost].[/] - Initializing Spring DispatcherServlet 'dispatcherServlet'
2026-06-28 13:02:54.949 [http-nio-8080-exec-1] INFO  org.springframework.web.servlet.DispatcherServlet - Initializing Servlet 'dispatcherServlet'
2026-06-28 13:02:54.952 [http-nio-8080-exec-1] INFO  org.springframework.web.servlet.DispatcherServlet - Completed initialization in 2 ms
2026-06-28 13:03:07.431 [http-nio-8080-exec-14] INFO  com.project.travel.handle.MyMetaObjectHandler - 公共字段自动填充[insert]...
2026-06-28 13:04:42.178 [File Watcher] INFO  o.s.b.d.a.LocalDevToolsAutoConfiguration$RestartingClassPathChangeChangedEventListener - Restarting due to 1 class path change (0 additions, 0 deletions, 1 modification)
2026-06-28 13:04:44.751 [Thread-7] INFO  org.apache.coyote.http11.Http11NioProtocol - Pausing ProtocolHandler ["http-nio-8080"]
2026-06-28 13:04:44.753 [Thread-7] INFO  org.apache.catalina.core.StandardService - Stopping service [Tomcat]
2026-06-28 13:04:44.755 [Thread-7] INFO  o.a.c.core.ContainerBase.[Tomcat].[localhost].[/] - Destroying Spring FrameworkServlet 'dispatcherServlet'
2026-06-28 13:04:44.780 [Thread-7] INFO  org.apache.coyote.http11.Http11NioProtocol - Stopping ProtocolHandler ["http-nio-8080"]
2026-06-28 13:04:44.791 [Thread-7] INFO  org.apache.coyote.http11.Http11NioProtocol - Destroying ProtocolHandler ["http-nio-8080"]
2026-06-28 13:04:44.801 [Thread-7] INFO  com.alibaba.druid.pool.DruidDataSource - {dataSource-1} closing ...
2026-06-28 13:04:44.810 [Thread-7] INFO  com.alibaba.druid.pool.DruidDataSource - {dataSource-1} closed
2026-06-28 13:04:45.556 [restartedMain] INFO  com.project.travel.TravelApplication - Starting TravelApplication using Java 1.8.0_202 on dilireba with PID 19920 (C:\maven\travel_system\travel\travel\travel-server\target\classes started by solitude in C:\maven\travel_system\travel\travel\travel-server)
2026-06-28 13:04:45.557 [restartedMain] INFO  com.project.travel.TravelApplication - The following 1 profile is active: "dev"
2026-06-28 13:04:46.338 [restartedMain] INFO  o.s.d.r.config.RepositoryConfigurationDelegate - Multiple Spring Data modules found, entering strict repository configuration mode
2026-06-28 13:04:46.340 [restartedMain] INFO  o.s.d.r.config.RepositoryConfigurationDelegate - Bootstrapping Spring Data Redis repositories in DEFAULT mode.
2026-06-28 13:04:46.420 [restartedMain] INFO  o.s.d.r.config.RepositoryConfigurationDelegate - Finished Spring Data repository scanning in 75 ms. Found 0 Redis repository interfaces.
2026-06-28 13:04:47.281 [restartedMain] INFO  o.s.boot.web.embedded.tomcat.TomcatWebServer - Tomcat initialized with port(s): 8080 (http)
2026-06-28 13:04:47.282 [restartedMain] INFO  org.apache.coyote.http11.Http11NioProtocol - Initializing ProtocolHandler ["http-nio-8080"]
2026-06-28 13:04:47.283 [restartedMain] INFO  org.apache.catalina.core.StandardService - Starting service [Tomcat]
2026-06-28 13:04:47.283 [restartedMain] INFO  org.apache.catalina.core.StandardEngine - Starting Servlet engine: [Apache Tomcat/9.0.83]
2026-06-28 13:04:47.319 [restartedMain] INFO  o.a.c.core.ContainerBase.[Tomcat].[localhost].[/] - Initializing Spring embedded WebApplicationContext
2026-06-28 13:04:47.319 [restartedMain] INFO  o.s.b.w.s.c.ServletWebServerApplicationContext - Root WebApplicationContext: initialization completed in 1755 ms
2026-06-28 13:04:47.393 [restartedMain] INFO  c.a.d.s.b.a.DruidDataSourceAutoConfigure - Init DruidDataSource
2026-06-28 13:04:47.670 [restartedMain] INFO  com.alibaba.druid.pool.DruidDataSource - {dataSource-2} inited
2026-06-28 13:04:52.196 [restartedMain] INFO  o.s.b.d.autoconfigure.OptionalLiveReloadServer - LiveReload server is running on port 35729
2026-06-28 13:04:52.231 [restartedMain] INFO  org.apache.coyote.http11.Http11NioProtocol - Starting ProtocolHandler ["http-nio-8080"]
2026-06-28 13:04:52.251 [restartedMain] INFO  o.s.boot.web.embedded.tomcat.TomcatWebServer - Tomcat started on port(s): 8080 (http) with context path ''
2026-06-28 13:04:52.261 [restartedMain] INFO  com.project.travel.TravelApplication - Started TravelApplication in 6.93 seconds (JVM running for 145.739)
2026-06-28 13:04:52.263 [restartedMain] INFO  o.s.b.d.a.ConditionEvaluationDeltaLoggingListener - Condition evaluation unchanged
2026-06-28 13:05:54.850 [SpringApplicationShutdownHook] INFO  com.alibaba.druid.pool.DruidDataSource - {dataSource-2} closing ...
2026-06-28 13:05:54.853 [SpringApplicationShutdownHook] INFO  com.alibaba.druid.pool.DruidDataSource - {dataSource-2} closed
2026-06-28 13:06:01.349 [restartedMain] INFO  com.project.travel.TravelApplication - Starting TravelApplication using Java 1.8.0_202 on dilireba with PID 34920 (C:\maven\travel_system\travel\travel\travel-server\target\classes started by solitude in C:\maven\travel_system\travel\travel\travel-server)
2026-06-28 13:06:01.352 [restartedMain] INFO  com.project.travel.TravelApplication - The following 1 profile is active: "dev"
2026-06-28 13:06:01.449 [restartedMain] INFO  o.s.b.d.env.DevToolsPropertyDefaultsPostProcessor - Devtools property defaults active! Set 'spring.devtools.add-properties' to 'false' to disable
2026-06-28 13:06:01.449 [restartedMain] INFO  o.s.b.d.env.DevToolsPropertyDefaultsPostProcessor - For additional web related logging consider setting the 'logging.level.web' property to 'DEBUG'
2026-06-28 13:06:02.149 [restartedMain] INFO  o.s.d.r.config.RepositoryConfigurationDelegate - Multiple Spring Data modules found, entering strict repository configuration mode
2026-06-28 13:06:02.150 [restartedMain] INFO  o.s.d.r.config.RepositoryConfigurationDelegate - Bootstrapping Spring Data Redis repositories in DEFAULT mode.
2026-06-28 13:06:02.175 [restartedMain] INFO  o.s.d.r.config.RepositoryConfigurationDelegate - Finished Spring Data repository scanning in 15 ms. Found 0 Redis repository interfaces.
2026-06-28 13:06:03.000 [restartedMain] INFO  o.s.boot.web.embedded.tomcat.TomcatWebServer - Tomcat initialized with port(s): 8080 (http)
2026-06-28 13:06:03.011 [restartedMain] INFO  org.apache.coyote.http11.Http11NioProtocol - Initializing ProtocolHandler ["http-nio-8080"]
2026-06-28 13:06:03.013 [restartedMain] INFO  org.apache.catalina.core.StandardService - Starting service [Tomcat]
2026-06-28 13:06:03.014 [restartedMain] INFO  org.apache.catalina.core.StandardEngine - Starting Servlet engine: [Apache Tomcat/9.0.83]
2026-06-28 13:06:03.137 [restartedMain] INFO  o.a.c.core.ContainerBase.[Tomcat].[localhost].[/] - Initializing Spring embedded WebApplicationContext
2026-06-28 13:06:03.137 [restartedMain] INFO  o.s.b.w.s.c.ServletWebServerApplicationContext - Root WebApplicationContext: initialization completed in 1686 ms
2026-06-28 13:06:03.618 [restartedMain] INFO  c.a.d.s.b.a.DruidDataSourceAutoConfigure - Init DruidDataSource
2026-06-28 13:06:04.999 [restartedMain] INFO  com.alibaba.druid.pool.DruidDataSource - {dataSource-1} inited
2026-06-28 13:06:08.222 [restartedMain] INFO  o.s.b.d.autoconfigure.OptionalLiveReloadServer - LiveReload server is running on port 35729
2026-06-28 13:06:08.248 [restartedMain] INFO  org.apache.coyote.http11.Http11NioProtocol - Starting ProtocolHandler ["http-nio-8080"]
2026-06-28 13:06:08.285 [restartedMain] INFO  o.s.boot.web.embedded.tomcat.TomcatWebServer - Tomcat started on port(s): 8080 (http) with context path ''
2026-06-28 13:06:08.298 [restartedMain] INFO  com.project.travel.TravelApplication - Started TravelApplication in 7.558 seconds (JVM running for 8.098)
2026-06-28 13:06:46.747 [http-nio-8080-exec-3] INFO  o.a.c.core.ContainerBase.[Tomcat].[localhost].[/] - Initializing Spring DispatcherServlet 'dispatcherServlet'
2026-06-28 13:06:46.748 [http-nio-8080-exec-3] INFO  org.springframework.web.servlet.DispatcherServlet - Initializing Servlet 'dispatcherServlet'
2026-06-28 13:06:46.750 [http-nio-8080-exec-3] INFO  org.springframework.web.servlet.DispatcherServlet - Completed initialization in 2 ms
2026-06-28 13:07:03.706 [http-nio-8080-exec-23] INFO  com.project.travel.handle.MyMetaObjectHandler - 公共字段自动填充[insert]...
2026-06-28 13:08:27.688 [File Watcher] INFO  o.s.b.d.a.LocalDevToolsAutoConfiguration$RestartingClassPathChangeChangedEventListener - Restarting due to 4 class path changes (0 additions, 0 deletions, 4 modifications)
2026-06-28 13:08:30.747 [Thread-7] INFO  org.apache.coyote.http11.Http11NioProtocol - Pausing ProtocolHandler ["http-nio-8080"]
2026-06-28 13:08:30.749 [Thread-7] INFO  org.apache.catalina.core.StandardService - Stopping service [Tomcat]
2026-06-28 13:08:30.751 [Thread-7] INFO  o.a.c.core.ContainerBase.[Tomcat].[localhost].[/] - Destroying Spring FrameworkServlet 'dispatcherServlet'
2026-06-28 13:08:30.779 [Thread-7] INFO  org.apache.coyote.http11.Http11NioProtocol - Stopping ProtocolHandler ["http-nio-8080"]
2026-06-28 13:08:30.815 [Thread-7] INFO  org.apache.coyote.http11.Http11NioProtocol - Destroying ProtocolHandler ["http-nio-8080"]
2026-06-28 13:08:30.828 [Thread-7] INFO  com.alibaba.druid.pool.DruidDataSource - {dataSource-1} closing ...
2026-06-28 13:08:30.838 [Thread-7] INFO  com.alibaba.druid.pool.DruidDataSource - {dataSource-1} closed
2026-06-28 13:08:31.599 [restartedMain] INFO  com.project.travel.TravelApplication - Starting TravelApplication using Java 1.8.0_202 on dilireba with PID 34920 (C:\maven\travel_system\travel\travel\travel-server\target\classes started by solitude in C:\maven\travel_system\travel\travel\travel-server)
2026-06-28 13:08:31.600 [restartedMain] INFO  com.project.travel.TravelApplication - The following 1 profile is active: "dev"
2026-06-28 13:08:32.313 [restartedMain] INFO  o.s.d.r.config.RepositoryConfigurationDelegate - Multiple Spring Data modules found, entering strict repository configuration mode
2026-06-28 13:08:32.313 [restartedMain] INFO  o.s.d.r.config.RepositoryConfigurationDelegate - Bootstrapping Spring Data Redis repositories in DEFAULT mode.
2026-06-28 13:08:32.351 [restartedMain] INFO  o.s.d.r.config.RepositoryConfigurationDelegate - Finished Spring Data repository scanning in 37 ms. Found 0 Redis repository interfaces.
2026-06-28 13:08:33.542 [restartedMain] INFO  o.s.boot.web.embedded.tomcat.TomcatWebServer - Tomcat initialized with port(s): 8080 (http)
2026-06-28 13:08:33.544 [restartedMain] INFO  org.apache.coyote.http11.Http11NioProtocol - Initializing ProtocolHandler ["http-nio-8080"]
2026-06-28 13:08:33.545 [restartedMain] INFO  org.apache.catalina.core.StandardService - Starting service [Tomcat]
2026-06-28 13:08:33.547 [restartedMain] INFO  org.apache.catalina.core.StandardEngine - Starting Servlet engine: [Apache Tomcat/9.0.83]
2026-06-28 13:08:33.595 [restartedMain] INFO  o.a.c.core.ContainerBase.[Tomcat].[localhost].[/] - Initializing Spring embedded WebApplicationContext
2026-06-28 13:08:33.595 [restartedMain] INFO  o.s.b.w.s.c.ServletWebServerApplicationContext - Root WebApplicationContext: initialization completed in 1985 ms
2026-06-28 13:08:33.748 [restartedMain] INFO  c.a.d.s.b.a.DruidDataSourceAutoConfigure - Init DruidDataSource
2026-06-28 13:08:34.010 [restartedMain] INFO  com.alibaba.druid.pool.DruidDataSource - {dataSource-2} inited
2026-06-28 13:08:38.707 [restartedMain] INFO  o.s.b.d.autoconfigure.OptionalLiveReloadServer - LiveReload server is running on port 35729
2026-06-28 13:08:38.737 [restartedMain] INFO  org.apache.coyote.http11.Http11NioProtocol - Starting ProtocolHandler ["http-nio-8080"]
2026-06-28 13:08:38.752 [restartedMain] INFO  o.s.boot.web.embedded.tomcat.TomcatWebServer - Tomcat started on port(s): 8080 (http) with context path ''
2026-06-28 13:08:38.761 [restartedMain] INFO  com.project.travel.TravelApplication - Started TravelApplication in 7.421 seconds (JVM running for 158.561)
2026-06-28 13:08:38.764 [restartedMain] INFO  o.s.b.d.a.ConditionEvaluationDeltaLoggingListener - Condition evaluation unchanged
2026-06-28 13:09:24.817 [SpringApplicationShutdownHook] INFO  com.alibaba.druid.pool.DruidDataSource - {dataSource-2} closing ...
2026-06-28 13:09:24.819 [SpringApplicationShutdownHook] INFO  com.alibaba.druid.pool.DruidDataSource - {dataSource-2} closed
2026-06-28 13:09:36.983 [restartedMain] INFO  com.project.travel.TravelApplication - Starting TravelApplication using Java 1.8.0_202 on dilireba with PID 28724 (C:\maven\travel_system\travel\travel\travel-server\target\classes started by solitude in C:\maven\travel_system\travel\travel\travel-server)
2026-06-28 13:09:36.986 [restartedMain] INFO  com.project.travel.TravelApplication - The following 1 profile is active: "dev"
2026-06-28 13:09:37.100 [restartedMain] INFO  o.s.b.d.env.DevToolsPropertyDefaultsPostProcessor - Devtools property defaults active! Set 'spring.devtools.add-properties' to 'false' to disable
2026-06-28 13:09:37.100 [restartedMain] INFO  o.s.b.d.env.DevToolsPropertyDefaultsPostProcessor - For additional web related logging consider setting the 'logging.level.web' property to 'DEBUG'
2026-06-28 13:09:38.687 [restartedMain] INFO  o.s.d.r.config.RepositoryConfigurationDelegate - Multiple Spring Data modules found, entering strict repository configuration mode
2026-06-28 13:09:38.694 [restartedMain] INFO  o.s.d.r.config.RepositoryConfigurationDelegate - Bootstrapping Spring Data Redis repositories in DEFAULT mode.
2026-06-28 13:09:38.780 [restartedMain] INFO  o.s.d.r.config.RepositoryConfigurationDelegate - Finished Spring Data repository scanning in 54 ms. Found 0 Redis repository interfaces.
2026-06-28 13:09:40.755 [restartedMain] INFO  o.s.boot.web.embedded.tomcat.TomcatWebServer - Tomcat initialized with port(s): 8080 (http)
2026-06-28 13:09:40.775 [restartedMain] INFO  org.apache.coyote.http11.Http11NioProtocol - Initializing ProtocolHandler ["http-nio-8080"]
2026-06-28 13:09:40.778 [restartedMain] INFO  org.apache.catalina.core.StandardService - Starting service [Tomcat]
2026-06-28 13:09:40.779 [restartedMain] INFO  org.apache.catalina.core.StandardEngine - Starting Servlet engine: [Apache Tomcat/9.0.83]
2026-06-28 13:09:40.992 [restartedMain] INFO  o.a.c.core.ContainerBase.[Tomcat].[localhost].[/] - Initializing Spring embedded WebApplicationContext
2026-06-28 13:09:40.994 [restartedMain] INFO  o.s.b.w.s.c.ServletWebServerApplicationContext - Root WebApplicationContext: initialization completed in 3892 ms
2026-06-28 13:09:42.060 [restartedMain] INFO  c.a.d.s.b.a.DruidDataSourceAutoConfigure - Init DruidDataSource
2026-06-28 13:09:47.084 [restartedMain] INFO  com.alibaba.druid.pool.DruidDataSource - {dataSource-1} inited
2026-06-28 13:09:50.586 [restartedMain] INFO  o.s.b.d.autoconfigure.OptionalLiveReloadServer - LiveReload server is running on port 35729
2026-06-28 13:09:50.617 [restartedMain] INFO  org.apache.coyote.http11.Http11NioProtocol - Starting ProtocolHandler ["http-nio-8080"]
2026-06-28 13:09:50.649 [restartedMain] INFO  o.s.boot.web.embedded.tomcat.TomcatWebServer - Tomcat started on port(s): 8080 (http) with context path ''
2026-06-28 13:09:50.662 [restartedMain] INFO  com.project.travel.TravelApplication - Started TravelApplication in 14.786 seconds (JVM running for 15.413)
2026-06-28 13:10:18.246 [http-nio-8080-exec-1] INFO  o.a.c.core.ContainerBase.[Tomcat].[localhost].[/] - Initializing Spring DispatcherServlet 'dispatcherServlet'
2026-06-28 13:10:18.246 [http-nio-8080-exec-1] INFO  org.springframework.web.servlet.DispatcherServlet - Initializing Servlet 'dispatcherServlet'
2026-06-28 13:10:18.249 [http-nio-8080-exec-1] INFO  org.springframework.web.servlet.DispatcherServlet - Completed initialization in 3 ms
2026-06-28 13:11:51.133 [SpringApplicationShutdownHook] INFO  com.alibaba.druid.pool.DruidDataSource - {dataSource-1} closing ...
2026-06-28 13:11:51.139 [SpringApplicationShutdownHook] INFO  com.alibaba.druid.pool.DruidDataSource - {dataSource-1} closed
2026-06-28 13:11:57.373 [restartedMain] INFO  com.project.travel.TravelApplication - Starting TravelApplication using Java 1.8.0_202 on dilireba with PID 32640 (C:\maven\travel_system\travel\travel\travel-server\target\classes started by solitude in C:\maven\travel_system\travel\travel\travel-server)
2026-06-28 13:11:57.374 [restartedMain] INFO  com.project.travel.TravelApplication - The following 1 profile is active: "dev"
2026-06-28 13:11:57.445 [restartedMain] INFO  o.s.b.d.env.DevToolsPropertyDefaultsPostProcessor - Devtools property defaults active! Set 'spring.devtools.add-properties' to 'false' to disable
2026-06-28 13:11:57.445 [restartedMain] INFO  o.s.b.d.env.DevToolsPropertyDefaultsPostProcessor - For additional web related logging consider setting the 'logging.level.web' property to 'DEBUG'
2026-06-28 13:11:57.921 [restartedMain] INFO  o.s.d.r.config.RepositoryConfigurationDelegate - Multiple Spring Data modules found, entering strict repository configuration mode
2026-06-28 13:11:57.923 [restartedMain] INFO  o.s.d.r.config.RepositoryConfigurationDelegate - Bootstrapping Spring Data Redis repositories in DEFAULT mode.
2026-06-28 13:11:57.946 [restartedMain] INFO  o.s.d.r.config.RepositoryConfigurationDelegate - Finished Spring Data repository scanning in 14 ms. Found 0 Redis repository interfaces.
2026-06-28 13:11:58.542 [restartedMain] INFO  o.s.boot.web.embedded.tomcat.TomcatWebServer - Tomcat initialized with port(s): 8080 (http)
2026-06-28 13:11:58.551 [restartedMain] INFO  org.apache.coyote.http11.Http11NioProtocol - Initializing ProtocolHandler ["http-nio-8080"]
2026-06-28 13:11:58.551 [restartedMain] INFO  org.apache.catalina.core.StandardService - Starting service [Tomcat]
2026-06-28 13:11:58.552 [restartedMain] INFO  org.apache.catalina.core.StandardEngine - Starting Servlet engine: [Apache Tomcat/9.0.83]
2026-06-28 13:11:58.623 [restartedMain] INFO  o.a.c.core.ContainerBase.[Tomcat].[localhost].[/] - Initializing Spring embedded WebApplicationContext
2026-06-28 13:11:58.624 [restartedMain] INFO  o.s.b.w.s.c.ServletWebServerApplicationContext - Root WebApplicationContext: initialization completed in 1179 ms
2026-06-28 13:11:58.989 [restartedMain] INFO  c.a.d.s.b.a.DruidDataSourceAutoConfigure - Init DruidDataSource
2026-06-28 13:12:00.261 [restartedMain] INFO  com.alibaba.druid.pool.DruidDataSource - {dataSource-1} inited
2026-06-28 13:12:03.039 [restartedMain] INFO  o.s.b.d.autoconfigure.OptionalLiveReloadServer - LiveReload server is running on port 35729
2026-06-28 13:12:03.070 [restartedMain] INFO  org.apache.coyote.http11.Http11NioProtocol - Starting ProtocolHandler ["http-nio-8080"]
2026-06-28 13:12:03.105 [restartedMain] INFO  o.s.boot.web.embedded.tomcat.TomcatWebServer - Tomcat started on port(s): 8080 (http) with context path ''
2026-06-28 13:12:03.123 [restartedMain] INFO  com.project.travel.TravelApplication - Started TravelApplication in 6.15 seconds (JVM running for 6.499)
2026-06-28 13:12:39.139 [http-nio-8080-exec-1] INFO  o.a.c.core.ContainerBase.[Tomcat].[localhost].[/] - Initializing Spring DispatcherServlet 'dispatcherServlet'
2026-06-28 13:12:39.140 [http-nio-8080-exec-1] INFO  org.springframework.web.servlet.DispatcherServlet - Initializing Servlet 'dispatcherServlet'
2026-06-28 13:12:39.142 [http-nio-8080-exec-1] INFO  org.springframework.web.servlet.DispatcherServlet - Completed initialization in 2 ms
2026-06-28 13:15:07.392 [File Watcher] INFO  o.s.b.d.a.LocalDevToolsAutoConfiguration$RestartingClassPathChangeChangedEventListener - Restarting due to 1 class path change (0 additions, 0 deletions, 1 modification)
2026-06-28 13:15:10.417 [Thread-7] INFO  org.apache.coyote.http11.Http11NioProtocol - Pausing ProtocolHandler ["http-nio-8080"]
2026-06-28 13:15:10.417 [Thread-7] INFO  org.apache.catalina.core.StandardService - Stopping service [Tomcat]
2026-06-28 13:15:10.419 [Thread-7] INFO  o.a.c.core.ContainerBase.[Tomcat].[localhost].[/] - Destroying Spring FrameworkServlet 'dispatcherServlet'
2026-06-28 13:15:10.436 [Thread-7] INFO  org.apache.coyote.http11.Http11NioProtocol - Stopping ProtocolHandler ["http-nio-8080"]
2026-06-28 13:15:10.458 [Thread-7] INFO  org.apache.coyote.http11.Http11NioProtocol - Destroying ProtocolHandler ["http-nio-8080"]
2026-06-28 13:15:10.474 [Thread-7] INFO  com.alibaba.druid.pool.DruidDataSource - {dataSource-1} closing ...
2026-06-28 13:15:10.486 [Thread-7] INFO  com.alibaba.druid.pool.DruidDataSource - {dataSource-1} closed
2026-06-28 13:15:11.096 [restartedMain] INFO  com.project.travel.TravelApplication - Starting TravelApplication using Java 1.8.0_202 on dilireba with PID 32640 (C:\maven\travel_system\travel\travel\travel-server\target\classes started by solitude in C:\maven\travel_system\travel\travel\travel-server)
2026-06-28 13:15:11.097 [restartedMain] INFO  com.project.travel.TravelApplication - The following 1 profile is active: "dev"
2026-06-28 13:15:11.795 [restartedMain] INFO  o.s.d.r.config.RepositoryConfigurationDelegate - Multiple Spring Data modules found, entering strict repository configuration mode
2026-06-28 13:15:11.795 [restartedMain] INFO  o.s.d.r.config.RepositoryConfigurationDelegate - Bootstrapping Spring Data Redis repositories in DEFAULT mode.
2026-06-28 13:15:11.834 [restartedMain] INFO  o.s.d.r.config.RepositoryConfigurationDelegate - Finished Spring Data repository scanning in 37 ms. Found 0 Redis repository interfaces.
2026-06-28 13:15:12.845 [restartedMain] INFO  o.s.boot.web.embedded.tomcat.TomcatWebServer - Tomcat initialized with port(s): 8080 (http)
2026-06-28 13:15:12.846 [restartedMain] INFO  org.apache.coyote.http11.Http11NioProtocol - Initializing ProtocolHandler ["http-nio-8080"]
2026-06-28 13:15:12.846 [restartedMain] INFO  org.apache.catalina.core.StandardService - Starting service [Tomcat]
2026-06-28 13:15:12.847 [restartedMain] INFO  org.apache.catalina.core.StandardEngine - Starting Servlet engine: [Apache Tomcat/9.0.83]
2026-06-28 13:15:12.879 [restartedMain] INFO  o.a.c.core.ContainerBase.[Tomcat].[localhost].[/] - Initializing Spring embedded WebApplicationContext
2026-06-28 13:15:12.879 [restartedMain] INFO  o.s.b.w.s.c.ServletWebServerApplicationContext - Root WebApplicationContext: initialization completed in 1772 ms
2026-06-28 13:15:12.968 [restartedMain] INFO  c.a.d.s.b.a.DruidDataSourceAutoConfigure - Init DruidDataSource
2026-06-28 13:15:13.233 [restartedMain] INFO  com.alibaba.druid.pool.DruidDataSource - {dataSource-2} inited
2026-06-28 13:15:17.128 [restartedMain] INFO  o.s.b.d.autoconfigure.OptionalLiveReloadServer - LiveReload server is running on port 35729
2026-06-28 13:15:17.170 [restartedMain] INFO  org.apache.coyote.http11.Http11NioProtocol - Starting ProtocolHandler ["http-nio-8080"]
2026-06-28 13:15:17.192 [restartedMain] INFO  o.s.boot.web.embedded.tomcat.TomcatWebServer - Tomcat started on port(s): 8080 (http) with context path ''
2026-06-28 13:15:17.198 [restartedMain] INFO  com.project.travel.TravelApplication - Started TravelApplication in 6.257 seconds (JVM running for 200.577)
2026-06-28 13:15:17.203 [restartedMain] INFO  o.s.b.d.a.ConditionEvaluationDeltaLoggingListener - Condition evaluation unchanged
2026-06-28 13:16:00.817 [File Watcher] INFO  o.s.b.d.a.LocalDevToolsAutoConfiguration$RestartingClassPathChangeChangedEventListener - Restarting due to 1 class path change (0 additions, 0 deletions, 1 modification)
2026-06-28 13:16:03.318 [Thread-9] INFO  org.apache.coyote.http11.Http11NioProtocol - Pausing ProtocolHandler ["http-nio-8080"]
2026-06-28 13:16:03.318 [Thread-9] INFO  org.apache.catalina.core.StandardService - Stopping service [Tomcat]
2026-06-28 13:16:03.327 [Thread-9] INFO  org.apache.coyote.http11.Http11NioProtocol - Stopping ProtocolHandler ["http-nio-8080"]
2026-06-28 13:16:03.345 [Thread-9] INFO  org.apache.coyote.http11.Http11NioProtocol - Destroying ProtocolHandler ["http-nio-8080"]
2026-06-28 13:16:03.369 [Thread-9] INFO  com.alibaba.druid.pool.DruidDataSource - {dataSource-2} closing ...
2026-06-28 13:16:03.376 [Thread-9] INFO  com.alibaba.druid.pool.DruidDataSource - {dataSource-2} closed
2026-06-28 13:16:03.984 [restartedMain] INFO  com.project.travel.TravelApplication - Starting TravelApplication using Java 1.8.0_202 on dilireba with PID 32640 (C:\maven\travel_system\travel\travel\travel-server\target\classes started by solitude in C:\maven\travel_system\travel\travel\travel-server)
2026-06-28 13:16:03.984 [restartedMain] INFO  com.project.travel.TravelApplication - The following 1 profile is active: "dev"
2026-06-28 13:16:04.441 [restartedMain] INFO  o.s.d.r.config.RepositoryConfigurationDelegate - Multiple Spring Data modules found, entering strict repository configuration mode
2026-06-28 13:16:04.443 [restartedMain] INFO  o.s.d.r.config.RepositoryConfigurationDelegate - Bootstrapping Spring Data Redis repositories in DEFAULT mode.
2026-06-28 13:16:04.484 [restartedMain] INFO  o.s.d.r.config.RepositoryConfigurationDelegate - Finished Spring Data repository scanning in 41 ms. Found 0 Redis repository interfaces.
2026-06-28 13:16:04.878 [restartedMain] INFO  o.s.boot.web.embedded.tomcat.TomcatWebServer - Tomcat initialized with port(s): 8080 (http)
2026-06-28 13:16:04.879 [restartedMain] INFO  org.apache.coyote.http11.Http11NioProtocol - Initializing ProtocolHandler ["http-nio-8080"]
2026-06-28 13:16:04.880 [restartedMain] INFO  org.apache.catalina.core.StandardService - Starting service [Tomcat]
2026-06-28 13:16:04.880 [restartedMain] INFO  org.apache.catalina.core.StandardEngine - Starting Servlet engine: [Apache Tomcat/9.0.83]
2026-06-28 13:16:04.923 [restartedMain] INFO  o.a.c.core.ContainerBase.[Tomcat].[localhost].[/] - Initializing Spring embedded WebApplicationContext
2026-06-28 13:16:04.923 [restartedMain] INFO  o.s.b.w.s.c.ServletWebServerApplicationContext - Root WebApplicationContext: initialization completed in 931 ms
2026-06-28 13:16:05.017 [restartedMain] INFO  c.a.d.s.b.a.DruidDataSourceAutoConfigure - Init DruidDataSource
2026-06-28 13:16:05.257 [restartedMain] INFO  com.alibaba.druid.pool.DruidDataSource - {dataSource-3} inited
2026-06-28 13:16:09.138 [restartedMain] INFO  o.s.b.d.autoconfigure.OptionalLiveReloadServer - LiveReload server is running on port 35729
2026-06-28 13:16:09.165 [restartedMain] INFO  org.apache.coyote.http11.Http11NioProtocol - Starting ProtocolHandler ["http-nio-8080"]
2026-06-28 13:16:09.175 [restartedMain] INFO  o.s.boot.web.embedded.tomcat.TomcatWebServer - Tomcat started on port(s): 8080 (http) with context path ''
2026-06-28 13:16:09.181 [restartedMain] INFO  com.project.travel.TravelApplication - Started TravelApplication in 5.318 seconds (JVM running for 252.56)
2026-06-28 13:16:09.182 [restartedMain] INFO  o.s.b.d.a.ConditionEvaluationDeltaLoggingListener - Condition evaluation unchanged
2026-06-28 13:16:23.536 [http-nio-8080-exec-1] INFO  o.a.c.core.ContainerBase.[Tomcat].[localhost].[/] - Initializing Spring DispatcherServlet 'dispatcherServlet'
2026-06-28 13:16:23.540 [http-nio-8080-exec-1] INFO  org.springframework.web.servlet.DispatcherServlet - Initializing Servlet 'dispatcherServlet'
2026-06-28 13:16:23.542 [http-nio-8080-exec-1] INFO  org.springframework.web.servlet.DispatcherServlet - Completed initialization in 2 ms
2026-06-28 13:17:47.720 [SpringApplicationShutdownHook] INFO  com.alibaba.druid.pool.DruidDataSource - {dataSource-3} closing ...
2026-06-28 13:17:47.723 [SpringApplicationShutdownHook] INFO  com.alibaba.druid.pool.DruidDataSource - {dataSource-3} closed
2026-06-28 13:17:53.708 [restartedMain] INFO  com.project.travel.TravelApplication - Starting TravelApplication using Java 1.8.0_202 on dilireba with PID 41280 (C:\maven\travel_system\travel\travel\travel-server\target\classes started by solitude in C:\maven\travel_system\travel\travel\travel-server)
2026-06-28 13:17:53.710 [restartedMain] INFO  com.project.travel.TravelApplication - The following 1 profile is active: "dev"
2026-06-28 13:17:53.776 [restartedMain] INFO  o.s.b.d.env.DevToolsPropertyDefaultsPostProcessor - Devtools property defaults active! Set 'spring.devtools.add-properties' to 'false' to disable
2026-06-28 13:17:53.776 [restartedMain] INFO  o.s.b.d.env.DevToolsPropertyDefaultsPostProcessor - For additional web related logging consider setting the 'logging.level.web' property to 'DEBUG'
2026-06-28 13:17:54.286 [restartedMain] INFO  o.s.d.r.config.RepositoryConfigurationDelegate - Multiple Spring Data modules found, entering strict repository configuration mode
2026-06-28 13:17:54.287 [restartedMain] INFO  o.s.d.r.config.RepositoryConfigurationDelegate - Bootstrapping Spring Data Redis repositories in DEFAULT mode.
2026-06-28 13:17:54.314 [restartedMain] INFO  o.s.d.r.config.RepositoryConfigurationDelegate - Finished Spring Data repository scanning in 15 ms. Found 0 Redis repository interfaces.
2026-06-28 13:17:54.947 [restartedMain] INFO  o.s.boot.web.embedded.tomcat.TomcatWebServer - Tomcat initialized with port(s): 8080 (http)
2026-06-28 13:17:54.954 [restartedMain] INFO  org.apache.coyote.http11.Http11NioProtocol - Initializing ProtocolHandler ["http-nio-8080"]
2026-06-28 13:17:54.955 [restartedMain] INFO  org.apache.catalina.core.StandardService - Starting service [Tomcat]
2026-06-28 13:17:54.955 [restartedMain] INFO  org.apache.catalina.core.StandardEngine - Starting Servlet engine: [Apache Tomcat/9.0.83]
2026-06-28 13:17:55.026 [restartedMain] INFO  o.a.c.core.ContainerBase.[Tomcat].[localhost].[/] - Initializing Spring embedded WebApplicationContext
2026-06-28 13:17:55.026 [restartedMain] INFO  o.s.b.w.s.c.ServletWebServerApplicationContext - Root WebApplicationContext: initialization completed in 1249 ms
2026-06-28 13:17:55.362 [restartedMain] INFO  c.a.d.s.b.a.DruidDataSourceAutoConfigure - Init DruidDataSource
2026-06-28 13:17:56.657 [restartedMain] INFO  com.alibaba.druid.pool.DruidDataSource - {dataSource-1} inited
2026-06-28 13:17:59.870 [restartedMain] INFO  o.s.b.d.autoconfigure.OptionalLiveReloadServer - LiveReload server is running on port 35729
2026-06-28 13:17:59.902 [restartedMain] INFO  org.apache.coyote.http11.Http11NioProtocol - Starting ProtocolHandler ["http-nio-8080"]
2026-06-28 13:17:59.938 [restartedMain] INFO  o.s.boot.web.embedded.tomcat.TomcatWebServer - Tomcat started on port(s): 8080 (http) with context path ''
2026-06-28 13:17:59.952 [restartedMain] INFO  com.project.travel.TravelApplication - Started TravelApplication in 6.63 seconds (JVM running for 7.006)
2026-06-28 13:18:17.040 [http-nio-8080-exec-1] INFO  o.a.c.core.ContainerBase.[Tomcat].[localhost].[/] - Initializing Spring DispatcherServlet 'dispatcherServlet'
2026-06-28 13:18:17.041 [http-nio-8080-exec-1] INFO  org.springframework.web.servlet.DispatcherServlet - Initializing Servlet 'dispatcherServlet'
2026-06-28 13:18:17.042 [http-nio-8080-exec-1] INFO  org.springframework.web.servlet.DispatcherServlet - Completed initialization in 1 ms
2026-06-28 13:18:43.248 [http-nio-8080-exec-18] INFO  com.project.travel.handle.MyMetaObjectHandler - 公共字段自动填充[update]...
2026-06-28 13:23:32.676 [SpringApplicationShutdownHook] INFO  com.alibaba.druid.pool.DruidDataSource - {dataSource-1} closing ...
2026-06-28 13:23:32.681 [SpringApplicationShutdownHook] INFO  com.alibaba.druid.pool.DruidDataSource - {dataSource-1} closed
2026-06-28 13:23:35.043 [restartedMain] INFO  com.project.travel.TravelApplication - Starting TravelApplication using Java 1.8.0_202 on dilireba with PID 30628 (C:\maven\travel_system\travel\travel\travel-server\target\classes started by solitude in C:\maven\travel_system\travel\travel\travel-server)
2026-06-28 13:23:35.044 [restartedMain] INFO  com.project.travel.TravelApplication - The following 1 profile is active: "dev"
2026-06-28 13:23:35.107 [restartedMain] INFO  o.s.b.d.env.DevToolsPropertyDefaultsPostProcessor - Devtools property defaults active! Set 'spring.devtools.add-properties' to 'false' to disable
2026-06-28 13:23:35.107 [restartedMain] INFO  o.s.b.d.env.DevToolsPropertyDefaultsPostProcessor - For additional web related logging consider setting the 'logging.level.web' property to 'DEBUG'
2026-06-28 13:23:35.658 [restartedMain] INFO  o.s.d.r.config.RepositoryConfigurationDelegate - Multiple Spring Data modules found, entering strict repository configuration mode
2026-06-28 13:23:35.660 [restartedMain] INFO  o.s.d.r.config.RepositoryConfigurationDelegate - Bootstrapping Spring Data Redis repositories in DEFAULT mode.
2026-06-28 13:23:35.686 [restartedMain] INFO  o.s.d.r.config.RepositoryConfigurationDelegate - Finished Spring Data repository scanning in 15 ms. Found 0 Redis repository interfaces.
2026-06-28 13:23:36.332 [restartedMain] INFO  o.s.boot.web.embedded.tomcat.TomcatWebServer - Tomcat initialized with port(s): 8080 (http)
2026-06-28 13:23:36.340 [restartedMain] INFO  org.apache.coyote.http11.Http11NioProtocol - Initializing ProtocolHandler ["http-nio-8080"]
2026-06-28 13:23:36.342 [restartedMain] INFO  org.apache.catalina.core.StandardService - Starting service [Tomcat]
2026-06-28 13:23:36.342 [restartedMain] INFO  org.apache.catalina.core.StandardEngine - Starting Servlet engine: [Apache Tomcat/9.0.83]
2026-06-28 13:23:36.418 [restartedMain] INFO  o.a.c.core.ContainerBase.[Tomcat].[localhost].[/] - Initializing Spring embedded WebApplicationContext
2026-06-28 13:23:36.419 [restartedMain] INFO  o.s.b.w.s.c.ServletWebServerApplicationContext - Root WebApplicationContext: initialization completed in 1312 ms
2026-06-28 13:23:36.770 [restartedMain] INFO  c.a.d.s.b.a.DruidDataSourceAutoConfigure - Init DruidDataSource
2026-06-28 13:23:38.092 [restartedMain] INFO  com.alibaba.druid.pool.DruidDataSource - {dataSource-1} inited
2026-06-28 13:23:40.878 [restartedMain] INFO  o.s.b.d.autoconfigure.OptionalLiveReloadServer - LiveReload server is running on port 35729
2026-06-28 13:23:40.906 [restartedMain] INFO  org.apache.coyote.http11.Http11NioProtocol - Starting ProtocolHandler ["http-nio-8080"]
2026-06-28 13:23:40.940 [restartedMain] INFO  o.s.boot.web.embedded.tomcat.TomcatWebServer - Tomcat started on port(s): 8080 (http) with context path ''
2026-06-28 13:23:40.954 [restartedMain] INFO  com.project.travel.TravelApplication - Started TravelApplication in 6.383 seconds (JVM running for 6.916)
2026-06-28 13:24:25.800 [http-nio-8080-exec-2] INFO  o.a.c.core.ContainerBase.[Tomcat].[localhost].[/] - Initializing Spring DispatcherServlet 'dispatcherServlet'
2026-06-28 13:24:25.801 [http-nio-8080-exec-2] INFO  org.springframework.web.servlet.DispatcherServlet - Initializing Servlet 'dispatcherServlet'
2026-06-28 13:24:25.803 [http-nio-8080-exec-2] INFO  org.springframework.web.servlet.DispatcherServlet - Completed initialization in 2 ms
2026-06-28 13:24:51.823 [http-nio-8080-exec-18] INFO  c.p.t.c.attractions.SysAttractionsController - 查询景点参数：SysAttractions(id=null, name=null, price=null, introduce=null, content=null, num=null, realName=null, images=null, scenicType=null, location=null, pv=null, open=null, time=null, state=1, createBy=null, createTime=null, updateBy=null, updateTime=null, pageNumber=1, pageSize=100)
2026-06-28 13:24:51.825 [http-nio-8080-exec-18] INFO  c.p.t.c.attractions.SysAttractionsController - location 参数值：null
2026-06-28 13:24:51.827 [http-nio-8080-exec-18] INFO  c.p.t.c.attractions.SysAttractionsController - 最终查询条件 SQL：(state = #{ew.paramNameValuePairs.MPGENVAL1}) ORDER BY create_time DESC
2026-06-28 13:24:51.876 [http-nio-8080-exec-20] INFO  c.p.t.c.attractions.SysAttractionsController - 查询景点参数：SysAttractions(id=null, name=null, price=null, introduce=null, content=null, num=null, realName=null, images=null, scenicType=null, location=null, pv=null, open=null, time=null, state=1, createBy=null, createTime=null, updateBy=null, updateTime=null, pageNumber=1, pageSize=100)
2026-06-28 13:24:51.877 [http-nio-8080-exec-20] INFO  c.p.t.c.attractions.SysAttractionsController - location 参数值：null
2026-06-28 13:24:51.884 [http-nio-8080-exec-20] INFO  c.p.t.c.attractions.SysAttractionsController - 最终查询条件 SQL：(state = #{ew.paramNameValuePairs.MPGENVAL1}) ORDER BY create_time DESC
2026-06-28 13:24:51.902 [http-nio-8080-exec-18] INFO  c.p.t.c.attractions.SysAttractionsController - 查询结果数量：24
2026-06-28 13:24:51.910 [http-nio-8080-exec-19] INFO  c.p.t.c.attractions.SysAttractionsController - 查询景点参数：SysAttractions(id=null, name=, price=null, introduce=null, content=null, num=null, realName=null, images=null, scenicType=, location=, pv=null, open=null, time=null, state=1, createBy=null, createTime=null, updateBy=null, updateTime=null, pageNumber=1, pageSize=9)
2026-06-28 13:24:51.910 [http-nio-8080-exec-19] INFO  c.p.t.c.attractions.SysAttractionsController - location 参数值：
2026-06-28 13:24:51.911 [http-nio-8080-exec-19] INFO  c.p.t.c.attractions.SysAttractionsController - 最终查询条件 SQL：(state = #{ew.paramNameValuePairs.MPGENVAL1}) ORDER BY create_time DESC
2026-06-28 13:24:51.930 [http-nio-8080-exec-20] INFO  c.p.t.c.attractions.SysAttractionsController - 查询结果数量：24
2026-06-28 13:24:51.941 [http-nio-8080-exec-19] INFO  c.p.t.c.attractions.SysAttractionsController - 查询结果数量：9
2026-06-28 13:24:54.363 [http-nio-8080-exec-31] INFO  c.p.t.c.attractions.SysAttractionsController - 查询景点参数：SysAttractions(id=null, name=null, price=null, introduce=null, content=null, num=null, realName=null, images=null, scenicType=null, location=null, pv=null, open=null, time=null, state=1, createBy=null, createTime=null, updateBy=null, updateTime=null, pageNumber=1, pageSize=100)
2026-06-28 13:24:54.363 [http-nio-8080-exec-31] INFO  c.p.t.c.attractions.SysAttractionsController - location 参数值：null
2026-06-28 13:24:54.365 [http-nio-8080-exec-31] INFO  c.p.t.c.attractions.SysAttractionsController - 最终查询条件 SQL：(state = #{ew.paramNameValuePairs.MPGENVAL1}) ORDER BY create_time DESC
2026-06-28 13:24:54.381 [http-nio-8080-exec-31] INFO  c.p.t.c.attractions.SysAttractionsController - 查询结果数量：24
2026-06-28 13:25:45.068 [File Watcher] INFO  o.s.b.d.a.LocalDevToolsAutoConfiguration$RestartingClassPathChangeChangedEventListener - Restarting due to 3 class path changes (0 additions, 0 deletions, 3 modifications)
2026-06-28 13:25:47.643 [Thread-7] INFO  org.apache.coyote.http11.Http11NioProtocol - Pausing ProtocolHandler ["http-nio-8080"]
2026-06-28 13:25:47.643 [Thread-7] INFO  org.apache.catalina.core.StandardService - Stopping service [Tomcat]
2026-06-28 13:25:47.644 [Thread-7] INFO  o.a.c.core.ContainerBase.[Tomcat].[localhost].[/] - Destroying Spring FrameworkServlet 'dispatcherServlet'
2026-06-28 13:25:47.674 [Thread-7] INFO  org.apache.coyote.http11.Http11NioProtocol - Stopping ProtocolHandler ["http-nio-8080"]
2026-06-28 13:25:47.690 [Thread-7] INFO  org.apache.coyote.http11.Http11NioProtocol - Destroying ProtocolHandler ["http-nio-8080"]
2026-06-28 13:25:47.701 [Thread-7] INFO  com.alibaba.druid.pool.DruidDataSource - {dataSource-1} closing ...
2026-06-28 13:25:47.709 [Thread-7] INFO  com.alibaba.druid.pool.DruidDataSource - {dataSource-1} closed
2026-06-28 13:25:48.372 [restartedMain] INFO  com.project.travel.TravelApplication - Starting TravelApplication using Java 1.8.0_202 on dilireba with PID 30628 (C:\maven\travel_system\travel\travel\travel-server\target\classes started by solitude in C:\maven\travel_system\travel\travel\travel-server)
2026-06-28 13:25:48.373 [restartedMain] INFO  com.project.travel.TravelApplication - The following 1 profile is active: "dev"
2026-06-28 13:25:49.000 [restartedMain] INFO  o.s.d.r.config.RepositoryConfigurationDelegate - Multiple Spring Data modules found, entering strict repository configuration mode
2026-06-28 13:25:49.001 [restartedMain] INFO  o.s.d.r.config.RepositoryConfigurationDelegate - Bootstrapping Spring Data Redis repositories in DEFAULT mode.
2026-06-28 13:25:49.043 [restartedMain] INFO  o.s.d.r.config.RepositoryConfigurationDelegate - Finished Spring Data repository scanning in 41 ms. Found 0 Redis repository interfaces.
2026-06-28 13:25:50.366 [restartedMain] INFO  o.s.boot.web.embedded.tomcat.TomcatWebServer - Tomcat initialized with port(s): 8080 (http)
2026-06-28 13:25:50.368 [restartedMain] INFO  org.apache.coyote.http11.Http11NioProtocol - Initializing ProtocolHandler ["http-nio-8080"]
2026-06-28 13:25:50.369 [restartedMain] INFO  org.apache.catalina.core.StandardService - Starting service [Tomcat]
2026-06-28 13:25:50.369 [restartedMain] INFO  org.apache.catalina.core.StandardEngine - Starting Servlet engine: [Apache Tomcat/9.0.83]
2026-06-28 13:25:50.405 [restartedMain] INFO  o.a.c.core.ContainerBase.[Tomcat].[localhost].[/] - Initializing Spring embedded WebApplicationContext
2026-06-28 13:25:50.406 [restartedMain] INFO  o.s.b.w.s.c.ServletWebServerApplicationContext - Root WebApplicationContext: initialization completed in 2023 ms
2026-06-28 13:25:50.510 [restartedMain] INFO  c.a.d.s.b.a.DruidDataSourceAutoConfigure - Init DruidDataSource
2026-06-28 13:25:50.673 [restartedMain] INFO  com.alibaba.druid.pool.DruidDataSource - {dataSource-2} inited
2026-06-28 13:25:54.917 [restartedMain] INFO  o.s.b.d.autoconfigure.OptionalLiveReloadServer - LiveReload server is running on port 35729
2026-06-28 13:25:54.949 [restartedMain] INFO  org.apache.coyote.http11.Http11NioProtocol - Starting ProtocolHandler ["http-nio-8080"]
2026-06-28 13:25:54.964 [restartedMain] INFO  o.s.boot.web.embedded.tomcat.TomcatWebServer - Tomcat started on port(s): 8080 (http) with context path ''
2026-06-28 13:25:54.976 [restartedMain] INFO  com.project.travel.TravelApplication - Started TravelApplication in 6.786 seconds (JVM running for 140.938)
2026-06-28 13:25:54.978 [restartedMain] INFO  o.s.b.d.a.ConditionEvaluationDeltaLoggingListener - Condition evaluation unchanged
2026-06-28 13:26:03.666 [http-nio-8080-exec-1] INFO  o.a.c.core.ContainerBase.[Tomcat].[localhost].[/] - Initializing Spring DispatcherServlet 'dispatcherServlet'
2026-06-28 13:26:03.668 [http-nio-8080-exec-1] INFO  org.springframework.web.servlet.DispatcherServlet - Initializing Servlet 'dispatcherServlet'
2026-06-28 13:26:03.669 [http-nio-8080-exec-1] INFO  org.springframework.web.servlet.DispatcherServlet - Completed initialization in 1 ms
2026-06-28 13:26:43.621 [SpringApplicationShutdownHook] INFO  com.alibaba.druid.pool.DruidDataSource - {dataSource-2} closing ...
2026-06-28 13:26:43.624 [SpringApplicationShutdownHook] INFO  com.alibaba.druid.pool.DruidDataSource - {dataSource-2} closed
