2026-06-27 05:20:55.807 [RMI TCP Accept-0] WARN  sun.rmi.transport.tcp - RMI TCP Accept-0: accept loop for ServerSocket[addr=0.0.0.0/0.0.0.0,localport=58432] throws
java.io.IOException: The server sockets created using the LocalRMIServerSocketFactory only accept connections from clients running on the host where the RMI remote objects have been exported.
	at sun.management.jmxremote.LocalRMIServerSocketFactory$1.accept(LocalRMIServerSocketFactory.java:114)
	at sun.rmi.transport.tcp.TCPTransport$AcceptLoop.executeAcceptLoop(TCPTransport.java:405)
	at sun.rmi.transport.tcp.TCPTransport$AcceptLoop.run(TCPTransport.java:377)
	at java.lang.Thread.run(Thread.java:748)
2026-06-27 15:56:01.042 [Thread-13] WARN  org.apache.catalina.loader.WebappClassLoaderBase - The web application [ROOT] appears to have started a thread named [lettuce-nioEventLoop-9-1] but has failed to stop it. This is very likely to create a memory leak. Stack trace of thread:
 sun.nio.ch.WindowsSelectorImpl$SubSelector.poll0(Native Method)
 sun.nio.ch.WindowsSelectorImpl$SubSelector.poll(WindowsSelectorImpl.java:296)
 sun.nio.ch.WindowsSelectorImpl$SubSelector.access$400(WindowsSelectorImpl.java:278)
 sun.nio.ch.WindowsSelectorImpl.doSelect(WindowsSelectorImpl.java:159)
 sun.nio.ch.SelectorImpl.lockAndDoSelect(SelectorImpl.java:86)
 sun.nio.ch.SelectorImpl.select(SelectorImpl.java:97)
 sun.nio.ch.SelectorImpl.select(SelectorImpl.java:101)
 io.netty.channel.nio.SelectedSelectionKeySetSelector.select(SelectedSelectionKeySetSelector.java:68)
 io.netty.channel.nio.NioEventLoop.select(NioEventLoop.java:879)
 io.netty.channel.nio.NioEventLoop.run(NioEventLoop.java:526)
 io.netty.util.concurrent.SingleThreadEventExecutor$4.run(SingleThreadEventExecutor.java:997)
 io.netty.util.internal.ThreadExecutorMap$2.run(ThreadExecutorMap.java:74)
 io.netty.util.concurrent.FastThreadLocalRunnable.run(FastThreadLocalRunnable.java:30)
 java.lang.Thread.run(Thread.java:748)
2026-06-27 15:56:01.048 [Thread-13] WARN  org.apache.catalina.loader.WebappClassLoaderBase - The web application [ROOT] appears to have started a thread named [lettuce-eventExecutorLoop-7-2] but has failed to stop it. This is very likely to create a memory leak. Stack trace of thread:
 sun.misc.Unsafe.park(Native Method)
 java.util.concurrent.locks.LockSupport.park(LockSupport.java:175)
 java.util.concurrent.locks.AbstractQueuedSynchronizer$ConditionObject.await(AbstractQueuedSynchronizer.java:2039)
 java.util.concurrent.LinkedBlockingQueue.take(LinkedBlockingQueue.java:442)
 io.netty.util.concurrent.SingleThreadEventExecutor.takeTask(SingleThreadEventExecutor.java:244)
 io.netty.util.concurrent.DefaultEventExecutor.run(DefaultEventExecutor.java:64)
 io.netty.util.concurrent.SingleThreadEventExecutor$4.run(SingleThreadEventExecutor.java:997)
 io.netty.util.internal.ThreadExecutorMap$2.run(ThreadExecutorMap.java:74)
 io.netty.util.concurrent.FastThreadLocalRunnable.run(FastThreadLocalRunnable.java:30)
 java.lang.Thread.run(Thread.java:748)
2026-06-27 15:56:01.049 [Thread-13] WARN  org.apache.catalina.loader.WebappClassLoaderBase - The web application [ROOT] appears to have started a thread named [lettuce-eventExecutorLoop-7-1] but has failed to stop it. This is very likely to create a memory leak. Stack trace of thread:
 sun.misc.Unsafe.park(Native Method)
 java.util.concurrent.locks.LockSupport.park(LockSupport.java:175)
 java.util.concurrent.locks.AbstractQueuedSynchronizer$ConditionObject.await(AbstractQueuedSynchronizer.java:2039)
 java.util.concurrent.LinkedBlockingQueue.take(LinkedBlockingQueue.java:442)
 io.netty.util.concurrent.SingleThreadEventExecutor.takeTask(SingleThreadEventExecutor.java:244)
 io.netty.util.concurrent.DefaultEventExecutor.run(DefaultEventExecutor.java:64)
 io.netty.util.concurrent.SingleThreadEventExecutor$4.run(SingleThreadEventExecutor.java:997)
 io.netty.util.internal.ThreadExecutorMap$2.run(ThreadExecutorMap.java:74)
 io.netty.util.concurrent.FastThreadLocalRunnable.run(FastThreadLocalRunnable.java:30)
 java.lang.Thread.run(Thread.java:748)
2026-06-27 15:56:01.050 [Thread-13] WARN  org.apache.catalina.loader.WebappClassLoaderBase - The web application [ROOT] appears to have started a thread named [lettuce-eventExecutorLoop-7-3] but has failed to stop it. This is very likely to create a memory leak. Stack trace of thread:
 sun.misc.Unsafe.park(Native Method)
 java.util.concurrent.locks.LockSupport.park(LockSupport.java:175)
 java.util.concurrent.locks.AbstractQueuedSynchronizer$ConditionObject.await(AbstractQueuedSynchronizer.java:2039)
 java.util.concurrent.LinkedBlockingQueue.take(LinkedBlockingQueue.java:442)
 io.netty.util.concurrent.SingleThreadEventExecutor.takeTask(SingleThreadEventExecutor.java:244)
 io.netty.util.concurrent.DefaultEventExecutor.run(DefaultEventExecutor.java:64)
 io.netty.util.concurrent.SingleThreadEventExecutor$4.run(SingleThreadEventExecutor.java:997)
 io.netty.util.internal.ThreadExecutorMap$2.run(ThreadExecutorMap.java:74)
 io.netty.util.concurrent.FastThreadLocalRunnable.run(FastThreadLocalRunnable.java:30)
 java.lang.Thread.run(Thread.java:748)
2026-06-27 15:56:01.053 [Thread-13] WARN  org.apache.catalina.loader.WebappClassLoaderBase - The web application [ROOT] appears to have started a thread named [lettuce-eventExecutorLoop-7-4] but has failed to stop it. This is very likely to create a memory leak. Stack trace of thread:
 sun.misc.Unsafe.park(Native Method)
 java.util.concurrent.locks.LockSupport.park(LockSupport.java:175)
 java.util.concurrent.locks.AbstractQueuedSynchronizer$ConditionObject.await(AbstractQueuedSynchronizer.java:2039)
 java.util.concurrent.LinkedBlockingQueue.take(LinkedBlockingQueue.java:442)
 io.netty.util.concurrent.SingleThreadEventExecutor.takeTask(SingleThreadEventExecutor.java:244)
 io.netty.util.concurrent.DefaultEventExecutor.run(DefaultEventExecutor.java:64)
 io.netty.util.concurrent.SingleThreadEventExecutor$4.run(SingleThreadEventExecutor.java:997)
 io.netty.util.internal.ThreadExecutorMap$2.run(ThreadExecutorMap.java:74)
 io.netty.util.concurrent.FastThreadLocalRunnable.run(FastThreadLocalRunnable.java:30)
 java.lang.Thread.run(Thread.java:748)
2026-06-27 15:56:01.054 [Thread-13] WARN  org.apache.catalina.loader.WebappClassLoaderBase - The web application [ROOT] appears to have started a thread named [lettuce-eventExecutorLoop-7-5] but has failed to stop it. This is very likely to create a memory leak. Stack trace of thread:
 sun.misc.Unsafe.park(Native Method)
 java.util.concurrent.locks.LockSupport.park(LockSupport.java:175)
 java.util.concurrent.locks.AbstractQueuedSynchronizer$ConditionObject.await(AbstractQueuedSynchronizer.java:2039)
 java.util.concurrent.LinkedBlockingQueue.take(LinkedBlockingQueue.java:442)
 io.netty.util.concurrent.SingleThreadEventExecutor.takeTask(SingleThreadEventExecutor.java:244)
 io.netty.util.concurrent.DefaultEventExecutor.run(DefaultEventExecutor.java:64)
 io.netty.util.concurrent.SingleThreadEventExecutor$4.run(SingleThreadEventExecutor.java:997)
 io.netty.util.internal.ThreadExecutorMap$2.run(ThreadExecutorMap.java:74)
 io.netty.util.concurrent.FastThreadLocalRunnable.run(FastThreadLocalRunnable.java:30)
 java.lang.Thread.run(Thread.java:748)
2026-06-27 15:56:01.055 [Thread-13] WARN  org.apache.catalina.loader.WebappClassLoaderBase - The web application [ROOT] appears to have started a thread named [lettuce-eventExecutorLoop-7-6] but has failed to stop it. This is very likely to create a memory leak. Stack trace of thread:
 sun.misc.Unsafe.park(Native Method)
 java.util.concurrent.locks.LockSupport.park(LockSupport.java:175)
 java.util.concurrent.locks.AbstractQueuedSynchronizer$ConditionObject.await(AbstractQueuedSynchronizer.java:2039)
 java.util.concurrent.LinkedBlockingQueue.take(LinkedBlockingQueue.java:442)
 io.netty.util.concurrent.SingleThreadEventExecutor.takeTask(SingleThreadEventExecutor.java:244)
 io.netty.util.concurrent.DefaultEventExecutor.run(DefaultEventExecutor.java:64)
 io.netty.util.concurrent.SingleThreadEventExecutor$4.run(SingleThreadEventExecutor.java:997)
 io.netty.util.internal.ThreadExecutorMap$2.run(ThreadExecutorMap.java:74)
 io.netty.util.concurrent.FastThreadLocalRunnable.run(FastThreadLocalRunnable.java:30)
 java.lang.Thread.run(Thread.java:748)
2026-06-27 15:56:01.056 [Thread-13] WARN  org.apache.catalina.loader.WebappClassLoaderBase - The web application [ROOT] appears to have started a thread named [lettuce-eventExecutorLoop-7-7] but has failed to stop it. This is very likely to create a memory leak. Stack trace of thread:
 sun.misc.Unsafe.park(Native Method)
 java.util.concurrent.locks.LockSupport.park(LockSupport.java:175)
 java.util.concurrent.locks.AbstractQueuedSynchronizer$ConditionObject.await(AbstractQueuedSynchronizer.java:2039)
 java.util.concurrent.LinkedBlockingQueue.take(LinkedBlockingQueue.java:442)
 io.netty.util.concurrent.SingleThreadEventExecutor.takeTask(SingleThreadEventExecutor.java:244)
 io.netty.util.concurrent.DefaultEventExecutor.run(DefaultEventExecutor.java:64)
 io.netty.util.concurrent.SingleThreadEventExecutor$4.run(SingleThreadEventExecutor.java:997)
 io.netty.util.internal.ThreadExecutorMap$2.run(ThreadExecutorMap.java:74)
 io.netty.util.concurrent.FastThreadLocalRunnable.run(FastThreadLocalRunnable.java:30)
 java.lang.Thread.run(Thread.java:748)
2026-06-27 15:56:01.058 [Thread-13] WARN  org.apache.catalina.loader.WebappClassLoaderBase - The web application [ROOT] appears to have started a thread named [lettuce-eventExecutorLoop-7-8] but has failed to stop it. This is very likely to create a memory leak. Stack trace of thread:
 sun.misc.Unsafe.park(Native Method)
 java.util.concurrent.locks.LockSupport.park(LockSupport.java:175)
 java.util.concurrent.locks.AbstractQueuedSynchronizer$ConditionObject.await(AbstractQueuedSynchronizer.java:2039)
 java.util.concurrent.LinkedBlockingQueue.take(LinkedBlockingQueue.java:442)
 io.netty.util.concurrent.SingleThreadEventExecutor.takeTask(SingleThreadEventExecutor.java:244)
 io.netty.util.concurrent.DefaultEventExecutor.run(DefaultEventExecutor.java:64)
 io.netty.util.concurrent.SingleThreadEventExecutor$4.run(SingleThreadEventExecutor.java:997)
 io.netty.util.internal.ThreadExecutorMap$2.run(ThreadExecutorMap.java:74)
 io.netty.util.concurrent.FastThreadLocalRunnable.run(FastThreadLocalRunnable.java:30)
 java.lang.Thread.run(Thread.java:748)
2026-06-27 15:56:01.059 [Thread-13] WARN  org.apache.catalina.loader.WebappClassLoaderBase - The web application [ROOT] appears to have started a thread named [lettuce-eventExecutorLoop-7-9] but has failed to stop it. This is very likely to create a memory leak. Stack trace of thread:
 sun.misc.Unsafe.park(Native Method)
 java.util.concurrent.locks.LockSupport.park(LockSupport.java:175)
 java.util.concurrent.locks.AbstractQueuedSynchronizer$ConditionObject.await(AbstractQueuedSynchronizer.java:2039)
 java.util.concurrent.LinkedBlockingQueue.take(LinkedBlockingQueue.java:442)
 io.netty.util.concurrent.SingleThreadEventExecutor.takeTask(SingleThreadEventExecutor.java:244)
 io.netty.util.concurrent.DefaultEventExecutor.run(DefaultEventExecutor.java:64)
 io.netty.util.concurrent.SingleThreadEventExecutor$4.run(SingleThreadEventExecutor.java:997)
 io.netty.util.internal.ThreadExecutorMap$2.run(ThreadExecutorMap.java:74)
 io.netty.util.concurrent.FastThreadLocalRunnable.run(FastThreadLocalRunnable.java:30)
 java.lang.Thread.run(Thread.java:748)
2026-06-27 15:56:01.061 [Thread-13] WARN  org.apache.catalina.loader.WebappClassLoaderBase - The web application [ROOT] appears to have started a thread named [lettuce-eventExecutorLoop-7-10] but has failed to stop it. This is very likely to create a memory leak. Stack trace of thread:
 sun.misc.Unsafe.park(Native Method)
 java.util.concurrent.locks.LockSupport.park(LockSupport.java:175)
 java.util.concurrent.locks.AbstractQueuedSynchronizer$ConditionObject.await(AbstractQueuedSynchronizer.java:2039)
 java.util.concurrent.LinkedBlockingQueue.take(LinkedBlockingQueue.java:442)
 io.netty.util.concurrent.SingleThreadEventExecutor.takeTask(SingleThreadEventExecutor.java:244)
 io.netty.util.concurrent.DefaultEventExecutor.run(DefaultEventExecutor.java:64)
 io.netty.util.concurrent.SingleThreadEventExecutor$4.run(SingleThreadEventExecutor.java:997)
 io.netty.util.internal.ThreadExecutorMap$2.run(ThreadExecutorMap.java:74)
 io.netty.util.concurrent.FastThreadLocalRunnable.run(FastThreadLocalRunnable.java:30)
 java.lang.Thread.run(Thread.java:748)
2026-06-27 15:56:01.061 [Thread-13] WARN  org.apache.catalina.loader.WebappClassLoaderBase - The web application [ROOT] appears to have started a thread named [lettuce-eventExecutorLoop-7-11] but has failed to stop it. This is very likely to create a memory leak. Stack trace of thread:
 sun.misc.Unsafe.park(Native Method)
 java.util.concurrent.locks.LockSupport.park(LockSupport.java:175)
 java.util.concurrent.locks.AbstractQueuedSynchronizer$ConditionObject.await(AbstractQueuedSynchronizer.java:2039)
 java.util.concurrent.LinkedBlockingQueue.take(LinkedBlockingQueue.java:442)
 io.netty.util.concurrent.SingleThreadEventExecutor.takeTask(SingleThreadEventExecutor.java:244)
 io.netty.util.concurrent.DefaultEventExecutor.run(DefaultEventExecutor.java:64)
 io.netty.util.concurrent.SingleThreadEventExecutor$4.run(SingleThreadEventExecutor.java:997)
 io.netty.util.internal.ThreadExecutorMap$2.run(ThreadExecutorMap.java:74)
 io.netty.util.concurrent.FastThreadLocalRunnable.run(FastThreadLocalRunnable.java:30)
 java.lang.Thread.run(Thread.java:748)
2026-06-27 15:56:01.062 [Thread-13] WARN  org.apache.catalina.loader.WebappClassLoaderBase - The web application [ROOT] appears to have started a thread named [lettuce-eventExecutorLoop-7-12] but has failed to stop it. This is very likely to create a memory leak. Stack trace of thread:
 sun.misc.Unsafe.park(Native Method)
 java.util.concurrent.locks.LockSupport.park(LockSupport.java:175)
 java.util.concurrent.locks.AbstractQueuedSynchronizer$ConditionObject.await(AbstractQueuedSynchronizer.java:2039)
 java.util.concurrent.LinkedBlockingQueue.take(LinkedBlockingQueue.java:442)
 io.netty.util.concurrent.SingleThreadEventExecutor.takeTask(SingleThreadEventExecutor.java:244)
 io.netty.util.concurrent.DefaultEventExecutor.run(DefaultEventExecutor.java:64)
 io.netty.util.concurrent.SingleThreadEventExecutor$4.run(SingleThreadEventExecutor.java:997)
 io.netty.util.internal.ThreadExecutorMap$2.run(ThreadExecutorMap.java:74)
 io.netty.util.concurrent.FastThreadLocalRunnable.run(FastThreadLocalRunnable.java:30)
 java.lang.Thread.run(Thread.java:748)
2026-06-27 15:56:01.063 [Thread-13] WARN  org.apache.catalina.loader.WebappClassLoaderBase - The web application [ROOT] appears to have started a thread named [lettuce-eventExecutorLoop-7-13] but has failed to stop it. This is very likely to create a memory leak. Stack trace of thread:
 sun.misc.Unsafe.park(Native Method)
 java.util.concurrent.locks.LockSupport.park(LockSupport.java:175)
 java.util.concurrent.locks.AbstractQueuedSynchronizer$ConditionObject.await(AbstractQueuedSynchronizer.java:2039)
 java.util.concurrent.LinkedBlockingQueue.take(LinkedBlockingQueue.java:442)
 io.netty.util.concurrent.SingleThreadEventExecutor.takeTask(SingleThreadEventExecutor.java:244)
 io.netty.util.concurrent.DefaultEventExecutor.run(DefaultEventExecutor.java:64)
 io.netty.util.concurrent.SingleThreadEventExecutor$4.run(SingleThreadEventExecutor.java:997)
 io.netty.util.internal.ThreadExecutorMap$2.run(ThreadExecutorMap.java:74)
 io.netty.util.concurrent.FastThreadLocalRunnable.run(FastThreadLocalRunnable.java:30)
 java.lang.Thread.run(Thread.java:748)
2026-06-27 15:56:01.063 [Thread-13] WARN  org.apache.catalina.loader.WebappClassLoaderBase - The web application [ROOT] appears to have started a thread named [lettuce-eventExecutorLoop-7-14] but has failed to stop it. This is very likely to create a memory leak. Stack trace of thread:
 sun.misc.Unsafe.park(Native Method)
 java.util.concurrent.locks.LockSupport.park(LockSupport.java:175)
 java.util.concurrent.locks.AbstractQueuedSynchronizer$ConditionObject.await(AbstractQueuedSynchronizer.java:2039)
 java.util.concurrent.LinkedBlockingQueue.take(LinkedBlockingQueue.java:442)
 io.netty.util.concurrent.SingleThreadEventExecutor.takeTask(SingleThreadEventExecutor.java:244)
 io.netty.util.concurrent.DefaultEventExecutor.run(DefaultEventExecutor.java:64)
 io.netty.util.concurrent.SingleThreadEventExecutor$4.run(SingleThreadEventExecutor.java:997)
 io.netty.util.internal.ThreadExecutorMap$2.run(ThreadExecutorMap.java:74)
 io.netty.util.concurrent.FastThreadLocalRunnable.run(FastThreadLocalRunnable.java:30)
 java.lang.Thread.run(Thread.java:748)
2026-06-27 15:56:01.064 [Thread-13] WARN  org.apache.catalina.loader.WebappClassLoaderBase - The web application [ROOT] appears to have started a thread named [lettuce-eventExecutorLoop-7-15] but has failed to stop it. This is very likely to create a memory leak. Stack trace of thread:
 sun.misc.Unsafe.park(Native Method)
 java.util.concurrent.locks.LockSupport.park(LockSupport.java:175)
 java.util.concurrent.locks.AbstractQueuedSynchronizer$ConditionObject.await(AbstractQueuedSynchronizer.java:2039)
 java.util.concurrent.LinkedBlockingQueue.take(LinkedBlockingQueue.java:442)
 io.netty.util.concurrent.SingleThreadEventExecutor.takeTask(SingleThreadEventExecutor.java:244)
 io.netty.util.concurrent.DefaultEventExecutor.run(DefaultEventExecutor.java:64)
 io.netty.util.concurrent.SingleThreadEventExecutor$4.run(SingleThreadEventExecutor.java:997)
 io.netty.util.internal.ThreadExecutorMap$2.run(ThreadExecutorMap.java:74)
 io.netty.util.concurrent.FastThreadLocalRunnable.run(FastThreadLocalRunnable.java:30)
 java.lang.Thread.run(Thread.java:748)
2026-06-27 15:56:01.066 [Thread-13] WARN  org.apache.catalina.loader.WebappClassLoaderBase - The web application [ROOT] appears to have started a thread named [lettuce-eventExecutorLoop-7-16] but has failed to stop it. This is very likely to create a memory leak. Stack trace of thread:
 sun.misc.Unsafe.park(Native Method)
 java.util.concurrent.locks.LockSupport.park(LockSupport.java:175)
 java.util.concurrent.locks.AbstractQueuedSynchronizer$ConditionObject.await(AbstractQueuedSynchronizer.java:2039)
 java.util.concurrent.LinkedBlockingQueue.take(LinkedBlockingQueue.java:442)
 io.netty.util.concurrent.SingleThreadEventExecutor.takeTask(SingleThreadEventExecutor.java:244)
 io.netty.util.concurrent.DefaultEventExecutor.run(DefaultEventExecutor.java:64)
 io.netty.util.concurrent.SingleThreadEventExecutor$4.run(SingleThreadEventExecutor.java:997)
 io.netty.util.internal.ThreadExecutorMap$2.run(ThreadExecutorMap.java:74)
 io.netty.util.concurrent.FastThreadLocalRunnable.run(FastThreadLocalRunnable.java:30)
 java.lang.Thread.run(Thread.java:748)
2026-06-27 16:01:12.378 [restartedMain] WARN  o.s.b.w.s.c.AnnotationConfigServletWebServerApplicationContext - Exception encountered during context initialization - cancelling refresh attempt: org.springframework.beans.factory.BeanCreationException: Error creating bean with name 'sysMemberServiceImpl' defined in file [C:\maven\travel_system\travel\travel\travel-server\target\classes\com\project\travel\service\impl\SysMemberServiceImpl.class]: Instantiation of bean failed; nested exception is org.springframework.beans.BeanInstantiationException: Failed to instantiate [com.project.travel.service.impl.SysMemberServiceImpl]: Constructor threw exception; nested exception is java.lang.Error: Unresolved compilation problems: 
	The import com.project.travel.service.SysPointsLogService cannot be resolved
	SysPointsLogService cannot be resolved to a type
	SysPointsLogService cannot be resolved to a type
	SysPointsLogService cannot be resolved to a type

2026-06-27 16:01:18.730 [restartedMain] WARN  o.s.b.w.s.c.AnnotationConfigServletWebServerApplicationContext - Exception encountered during context initialization - cancelling refresh attempt: org.springframework.beans.factory.UnsatisfiedDependencyException: Error creating bean with name 'sysMemberServiceImpl': Unsatisfied dependency expressed through field 'pointsLogService'; nested exception is org.springframework.beans.factory.NoSuchBeanDefinitionException: No qualifying bean of type 'com.project.travel.service.SysPointsLogService' available: expected at least 1 bean which qualifies as autowire candidate. Dependency annotations: {@org.springframework.beans.factory.annotation.Autowired(required=true)}
2026-06-27 16:02:33.001 [restartedMain] WARN  o.s.b.w.s.c.AnnotationConfigServletWebServerApplicationContext - Exception encountered during context initialization - cancelling refresh attempt: org.springframework.beans.factory.BeanCreationException: Error creating bean with name 'sysMemberController' defined in file [C:\maven\travel_system\travel\travel\travel-server\target\classes\com\project\travel\controller\member\SysMemberController.class]: Instantiation of bean failed; nested exception is org.springframework.beans.BeanInstantiationException: Failed to instantiate [com.project.travel.controller.member.SysMemberController]: Constructor threw exception; nested exception is java.lang.Error: Unresolved compilation problems: 
	The import com.project.travel.service.SysCouponUserService cannot be resolved
	The import com.project.travel.service.SysExchangeRecordService cannot be resolved
	The import com.project.travel.service.SysProductService cannot be resolved
	SysCouponUserService cannot be resolved to a type
	SysProductService cannot be resolved to a type
	SysExchangeRecordService cannot be resolved to a type
	SysCouponUserService cannot be resolved to a type
	SysCouponUserService cannot be resolved to a type
	SysProductService cannot be resolved to a type
	SysProductService cannot be resolved to a type
	SysProductService cannot be resolved to a type
	SysExchangeRecordService cannot be resolved to a type
	SysExchangeRecordService cannot be resolved to a type
	SysExchangeRecordService cannot be resolved to a type

2026-06-27 16:02:45.099 [restartedMain] WARN  o.s.b.w.s.c.AnnotationConfigServletWebServerApplicationContext - Exception encountered during context initialization - cancelling refresh attempt: org.springframework.beans.factory.BeanCreationException: Error creating bean with name 'sysMemberController' defined in file [C:\maven\travel_system\travel\travel\travel-server\target\classes\com\project\travel\controller\member\SysMemberController.class]: Instantiation of bean failed; nested exception is org.springframework.beans.BeanInstantiationException: Failed to instantiate [com.project.travel.controller.member.SysMemberController]: Constructor threw exception; nested exception is java.lang.Error: Unresolved compilation problems: 
	The import com.project.travel.service.SysExchangeRecordService cannot be resolved
	The import com.project.travel.service.SysProductService cannot be resolved
	SysProductService cannot be resolved to a type
	SysExchangeRecordService cannot be resolved to a type
	SysProductService cannot be resolved to a type
	SysProductService cannot be resolved to a type
	SysProductService cannot be resolved to a type
	SysExchangeRecordService cannot be resolved to a type
	SysExchangeRecordService cannot be resolved to a type
	SysExchangeRecordService cannot be resolved to a type

2026-06-27 16:02:52.926 [restartedMain] WARN  o.s.b.w.s.c.AnnotationConfigServletWebServerApplicationContext - Exception encountered during context initialization - cancelling refresh attempt: org.springframework.beans.factory.BeanCreationException: Error creating bean with name 'sysMemberController' defined in file [C:\maven\travel_system\travel\travel\travel-server\target\classes\com\project\travel\controller\member\SysMemberController.class]: Instantiation of bean failed; nested exception is org.springframework.beans.BeanInstantiationException: Failed to instantiate [com.project.travel.controller.member.SysMemberController]: Constructor threw exception; nested exception is java.lang.Error: Unresolved compilation problems: 
	The import com.project.travel.service.SysExchangeRecordService cannot be resolved
	SysExchangeRecordService cannot be resolved to a type
	SysExchangeRecordService cannot be resolved to a type
	SysExchangeRecordService cannot be resolved to a type
	SysExchangeRecordService cannot be resolved to a type

2026-06-27 16:03:00.562 [restartedMain] WARN  o.s.b.w.s.c.AnnotationConfigServletWebServerApplicationContext - Exception encountered during context initialization - cancelling refresh attempt: org.springframework.beans.factory.BeanCreationException: Error creating bean with name 'sysMemberController' defined in file [C:\maven\travel_system\travel\travel\travel-server\target\classes\com\project\travel\controller\member\SysMemberController.class]: Instantiation of bean failed; nested exception is org.springframework.beans.BeanInstantiationException: Failed to instantiate [com.project.travel.controller.member.SysMemberController]: Constructor threw exception; nested exception is java.lang.Error: Unresolved compilation problems: 
	The import com.project.travel.service.SysExchangeRecordService cannot be resolved
	SysExchangeRecordService cannot be resolved to a type
	SysExchangeRecordService cannot be resolved to a type
	SysExchangeRecordService cannot be resolved to a type
	SysExchangeRecordService cannot be resolved to a type

2026-06-27 16:03:06.253 [restartedMain] WARN  o.s.b.w.s.c.AnnotationConfigServletWebServerApplicationContext - Exception encountered during context initialization - cancelling refresh attempt: org.springframework.beans.factory.UnsatisfiedDependencyException: Error creating bean with name 'sysMemberController': Unsatisfied dependency expressed through field 'exchangeRecordService'; nested exception is org.springframework.beans.factory.NoSuchBeanDefinitionException: No qualifying bean of type 'com.project.travel.service.SysExchangeRecordService' available: expected at least 1 bean which qualifies as autowire candidate. Dependency annotations: {@org.springframework.beans.factory.annotation.Autowired(required=true)}
2026-06-27 16:13:58.905 [http-nio-8080-exec-15] WARN  o.s.w.s.m.m.a.ExceptionHandlerExceptionResolver - Resolved [org.springframework.web.bind.MissingServletRequestParameterException: Required request parameter 'userId' for method parameter type String is not present]
2026-06-27 16:14:10.853 [http-nio-8080-exec-19] WARN  o.s.w.s.m.m.a.ExceptionHandlerExceptionResolver - Resolved [org.springframework.web.bind.MissingServletRequestParameterException: Required request parameter 'userId' for method parameter type String is not present]
2026-06-27 16:14:19.495 [http-nio-8080-exec-20] WARN  o.s.w.s.m.m.a.ExceptionHandlerExceptionResolver - Resolved [org.springframework.web.bind.MissingServletRequestParameterException: Required request parameter 'userId' for method parameter type String is not present]
2026-06-27 16:16:35.785 [Thread-7] WARN  org.apache.catalina.loader.WebappClassLoaderBase - The web application [ROOT] appears to have started a thread named [lettuce-nioEventLoop-4-1] but has failed to stop it. This is very likely to create a memory leak. Stack trace of thread:
 sun.nio.ch.WindowsSelectorImpl$SubSelector.poll0(Native Method)
 sun.nio.ch.WindowsSelectorImpl$SubSelector.poll(WindowsSelectorImpl.java:296)
 sun.nio.ch.WindowsSelectorImpl$SubSelector.access$400(WindowsSelectorImpl.java:278)
 sun.nio.ch.WindowsSelectorImpl.doSelect(WindowsSelectorImpl.java:159)
 sun.nio.ch.SelectorImpl.lockAndDoSelect(SelectorImpl.java:86)
 sun.nio.ch.SelectorImpl.select(SelectorImpl.java:97)
 sun.nio.ch.SelectorImpl.select(SelectorImpl.java:101)
 io.netty.channel.nio.SelectedSelectionKeySetSelector.select(SelectedSelectionKeySetSelector.java:68)
 io.netty.channel.nio.NioEventLoop.select(NioEventLoop.java:879)
 io.netty.channel.nio.NioEventLoop.run(NioEventLoop.java:526)
 io.netty.util.concurrent.SingleThreadEventExecutor$4.run(SingleThreadEventExecutor.java:997)
 io.netty.util.internal.ThreadExecutorMap$2.run(ThreadExecutorMap.java:74)
 io.netty.util.concurrent.FastThreadLocalRunnable.run(FastThreadLocalRunnable.java:30)
 java.lang.Thread.run(Thread.java:748)
2026-06-27 16:16:35.787 [Thread-7] WARN  org.apache.catalina.loader.WebappClassLoaderBase - The web application [ROOT] appears to have started a thread named [lettuce-eventExecutorLoop-1-1] but has failed to stop it. This is very likely to create a memory leak. Stack trace of thread:
 sun.misc.Unsafe.park(Native Method)
 java.util.concurrent.locks.LockSupport.park(LockSupport.java:175)
 java.util.concurrent.locks.AbstractQueuedSynchronizer$ConditionObject.await(AbstractQueuedSynchronizer.java:2039)
 java.util.concurrent.LinkedBlockingQueue.take(LinkedBlockingQueue.java:442)
 io.netty.util.concurrent.SingleThreadEventExecutor.takeTask(SingleThreadEventExecutor.java:244)
 io.netty.util.concurrent.DefaultEventExecutor.run(DefaultEventExecutor.java:64)
 io.netty.util.concurrent.SingleThreadEventExecutor$4.run(SingleThreadEventExecutor.java:997)
 io.netty.util.internal.ThreadExecutorMap$2.run(ThreadExecutorMap.java:74)
 io.netty.util.concurrent.FastThreadLocalRunnable.run(FastThreadLocalRunnable.java:30)
 java.lang.Thread.run(Thread.java:748)
2026-06-27 16:16:35.788 [Thread-7] WARN  org.apache.catalina.loader.WebappClassLoaderBase - The web application [ROOT] appears to have started a thread named [lettuce-eventExecutorLoop-1-2] but has failed to stop it. This is very likely to create a memory leak. Stack trace of thread:
 sun.misc.Unsafe.park(Native Method)
 java.util.concurrent.locks.LockSupport.park(LockSupport.java:175)
 java.util.concurrent.locks.AbstractQueuedSynchronizer$ConditionObject.await(AbstractQueuedSynchronizer.java:2039)
 java.util.concurrent.LinkedBlockingQueue.take(LinkedBlockingQueue.java:442)
 io.netty.util.concurrent.SingleThreadEventExecutor.takeTask(SingleThreadEventExecutor.java:244)
 io.netty.util.concurrent.DefaultEventExecutor.run(DefaultEventExecutor.java:64)
 io.netty.util.concurrent.SingleThreadEventExecutor$4.run(SingleThreadEventExecutor.java:997)
 io.netty.util.internal.ThreadExecutorMap$2.run(ThreadExecutorMap.java:74)
 io.netty.util.concurrent.FastThreadLocalRunnable.run(FastThreadLocalRunnable.java:30)
 java.lang.Thread.run(Thread.java:748)
2026-06-27 16:16:35.789 [Thread-7] WARN  org.apache.catalina.loader.WebappClassLoaderBase - The web application [ROOT] appears to have started a thread named [lettuce-eventExecutorLoop-1-3] but has failed to stop it. This is very likely to create a memory leak. Stack trace of thread:
 sun.misc.Unsafe.park(Native Method)
 java.util.concurrent.locks.LockSupport.park(LockSupport.java:175)
 java.util.concurrent.locks.AbstractQueuedSynchronizer$ConditionObject.await(AbstractQueuedSynchronizer.java:2039)
 java.util.concurrent.LinkedBlockingQueue.take(LinkedBlockingQueue.java:442)
 io.netty.util.concurrent.SingleThreadEventExecutor.takeTask(SingleThreadEventExecutor.java:244)
 io.netty.util.concurrent.DefaultEventExecutor.run(DefaultEventExecutor.java:64)
 io.netty.util.concurrent.SingleThreadEventExecutor$4.run(SingleThreadEventExecutor.java:997)
 io.netty.util.internal.ThreadExecutorMap$2.run(ThreadExecutorMap.java:74)
 io.netty.util.concurrent.FastThreadLocalRunnable.run(FastThreadLocalRunnable.java:30)
 java.lang.Thread.run(Thread.java:748)
2026-06-27 16:16:35.790 [Thread-7] WARN  org.apache.catalina.loader.WebappClassLoaderBase - The web application [ROOT] appears to have started a thread named [lettuce-eventExecutorLoop-1-4] but has failed to stop it. This is very likely to create a memory leak. Stack trace of thread:
 sun.misc.Unsafe.park(Native Method)
 java.util.concurrent.locks.LockSupport.park(LockSupport.java:175)
 java.util.concurrent.locks.AbstractQueuedSynchronizer$ConditionObject.await(AbstractQueuedSynchronizer.java:2039)
 java.util.concurrent.LinkedBlockingQueue.take(LinkedBlockingQueue.java:442)
 io.netty.util.concurrent.SingleThreadEventExecutor.takeTask(SingleThreadEventExecutor.java:244)
 io.netty.util.concurrent.DefaultEventExecutor.run(DefaultEventExecutor.java:64)
 io.netty.util.concurrent.SingleThreadEventExecutor$4.run(SingleThreadEventExecutor.java:997)
 io.netty.util.internal.ThreadExecutorMap$2.run(ThreadExecutorMap.java:74)
 io.netty.util.concurrent.FastThreadLocalRunnable.run(FastThreadLocalRunnable.java:30)
 java.lang.Thread.run(Thread.java:748)
2026-06-27 16:16:35.791 [Thread-7] WARN  org.apache.catalina.loader.WebappClassLoaderBase - The web application [ROOT] appears to have started a thread named [lettuce-eventExecutorLoop-1-5] but has failed to stop it. This is very likely to create a memory leak. Stack trace of thread:
 sun.misc.Unsafe.park(Native Method)
 java.util.concurrent.locks.LockSupport.park(LockSupport.java:175)
 java.util.concurrent.locks.AbstractQueuedSynchronizer$ConditionObject.await(AbstractQueuedSynchronizer.java:2039)
 java.util.concurrent.LinkedBlockingQueue.take(LinkedBlockingQueue.java:442)
 io.netty.util.concurrent.SingleThreadEventExecutor.takeTask(SingleThreadEventExecutor.java:244)
 io.netty.util.concurrent.DefaultEventExecutor.run(DefaultEventExecutor.java:64)
 io.netty.util.concurrent.SingleThreadEventExecutor$4.run(SingleThreadEventExecutor.java:997)
 io.netty.util.internal.ThreadExecutorMap$2.run(ThreadExecutorMap.java:74)
 io.netty.util.concurrent.FastThreadLocalRunnable.run(FastThreadLocalRunnable.java:30)
 java.lang.Thread.run(Thread.java:748)
2026-06-27 16:16:35.792 [Thread-7] WARN  org.apache.catalina.loader.WebappClassLoaderBase - The web application [ROOT] appears to have started a thread named [lettuce-eventExecutorLoop-1-6] but has failed to stop it. This is very likely to create a memory leak. Stack trace of thread:
 sun.misc.Unsafe.park(Native Method)
 java.util.concurrent.locks.LockSupport.park(LockSupport.java:175)
 java.util.concurrent.locks.AbstractQueuedSynchronizer$ConditionObject.await(AbstractQueuedSynchronizer.java:2039)
 java.util.concurrent.LinkedBlockingQueue.take(LinkedBlockingQueue.java:442)
 io.netty.util.concurrent.SingleThreadEventExecutor.takeTask(SingleThreadEventExecutor.java:244)
 io.netty.util.concurrent.DefaultEventExecutor.run(DefaultEventExecutor.java:64)
 io.netty.util.concurrent.SingleThreadEventExecutor$4.run(SingleThreadEventExecutor.java:997)
 io.netty.util.internal.ThreadExecutorMap$2.run(ThreadExecutorMap.java:74)
 io.netty.util.concurrent.FastThreadLocalRunnable.run(FastThreadLocalRunnable.java:30)
 java.lang.Thread.run(Thread.java:748)
2026-06-27 16:16:35.794 [Thread-7] WARN  org.apache.catalina.loader.WebappClassLoaderBase - The web application [ROOT] appears to have started a thread named [lettuce-eventExecutorLoop-1-8] but has failed to stop it. This is very likely to create a memory leak. Stack trace of thread:
 sun.misc.Unsafe.park(Native Method)
 java.util.concurrent.locks.LockSupport.park(LockSupport.java:175)
 java.util.concurrent.locks.AbstractQueuedSynchronizer$ConditionObject.await(AbstractQueuedSynchronizer.java:2039)
 java.util.concurrent.LinkedBlockingQueue.take(LinkedBlockingQueue.java:442)
 io.netty.util.concurrent.SingleThreadEventExecutor.takeTask(SingleThreadEventExecutor.java:244)
 io.netty.util.concurrent.DefaultEventExecutor.run(DefaultEventExecutor.java:64)
 io.netty.util.concurrent.SingleThreadEventExecutor$4.run(SingleThreadEventExecutor.java:997)
 io.netty.util.internal.ThreadExecutorMap$2.run(ThreadExecutorMap.java:74)
 io.netty.util.concurrent.FastThreadLocalRunnable.run(FastThreadLocalRunnable.java:30)
 java.lang.Thread.run(Thread.java:748)
2026-06-27 16:16:35.795 [Thread-7] WARN  org.apache.catalina.loader.WebappClassLoaderBase - The web application [ROOT] appears to have started a thread named [lettuce-eventExecutorLoop-1-7] but has failed to stop it. This is very likely to create a memory leak. Stack trace of thread:
 sun.misc.Unsafe.park(Native Method)
 java.util.concurrent.locks.LockSupport.park(LockSupport.java:175)
 java.util.concurrent.locks.AbstractQueuedSynchronizer$ConditionObject.await(AbstractQueuedSynchronizer.java:2039)
 java.util.concurrent.LinkedBlockingQueue.take(LinkedBlockingQueue.java:442)
 io.netty.util.concurrent.SingleThreadEventExecutor.takeTask(SingleThreadEventExecutor.java:244)
 io.netty.util.concurrent.DefaultEventExecutor.run(DefaultEventExecutor.java:64)
 io.netty.util.concurrent.SingleThreadEventExecutor$4.run(SingleThreadEventExecutor.java:997)
 io.netty.util.internal.ThreadExecutorMap$2.run(ThreadExecutorMap.java:74)
 io.netty.util.concurrent.FastThreadLocalRunnable.run(FastThreadLocalRunnable.java:30)
 java.lang.Thread.run(Thread.java:748)
2026-06-27 16:16:35.796 [Thread-7] WARN  org.apache.catalina.loader.WebappClassLoaderBase - The web application [ROOT] appears to have started a thread named [lettuce-eventExecutorLoop-1-9] but has failed to stop it. This is very likely to create a memory leak. Stack trace of thread:
 sun.misc.Unsafe.park(Native Method)
 java.util.concurrent.locks.LockSupport.park(LockSupport.java:175)
 java.util.concurrent.locks.AbstractQueuedSynchronizer$ConditionObject.await(AbstractQueuedSynchronizer.java:2039)
 java.util.concurrent.LinkedBlockingQueue.take(LinkedBlockingQueue.java:442)
 io.netty.util.concurrent.SingleThreadEventExecutor.takeTask(SingleThreadEventExecutor.java:244)
 io.netty.util.concurrent.DefaultEventExecutor.run(DefaultEventExecutor.java:64)
 io.netty.util.concurrent.SingleThreadEventExecutor$4.run(SingleThreadEventExecutor.java:997)
 io.netty.util.internal.ThreadExecutorMap$2.run(ThreadExecutorMap.java:74)
 io.netty.util.concurrent.FastThreadLocalRunnable.run(FastThreadLocalRunnable.java:30)
 java.lang.Thread.run(Thread.java:748)
2026-06-27 16:16:35.797 [Thread-7] WARN  org.apache.catalina.loader.WebappClassLoaderBase - The web application [ROOT] appears to have started a thread named [lettuce-eventExecutorLoop-1-10] but has failed to stop it. This is very likely to create a memory leak. Stack trace of thread:
 sun.misc.Unsafe.park(Native Method)
 java.util.concurrent.locks.LockSupport.park(LockSupport.java:175)
 java.util.concurrent.locks.AbstractQueuedSynchronizer$ConditionObject.await(AbstractQueuedSynchronizer.java:2039)
 java.util.concurrent.LinkedBlockingQueue.take(LinkedBlockingQueue.java:442)
 io.netty.util.concurrent.SingleThreadEventExecutor.takeTask(SingleThreadEventExecutor.java:244)
 io.netty.util.concurrent.DefaultEventExecutor.run(DefaultEventExecutor.java:64)
 io.netty.util.concurrent.SingleThreadEventExecutor$4.run(SingleThreadEventExecutor.java:997)
 io.netty.util.internal.ThreadExecutorMap$2.run(ThreadExecutorMap.java:74)
 io.netty.util.concurrent.FastThreadLocalRunnable.run(FastThreadLocalRunnable.java:30)
 java.lang.Thread.run(Thread.java:748)
2026-06-27 16:16:35.797 [Thread-7] WARN  org.apache.catalina.loader.WebappClassLoaderBase - The web application [ROOT] appears to have started a thread named [lettuce-eventExecutorLoop-1-11] but has failed to stop it. This is very likely to create a memory leak. Stack trace of thread:
 sun.misc.Unsafe.park(Native Method)
 java.util.concurrent.locks.LockSupport.park(LockSupport.java:175)
 java.util.concurrent.locks.AbstractQueuedSynchronizer$ConditionObject.await(AbstractQueuedSynchronizer.java:2039)
 java.util.concurrent.LinkedBlockingQueue.take(LinkedBlockingQueue.java:442)
 io.netty.util.concurrent.SingleThreadEventExecutor.takeTask(SingleThreadEventExecutor.java:244)
 io.netty.util.concurrent.DefaultEventExecutor.run(DefaultEventExecutor.java:64)
 io.netty.util.concurrent.SingleThreadEventExecutor$4.run(SingleThreadEventExecutor.java:997)
 io.netty.util.internal.ThreadExecutorMap$2.run(ThreadExecutorMap.java:74)
 io.netty.util.concurrent.FastThreadLocalRunnable.run(FastThreadLocalRunnable.java:30)
 java.lang.Thread.run(Thread.java:748)
2026-06-27 16:16:35.797 [Thread-7] WARN  org.apache.catalina.loader.WebappClassLoaderBase - The web application [ROOT] appears to have started a thread named [lettuce-eventExecutorLoop-1-12] but has failed to stop it. This is very likely to create a memory leak. Stack trace of thread:
 sun.misc.Unsafe.park(Native Method)
 java.util.concurrent.locks.LockSupport.park(LockSupport.java:175)
 java.util.concurrent.locks.AbstractQueuedSynchronizer$ConditionObject.await(AbstractQueuedSynchronizer.java:2039)
 java.util.concurrent.LinkedBlockingQueue.take(LinkedBlockingQueue.java:442)
 io.netty.util.concurrent.SingleThreadEventExecutor.takeTask(SingleThreadEventExecutor.java:244)
 io.netty.util.concurrent.DefaultEventExecutor.run(DefaultEventExecutor.java:64)
 io.netty.util.concurrent.SingleThreadEventExecutor$4.run(SingleThreadEventExecutor.java:997)
 io.netty.util.internal.ThreadExecutorMap$2.run(ThreadExecutorMap.java:74)
 io.netty.util.concurrent.FastThreadLocalRunnable.run(FastThreadLocalRunnable.java:30)
 java.lang.Thread.run(Thread.java:748)
2026-06-27 16:16:35.798 [Thread-7] WARN  org.apache.catalina.loader.WebappClassLoaderBase - The web application [ROOT] appears to have started a thread named [lettuce-eventExecutorLoop-1-13] but has failed to stop it. This is very likely to create a memory leak. Stack trace of thread:
 sun.misc.Unsafe.park(Native Method)
 java.util.concurrent.locks.LockSupport.park(LockSupport.java:175)
 java.util.concurrent.locks.AbstractQueuedSynchronizer$ConditionObject.await(AbstractQueuedSynchronizer.java:2039)
 java.util.concurrent.LinkedBlockingQueue.take(LinkedBlockingQueue.java:442)
 io.netty.util.concurrent.SingleThreadEventExecutor.takeTask(SingleThreadEventExecutor.java:244)
 io.netty.util.concurrent.DefaultEventExecutor.run(DefaultEventExecutor.java:64)
 io.netty.util.concurrent.SingleThreadEventExecutor$4.run(SingleThreadEventExecutor.java:997)
 io.netty.util.internal.ThreadExecutorMap$2.run(ThreadExecutorMap.java:74)
 io.netty.util.concurrent.FastThreadLocalRunnable.run(FastThreadLocalRunnable.java:30)
 java.lang.Thread.run(Thread.java:748)
2026-06-27 16:16:35.799 [Thread-7] WARN  org.apache.catalina.loader.WebappClassLoaderBase - The web application [ROOT] appears to have started a thread named [lettuce-eventExecutorLoop-1-14] but has failed to stop it. This is very likely to create a memory leak. Stack trace of thread:
 sun.misc.Unsafe.park(Native Method)
 java.util.concurrent.locks.LockSupport.park(LockSupport.java:175)
 java.util.concurrent.locks.AbstractQueuedSynchronizer$ConditionObject.await(AbstractQueuedSynchronizer.java:2039)
 java.util.concurrent.LinkedBlockingQueue.take(LinkedBlockingQueue.java:442)
 io.netty.util.concurrent.SingleThreadEventExecutor.takeTask(SingleThreadEventExecutor.java:244)
 io.netty.util.concurrent.DefaultEventExecutor.run(DefaultEventExecutor.java:64)
 io.netty.util.concurrent.SingleThreadEventExecutor$4.run(SingleThreadEventExecutor.java:997)
 io.netty.util.internal.ThreadExecutorMap$2.run(ThreadExecutorMap.java:74)
 io.netty.util.concurrent.FastThreadLocalRunnable.run(FastThreadLocalRunnable.java:30)
 java.lang.Thread.run(Thread.java:748)
2026-06-27 16:16:35.801 [Thread-7] WARN  org.apache.catalina.loader.WebappClassLoaderBase - The web application [ROOT] appears to have started a thread named [lettuce-eventExecutorLoop-1-15] but has failed to stop it. This is very likely to create a memory leak. Stack trace of thread:
 sun.misc.Unsafe.park(Native Method)
 java.util.concurrent.locks.LockSupport.park(LockSupport.java:175)
 java.util.concurrent.locks.AbstractQueuedSynchronizer$ConditionObject.await(AbstractQueuedSynchronizer.java:2039)
 java.util.concurrent.LinkedBlockingQueue.take(LinkedBlockingQueue.java:442)
 io.netty.util.concurrent.SingleThreadEventExecutor.takeTask(SingleThreadEventExecutor.java:244)
 io.netty.util.concurrent.DefaultEventExecutor.run(DefaultEventExecutor.java:64)
 io.netty.util.concurrent.SingleThreadEventExecutor$4.run(SingleThreadEventExecutor.java:997)
 io.netty.util.internal.ThreadExecutorMap$2.run(ThreadExecutorMap.java:74)
 io.netty.util.concurrent.FastThreadLocalRunnable.run(FastThreadLocalRunnable.java:30)
 java.lang.Thread.run(Thread.java:748)
2026-06-27 16:16:35.802 [Thread-7] WARN  org.apache.catalina.loader.WebappClassLoaderBase - The web application [ROOT] appears to have started a thread named [lettuce-eventExecutorLoop-1-16] but has failed to stop it. This is very likely to create a memory leak. Stack trace of thread:
 sun.misc.Unsafe.park(Native Method)
 java.util.concurrent.locks.LockSupport.park(LockSupport.java:175)
 java.util.concurrent.locks.AbstractQueuedSynchronizer$ConditionObject.await(AbstractQueuedSynchronizer.java:2039)
 java.util.concurrent.LinkedBlockingQueue.take(LinkedBlockingQueue.java:442)
 io.netty.util.concurrent.SingleThreadEventExecutor.takeTask(SingleThreadEventExecutor.java:244)
 io.netty.util.concurrent.DefaultEventExecutor.run(DefaultEventExecutor.java:64)
 io.netty.util.concurrent.SingleThreadEventExecutor$4.run(SingleThreadEventExecutor.java:997)
 io.netty.util.internal.ThreadExecutorMap$2.run(ThreadExecutorMap.java:74)
 io.netty.util.concurrent.FastThreadLocalRunnable.run(FastThreadLocalRunnable.java:30)
 java.lang.Thread.run(Thread.java:748)
2026-06-27 16:20:19.871 [http-nio-8080-exec-3] WARN  o.s.w.s.m.m.a.ExceptionHandlerExceptionResolver - Resolved [org.springframework.web.bind.MissingServletRequestParameterException: Required request parameter 'userId' for method parameter type String is not present]
2026-06-27 16:20:22.829 [http-nio-8080-exec-6] WARN  o.s.w.s.m.m.a.ExceptionHandlerExceptionResolver - Resolved [org.springframework.web.bind.MissingServletRequestParameterException: Required request parameter 'userId' for method parameter type String is not present]
2026-06-27 16:21:41.299 [Thread-7] WARN  org.apache.catalina.loader.WebappClassLoaderBase - The web application [ROOT] appears to have started a thread named [lettuce-nioEventLoop-4-1] but has failed to stop it. This is very likely to create a memory leak. Stack trace of thread:
 sun.nio.ch.WindowsSelectorImpl$SubSelector.poll0(Native Method)
 sun.nio.ch.WindowsSelectorImpl$SubSelector.poll(WindowsSelectorImpl.java:296)
 sun.nio.ch.WindowsSelectorImpl$SubSelector.access$400(WindowsSelectorImpl.java:278)
 sun.nio.ch.WindowsSelectorImpl.doSelect(WindowsSelectorImpl.java:159)
 sun.nio.ch.SelectorImpl.lockAndDoSelect(SelectorImpl.java:86)
 sun.nio.ch.SelectorImpl.select(SelectorImpl.java:97)
 sun.nio.ch.SelectorImpl.select(SelectorImpl.java:101)
 io.netty.channel.nio.SelectedSelectionKeySetSelector.select(SelectedSelectionKeySetSelector.java:68)
 io.netty.channel.nio.NioEventLoop.select(NioEventLoop.java:879)
 io.netty.channel.nio.NioEventLoop.run(NioEventLoop.java:526)
 io.netty.util.concurrent.SingleThreadEventExecutor$4.run(SingleThreadEventExecutor.java:997)
 io.netty.util.internal.ThreadExecutorMap$2.run(ThreadExecutorMap.java:74)
 io.netty.util.concurrent.FastThreadLocalRunnable.run(FastThreadLocalRunnable.java:30)
 java.lang.Thread.run(Thread.java:748)
2026-06-27 16:21:41.300 [Thread-7] WARN  org.apache.catalina.loader.WebappClassLoaderBase - The web application [ROOT] appears to have started a thread named [lettuce-eventExecutorLoop-1-1] but has failed to stop it. This is very likely to create a memory leak. Stack trace of thread:
 sun.misc.Unsafe.park(Native Method)
 java.util.concurrent.locks.LockSupport.park(LockSupport.java:175)
 java.util.concurrent.locks.AbstractQueuedSynchronizer$ConditionObject.await(AbstractQueuedSynchronizer.java:2039)
 java.util.concurrent.LinkedBlockingQueue.take(LinkedBlockingQueue.java:442)
 io.netty.util.concurrent.SingleThreadEventExecutor.takeTask(SingleThreadEventExecutor.java:244)
 io.netty.util.concurrent.DefaultEventExecutor.run(DefaultEventExecutor.java:64)
 io.netty.util.concurrent.SingleThreadEventExecutor$4.run(SingleThreadEventExecutor.java:997)
 io.netty.util.internal.ThreadExecutorMap$2.run(ThreadExecutorMap.java:74)
 io.netty.util.concurrent.FastThreadLocalRunnable.run(FastThreadLocalRunnable.java:30)
 java.lang.Thread.run(Thread.java:748)
2026-06-27 16:21:41.302 [Thread-7] WARN  org.apache.catalina.loader.WebappClassLoaderBase - The web application [ROOT] appears to have started a thread named [lettuce-eventExecutorLoop-1-2] but has failed to stop it. This is very likely to create a memory leak. Stack trace of thread:
 sun.misc.Unsafe.park(Native Method)
 java.util.concurrent.locks.LockSupport.park(LockSupport.java:175)
 java.util.concurrent.locks.AbstractQueuedSynchronizer$ConditionObject.await(AbstractQueuedSynchronizer.java:2039)
 java.util.concurrent.LinkedBlockingQueue.take(LinkedBlockingQueue.java:442)
 io.netty.util.concurrent.SingleThreadEventExecutor.takeTask(SingleThreadEventExecutor.java:244)
 io.netty.util.concurrent.DefaultEventExecutor.run(DefaultEventExecutor.java:64)
 io.netty.util.concurrent.SingleThreadEventExecutor$4.run(SingleThreadEventExecutor.java:997)
 io.netty.util.internal.ThreadExecutorMap$2.run(ThreadExecutorMap.java:74)
 io.netty.util.concurrent.FastThreadLocalRunnable.run(FastThreadLocalRunnable.java:30)
 java.lang.Thread.run(Thread.java:748)
2026-06-27 16:21:41.303 [Thread-7] WARN  org.apache.catalina.loader.WebappClassLoaderBase - The web application [ROOT] appears to have started a thread named [lettuce-eventExecutorLoop-1-3] but has failed to stop it. This is very likely to create a memory leak. Stack trace of thread:
 sun.misc.Unsafe.park(Native Method)
 java.util.concurrent.locks.LockSupport.park(LockSupport.java:175)
 java.util.concurrent.locks.AbstractQueuedSynchronizer$ConditionObject.await(AbstractQueuedSynchronizer.java:2039)
 java.util.concurrent.LinkedBlockingQueue.take(LinkedBlockingQueue.java:442)
 io.netty.util.concurrent.SingleThreadEventExecutor.takeTask(SingleThreadEventExecutor.java:244)
 io.netty.util.concurrent.DefaultEventExecutor.run(DefaultEventExecutor.java:64)
 io.netty.util.concurrent.SingleThreadEventExecutor$4.run(SingleThreadEventExecutor.java:997)
 io.netty.util.internal.ThreadExecutorMap$2.run(ThreadExecutorMap.java:74)
 io.netty.util.concurrent.FastThreadLocalRunnable.run(FastThreadLocalRunnable.java:30)
 java.lang.Thread.run(Thread.java:748)
2026-06-27 16:21:41.303 [Thread-7] WARN  org.apache.catalina.loader.WebappClassLoaderBase - The web application [ROOT] appears to have started a thread named [lettuce-eventExecutorLoop-1-4] but has failed to stop it. This is very likely to create a memory leak. Stack trace of thread:
 sun.misc.Unsafe.park(Native Method)
 java.util.concurrent.locks.LockSupport.park(LockSupport.java:175)
 java.util.concurrent.locks.AbstractQueuedSynchronizer$ConditionObject.await(AbstractQueuedSynchronizer.java:2039)
 java.util.concurrent.LinkedBlockingQueue.take(LinkedBlockingQueue.java:442)
 io.netty.util.concurrent.SingleThreadEventExecutor.takeTask(SingleThreadEventExecutor.java:244)
 io.netty.util.concurrent.DefaultEventExecutor.run(DefaultEventExecutor.java:64)
 io.netty.util.concurrent.SingleThreadEventExecutor$4.run(SingleThreadEventExecutor.java:997)
 io.netty.util.internal.ThreadExecutorMap$2.run(ThreadExecutorMap.java:74)
 io.netty.util.concurrent.FastThreadLocalRunnable.run(FastThreadLocalRunnable.java:30)
 java.lang.Thread.run(Thread.java:748)
2026-06-27 16:21:59.036 [restartedMain] WARN  o.s.b.w.s.c.AnnotationConfigServletWebServerApplicationContext - Exception encountered during context initialization - cancelling refresh attempt: org.springframework.beans.factory.BeanCreationException: Error creating bean with name 'sysMemberController': Lookup method resolution failed; nested exception is java.lang.IllegalStateException: Failed to introspect Class [com.project.travel.controller.member.SysMemberController] from ClassLoader [org.springframework.boot.devtools.restart.classloader.RestartClassLoader@36459cb8]
2026-06-27 16:22:29.205 [restartedMain] WARN  o.s.b.w.s.c.AnnotationConfigServletWebServerApplicationContext - Exception encountered during context initialization - cancelling refresh attempt: org.springframework.beans.factory.BeanCreationException: Error creating bean with name 'sysMemberController': Lookup method resolution failed; nested exception is java.lang.IllegalStateException: Failed to introspect Class [com.project.travel.controller.member.SysMemberController] from ClassLoader [org.springframework.boot.devtools.restart.classloader.RestartClassLoader@7f0dca3b]
2026-06-27 16:22:51.112 [restartedMain] WARN  o.s.b.w.s.c.AnnotationConfigServletWebServerApplicationContext - Exception encountered during context initialization - cancelling refresh attempt: org.springframework.beans.factory.BeanCreationException: Error creating bean with name 'sysMemberController': Lookup method resolution failed; nested exception is java.lang.IllegalStateException: Failed to introspect Class [com.project.travel.controller.member.SysMemberController] from ClassLoader [org.springframework.boot.devtools.restart.classloader.RestartClassLoader@1a8af328]
2026-06-27 16:23:26.722 [restartedMain] WARN  o.s.b.w.s.c.AnnotationConfigServletWebServerApplicationContext - Exception encountered during context initialization - cancelling refresh attempt: org.springframework.beans.factory.BeanCreationException: Error creating bean with name 'sysMemberController': Lookup method resolution failed; nested exception is java.lang.IllegalStateException: Failed to introspect Class [com.project.travel.controller.member.SysMemberController] from ClassLoader [org.springframework.boot.devtools.restart.classloader.RestartClassLoader@4b9ecafb]
2026-06-27 16:25:59.877 [http-nio-8080-exec-21] WARN  o.s.w.s.m.m.a.ExceptionHandlerExceptionResolver - Resolved [org.mybatis.spring.MyBatisSystemException: nested exception is org.apache.ibatis.reflection.ReflectionException: Could not set property 'createBy' of 'class com.project.travel.domain.SysMember' with value '超级管理员' Cause: org.apache.ibatis.reflection.ReflectionException: There is no setter for property named 'createBy' in 'class com.project.travel.domain.SysMember']
2026-06-27 16:25:59.987 [http-nio-8080-exec-22] WARN  o.s.w.s.m.m.a.ExceptionHandlerExceptionResolver - Resolved [org.springframework.jdbc.BadSqlGrammarException: <EOL><EOL>### Error querying database.  Cause: java.sql.SQLSyntaxErrorException: Unknown column 'sort' in 'order clause'<EOL><EOL>### The error may exist in com/project/travel/mapper/SysCouponMapper.java (best guess)<EOL><EOL>### The error may involve defaultParameterMap<EOL><EOL>### The error occurred while setting parameters<EOL><EOL>### SQL: SELECT  id,name,description,min_amount,discount_amount,points_required,require_level,total_count,remain_count,start_time,end_time,valid_days,status,create_time,update_time  FROM sys_coupon     WHERE (status = ?) ORDER BY sort ASC<EOL><EOL>### Cause: java.sql.SQLSyntaxErrorException: Unknown column 'sort' in 'order clause'<EOL>; bad SQL grammar []; nested exception is java.sql.SQLSyntaxErrorException: Unknown column 'sort' in 'order clause']
2026-06-27 16:26:05.028 [http-nio-8080-exec-7] WARN  o.s.w.s.m.m.a.ExceptionHandlerExceptionResolver - Resolved [org.mybatis.spring.MyBatisSystemException: nested exception is org.apache.ibatis.reflection.ReflectionException: Could not set property 'createBy' of 'class com.project.travel.domain.SysMember' with value '超级管理员' Cause: org.apache.ibatis.reflection.ReflectionException: There is no setter for property named 'createBy' in 'class com.project.travel.domain.SysMember']
2026-06-27 16:26:10.586 [http-nio-8080-exec-17] WARN  o.s.w.s.m.m.a.ExceptionHandlerExceptionResolver - Resolved [org.mybatis.spring.MyBatisSystemException: nested exception is org.apache.ibatis.reflection.ReflectionException: Could not set property 'createBy' of 'class com.project.travel.domain.SysMember' with value '超级管理员' Cause: org.apache.ibatis.reflection.ReflectionException: There is no setter for property named 'createBy' in 'class com.project.travel.domain.SysMember']
2026-06-27 16:26:20.438 [http-nio-8080-exec-18] WARN  o.s.w.s.m.m.a.ExceptionHandlerExceptionResolver - Resolved [org.mybatis.spring.MyBatisSystemException: nested exception is org.apache.ibatis.reflection.ReflectionException: Could not set property 'createBy' of 'class com.project.travel.domain.SysMember' with value '超级管理员' Cause: org.apache.ibatis.reflection.ReflectionException: There is no setter for property named 'createBy' in 'class com.project.travel.domain.SysMember']
2026-06-27 16:27:11.127 [Thread-7] WARN  org.apache.catalina.loader.WebappClassLoaderBase - The web application [ROOT] appears to have started a thread named [lettuce-nioEventLoop-4-1] but has failed to stop it. This is very likely to create a memory leak. Stack trace of thread:
 sun.nio.ch.WindowsSelectorImpl$SubSelector.poll0(Native Method)
 sun.nio.ch.WindowsSelectorImpl$SubSelector.poll(WindowsSelectorImpl.java:296)
 sun.nio.ch.WindowsSelectorImpl$SubSelector.access$400(WindowsSelectorImpl.java:278)
 sun.nio.ch.WindowsSelectorImpl.doSelect(WindowsSelectorImpl.java:159)
 sun.nio.ch.SelectorImpl.lockAndDoSelect(SelectorImpl.java:86)
 sun.nio.ch.SelectorImpl.select(SelectorImpl.java:97)
 sun.nio.ch.SelectorImpl.select(SelectorImpl.java:101)
 io.netty.channel.nio.SelectedSelectionKeySetSelector.select(SelectedSelectionKeySetSelector.java:68)
 io.netty.channel.nio.NioEventLoop.select(NioEventLoop.java:879)
 io.netty.channel.nio.NioEventLoop.run(NioEventLoop.java:526)
 io.netty.util.concurrent.SingleThreadEventExecutor$4.run(SingleThreadEventExecutor.java:997)
 io.netty.util.internal.ThreadExecutorMap$2.run(ThreadExecutorMap.java:74)
 io.netty.util.concurrent.FastThreadLocalRunnable.run(FastThreadLocalRunnable.java:30)
 java.lang.Thread.run(Thread.java:748)
2026-06-27 16:27:11.129 [Thread-7] WARN  org.apache.catalina.loader.WebappClassLoaderBase - The web application [ROOT] appears to have started a thread named [lettuce-eventExecutorLoop-1-2] but has failed to stop it. This is very likely to create a memory leak. Stack trace of thread:
 sun.misc.Unsafe.park(Native Method)
 java.util.concurrent.locks.LockSupport.park(LockSupport.java:175)
 java.util.concurrent.locks.AbstractQueuedSynchronizer$ConditionObject.await(AbstractQueuedSynchronizer.java:2039)
 java.util.concurrent.LinkedBlockingQueue.take(LinkedBlockingQueue.java:442)
 io.netty.util.concurrent.SingleThreadEventExecutor.takeTask(SingleThreadEventExecutor.java:244)
 io.netty.util.concurrent.DefaultEventExecutor.run(DefaultEventExecutor.java:64)
 io.netty.util.concurrent.SingleThreadEventExecutor$4.run(SingleThreadEventExecutor.java:997)
 io.netty.util.internal.ThreadExecutorMap$2.run(ThreadExecutorMap.java:74)
 io.netty.util.concurrent.FastThreadLocalRunnable.run(FastThreadLocalRunnable.java:30)
 java.lang.Thread.run(Thread.java:748)
2026-06-27 16:27:11.131 [Thread-7] WARN  org.apache.catalina.loader.WebappClassLoaderBase - The web application [ROOT] appears to have started a thread named [lettuce-eventExecutorLoop-1-1] but has failed to stop it. This is very likely to create a memory leak. Stack trace of thread:
 sun.misc.Unsafe.park(Native Method)
 java.util.concurrent.locks.LockSupport.park(LockSupport.java:175)
 java.util.concurrent.locks.AbstractQueuedSynchronizer$ConditionObject.await(AbstractQueuedSynchronizer.java:2039)
 java.util.concurrent.LinkedBlockingQueue.take(LinkedBlockingQueue.java:442)
 io.netty.util.concurrent.SingleThreadEventExecutor.takeTask(SingleThreadEventExecutor.java:244)
 io.netty.util.concurrent.DefaultEventExecutor.run(DefaultEventExecutor.java:64)
 io.netty.util.concurrent.SingleThreadEventExecutor$4.run(SingleThreadEventExecutor.java:997)
 io.netty.util.internal.ThreadExecutorMap$2.run(ThreadExecutorMap.java:74)
 io.netty.util.concurrent.FastThreadLocalRunnable.run(FastThreadLocalRunnable.java:30)
 java.lang.Thread.run(Thread.java:748)
2026-06-27 16:27:11.133 [Thread-7] WARN  org.apache.catalina.loader.WebappClassLoaderBase - The web application [ROOT] appears to have started a thread named [lettuce-eventExecutorLoop-1-3] but has failed to stop it. This is very likely to create a memory leak. Stack trace of thread:
 sun.misc.Unsafe.park(Native Method)
 java.util.concurrent.locks.LockSupport.park(LockSupport.java:175)
 java.util.concurrent.locks.AbstractQueuedSynchronizer$ConditionObject.await(AbstractQueuedSynchronizer.java:2039)
 java.util.concurrent.LinkedBlockingQueue.take(LinkedBlockingQueue.java:442)
 io.netty.util.concurrent.SingleThreadEventExecutor.takeTask(SingleThreadEventExecutor.java:244)
 io.netty.util.concurrent.DefaultEventExecutor.run(DefaultEventExecutor.java:64)
 io.netty.util.concurrent.SingleThreadEventExecutor$4.run(SingleThreadEventExecutor.java:997)
 io.netty.util.internal.ThreadExecutorMap$2.run(ThreadExecutorMap.java:74)
 io.netty.util.concurrent.FastThreadLocalRunnable.run(FastThreadLocalRunnable.java:30)
 java.lang.Thread.run(Thread.java:748)
2026-06-27 16:27:11.135 [Thread-7] WARN  org.apache.catalina.loader.WebappClassLoaderBase - The web application [ROOT] appears to have started a thread named [lettuce-eventExecutorLoop-1-4] but has failed to stop it. This is very likely to create a memory leak. Stack trace of thread:
 sun.misc.Unsafe.park(Native Method)
 java.util.concurrent.locks.LockSupport.park(LockSupport.java:175)
 java.util.concurrent.locks.AbstractQueuedSynchronizer$ConditionObject.await(AbstractQueuedSynchronizer.java:2039)
 java.util.concurrent.LinkedBlockingQueue.take(LinkedBlockingQueue.java:442)
 io.netty.util.concurrent.SingleThreadEventExecutor.takeTask(SingleThreadEventExecutor.java:244)
 io.netty.util.concurrent.DefaultEventExecutor.run(DefaultEventExecutor.java:64)
 io.netty.util.concurrent.SingleThreadEventExecutor$4.run(SingleThreadEventExecutor.java:997)
 io.netty.util.internal.ThreadExecutorMap$2.run(ThreadExecutorMap.java:74)
 io.netty.util.concurrent.FastThreadLocalRunnable.run(FastThreadLocalRunnable.java:30)
 java.lang.Thread.run(Thread.java:748)
2026-06-27 16:27:11.135 [Thread-7] WARN  org.apache.catalina.loader.WebappClassLoaderBase - The web application [ROOT] appears to have started a thread named [lettuce-eventExecutorLoop-1-5] but has failed to stop it. This is very likely to create a memory leak. Stack trace of thread:
 sun.misc.Unsafe.park(Native Method)
 java.util.concurrent.locks.LockSupport.park(LockSupport.java:175)
 java.util.concurrent.locks.AbstractQueuedSynchronizer$ConditionObject.await(AbstractQueuedSynchronizer.java:2039)
 java.util.concurrent.LinkedBlockingQueue.take(LinkedBlockingQueue.java:442)
 io.netty.util.concurrent.SingleThreadEventExecutor.takeTask(SingleThreadEventExecutor.java:244)
 io.netty.util.concurrent.DefaultEventExecutor.run(DefaultEventExecutor.java:64)
 io.netty.util.concurrent.SingleThreadEventExecutor$4.run(SingleThreadEventExecutor.java:997)
 io.netty.util.internal.ThreadExecutorMap$2.run(ThreadExecutorMap.java:74)
 io.netty.util.concurrent.FastThreadLocalRunnable.run(FastThreadLocalRunnable.java:30)
 java.lang.Thread.run(Thread.java:748)
2026-06-27 16:27:11.136 [Thread-7] WARN  org.apache.catalina.loader.WebappClassLoaderBase - The web application [ROOT] appears to have started a thread named [lettuce-eventExecutorLoop-1-6] but has failed to stop it. This is very likely to create a memory leak. Stack trace of thread:
 sun.misc.Unsafe.park(Native Method)
 java.util.concurrent.locks.LockSupport.park(LockSupport.java:175)
 java.util.concurrent.locks.AbstractQueuedSynchronizer$ConditionObject.await(AbstractQueuedSynchronizer.java:2039)
 java.util.concurrent.LinkedBlockingQueue.take(LinkedBlockingQueue.java:442)
 io.netty.util.concurrent.SingleThreadEventExecutor.takeTask(SingleThreadEventExecutor.java:244)
 io.netty.util.concurrent.DefaultEventExecutor.run(DefaultEventExecutor.java:64)
 io.netty.util.concurrent.SingleThreadEventExecutor$4.run(SingleThreadEventExecutor.java:997)
 io.netty.util.internal.ThreadExecutorMap$2.run(ThreadExecutorMap.java:74)
 io.netty.util.concurrent.FastThreadLocalRunnable.run(FastThreadLocalRunnable.java:30)
 java.lang.Thread.run(Thread.java:748)
2026-06-27 16:27:11.138 [Thread-7] WARN  org.apache.catalina.loader.WebappClassLoaderBase - The web application [ROOT] appears to have started a thread named [lettuce-eventExecutorLoop-1-7] but has failed to stop it. This is very likely to create a memory leak. Stack trace of thread:
 sun.misc.Unsafe.park(Native Method)
 java.util.concurrent.locks.LockSupport.park(LockSupport.java:175)
 java.util.concurrent.locks.AbstractQueuedSynchronizer$ConditionObject.await(AbstractQueuedSynchronizer.java:2039)
 java.util.concurrent.LinkedBlockingQueue.take(LinkedBlockingQueue.java:442)
 io.netty.util.concurrent.SingleThreadEventExecutor.takeTask(SingleThreadEventExecutor.java:244)
 io.netty.util.concurrent.DefaultEventExecutor.run(DefaultEventExecutor.java:64)
 io.netty.util.concurrent.SingleThreadEventExecutor$4.run(SingleThreadEventExecutor.java:997)
 io.netty.util.internal.ThreadExecutorMap$2.run(ThreadExecutorMap.java:74)
 io.netty.util.concurrent.FastThreadLocalRunnable.run(FastThreadLocalRunnable.java:30)
 java.lang.Thread.run(Thread.java:748)
2026-06-27 16:27:11.139 [Thread-7] WARN  org.apache.catalina.loader.WebappClassLoaderBase - The web application [ROOT] appears to have started a thread named [lettuce-eventExecutorLoop-1-9] but has failed to stop it. This is very likely to create a memory leak. Stack trace of thread:
 sun.misc.Unsafe.park(Native Method)
 java.util.concurrent.locks.LockSupport.park(LockSupport.java:175)
 java.util.concurrent.locks.AbstractQueuedSynchronizer$ConditionObject.await(AbstractQueuedSynchronizer.java:2039)
 java.util.concurrent.LinkedBlockingQueue.take(LinkedBlockingQueue.java:442)
 io.netty.util.concurrent.SingleThreadEventExecutor.takeTask(SingleThreadEventExecutor.java:244)
 io.netty.util.concurrent.DefaultEventExecutor.run(DefaultEventExecutor.java:64)
 io.netty.util.concurrent.SingleThreadEventExecutor$4.run(SingleThreadEventExecutor.java:997)
 io.netty.util.internal.ThreadExecutorMap$2.run(ThreadExecutorMap.java:74)
 io.netty.util.concurrent.FastThreadLocalRunnable.run(FastThreadLocalRunnable.java:30)
 java.lang.Thread.run(Thread.java:748)
2026-06-27 16:27:11.140 [Thread-7] WARN  org.apache.catalina.loader.WebappClassLoaderBase - The web application [ROOT] appears to have started a thread named [lettuce-eventExecutorLoop-1-8] but has failed to stop it. This is very likely to create a memory leak. Stack trace of thread:
 sun.misc.Unsafe.park(Native Method)
 java.util.concurrent.locks.LockSupport.park(LockSupport.java:175)
 java.util.concurrent.locks.AbstractQueuedSynchronizer$ConditionObject.await(AbstractQueuedSynchronizer.java:2039)
 java.util.concurrent.LinkedBlockingQueue.take(LinkedBlockingQueue.java:442)
 io.netty.util.concurrent.SingleThreadEventExecutor.takeTask(SingleThreadEventExecutor.java:244)
 io.netty.util.concurrent.DefaultEventExecutor.run(DefaultEventExecutor.java:64)
 io.netty.util.concurrent.SingleThreadEventExecutor$4.run(SingleThreadEventExecutor.java:997)
 io.netty.util.internal.ThreadExecutorMap$2.run(ThreadExecutorMap.java:74)
 io.netty.util.concurrent.FastThreadLocalRunnable.run(FastThreadLocalRunnable.java:30)
 java.lang.Thread.run(Thread.java:748)
2026-06-27 16:27:11.140 [Thread-7] WARN  org.apache.catalina.loader.WebappClassLoaderBase - The web application [ROOT] appears to have started a thread named [lettuce-eventExecutorLoop-1-10] but has failed to stop it. This is very likely to create a memory leak. Stack trace of thread:
 sun.misc.Unsafe.park(Native Method)
 java.util.concurrent.locks.LockSupport.park(LockSupport.java:175)
 java.util.concurrent.locks.AbstractQueuedSynchronizer$ConditionObject.await(AbstractQueuedSynchronizer.java:2039)
 java.util.concurrent.LinkedBlockingQueue.take(LinkedBlockingQueue.java:442)
 io.netty.util.concurrent.SingleThreadEventExecutor.takeTask(SingleThreadEventExecutor.java:244)
 io.netty.util.concurrent.DefaultEventExecutor.run(DefaultEventExecutor.java:64)
 io.netty.util.concurrent.SingleThreadEventExecutor$4.run(SingleThreadEventExecutor.java:997)
 io.netty.util.internal.ThreadExecutorMap$2.run(ThreadExecutorMap.java:74)
 io.netty.util.concurrent.FastThreadLocalRunnable.run(FastThreadLocalRunnable.java:30)
 java.lang.Thread.run(Thread.java:748)
2026-06-27 16:27:11.141 [Thread-7] WARN  org.apache.catalina.loader.WebappClassLoaderBase - The web application [ROOT] appears to have started a thread named [lettuce-eventExecutorLoop-1-11] but has failed to stop it. This is very likely to create a memory leak. Stack trace of thread:
 sun.misc.Unsafe.park(Native Method)
 java.util.concurrent.locks.LockSupport.park(LockSupport.java:175)
 java.util.concurrent.locks.AbstractQueuedSynchronizer$ConditionObject.await(AbstractQueuedSynchronizer.java:2039)
 java.util.concurrent.LinkedBlockingQueue.take(LinkedBlockingQueue.java:442)
 io.netty.util.concurrent.SingleThreadEventExecutor.takeTask(SingleThreadEventExecutor.java:244)
 io.netty.util.concurrent.DefaultEventExecutor.run(DefaultEventExecutor.java:64)
 io.netty.util.concurrent.SingleThreadEventExecutor$4.run(SingleThreadEventExecutor.java:997)
 io.netty.util.internal.ThreadExecutorMap$2.run(ThreadExecutorMap.java:74)
 io.netty.util.concurrent.FastThreadLocalRunnable.run(FastThreadLocalRunnable.java:30)
 java.lang.Thread.run(Thread.java:748)
2026-06-27 16:27:11.142 [Thread-7] WARN  org.apache.catalina.loader.WebappClassLoaderBase - The web application [ROOT] appears to have started a thread named [lettuce-eventExecutorLoop-1-12] but has failed to stop it. This is very likely to create a memory leak. Stack trace of thread:
 sun.misc.Unsafe.park(Native Method)
 java.util.concurrent.locks.LockSupport.park(LockSupport.java:175)
 java.util.concurrent.locks.AbstractQueuedSynchronizer$ConditionObject.await(AbstractQueuedSynchronizer.java:2039)
 java.util.concurrent.LinkedBlockingQueue.take(LinkedBlockingQueue.java:442)
 io.netty.util.concurrent.SingleThreadEventExecutor.takeTask(SingleThreadEventExecutor.java:244)
 io.netty.util.concurrent.DefaultEventExecutor.run(DefaultEventExecutor.java:64)
 io.netty.util.concurrent.SingleThreadEventExecutor$4.run(SingleThreadEventExecutor.java:997)
 io.netty.util.internal.ThreadExecutorMap$2.run(ThreadExecutorMap.java:74)
 io.netty.util.concurrent.FastThreadLocalRunnable.run(FastThreadLocalRunnable.java:30)
 java.lang.Thread.run(Thread.java:748)
2026-06-27 16:27:11.143 [Thread-7] WARN  org.apache.catalina.loader.WebappClassLoaderBase - The web application [ROOT] appears to have started a thread named [lettuce-eventExecutorLoop-1-13] but has failed to stop it. This is very likely to create a memory leak. Stack trace of thread:
 sun.misc.Unsafe.park(Native Method)
 java.util.concurrent.locks.LockSupport.park(LockSupport.java:175)
 java.util.concurrent.locks.AbstractQueuedSynchronizer$ConditionObject.await(AbstractQueuedSynchronizer.java:2039)
 java.util.concurrent.LinkedBlockingQueue.take(LinkedBlockingQueue.java:442)
 io.netty.util.concurrent.SingleThreadEventExecutor.takeTask(SingleThreadEventExecutor.java:244)
 io.netty.util.concurrent.DefaultEventExecutor.run(DefaultEventExecutor.java:64)
 io.netty.util.concurrent.SingleThreadEventExecutor$4.run(SingleThreadEventExecutor.java:997)
 io.netty.util.internal.ThreadExecutorMap$2.run(ThreadExecutorMap.java:74)
 io.netty.util.concurrent.FastThreadLocalRunnable.run(FastThreadLocalRunnable.java:30)
 java.lang.Thread.run(Thread.java:748)
2026-06-27 16:27:11.143 [Thread-7] WARN  org.apache.catalina.loader.WebappClassLoaderBase - The web application [ROOT] appears to have started a thread named [lettuce-eventExecutorLoop-1-14] but has failed to stop it. This is very likely to create a memory leak. Stack trace of thread:
 sun.misc.Unsafe.park(Native Method)
 java.util.concurrent.locks.LockSupport.park(LockSupport.java:175)
 java.util.concurrent.locks.AbstractQueuedSynchronizer$ConditionObject.await(AbstractQueuedSynchronizer.java:2039)
 java.util.concurrent.LinkedBlockingQueue.take(LinkedBlockingQueue.java:442)
 io.netty.util.concurrent.SingleThreadEventExecutor.takeTask(SingleThreadEventExecutor.java:244)
 io.netty.util.concurrent.DefaultEventExecutor.run(DefaultEventExecutor.java:64)
 io.netty.util.concurrent.SingleThreadEventExecutor$4.run(SingleThreadEventExecutor.java:997)
 io.netty.util.internal.ThreadExecutorMap$2.run(ThreadExecutorMap.java:74)
 io.netty.util.concurrent.FastThreadLocalRunnable.run(FastThreadLocalRunnable.java:30)
 java.lang.Thread.run(Thread.java:748)
2026-06-27 16:27:11.145 [Thread-7] WARN  org.apache.catalina.loader.WebappClassLoaderBase - The web application [ROOT] appears to have started a thread named [lettuce-eventExecutorLoop-1-15] but has failed to stop it. This is very likely to create a memory leak. Stack trace of thread:
 sun.misc.Unsafe.park(Native Method)
 java.util.concurrent.locks.LockSupport.park(LockSupport.java:175)
 java.util.concurrent.locks.AbstractQueuedSynchronizer$ConditionObject.await(AbstractQueuedSynchronizer.java:2039)
 java.util.concurrent.LinkedBlockingQueue.take(LinkedBlockingQueue.java:442)
 io.netty.util.concurrent.SingleThreadEventExecutor.takeTask(SingleThreadEventExecutor.java:244)
 io.netty.util.concurrent.DefaultEventExecutor.run(DefaultEventExecutor.java:64)
 io.netty.util.concurrent.SingleThreadEventExecutor$4.run(SingleThreadEventExecutor.java:997)
 io.netty.util.internal.ThreadExecutorMap$2.run(ThreadExecutorMap.java:74)
 io.netty.util.concurrent.FastThreadLocalRunnable.run(FastThreadLocalRunnable.java:30)
 java.lang.Thread.run(Thread.java:748)
2026-06-27 16:27:11.145 [Thread-7] WARN  org.apache.catalina.loader.WebappClassLoaderBase - The web application [ROOT] appears to have started a thread named [System Clock] but has failed to stop it. This is very likely to create a memory leak. Stack trace of thread:
 sun.misc.Unsafe.park(Native Method)
 java.util.concurrent.locks.LockSupport.parkNanos(LockSupport.java:215)
 java.util.concurrent.locks.AbstractQueuedSynchronizer$ConditionObject.awaitNanos(AbstractQueuedSynchronizer.java:2078)
 java.util.concurrent.ScheduledThreadPoolExecutor$DelayedWorkQueue.take(ScheduledThreadPoolExecutor.java:1093)
 java.util.concurrent.ScheduledThreadPoolExecutor$DelayedWorkQueue.take(ScheduledThreadPoolExecutor.java:809)
 java.util.concurrent.ThreadPoolExecutor.getTask(ThreadPoolExecutor.java:1074)
 java.util.concurrent.ThreadPoolExecutor.runWorker(ThreadPoolExecutor.java:1134)
 java.util.concurrent.ThreadPoolExecutor$Worker.run(ThreadPoolExecutor.java:624)
 java.lang.Thread.run(Thread.java:748)
2026-06-27 16:27:11.146 [Thread-7] WARN  org.apache.catalina.loader.WebappClassLoaderBase - The web application [ROOT] appears to have started a thread named [lettuce-eventExecutorLoop-1-16] but has failed to stop it. This is very likely to create a memory leak. Stack trace of thread:
 sun.misc.Unsafe.park(Native Method)
 java.util.concurrent.locks.LockSupport.park(LockSupport.java:175)
 java.util.concurrent.locks.AbstractQueuedSynchronizer$ConditionObject.await(AbstractQueuedSynchronizer.java:2039)
 java.util.concurrent.LinkedBlockingQueue.take(LinkedBlockingQueue.java:442)
 io.netty.util.concurrent.SingleThreadEventExecutor.takeTask(SingleThreadEventExecutor.java:244)
 io.netty.util.concurrent.DefaultEventExecutor.run(DefaultEventExecutor.java:64)
 io.netty.util.concurrent.SingleThreadEventExecutor$4.run(SingleThreadEventExecutor.java:997)
 io.netty.util.internal.ThreadExecutorMap$2.run(ThreadExecutorMap.java:74)
 io.netty.util.concurrent.FastThreadLocalRunnable.run(FastThreadLocalRunnable.java:30)
 java.lang.Thread.run(Thread.java:748)
2026-06-27 16:29:46.208 [http-nio-8080-exec-2] WARN  o.s.w.s.m.m.a.ExceptionHandlerExceptionResolver - Resolved [org.springframework.jdbc.BadSqlGrammarException: <EOL><EOL>### Error querying database.  Cause: java.sql.SQLSyntaxErrorException: Unknown column 'create_by' in 'field list'<EOL><EOL>### The error may exist in com/project/travel/mapper/SysProductMapper.java (best guess)<EOL><EOL>### The error may involve defaultParameterMap<EOL><EOL>### The error occurred while setting parameters<EOL><EOL>### SQL: SELECT  id,name,description,images,price,points_required,stock,type,status,sort,create_by,create_time,update_by,update_time  FROM sys_product     WHERE (status = ?) ORDER BY sort ASC,create_time DESC LIMIT ?<EOL><EOL>### Cause: java.sql.SQLSyntaxErrorException: Unknown column 'create_by' in 'field list'<EOL>; bad SQL grammar []; nested exception is java.sql.SQLSyntaxErrorException: Unknown column 'create_by' in 'field list']
2026-06-27 16:29:46.232 [http-nio-8080-exec-5] WARN  o.s.w.s.m.m.a.ExceptionHandlerExceptionResolver - Resolved [org.springframework.jdbc.BadSqlGrammarException: <EOL><EOL>### Error querying database.  Cause: java.sql.SQLSyntaxErrorException: Unknown column 'sort' in 'field list'<EOL><EOL>### The error may exist in com/project/travel/mapper/SysCouponMapper.java (best guess)<EOL><EOL>### The error may involve defaultParameterMap<EOL><EOL>### The error occurred while setting parameters<EOL><EOL>### SQL: SELECT  id,name,description,min_amount,discount_amount,points_required,require_level,total_count,remain_count,start_time,end_time,valid_days,status,sort,create_by,create_time,update_by,update_time  FROM sys_coupon     WHERE (status = ?) ORDER BY sort ASC<EOL><EOL>### Cause: java.sql.SQLSyntaxErrorException: Unknown column 'sort' in 'field list'<EOL>; bad SQL grammar []; nested exception is java.sql.SQLSyntaxErrorException: Unknown column 'sort' in 'field list']
2026-06-27 16:29:46.234 [http-nio-8080-exec-3] WARN  o.s.w.s.m.m.a.ExceptionHandlerExceptionResolver - Resolved [org.springframework.jdbc.BadSqlGrammarException: <EOL><EOL>### Error querying database.  Cause: java.sql.SQLSyntaxErrorException: Unknown column 'create_by' in 'field list'<EOL><EOL>### The error may exist in com/project/travel/mapper/SysMemberMapper.java (best guess)<EOL><EOL>### The error may involve defaultParameterMap<EOL><EOL>### The error occurred while setting parameters<EOL><EOL>### SQL: SELECT  id,user_id,level,points,vip_expire_time,last_signin_time,signin_count,create_by,create_time,update_by,update_time  FROM sys_member     WHERE (user_id = ?)<EOL><EOL>### Cause: java.sql.SQLSyntaxErrorException: Unknown column 'create_by' in 'field list'<EOL>; bad SQL grammar []; nested exception is java.sql.SQLSyntaxErrorException: Unknown column 'create_by' in 'field list']
2026-06-27 16:29:48.011 [http-nio-8080-exec-4] WARN  o.s.w.s.m.m.a.ExceptionHandlerExceptionResolver - Resolved [org.springframework.jdbc.BadSqlGrammarException: <EOL><EOL>### Error querying database.  Cause: java.sql.SQLSyntaxErrorException: Unknown column 'create_by' in 'field list'<EOL><EOL>### The error may exist in com/project/travel/mapper/SysMemberMapper.java (best guess)<EOL><EOL>### The error may involve defaultParameterMap<EOL><EOL>### The error occurred while setting parameters<EOL><EOL>### SQL: SELECT  id,user_id,level,points,vip_expire_time,last_signin_time,signin_count,create_by,create_time,update_by,update_time  FROM sys_member     WHERE (user_id = ?)<EOL><EOL>### Cause: java.sql.SQLSyntaxErrorException: Unknown column 'create_by' in 'field list'<EOL>; bad SQL grammar []; nested exception is java.sql.SQLSyntaxErrorException: Unknown column 'create_by' in 'field list']
2026-06-27 16:29:56.153 [http-nio-8080-exec-6] WARN  o.s.w.s.m.m.a.ExceptionHandlerExceptionResolver - Resolved [org.springframework.jdbc.BadSqlGrammarException: <EOL><EOL>### Error querying database.  Cause: java.sql.SQLSyntaxErrorException: Unknown column 'create_by' in 'field list'<EOL><EOL>### The error may exist in com/project/travel/mapper/SysMemberMapper.java (best guess)<EOL><EOL>### The error may involve defaultParameterMap<EOL><EOL>### The error occurred while setting parameters<EOL><EOL>### SQL: SELECT  id,user_id,level,points,vip_expire_time,last_signin_time,signin_count,create_by,create_time,update_by,update_time  FROM sys_member     WHERE (user_id = ?)<EOL><EOL>### Cause: java.sql.SQLSyntaxErrorException: Unknown column 'create_by' in 'field list'<EOL>; bad SQL grammar []; nested exception is java.sql.SQLSyntaxErrorException: Unknown column 'create_by' in 'field list']
2026-06-27 16:29:56.434 [http-nio-8080-exec-7] WARN  o.s.w.s.m.m.a.ExceptionHandlerExceptionResolver - Resolved [org.springframework.jdbc.BadSqlGrammarException: <EOL><EOL>### Error querying database.  Cause: java.sql.SQLSyntaxErrorException: Unknown column 'create_by' in 'field list'<EOL><EOL>### The error may exist in com/project/travel/mapper/SysMemberMapper.java (best guess)<EOL><EOL>### The error may involve defaultParameterMap<EOL><EOL>### The error occurred while setting parameters<EOL><EOL>### SQL: SELECT  id,user_id,level,points,vip_expire_time,last_signin_time,signin_count,create_by,create_time,update_by,update_time  FROM sys_member     WHERE (user_id = ?)<EOL><EOL>### Cause: java.sql.SQLSyntaxErrorException: Unknown column 'create_by' in 'field list'<EOL>; bad SQL grammar []; nested exception is java.sql.SQLSyntaxErrorException: Unknown column 'create_by' in 'field list']
2026-06-27 16:29:57.184 [http-nio-8080-exec-8] WARN  o.s.w.s.m.m.a.ExceptionHandlerExceptionResolver - Resolved [org.springframework.jdbc.BadSqlGrammarException: <EOL><EOL>### Error querying database.  Cause: java.sql.SQLSyntaxErrorException: Unknown column 'create_by' in 'field list'<EOL><EOL>### The error may exist in com/project/travel/mapper/SysMemberMapper.java (best guess)<EOL><EOL>### The error may involve defaultParameterMap<EOL><EOL>### The error occurred while setting parameters<EOL><EOL>### SQL: SELECT  id,user_id,level,points,vip_expire_time,last_signin_time,signin_count,create_by,create_time,update_by,update_time  FROM sys_member     WHERE (user_id = ?)<EOL><EOL>### Cause: java.sql.SQLSyntaxErrorException: Unknown column 'create_by' in 'field list'<EOL>; bad SQL grammar []; nested exception is java.sql.SQLSyntaxErrorException: Unknown column 'create_by' in 'field list']
2026-06-27 16:29:57.583 [http-nio-8080-exec-9] WARN  o.s.w.s.m.m.a.ExceptionHandlerExceptionResolver - Resolved [org.springframework.jdbc.BadSqlGrammarException: <EOL><EOL>### Error querying database.  Cause: java.sql.SQLSyntaxErrorException: Unknown column 'create_by' in 'field list'<EOL><EOL>### The error may exist in com/project/travel/mapper/SysMemberMapper.java (best guess)<EOL><EOL>### The error may involve defaultParameterMap<EOL><EOL>### The error occurred while setting parameters<EOL><EOL>### SQL: SELECT  id,user_id,level,points,vip_expire_time,last_signin_time,signin_count,create_by,create_time,update_by,update_time  FROM sys_member     WHERE (user_id = ?)<EOL><EOL>### Cause: java.sql.SQLSyntaxErrorException: Unknown column 'create_by' in 'field list'<EOL>; bad SQL grammar []; nested exception is java.sql.SQLSyntaxErrorException: Unknown column 'create_by' in 'field list']
2026-06-27 16:33:32.639 [http-nio-8080-exec-14] WARN  o.s.w.s.m.m.a.ExceptionHandlerExceptionResolver - Resolved [org.springframework.jdbc.BadSqlGrammarException: <EOL><EOL>### Error querying database.  Cause: java.sql.SQLSyntaxErrorException: Unknown column 'create_by' in 'field list'<EOL><EOL>### The error may exist in com/project/travel/mapper/SysMemberMapper.java (best guess)<EOL><EOL>### The error may involve defaultParameterMap<EOL><EOL>### The error occurred while setting parameters<EOL><EOL>### SQL: SELECT  id,user_id,level,points,vip_expire_time,last_signin_time,signin_count,create_by,create_time,update_by,update_time  FROM sys_member     WHERE (user_id = ?)<EOL><EOL>### Cause: java.sql.SQLSyntaxErrorException: Unknown column 'create_by' in 'field list'<EOL>; bad SQL grammar []; nested exception is java.sql.SQLSyntaxErrorException: Unknown column 'create_by' in 'field list']
2026-06-27 16:35:40.841 [http-nio-8080-exec-12] WARN  o.s.w.s.m.m.a.ExceptionHandlerExceptionResolver - Resolved [org.springframework.jdbc.BadSqlGrammarException: <EOL><EOL>### Error querying database.  Cause: java.sql.SQLSyntaxErrorException: Unknown column 'create_by' in 'field list'<EOL><EOL>### The error may exist in com/project/travel/mapper/SysProductMapper.java (best guess)<EOL><EOL>### The error may involve defaultParameterMap<EOL><EOL>### The error occurred while setting parameters<EOL><EOL>### SQL: SELECT  id,name,description,images,price,points_required,stock,type,status,sort,create_by,create_time,update_by,update_time  FROM sys_product     WHERE (status = ?) ORDER BY sort ASC,create_time DESC LIMIT ?<EOL><EOL>### Cause: java.sql.SQLSyntaxErrorException: Unknown column 'create_by' in 'field list'<EOL>; bad SQL grammar []; nested exception is java.sql.SQLSyntaxErrorException: Unknown column 'create_by' in 'field list']
2026-06-27 16:35:40.863 [http-nio-8080-exec-13] WARN  o.s.w.s.m.m.a.ExceptionHandlerExceptionResolver - Resolved [org.springframework.jdbc.BadSqlGrammarException: <EOL><EOL>### Error querying database.  Cause: java.sql.SQLSyntaxErrorException: Unknown column 'sort' in 'field list'<EOL><EOL>### The error may exist in com/project/travel/mapper/SysCouponMapper.java (best guess)<EOL><EOL>### The error may involve defaultParameterMap<EOL><EOL>### The error occurred while setting parameters<EOL><EOL>### SQL: SELECT  id,name,description,min_amount,discount_amount,points_required,require_level,total_count,remain_count,start_time,end_time,valid_days,status,sort,create_by,create_time,update_by,update_time  FROM sys_coupon     WHERE (status = ?) ORDER BY sort ASC<EOL><EOL>### Cause: java.sql.SQLSyntaxErrorException: Unknown column 'sort' in 'field list'<EOL>; bad SQL grammar []; nested exception is java.sql.SQLSyntaxErrorException: Unknown column 'sort' in 'field list']
2026-06-27 16:35:42.451 [http-nio-8080-exec-15] WARN  o.s.w.s.m.m.a.ExceptionHandlerExceptionResolver - Resolved [org.springframework.jdbc.BadSqlGrammarException: <EOL><EOL>### Error updating database.  Cause: java.sql.SQLSyntaxErrorException: Unknown column 'create_by' in 'field list'<EOL><EOL>### The error may involve com.project.travel.mapper.SysPointsLogMapper.insert-Inline<EOL><EOL>### The error occurred while setting parameters<EOL><EOL>### SQL: INSERT INTO sys_points_log  ( id, user_id, change_points, before_points, after_points, type, description,  create_by, create_time, update_by, update_time )  VALUES  ( ?, ?, ?, ?, ?, ?, ?,  ?, ?, ?, ? )<EOL><EOL>### Cause: java.sql.SQLSyntaxErrorException: Unknown column 'create_by' in 'field list'<EOL>; bad SQL grammar []; nested exception is java.sql.SQLSyntaxErrorException: Unknown column 'create_by' in 'field list']
2026-06-27 16:35:43.364 [http-nio-8080-exec-19] WARN  o.s.w.s.m.m.a.ExceptionHandlerExceptionResolver - Resolved [org.springframework.jdbc.BadSqlGrammarException: <EOL><EOL>### Error updating database.  Cause: java.sql.SQLSyntaxErrorException: Unknown column 'create_by' in 'field list'<EOL><EOL>### The error may involve com.project.travel.mapper.SysPointsLogMapper.insert-Inline<EOL><EOL>### The error occurred while setting parameters<EOL><EOL>### SQL: INSERT INTO sys_points_log  ( id, user_id, change_points, before_points, after_points, type, description,  create_by, create_time, update_by, update_time )  VALUES  ( ?, ?, ?, ?, ?, ?, ?,  ?, ?, ?, ? )<EOL><EOL>### Cause: java.sql.SQLSyntaxErrorException: Unknown column 'create_by' in 'field list'<EOL>; bad SQL grammar []; nested exception is java.sql.SQLSyntaxErrorException: Unknown column 'create_by' in 'field list']
2026-06-27 16:36:35.114 [http-nio-8080-exec-3] WARN  o.s.w.s.m.m.a.ExceptionHandlerExceptionResolver - Resolved [org.springframework.jdbc.BadSqlGrammarException: <EOL><EOL>### Error querying database.  Cause: java.sql.SQLSyntaxErrorException: Unknown column 'sort' in 'field list'<EOL><EOL>### The error may exist in com/project/travel/mapper/SysCouponMapper.java (best guess)<EOL><EOL>### The error may involve defaultParameterMap<EOL><EOL>### The error occurred while setting parameters<EOL><EOL>### SQL: SELECT  id,name,description,min_amount,discount_amount,points_required,require_level,total_count,remain_count,start_time,end_time,valid_days,status,sort,create_by,create_time,update_by,update_time  FROM sys_coupon     WHERE (status = ?) ORDER BY sort ASC<EOL><EOL>### Cause: java.sql.SQLSyntaxErrorException: Unknown column 'sort' in 'field list'<EOL>; bad SQL grammar []; nested exception is java.sql.SQLSyntaxErrorException: Unknown column 'sort' in 'field list']
2026-06-27 16:36:35.115 [http-nio-8080-exec-2] WARN  o.s.w.s.m.m.a.ExceptionHandlerExceptionResolver - Resolved [org.springframework.jdbc.BadSqlGrammarException: <EOL><EOL>### Error querying database.  Cause: java.sql.SQLSyntaxErrorException: Unknown column 'create_by' in 'field list'<EOL><EOL>### The error may exist in com/project/travel/mapper/SysProductMapper.java (best guess)<EOL><EOL>### The error may involve defaultParameterMap<EOL><EOL>### The error occurred while setting parameters<EOL><EOL>### SQL: SELECT  id,name,description,images,price,points_required,stock,type,status,sort,create_by,create_time,update_by,update_time  FROM sys_product     WHERE (status = ?) ORDER BY sort ASC,create_time DESC LIMIT ?<EOL><EOL>### Cause: java.sql.SQLSyntaxErrorException: Unknown column 'create_by' in 'field list'<EOL>; bad SQL grammar []; nested exception is java.sql.SQLSyntaxErrorException: Unknown column 'create_by' in 'field list']
2026-06-27 16:36:41.153 [http-nio-8080-exec-18] WARN  o.s.w.s.m.m.a.ExceptionHandlerExceptionResolver - Resolved [org.springframework.jdbc.BadSqlGrammarException: <EOL><EOL>### Error updating database.  Cause: java.sql.SQLSyntaxErrorException: Unknown column 'create_by' in 'field list'<EOL><EOL>### The error may involve com.project.travel.mapper.SysPointsLogMapper.insert-Inline<EOL><EOL>### The error occurred while setting parameters<EOL><EOL>### SQL: INSERT INTO sys_points_log  ( id, user_id, change_points, before_points, after_points, type, description,  create_by, create_time, update_by, update_time )  VALUES  ( ?, ?, ?, ?, ?, ?, ?,  ?, ?, ?, ? )<EOL><EOL>### Cause: java.sql.SQLSyntaxErrorException: Unknown column 'create_by' in 'field list'<EOL>; bad SQL grammar []; nested exception is java.sql.SQLSyntaxErrorException: Unknown column 'create_by' in 'field list']
2026-06-27 16:37:06.265 [http-nio-8080-exec-23] WARN  o.s.w.s.m.m.a.ExceptionHandlerExceptionResolver - Resolved [org.springframework.jdbc.BadSqlGrammarException: <EOL><EOL>### Error querying database.  Cause: java.sql.SQLSyntaxErrorException: Unknown column 'create_by' in 'field list'<EOL><EOL>### The error may exist in com/project/travel/mapper/SysProductMapper.java (best guess)<EOL><EOL>### The error may involve defaultParameterMap<EOL><EOL>### The error occurred while setting parameters<EOL><EOL>### SQL: SELECT  id,name,description,images,price,points_required,stock,type,status,sort,create_by,create_time,update_by,update_time  FROM sys_product     WHERE (status = ?) ORDER BY sort ASC,create_time DESC LIMIT ?<EOL><EOL>### Cause: java.sql.SQLSyntaxErrorException: Unknown column 'create_by' in 'field list'<EOL>; bad SQL grammar []; nested exception is java.sql.SQLSyntaxErrorException: Unknown column 'create_by' in 'field list']
2026-06-27 16:37:06.301 [http-nio-8080-exec-27] WARN  o.s.w.s.m.m.a.ExceptionHandlerExceptionResolver - Resolved [org.springframework.jdbc.BadSqlGrammarException: <EOL><EOL>### Error querying database.  Cause: java.sql.SQLSyntaxErrorException: Unknown column 'sort' in 'field list'<EOL><EOL>### The error may exist in com/project/travel/mapper/SysCouponMapper.java (best guess)<EOL><EOL>### The error may involve defaultParameterMap<EOL><EOL>### The error occurred while setting parameters<EOL><EOL>### SQL: SELECT  id,name,description,min_amount,discount_amount,points_required,require_level,total_count,remain_count,start_time,end_time,valid_days,status,sort,create_by,create_time,update_by,update_time  FROM sys_coupon     WHERE (status = ?) ORDER BY sort ASC<EOL><EOL>### Cause: java.sql.SQLSyntaxErrorException: Unknown column 'sort' in 'field list'<EOL>; bad SQL grammar []; nested exception is java.sql.SQLSyntaxErrorException: Unknown column 'sort' in 'field list']
2026-06-27 16:37:07.668 [http-nio-8080-exec-29] WARN  o.s.w.s.m.m.a.ExceptionHandlerExceptionResolver - Resolved [org.springframework.jdbc.BadSqlGrammarException: <EOL><EOL>### Error updating database.  Cause: java.sql.SQLSyntaxErrorException: Unknown column 'create_by' in 'field list'<EOL><EOL>### The error may involve com.project.travel.mapper.SysPointsLogMapper.insert-Inline<EOL><EOL>### The error occurred while setting parameters<EOL><EOL>### SQL: INSERT INTO sys_points_log  ( id, user_id, change_points, before_points, after_points, type, description,  create_by, create_time, update_by, update_time )  VALUES  ( ?, ?, ?, ?, ?, ?, ?,  ?, ?, ?, ? )<EOL><EOL>### Cause: java.sql.SQLSyntaxErrorException: Unknown column 'create_by' in 'field list'<EOL>; bad SQL grammar []; nested exception is java.sql.SQLSyntaxErrorException: Unknown column 'create_by' in 'field list']
2026-06-27 16:40:03.947 [Thread-7] WARN  org.apache.catalina.loader.WebappClassLoaderBase - The web application [ROOT] appears to have started a thread named [lettuce-nioEventLoop-4-1] but has failed to stop it. This is very likely to create a memory leak. Stack trace of thread:
 sun.nio.ch.WindowsSelectorImpl$SubSelector.poll0(Native Method)
 sun.nio.ch.WindowsSelectorImpl$SubSelector.poll(WindowsSelectorImpl.java:296)
 sun.nio.ch.WindowsSelectorImpl$SubSelector.access$400(WindowsSelectorImpl.java:278)
 sun.nio.ch.WindowsSelectorImpl.doSelect(WindowsSelectorImpl.java:159)
 sun.nio.ch.SelectorImpl.lockAndDoSelect(SelectorImpl.java:86)
 sun.nio.ch.SelectorImpl.select(SelectorImpl.java:97)
 sun.nio.ch.SelectorImpl.select(SelectorImpl.java:101)
 io.netty.channel.nio.SelectedSelectionKeySetSelector.select(SelectedSelectionKeySetSelector.java:68)
 io.netty.channel.nio.NioEventLoop.select(NioEventLoop.java:879)
 io.netty.channel.nio.NioEventLoop.run(NioEventLoop.java:526)
 io.netty.util.concurrent.SingleThreadEventExecutor$4.run(SingleThreadEventExecutor.java:997)
 io.netty.util.internal.ThreadExecutorMap$2.run(ThreadExecutorMap.java:74)
 io.netty.util.concurrent.FastThreadLocalRunnable.run(FastThreadLocalRunnable.java:30)
 java.lang.Thread.run(Thread.java:748)
2026-06-27 16:40:03.949 [Thread-7] WARN  org.apache.catalina.loader.WebappClassLoaderBase - The web application [ROOT] appears to have started a thread named [lettuce-eventExecutorLoop-1-2] but has failed to stop it. This is very likely to create a memory leak. Stack trace of thread:
 sun.misc.Unsafe.park(Native Method)
 java.util.concurrent.locks.LockSupport.park(LockSupport.java:175)
 java.util.concurrent.locks.AbstractQueuedSynchronizer$ConditionObject.await(AbstractQueuedSynchronizer.java:2039)
 java.util.concurrent.LinkedBlockingQueue.take(LinkedBlockingQueue.java:442)
 io.netty.util.concurrent.SingleThreadEventExecutor.takeTask(SingleThreadEventExecutor.java:244)
 io.netty.util.concurrent.DefaultEventExecutor.run(DefaultEventExecutor.java:64)
 io.netty.util.concurrent.SingleThreadEventExecutor$4.run(SingleThreadEventExecutor.java:997)
 io.netty.util.internal.ThreadExecutorMap$2.run(ThreadExecutorMap.java:74)
 io.netty.util.concurrent.FastThreadLocalRunnable.run(FastThreadLocalRunnable.java:30)
 java.lang.Thread.run(Thread.java:748)
2026-06-27 16:40:03.950 [Thread-7] WARN  org.apache.catalina.loader.WebappClassLoaderBase - The web application [ROOT] appears to have started a thread named [lettuce-eventExecutorLoop-1-1] but has failed to stop it. This is very likely to create a memory leak. Stack trace of thread:
 sun.misc.Unsafe.park(Native Method)
 java.util.concurrent.locks.LockSupport.park(LockSupport.java:175)
 java.util.concurrent.locks.AbstractQueuedSynchronizer$ConditionObject.await(AbstractQueuedSynchronizer.java:2039)
 java.util.concurrent.LinkedBlockingQueue.take(LinkedBlockingQueue.java:442)
 io.netty.util.concurrent.SingleThreadEventExecutor.takeTask(SingleThreadEventExecutor.java:244)
 io.netty.util.concurrent.DefaultEventExecutor.run(DefaultEventExecutor.java:64)
 io.netty.util.concurrent.SingleThreadEventExecutor$4.run(SingleThreadEventExecutor.java:997)
 io.netty.util.internal.ThreadExecutorMap$2.run(ThreadExecutorMap.java:74)
 io.netty.util.concurrent.FastThreadLocalRunnable.run(FastThreadLocalRunnable.java:30)
 java.lang.Thread.run(Thread.java:748)
2026-06-27 16:40:03.950 [Thread-7] WARN  org.apache.catalina.loader.WebappClassLoaderBase - The web application [ROOT] appears to have started a thread named [lettuce-eventExecutorLoop-1-3] but has failed to stop it. This is very likely to create a memory leak. Stack trace of thread:
 sun.misc.Unsafe.park(Native Method)
 java.util.concurrent.locks.LockSupport.park(LockSupport.java:175)
 java.util.concurrent.locks.AbstractQueuedSynchronizer$ConditionObject.await(AbstractQueuedSynchronizer.java:2039)
 java.util.concurrent.LinkedBlockingQueue.take(LinkedBlockingQueue.java:442)
 io.netty.util.concurrent.SingleThreadEventExecutor.takeTask(SingleThreadEventExecutor.java:244)
 io.netty.util.concurrent.DefaultEventExecutor.run(DefaultEventExecutor.java:64)
 io.netty.util.concurrent.SingleThreadEventExecutor$4.run(SingleThreadEventExecutor.java:997)
 io.netty.util.internal.ThreadExecutorMap$2.run(ThreadExecutorMap.java:74)
 io.netty.util.concurrent.FastThreadLocalRunnable.run(FastThreadLocalRunnable.java:30)
 java.lang.Thread.run(Thread.java:748)
2026-06-27 16:40:03.952 [Thread-7] WARN  org.apache.catalina.loader.WebappClassLoaderBase - The web application [ROOT] appears to have started a thread named [lettuce-eventExecutorLoop-1-4] but has failed to stop it. This is very likely to create a memory leak. Stack trace of thread:
 sun.misc.Unsafe.park(Native Method)
 java.util.concurrent.locks.LockSupport.park(LockSupport.java:175)
 java.util.concurrent.locks.AbstractQueuedSynchronizer$ConditionObject.await(AbstractQueuedSynchronizer.java:2039)
 java.util.concurrent.LinkedBlockingQueue.take(LinkedBlockingQueue.java:442)
 io.netty.util.concurrent.SingleThreadEventExecutor.takeTask(SingleThreadEventExecutor.java:244)
 io.netty.util.concurrent.DefaultEventExecutor.run(DefaultEventExecutor.java:64)
 io.netty.util.concurrent.SingleThreadEventExecutor$4.run(SingleThreadEventExecutor.java:997)
 io.netty.util.internal.ThreadExecutorMap$2.run(ThreadExecutorMap.java:74)
 io.netty.util.concurrent.FastThreadLocalRunnable.run(FastThreadLocalRunnable.java:30)
 java.lang.Thread.run(Thread.java:748)
2026-06-27 16:40:03.953 [Thread-7] WARN  org.apache.catalina.loader.WebappClassLoaderBase - The web application [ROOT] appears to have started a thread named [lettuce-eventExecutorLoop-1-5] but has failed to stop it. This is very likely to create a memory leak. Stack trace of thread:
 sun.misc.Unsafe.park(Native Method)
 java.util.concurrent.locks.LockSupport.park(LockSupport.java:175)
 java.util.concurrent.locks.AbstractQueuedSynchronizer$ConditionObject.await(AbstractQueuedSynchronizer.java:2039)
 java.util.concurrent.LinkedBlockingQueue.take(LinkedBlockingQueue.java:442)
 io.netty.util.concurrent.SingleThreadEventExecutor.takeTask(SingleThreadEventExecutor.java:244)
 io.netty.util.concurrent.DefaultEventExecutor.run(DefaultEventExecutor.java:64)
 io.netty.util.concurrent.SingleThreadEventExecutor$4.run(SingleThreadEventExecutor.java:997)
 io.netty.util.internal.ThreadExecutorMap$2.run(ThreadExecutorMap.java:74)
 io.netty.util.concurrent.FastThreadLocalRunnable.run(FastThreadLocalRunnable.java:30)
 java.lang.Thread.run(Thread.java:748)
2026-06-27 16:40:03.955 [Thread-7] WARN  org.apache.catalina.loader.WebappClassLoaderBase - The web application [ROOT] appears to have started a thread named [System Clock] but has failed to stop it. This is very likely to create a memory leak. Stack trace of thread:
 sun.misc.Unsafe.park(Native Method)
 java.util.concurrent.locks.LockSupport.parkNanos(LockSupport.java:215)
 java.util.concurrent.locks.AbstractQueuedSynchronizer$ConditionObject.awaitNanos(AbstractQueuedSynchronizer.java:2078)
 java.util.concurrent.ScheduledThreadPoolExecutor$DelayedWorkQueue.take(ScheduledThreadPoolExecutor.java:1093)
 java.util.concurrent.ScheduledThreadPoolExecutor$DelayedWorkQueue.take(ScheduledThreadPoolExecutor.java:809)
 java.util.concurrent.ThreadPoolExecutor.getTask(ThreadPoolExecutor.java:1074)
 java.util.concurrent.ThreadPoolExecutor.runWorker(ThreadPoolExecutor.java:1134)
 java.util.concurrent.ThreadPoolExecutor$Worker.run(ThreadPoolExecutor.java:624)
 java.lang.Thread.run(Thread.java:748)
2026-06-27 16:40:03.956 [Thread-7] WARN  org.apache.catalina.loader.WebappClassLoaderBase - The web application [ROOT] appears to have started a thread named [lettuce-eventExecutorLoop-1-6] but has failed to stop it. This is very likely to create a memory leak. Stack trace of thread:
 sun.misc.Unsafe.park(Native Method)
 java.util.concurrent.locks.LockSupport.park(LockSupport.java:175)
 java.util.concurrent.locks.AbstractQueuedSynchronizer$ConditionObject.await(AbstractQueuedSynchronizer.java:2039)
 java.util.concurrent.LinkedBlockingQueue.take(LinkedBlockingQueue.java:442)
 io.netty.util.concurrent.SingleThreadEventExecutor.takeTask(SingleThreadEventExecutor.java:244)
 io.netty.util.concurrent.DefaultEventExecutor.run(DefaultEventExecutor.java:64)
 io.netty.util.concurrent.SingleThreadEventExecutor$4.run(SingleThreadEventExecutor.java:997)
 io.netty.util.internal.ThreadExecutorMap$2.run(ThreadExecutorMap.java:74)
 io.netty.util.concurrent.FastThreadLocalRunnable.run(FastThreadLocalRunnable.java:30)
 java.lang.Thread.run(Thread.java:748)
2026-06-27 16:40:03.957 [Thread-7] WARN  org.apache.catalina.loader.WebappClassLoaderBase - The web application [ROOT] appears to have started a thread named [lettuce-eventExecutorLoop-1-7] but has failed to stop it. This is very likely to create a memory leak. Stack trace of thread:
 sun.misc.Unsafe.park(Native Method)
 java.util.concurrent.locks.LockSupport.park(LockSupport.java:175)
 java.util.concurrent.locks.AbstractQueuedSynchronizer$ConditionObject.await(AbstractQueuedSynchronizer.java:2039)
 java.util.concurrent.LinkedBlockingQueue.take(LinkedBlockingQueue.java:442)
 io.netty.util.concurrent.SingleThreadEventExecutor.takeTask(SingleThreadEventExecutor.java:244)
 io.netty.util.concurrent.DefaultEventExecutor.run(DefaultEventExecutor.java:64)
 io.netty.util.concurrent.SingleThreadEventExecutor$4.run(SingleThreadEventExecutor.java:997)
 io.netty.util.internal.ThreadExecutorMap$2.run(ThreadExecutorMap.java:74)
 io.netty.util.concurrent.FastThreadLocalRunnable.run(FastThreadLocalRunnable.java:30)
 java.lang.Thread.run(Thread.java:748)
2026-06-27 16:40:03.959 [Thread-7] WARN  org.apache.catalina.loader.WebappClassLoaderBase - The web application [ROOT] appears to have started a thread named [lettuce-eventExecutorLoop-1-8] but has failed to stop it. This is very likely to create a memory leak. Stack trace of thread:
 sun.misc.Unsafe.park(Native Method)
 java.util.concurrent.locks.LockSupport.park(LockSupport.java:175)
 java.util.concurrent.locks.AbstractQueuedSynchronizer$ConditionObject.await(AbstractQueuedSynchronizer.java:2039)
 java.util.concurrent.LinkedBlockingQueue.take(LinkedBlockingQueue.java:442)
 io.netty.util.concurrent.SingleThreadEventExecutor.takeTask(SingleThreadEventExecutor.java:244)
 io.netty.util.concurrent.DefaultEventExecutor.run(DefaultEventExecutor.java:64)
 io.netty.util.concurrent.SingleThreadEventExecutor$4.run(SingleThreadEventExecutor.java:997)
 io.netty.util.internal.ThreadExecutorMap$2.run(ThreadExecutorMap.java:74)
 io.netty.util.concurrent.FastThreadLocalRunnable.run(FastThreadLocalRunnable.java:30)
 java.lang.Thread.run(Thread.java:748)
2026-06-27 16:40:03.960 [Thread-7] WARN  org.apache.catalina.loader.WebappClassLoaderBase - The web application [ROOT] appears to have started a thread named [lettuce-eventExecutorLoop-1-9] but has failed to stop it. This is very likely to create a memory leak. Stack trace of thread:
 sun.misc.Unsafe.park(Native Method)
 java.util.concurrent.locks.LockSupport.park(LockSupport.java:175)
 java.util.concurrent.locks.AbstractQueuedSynchronizer$ConditionObject.await(AbstractQueuedSynchronizer.java:2039)
 java.util.concurrent.LinkedBlockingQueue.take(LinkedBlockingQueue.java:442)
 io.netty.util.concurrent.SingleThreadEventExecutor.takeTask(SingleThreadEventExecutor.java:244)
 io.netty.util.concurrent.DefaultEventExecutor.run(DefaultEventExecutor.java:64)
 io.netty.util.concurrent.SingleThreadEventExecutor$4.run(SingleThreadEventExecutor.java:997)
 io.netty.util.internal.ThreadExecutorMap$2.run(ThreadExecutorMap.java:74)
 io.netty.util.concurrent.FastThreadLocalRunnable.run(FastThreadLocalRunnable.java:30)
 java.lang.Thread.run(Thread.java:748)
2026-06-27 16:40:03.961 [Thread-7] WARN  org.apache.catalina.loader.WebappClassLoaderBase - The web application [ROOT] appears to have started a thread named [lettuce-eventExecutorLoop-1-10] but has failed to stop it. This is very likely to create a memory leak. Stack trace of thread:
 sun.misc.Unsafe.park(Native Method)
 java.util.concurrent.locks.LockSupport.park(LockSupport.java:175)
 java.util.concurrent.locks.AbstractQueuedSynchronizer$ConditionObject.await(AbstractQueuedSynchronizer.java:2039)
 java.util.concurrent.LinkedBlockingQueue.take(LinkedBlockingQueue.java:442)
 io.netty.util.concurrent.SingleThreadEventExecutor.takeTask(SingleThreadEventExecutor.java:244)
 io.netty.util.concurrent.DefaultEventExecutor.run(DefaultEventExecutor.java:64)
 io.netty.util.concurrent.SingleThreadEventExecutor$4.run(SingleThreadEventExecutor.java:997)
 io.netty.util.internal.ThreadExecutorMap$2.run(ThreadExecutorMap.java:74)
 io.netty.util.concurrent.FastThreadLocalRunnable.run(FastThreadLocalRunnable.java:30)
 java.lang.Thread.run(Thread.java:748)
2026-06-27 16:41:15.441 [http-nio-8080-exec-1] WARN  o.s.w.s.m.m.a.ExceptionHandlerExceptionResolver - Resolved [org.springframework.jdbc.BadSqlGrammarException: <EOL><EOL>### Error querying database.  Cause: java.sql.SQLSyntaxErrorException: Unknown column 'createby' in 'field list'<EOL><EOL>### The error may exist in com/project/travel/mapper/SysMemberMapper.java (best guess)<EOL><EOL>### The error may involve defaultParameterMap<EOL><EOL>### The error occurred while setting parameters<EOL><EOL>### SQL: SELECT  id,user_id,level,points,vip_expire_time,last_signin_time,signin_count,createby,create_time,updateby,update_time  FROM sys_member     WHERE (user_id = ?)<EOL><EOL>### Cause: java.sql.SQLSyntaxErrorException: Unknown column 'createby' in 'field list'<EOL>; bad SQL grammar []; nested exception is java.sql.SQLSyntaxErrorException: Unknown column 'createby' in 'field list']
2026-06-27 16:41:25.104 [http-nio-8080-exec-3] WARN  o.s.w.s.m.m.a.ExceptionHandlerExceptionResolver - Resolved [org.springframework.jdbc.BadSqlGrammarException: <EOL><EOL>### Error querying database.  Cause: java.sql.SQLSyntaxErrorException: Unknown column 'create_by' in 'field list'<EOL><EOL>### The error may exist in com/project/travel/mapper/SysCouponUserMapper.java (best guess)<EOL><EOL>### The error may involve defaultParameterMap<EOL><EOL>### The error occurred while setting parameters<EOL><EOL>### SQL: SELECT  id,user_id,coupon_id,coupon_name,min_amount,discount_amount,status,receive_time,expire_time,use_time,use_order_id,create_by,create_time,update_by,update_time  FROM sys_coupon_user     WHERE (user_id = ?) ORDER BY create_time DESC<EOL><EOL>### Cause: java.sql.SQLSyntaxErrorException: Unknown column 'create_by' in 'field list'<EOL>; bad SQL grammar []; nested exception is java.sql.SQLSyntaxErrorException: Unknown column 'create_by' in 'field list']
2026-06-27 16:41:27.047 [http-nio-8080-exec-2] WARN  o.s.w.s.m.m.a.ExceptionHandlerExceptionResolver - Resolved [org.springframework.jdbc.BadSqlGrammarException: <EOL><EOL>### Error querying database.  Cause: java.sql.SQLSyntaxErrorException: Unknown column 'create_by' in 'field list'<EOL><EOL>### The error may exist in com/project/travel/mapper/SysCouponUserMapper.java (best guess)<EOL><EOL>### The error may involve defaultParameterMap<EOL><EOL>### The error occurred while setting parameters<EOL><EOL>### SQL: SELECT  id,user_id,coupon_id,coupon_name,min_amount,discount_amount,status,receive_time,expire_time,use_time,use_order_id,create_by,create_time,update_by,update_time  FROM sys_coupon_user     WHERE (user_id = ? AND status = ?) ORDER BY create_time DESC<EOL><EOL>### Cause: java.sql.SQLSyntaxErrorException: Unknown column 'create_by' in 'field list'<EOL>; bad SQL grammar []; nested exception is java.sql.SQLSyntaxErrorException: Unknown column 'create_by' in 'field list']
2026-06-27 16:41:27.383 [http-nio-8080-exec-4] WARN  o.s.w.s.m.m.a.ExceptionHandlerExceptionResolver - Resolved [org.springframework.jdbc.BadSqlGrammarException: <EOL><EOL>### Error querying database.  Cause: java.sql.SQLSyntaxErrorException: Unknown column 'create_by' in 'field list'<EOL><EOL>### The error may exist in com/project/travel/mapper/SysCouponUserMapper.java (best guess)<EOL><EOL>### The error may involve defaultParameterMap<EOL><EOL>### The error occurred while setting parameters<EOL><EOL>### SQL: SELECT  id,user_id,coupon_id,coupon_name,min_amount,discount_amount,status,receive_time,expire_time,use_time,use_order_id,create_by,create_time,update_by,update_time  FROM sys_coupon_user     WHERE (user_id = ? AND status = ?) ORDER BY create_time DESC<EOL><EOL>### Cause: java.sql.SQLSyntaxErrorException: Unknown column 'create_by' in 'field list'<EOL>; bad SQL grammar []; nested exception is java.sql.SQLSyntaxErrorException: Unknown column 'create_by' in 'field list']
2026-06-27 16:41:27.697 [http-nio-8080-exec-5] WARN  o.s.w.s.m.m.a.ExceptionHandlerExceptionResolver - Resolved [org.springframework.jdbc.BadSqlGrammarException: <EOL><EOL>### Error querying database.  Cause: java.sql.SQLSyntaxErrorException: Unknown column 'create_by' in 'field list'<EOL><EOL>### The error may exist in com/project/travel/mapper/SysCouponUserMapper.java (best guess)<EOL><EOL>### The error may involve defaultParameterMap<EOL><EOL>### The error occurred while setting parameters<EOL><EOL>### SQL: SELECT  id,user_id,coupon_id,coupon_name,min_amount,discount_amount,status,receive_time,expire_time,use_time,use_order_id,create_by,create_time,update_by,update_time  FROM sys_coupon_user     WHERE (user_id = ? AND status = ?) ORDER BY create_time DESC<EOL><EOL>### Cause: java.sql.SQLSyntaxErrorException: Unknown column 'create_by' in 'field list'<EOL>; bad SQL grammar []; nested exception is java.sql.SQLSyntaxErrorException: Unknown column 'create_by' in 'field list']
2026-06-27 16:41:28.787 [http-nio-8080-exec-6] WARN  o.s.w.s.m.m.a.ExceptionHandlerExceptionResolver - Resolved [org.springframework.jdbc.BadSqlGrammarException: <EOL><EOL>### Error querying database.  Cause: java.sql.SQLSyntaxErrorException: Unknown column 'create_by' in 'field list'<EOL><EOL>### The error may exist in com/project/travel/mapper/SysCouponUserMapper.java (best guess)<EOL><EOL>### The error may involve defaultParameterMap<EOL><EOL>### The error occurred while setting parameters<EOL><EOL>### SQL: SELECT  id,user_id,coupon_id,coupon_name,min_amount,discount_amount,status,receive_time,expire_time,use_time,use_order_id,create_by,create_time,update_by,update_time  FROM sys_coupon_user     WHERE (user_id = ?) ORDER BY create_time DESC<EOL><EOL>### Cause: java.sql.SQLSyntaxErrorException: Unknown column 'create_by' in 'field list'<EOL>; bad SQL grammar []; nested exception is java.sql.SQLSyntaxErrorException: Unknown column 'create_by' in 'field list']
2026-06-27 16:46:20.195 [http-nio-8080-exec-12] WARN  o.s.w.s.m.m.a.ExceptionHandlerExceptionResolver - Resolved [org.springframework.jdbc.BadSqlGrammarException: <EOL><EOL>### Error querying database.  Cause: java.sql.SQLSyntaxErrorException: Unknown column 'create_by' in 'field list'<EOL><EOL>### The error may exist in com/project/travel/mapper/SysProductMapper.java (best guess)<EOL><EOL>### The error may involve defaultParameterMap<EOL><EOL>### The error occurred while setting parameters<EOL><EOL>### SQL: SELECT  id,name,description,images,price,points_required,stock,type,status,sort,create_by,create_time,update_by,update_time  FROM sys_product     WHERE (status = ?) ORDER BY sort ASC,create_time DESC LIMIT ?<EOL><EOL>### Cause: java.sql.SQLSyntaxErrorException: Unknown column 'create_by' in 'field list'<EOL>; bad SQL grammar []; nested exception is java.sql.SQLSyntaxErrorException: Unknown column 'create_by' in 'field list']
2026-06-27 16:46:20.230 [http-nio-8080-exec-13] WARN  o.s.w.s.m.m.a.ExceptionHandlerExceptionResolver - Resolved [org.springframework.jdbc.BadSqlGrammarException: <EOL><EOL>### Error querying database.  Cause: java.sql.SQLSyntaxErrorException: Unknown column 'createby' in 'field list'<EOL><EOL>### The error may exist in com/project/travel/mapper/SysMemberMapper.java (best guess)<EOL><EOL>### The error may involve defaultParameterMap<EOL><EOL>### The error occurred while setting parameters<EOL><EOL>### SQL: SELECT  id,user_id,level,points,vip_expire_time,last_signin_time,signin_count,createby,create_time,updateby,update_time  FROM sys_member     WHERE (user_id = ?)<EOL><EOL>### Cause: java.sql.SQLSyntaxErrorException: Unknown column 'createby' in 'field list'<EOL>; bad SQL grammar []; nested exception is java.sql.SQLSyntaxErrorException: Unknown column 'createby' in 'field list']
2026-06-27 16:46:20.242 [http-nio-8080-exec-10] WARN  o.s.w.s.m.m.a.ExceptionHandlerExceptionResolver - Resolved [org.springframework.jdbc.BadSqlGrammarException: <EOL><EOL>### Error querying database.  Cause: java.sql.SQLSyntaxErrorException: Unknown column 'sort' in 'field list'<EOL><EOL>### The error may exist in com/project/travel/mapper/SysCouponMapper.java (best guess)<EOL><EOL>### The error may involve defaultParameterMap<EOL><EOL>### The error occurred while setting parameters<EOL><EOL>### SQL: SELECT  id,name,description,min_amount,discount_amount,points_required,require_level,total_count,remain_count,start_time,end_time,valid_days,status,sort,create_by,create_time,update_by,update_time  FROM sys_coupon     WHERE (status = ?) ORDER BY sort ASC<EOL><EOL>### Cause: java.sql.SQLSyntaxErrorException: Unknown column 'sort' in 'field list'<EOL>; bad SQL grammar []; nested exception is java.sql.SQLSyntaxErrorException: Unknown column 'sort' in 'field list']
2026-06-27 16:46:20.943 [http-nio-8080-exec-11] WARN  o.s.w.s.m.m.a.ExceptionHandlerExceptionResolver - Resolved [org.springframework.jdbc.BadSqlGrammarException: <EOL><EOL>### Error querying database.  Cause: java.sql.SQLSyntaxErrorException: Unknown column 'createby' in 'field list'<EOL><EOL>### The error may exist in com/project/travel/mapper/SysMemberMapper.java (best guess)<EOL><EOL>### The error may involve defaultParameterMap<EOL><EOL>### The error occurred while setting parameters<EOL><EOL>### SQL: SELECT  id,user_id,level,points,vip_expire_time,last_signin_time,signin_count,createby,create_time,updateby,update_time  FROM sys_member     WHERE (user_id = ?)<EOL><EOL>### Cause: java.sql.SQLSyntaxErrorException: Unknown column 'createby' in 'field list'<EOL>; bad SQL grammar []; nested exception is java.sql.SQLSyntaxErrorException: Unknown column 'createby' in 'field list']
2026-06-27 16:46:59.401 [http-nio-8080-exec-2] WARN  o.s.w.s.m.m.a.ExceptionHandlerExceptionResolver - Resolved [org.springframework.jdbc.BadSqlGrammarException: <EOL><EOL>### Error querying database.  Cause: java.sql.SQLSyntaxErrorException: Unknown column 'sort' in 'field list'<EOL><EOL>### The error may exist in com/project/travel/mapper/SysCouponMapper.java (best guess)<EOL><EOL>### The error may involve defaultParameterMap<EOL><EOL>### The error occurred while setting parameters<EOL><EOL>### SQL: SELECT  id,name,description,min_amount,discount_amount,points_required,require_level,total_count,remain_count,start_time,end_time,valid_days,status,sort,create_by,create_time,update_by,update_time  FROM sys_coupon     WHERE (status = ?) ORDER BY sort ASC<EOL><EOL>### Cause: java.sql.SQLSyntaxErrorException: Unknown column 'sort' in 'field list'<EOL>; bad SQL grammar []; nested exception is java.sql.SQLSyntaxErrorException: Unknown column 'sort' in 'field list']
2026-06-27 16:46:59.405 [http-nio-8080-exec-3] WARN  o.s.w.s.m.m.a.ExceptionHandlerExceptionResolver - Resolved [org.springframework.jdbc.BadSqlGrammarException: <EOL><EOL>### Error querying database.  Cause: java.sql.SQLSyntaxErrorException: Unknown column 'create_by' in 'field list'<EOL><EOL>### The error may exist in com/project/travel/mapper/SysProductMapper.java (best guess)<EOL><EOL>### The error may involve defaultParameterMap<EOL><EOL>### The error occurred while setting parameters<EOL><EOL>### SQL: SELECT  id,name,description,images,price,points_required,stock,type,status,sort,create_by,create_time,update_by,update_time  FROM sys_product     WHERE (status = ?) ORDER BY sort ASC,create_time DESC LIMIT ?<EOL><EOL>### Cause: java.sql.SQLSyntaxErrorException: Unknown column 'create_by' in 'field list'<EOL>; bad SQL grammar []; nested exception is java.sql.SQLSyntaxErrorException: Unknown column 'create_by' in 'field list']
2026-06-27 16:46:59.406 [http-nio-8080-exec-4] WARN  o.s.w.s.m.m.a.ExceptionHandlerExceptionResolver - Resolved [org.springframework.jdbc.BadSqlGrammarException: <EOL><EOL>### Error querying database.  Cause: java.sql.SQLSyntaxErrorException: Unknown column 'createby' in 'field list'<EOL><EOL>### The error may exist in com/project/travel/mapper/SysMemberMapper.java (best guess)<EOL><EOL>### The error may involve defaultParameterMap<EOL><EOL>### The error occurred while setting parameters<EOL><EOL>### SQL: SELECT  id,user_id,level,points,vip_expire_time,last_signin_time,signin_count,createby,create_time,updateby,update_time  FROM sys_member     WHERE (user_id = ?)<EOL><EOL>### Cause: java.sql.SQLSyntaxErrorException: Unknown column 'createby' in 'field list'<EOL>; bad SQL grammar []; nested exception is java.sql.SQLSyntaxErrorException: Unknown column 'createby' in 'field list']
2026-06-27 16:47:00.154 [http-nio-8080-exec-5] WARN  o.s.w.s.m.m.a.ExceptionHandlerExceptionResolver - Resolved [org.springframework.jdbc.BadSqlGrammarException: <EOL><EOL>### Error querying database.  Cause: java.sql.SQLSyntaxErrorException: Unknown column 'createby' in 'field list'<EOL><EOL>### The error may exist in com/project/travel/mapper/SysMemberMapper.java (best guess)<EOL><EOL>### The error may involve defaultParameterMap<EOL><EOL>### The error occurred while setting parameters<EOL><EOL>### SQL: SELECT  id,user_id,level,points,vip_expire_time,last_signin_time,signin_count,createby,create_time,updateby,update_time  FROM sys_member     WHERE (user_id = ?)<EOL><EOL>### Cause: java.sql.SQLSyntaxErrorException: Unknown column 'createby' in 'field list'<EOL>; bad SQL grammar []; nested exception is java.sql.SQLSyntaxErrorException: Unknown column 'createby' in 'field list']
2026-06-27 16:47:58.377 [Thread-7] WARN  org.apache.catalina.loader.WebappClassLoaderBase - The web application [ROOT] appears to have started a thread named [lettuce-nioEventLoop-4-1] but has failed to stop it. This is very likely to create a memory leak. Stack trace of thread:
 sun.nio.ch.WindowsSelectorImpl$SubSelector.poll0(Native Method)
 sun.nio.ch.WindowsSelectorImpl$SubSelector.poll(WindowsSelectorImpl.java:296)
 sun.nio.ch.WindowsSelectorImpl$SubSelector.access$400(WindowsSelectorImpl.java:278)
 sun.nio.ch.WindowsSelectorImpl.doSelect(WindowsSelectorImpl.java:159)
 sun.nio.ch.SelectorImpl.lockAndDoSelect(SelectorImpl.java:86)
 sun.nio.ch.SelectorImpl.select(SelectorImpl.java:97)
 sun.nio.ch.SelectorImpl.select(SelectorImpl.java:101)
 io.netty.channel.nio.SelectedSelectionKeySetSelector.select(SelectedSelectionKeySetSelector.java:68)
 io.netty.channel.nio.NioEventLoop.select(NioEventLoop.java:879)
 io.netty.channel.nio.NioEventLoop.run(NioEventLoop.java:526)
 io.netty.util.concurrent.SingleThreadEventExecutor$4.run(SingleThreadEventExecutor.java:997)
 io.netty.util.internal.ThreadExecutorMap$2.run(ThreadExecutorMap.java:74)
 io.netty.util.concurrent.FastThreadLocalRunnable.run(FastThreadLocalRunnable.java:30)
 java.lang.Thread.run(Thread.java:748)
2026-06-27 16:47:58.379 [Thread-7] WARN  org.apache.catalina.loader.WebappClassLoaderBase - The web application [ROOT] appears to have started a thread named [lettuce-eventExecutorLoop-1-1] but has failed to stop it. This is very likely to create a memory leak. Stack trace of thread:
 sun.misc.Unsafe.park(Native Method)
 java.util.concurrent.locks.LockSupport.park(LockSupport.java:175)
 java.util.concurrent.locks.AbstractQueuedSynchronizer$ConditionObject.await(AbstractQueuedSynchronizer.java:2039)
 java.util.concurrent.LinkedBlockingQueue.take(LinkedBlockingQueue.java:442)
 io.netty.util.concurrent.SingleThreadEventExecutor.takeTask(SingleThreadEventExecutor.java:244)
 io.netty.util.concurrent.DefaultEventExecutor.run(DefaultEventExecutor.java:64)
 io.netty.util.concurrent.SingleThreadEventExecutor$4.run(SingleThreadEventExecutor.java:997)
 io.netty.util.internal.ThreadExecutorMap$2.run(ThreadExecutorMap.java:74)
 io.netty.util.concurrent.FastThreadLocalRunnable.run(FastThreadLocalRunnable.java:30)
 java.lang.Thread.run(Thread.java:748)
2026-06-27 16:47:58.381 [Thread-7] WARN  org.apache.catalina.loader.WebappClassLoaderBase - The web application [ROOT] appears to have started a thread named [lettuce-eventExecutorLoop-1-2] but has failed to stop it. This is very likely to create a memory leak. Stack trace of thread:
 sun.misc.Unsafe.park(Native Method)
 java.util.concurrent.locks.LockSupport.park(LockSupport.java:175)
 java.util.concurrent.locks.AbstractQueuedSynchronizer$ConditionObject.await(AbstractQueuedSynchronizer.java:2039)
 java.util.concurrent.LinkedBlockingQueue.take(LinkedBlockingQueue.java:442)
 io.netty.util.concurrent.SingleThreadEventExecutor.takeTask(SingleThreadEventExecutor.java:244)
 io.netty.util.concurrent.DefaultEventExecutor.run(DefaultEventExecutor.java:64)
 io.netty.util.concurrent.SingleThreadEventExecutor$4.run(SingleThreadEventExecutor.java:997)
 io.netty.util.internal.ThreadExecutorMap$2.run(ThreadExecutorMap.java:74)
 io.netty.util.concurrent.FastThreadLocalRunnable.run(FastThreadLocalRunnable.java:30)
 java.lang.Thread.run(Thread.java:748)
2026-06-27 16:47:58.382 [Thread-7] WARN  org.apache.catalina.loader.WebappClassLoaderBase - The web application [ROOT] appears to have started a thread named [lettuce-eventExecutorLoop-1-3] but has failed to stop it. This is very likely to create a memory leak. Stack trace of thread:
 sun.misc.Unsafe.park(Native Method)
 java.util.concurrent.locks.LockSupport.park(LockSupport.java:175)
 java.util.concurrent.locks.AbstractQueuedSynchronizer$ConditionObject.await(AbstractQueuedSynchronizer.java:2039)
 java.util.concurrent.LinkedBlockingQueue.take(LinkedBlockingQueue.java:442)
 io.netty.util.concurrent.SingleThreadEventExecutor.takeTask(SingleThreadEventExecutor.java:244)
 io.netty.util.concurrent.DefaultEventExecutor.run(DefaultEventExecutor.java:64)
 io.netty.util.concurrent.SingleThreadEventExecutor$4.run(SingleThreadEventExecutor.java:997)
 io.netty.util.internal.ThreadExecutorMap$2.run(ThreadExecutorMap.java:74)
 io.netty.util.concurrent.FastThreadLocalRunnable.run(FastThreadLocalRunnable.java:30)
 java.lang.Thread.run(Thread.java:748)
2026-06-27 16:47:58.386 [Thread-7] WARN  org.apache.catalina.loader.WebappClassLoaderBase - The web application [ROOT] appears to have started a thread named [lettuce-eventExecutorLoop-1-4] but has failed to stop it. This is very likely to create a memory leak. Stack trace of thread:
 sun.misc.Unsafe.park(Native Method)
 java.util.concurrent.locks.LockSupport.park(LockSupport.java:175)
 java.util.concurrent.locks.AbstractQueuedSynchronizer$ConditionObject.await(AbstractQueuedSynchronizer.java:2039)
 java.util.concurrent.LinkedBlockingQueue.take(LinkedBlockingQueue.java:442)
 io.netty.util.concurrent.SingleThreadEventExecutor.takeTask(SingleThreadEventExecutor.java:244)
 io.netty.util.concurrent.DefaultEventExecutor.run(DefaultEventExecutor.java:64)
 io.netty.util.concurrent.SingleThreadEventExecutor$4.run(SingleThreadEventExecutor.java:997)
 io.netty.util.internal.ThreadExecutorMap$2.run(ThreadExecutorMap.java:74)
 io.netty.util.concurrent.FastThreadLocalRunnable.run(FastThreadLocalRunnable.java:30)
 java.lang.Thread.run(Thread.java:748)
2026-06-27 16:47:58.387 [Thread-7] WARN  org.apache.catalina.loader.WebappClassLoaderBase - The web application [ROOT] appears to have started a thread named [lettuce-eventExecutorLoop-1-5] but has failed to stop it. This is very likely to create a memory leak. Stack trace of thread:
 sun.misc.Unsafe.park(Native Method)
 java.util.concurrent.locks.LockSupport.park(LockSupport.java:175)
 java.util.concurrent.locks.AbstractQueuedSynchronizer$ConditionObject.await(AbstractQueuedSynchronizer.java:2039)
 java.util.concurrent.LinkedBlockingQueue.take(LinkedBlockingQueue.java:442)
 io.netty.util.concurrent.SingleThreadEventExecutor.takeTask(SingleThreadEventExecutor.java:244)
 io.netty.util.concurrent.DefaultEventExecutor.run(DefaultEventExecutor.java:64)
 io.netty.util.concurrent.SingleThreadEventExecutor$4.run(SingleThreadEventExecutor.java:997)
 io.netty.util.internal.ThreadExecutorMap$2.run(ThreadExecutorMap.java:74)
 io.netty.util.concurrent.FastThreadLocalRunnable.run(FastThreadLocalRunnable.java:30)
 java.lang.Thread.run(Thread.java:748)
2026-06-27 16:48:49.579 [http-nio-8080-exec-2] WARN  o.s.w.s.m.m.a.ExceptionHandlerExceptionResolver - Resolved [org.springframework.jdbc.BadSqlGrammarException: <EOL><EOL>### Error querying database.  Cause: java.sql.SQLSyntaxErrorException: Unknown column 'create_by' in 'field list'<EOL><EOL>### The error may exist in com/project/travel/mapper/SysProductMapper.java (best guess)<EOL><EOL>### The error may involve defaultParameterMap<EOL><EOL>### The error occurred while setting parameters<EOL><EOL>### SQL: SELECT  id,name,description,images,price,points_required,stock,type,status,sort,create_by,create_time,update_by,update_time  FROM sys_product     WHERE (status = ?) ORDER BY sort ASC,create_time DESC LIMIT ?<EOL><EOL>### Cause: java.sql.SQLSyntaxErrorException: Unknown column 'create_by' in 'field list'<EOL>; bad SQL grammar []; nested exception is java.sql.SQLSyntaxErrorException: Unknown column 'create_by' in 'field list']
2026-06-27 16:48:49.613 [http-nio-8080-exec-4] WARN  o.s.w.s.m.m.a.ExceptionHandlerExceptionResolver - Resolved [org.springframework.jdbc.BadSqlGrammarException: <EOL><EOL>### Error querying database.  Cause: java.sql.SQLSyntaxErrorException: Unknown column 'sort' in 'field list'<EOL><EOL>### The error may exist in com/project/travel/mapper/SysCouponMapper.java (best guess)<EOL><EOL>### The error may involve defaultParameterMap<EOL><EOL>### The error occurred while setting parameters<EOL><EOL>### SQL: SELECT  id,name,description,min_amount,discount_amount,points_required,require_level,total_count,remain_count,start_time,end_time,valid_days,status,sort,create_by,create_time,update_by,update_time  FROM sys_coupon     WHERE (status = ?) ORDER BY sort ASC<EOL><EOL>### Cause: java.sql.SQLSyntaxErrorException: Unknown column 'sort' in 'field list'<EOL>; bad SQL grammar []; nested exception is java.sql.SQLSyntaxErrorException: Unknown column 'sort' in 'field list']
2026-06-27 16:50:29.034 [Thread-9] WARN  org.apache.catalina.loader.WebappClassLoaderBase - The web application [ROOT] appears to have started a thread named [lettuce-nioEventLoop-7-1] but has failed to stop it. This is very likely to create a memory leak. Stack trace of thread:
 sun.nio.ch.WindowsSelectorImpl$SubSelector.poll0(Native Method)
 sun.nio.ch.WindowsSelectorImpl$SubSelector.poll(WindowsSelectorImpl.java:296)
 sun.nio.ch.WindowsSelectorImpl$SubSelector.access$400(WindowsSelectorImpl.java:278)
 sun.nio.ch.WindowsSelectorImpl.doSelect(WindowsSelectorImpl.java:159)
 sun.nio.ch.SelectorImpl.lockAndDoSelect(SelectorImpl.java:86)
 sun.nio.ch.SelectorImpl.select(SelectorImpl.java:97)
 sun.nio.ch.SelectorImpl.select(SelectorImpl.java:101)
 io.netty.channel.nio.SelectedSelectionKeySetSelector.select(SelectedSelectionKeySetSelector.java:68)
 io.netty.channel.nio.NioEventLoop.select(NioEventLoop.java:879)
 io.netty.channel.nio.NioEventLoop.run(NioEventLoop.java:526)
 io.netty.util.concurrent.SingleThreadEventExecutor$4.run(SingleThreadEventExecutor.java:997)
 io.netty.util.internal.ThreadExecutorMap$2.run(ThreadExecutorMap.java:74)
 io.netty.util.concurrent.FastThreadLocalRunnable.run(FastThreadLocalRunnable.java:30)
 java.lang.Thread.run(Thread.java:748)
2026-06-27 16:50:29.035 [Thread-9] WARN  org.apache.catalina.loader.WebappClassLoaderBase - The web application [ROOT] appears to have started a thread named [lettuce-eventExecutorLoop-5-1] but has failed to stop it. This is very likely to create a memory leak. Stack trace of thread:
 sun.misc.Unsafe.park(Native Method)
 java.util.concurrent.locks.LockSupport.park(LockSupport.java:175)
 java.util.concurrent.locks.AbstractQueuedSynchronizer$ConditionObject.await(AbstractQueuedSynchronizer.java:2039)
 java.util.concurrent.LinkedBlockingQueue.take(LinkedBlockingQueue.java:442)
 io.netty.util.concurrent.SingleThreadEventExecutor.takeTask(SingleThreadEventExecutor.java:244)
 io.netty.util.concurrent.DefaultEventExecutor.run(DefaultEventExecutor.java:64)
 io.netty.util.concurrent.SingleThreadEventExecutor$4.run(SingleThreadEventExecutor.java:997)
 io.netty.util.internal.ThreadExecutorMap$2.run(ThreadExecutorMap.java:74)
 io.netty.util.concurrent.FastThreadLocalRunnable.run(FastThreadLocalRunnable.java:30)
 java.lang.Thread.run(Thread.java:748)
2026-06-27 16:50:29.037 [Thread-9] WARN  org.apache.catalina.loader.WebappClassLoaderBase - The web application [ROOT] appears to have started a thread named [lettuce-eventExecutorLoop-5-2] but has failed to stop it. This is very likely to create a memory leak. Stack trace of thread:
 sun.misc.Unsafe.park(Native Method)
 java.util.concurrent.locks.LockSupport.park(LockSupport.java:175)
 java.util.concurrent.locks.AbstractQueuedSynchronizer$ConditionObject.await(AbstractQueuedSynchronizer.java:2039)
 java.util.concurrent.LinkedBlockingQueue.take(LinkedBlockingQueue.java:442)
 io.netty.util.concurrent.SingleThreadEventExecutor.takeTask(SingleThreadEventExecutor.java:244)
 io.netty.util.concurrent.DefaultEventExecutor.run(DefaultEventExecutor.java:64)
 io.netty.util.concurrent.SingleThreadEventExecutor$4.run(SingleThreadEventExecutor.java:997)
 io.netty.util.internal.ThreadExecutorMap$2.run(ThreadExecutorMap.java:74)
 io.netty.util.concurrent.FastThreadLocalRunnable.run(FastThreadLocalRunnable.java:30)
 java.lang.Thread.run(Thread.java:748)
2026-06-27 16:50:29.041 [Thread-9] WARN  org.apache.catalina.loader.WebappClassLoaderBase - The web application [ROOT] appears to have started a thread named [lettuce-eventExecutorLoop-5-3] but has failed to stop it. This is very likely to create a memory leak. Stack trace of thread:
 sun.misc.Unsafe.park(Native Method)
 java.util.concurrent.locks.LockSupport.park(LockSupport.java:175)
 java.util.concurrent.locks.AbstractQueuedSynchronizer$ConditionObject.await(AbstractQueuedSynchronizer.java:2039)
 java.util.concurrent.LinkedBlockingQueue.take(LinkedBlockingQueue.java:442)
 io.netty.util.concurrent.SingleThreadEventExecutor.takeTask(SingleThreadEventExecutor.java:244)
 io.netty.util.concurrent.DefaultEventExecutor.run(DefaultEventExecutor.java:64)
 io.netty.util.concurrent.SingleThreadEventExecutor$4.run(SingleThreadEventExecutor.java:997)
 io.netty.util.internal.ThreadExecutorMap$2.run(ThreadExecutorMap.java:74)
 io.netty.util.concurrent.FastThreadLocalRunnable.run(FastThreadLocalRunnable.java:30)
 java.lang.Thread.run(Thread.java:748)
2026-06-27 16:50:29.043 [Thread-9] WARN  org.apache.catalina.loader.WebappClassLoaderBase - The web application [ROOT] appears to have started a thread named [lettuce-eventExecutorLoop-5-4] but has failed to stop it. This is very likely to create a memory leak. Stack trace of thread:
 sun.misc.Unsafe.park(Native Method)
 java.util.concurrent.locks.LockSupport.park(LockSupport.java:175)
 java.util.concurrent.locks.AbstractQueuedSynchronizer$ConditionObject.await(AbstractQueuedSynchronizer.java:2039)
 java.util.concurrent.LinkedBlockingQueue.take(LinkedBlockingQueue.java:442)
 io.netty.util.concurrent.SingleThreadEventExecutor.takeTask(SingleThreadEventExecutor.java:244)
 io.netty.util.concurrent.DefaultEventExecutor.run(DefaultEventExecutor.java:64)
 io.netty.util.concurrent.SingleThreadEventExecutor$4.run(SingleThreadEventExecutor.java:997)
 io.netty.util.internal.ThreadExecutorMap$2.run(ThreadExecutorMap.java:74)
 io.netty.util.concurrent.FastThreadLocalRunnable.run(FastThreadLocalRunnable.java:30)
 java.lang.Thread.run(Thread.java:748)
2026-06-27 16:50:29.045 [Thread-9] WARN  org.apache.catalina.loader.WebappClassLoaderBase - The web application [ROOT] appears to have started a thread named [lettuce-eventExecutorLoop-5-5] but has failed to stop it. This is very likely to create a memory leak. Stack trace of thread:
 sun.misc.Unsafe.park(Native Method)
 java.util.concurrent.locks.LockSupport.park(LockSupport.java:175)
 java.util.concurrent.locks.AbstractQueuedSynchronizer$ConditionObject.await(AbstractQueuedSynchronizer.java:2039)
 java.util.concurrent.LinkedBlockingQueue.take(LinkedBlockingQueue.java:442)
 io.netty.util.concurrent.SingleThreadEventExecutor.takeTask(SingleThreadEventExecutor.java:244)
 io.netty.util.concurrent.DefaultEventExecutor.run(DefaultEventExecutor.java:64)
 io.netty.util.concurrent.SingleThreadEventExecutor$4.run(SingleThreadEventExecutor.java:997)
 io.netty.util.internal.ThreadExecutorMap$2.run(ThreadExecutorMap.java:74)
 io.netty.util.concurrent.FastThreadLocalRunnable.run(FastThreadLocalRunnable.java:30)
 java.lang.Thread.run(Thread.java:748)
2026-06-27 16:50:29.047 [Thread-9] WARN  org.apache.catalina.loader.WebappClassLoaderBase - The web application [ROOT] appears to have started a thread named [System Clock] but has failed to stop it. This is very likely to create a memory leak. Stack trace of thread:
 sun.misc.Unsafe.park(Native Method)
 java.util.concurrent.locks.LockSupport.parkNanos(LockSupport.java:215)
 java.util.concurrent.locks.AbstractQueuedSynchronizer$ConditionObject.awaitNanos(AbstractQueuedSynchronizer.java:2078)
 java.util.concurrent.ScheduledThreadPoolExecutor$DelayedWorkQueue.take(ScheduledThreadPoolExecutor.java:1093)
 java.util.concurrent.ScheduledThreadPoolExecutor$DelayedWorkQueue.take(ScheduledThreadPoolExecutor.java:809)
 java.util.concurrent.ThreadPoolExecutor.getTask(ThreadPoolExecutor.java:1074)
 java.util.concurrent.ThreadPoolExecutor.runWorker(ThreadPoolExecutor.java:1134)
 java.util.concurrent.ThreadPoolExecutor$Worker.run(ThreadPoolExecutor.java:624)
 java.lang.Thread.run(Thread.java:748)
2026-06-27 16:50:29.048 [Thread-9] WARN  org.apache.catalina.loader.WebappClassLoaderBase - The web application [ROOT] appears to have started a thread named [lettuce-eventExecutorLoop-5-6] but has failed to stop it. This is very likely to create a memory leak. Stack trace of thread:
 sun.misc.Unsafe.park(Native Method)
 java.util.concurrent.locks.LockSupport.park(LockSupport.java:175)
 java.util.concurrent.locks.AbstractQueuedSynchronizer$ConditionObject.await(AbstractQueuedSynchronizer.java:2039)
 java.util.concurrent.LinkedBlockingQueue.take(LinkedBlockingQueue.java:442)
 io.netty.util.concurrent.SingleThreadEventExecutor.takeTask(SingleThreadEventExecutor.java:244)
 io.netty.util.concurrent.DefaultEventExecutor.run(DefaultEventExecutor.java:64)
 io.netty.util.concurrent.SingleThreadEventExecutor$4.run(SingleThreadEventExecutor.java:997)
 io.netty.util.internal.ThreadExecutorMap$2.run(ThreadExecutorMap.java:74)
 io.netty.util.concurrent.FastThreadLocalRunnable.run(FastThreadLocalRunnable.java:30)
 java.lang.Thread.run(Thread.java:748)
2026-06-27 16:50:58.052 [http-nio-8080-exec-2] WARN  o.s.w.s.m.m.a.ExceptionHandlerExceptionResolver - Resolved [org.springframework.jdbc.BadSqlGrammarException: <EOL><EOL>### Error querying database.  Cause: java.sql.SQLSyntaxErrorException: Unknown column 'create_by' in 'field list'<EOL><EOL>### The error may exist in com/project/travel/mapper/SysProductMapper.java (best guess)<EOL><EOL>### The error may involve defaultParameterMap<EOL><EOL>### The error occurred while setting parameters<EOL><EOL>### SQL: SELECT  id,name,description,images,price,points_required,stock,type,status,sort,create_by,create_time,update_by,update_time  FROM sys_product     WHERE (status = ?) ORDER BY sort ASC,create_time DESC LIMIT ?<EOL><EOL>### Cause: java.sql.SQLSyntaxErrorException: Unknown column 'create_by' in 'field list'<EOL>; bad SQL grammar []; nested exception is java.sql.SQLSyntaxErrorException: Unknown column 'create_by' in 'field list']
2026-06-27 16:50:58.091 [http-nio-8080-exec-8] WARN  o.s.w.s.m.m.a.ExceptionHandlerExceptionResolver - Resolved [org.springframework.jdbc.BadSqlGrammarException: <EOL><EOL>### Error querying database.  Cause: java.sql.SQLSyntaxErrorException: Unknown column 'sort' in 'field list'<EOL><EOL>### The error may exist in com/project/travel/mapper/SysCouponMapper.java (best guess)<EOL><EOL>### The error may involve defaultParameterMap<EOL><EOL>### The error occurred while setting parameters<EOL><EOL>### SQL: SELECT  id,name,description,min_amount,discount_amount,points_required,require_level,total_count,remain_count,start_time,end_time,valid_days,status,sort,create_by,create_time,update_by,update_time  FROM sys_coupon     WHERE (status = ?) ORDER BY sort ASC<EOL><EOL>### Cause: java.sql.SQLSyntaxErrorException: Unknown column 'sort' in 'field list'<EOL>; bad SQL grammar []; nested exception is java.sql.SQLSyntaxErrorException: Unknown column 'sort' in 'field list']
2026-06-27 16:51:12.809 [http-nio-8080-exec-4] WARN  o.s.w.s.m.m.a.ExceptionHandlerExceptionResolver - Resolved [org.springframework.jdbc.BadSqlGrammarException: <EOL><EOL>### Error querying database.  Cause: java.sql.SQLSyntaxErrorException: Unknown column 'create_by' in 'field list'<EOL><EOL>### The error may exist in com/project/travel/mapper/SysProductMapper.java (best guess)<EOL><EOL>### The error may involve defaultParameterMap<EOL><EOL>### The error occurred while setting parameters<EOL><EOL>### SQL: SELECT  id,name,description,images,price,points_required,stock,type,status,sort,create_by,create_time,update_by,update_time  FROM sys_product     WHERE (status = ? AND type = ?) ORDER BY sort ASC,create_time DESC LIMIT ?<EOL><EOL>### Cause: java.sql.SQLSyntaxErrorException: Unknown column 'create_by' in 'field list'<EOL>; bad SQL grammar []; nested exception is java.sql.SQLSyntaxErrorException: Unknown column 'create_by' in 'field list']
2026-06-27 16:51:13.210 [http-nio-8080-exec-19] WARN  o.s.w.s.m.m.a.ExceptionHandlerExceptionResolver - Resolved [org.springframework.jdbc.BadSqlGrammarException: <EOL><EOL>### Error querying database.  Cause: java.sql.SQLSyntaxErrorException: Unknown column 'create_by' in 'field list'<EOL><EOL>### The error may exist in com/project/travel/mapper/SysProductMapper.java (best guess)<EOL><EOL>### The error may involve defaultParameterMap<EOL><EOL>### The error occurred while setting parameters<EOL><EOL>### SQL: SELECT  id,name,description,images,price,points_required,stock,type,status,sort,create_by,create_time,update_by,update_time  FROM sys_product     WHERE (status = ?) ORDER BY sort ASC,create_time DESC LIMIT ?<EOL><EOL>### Cause: java.sql.SQLSyntaxErrorException: Unknown column 'create_by' in 'field list'<EOL>; bad SQL grammar []; nested exception is java.sql.SQLSyntaxErrorException: Unknown column 'create_by' in 'field list']
2026-06-27 16:51:13.761 [http-nio-8080-exec-22] WARN  o.s.w.s.m.m.a.ExceptionHandlerExceptionResolver - Resolved [org.springframework.jdbc.BadSqlGrammarException: <EOL><EOL>### Error querying database.  Cause: java.sql.SQLSyntaxErrorException: Unknown column 'create_by' in 'field list'<EOL><EOL>### The error may exist in com/project/travel/mapper/SysProductMapper.java (best guess)<EOL><EOL>### The error may involve defaultParameterMap<EOL><EOL>### The error occurred while setting parameters<EOL><EOL>### SQL: SELECT  id,name,description,images,price,points_required,stock,type,status,sort,create_by,create_time,update_by,update_time  FROM sys_product     WHERE (status = ? AND type = ?) ORDER BY sort ASC,create_time DESC LIMIT ?<EOL><EOL>### Cause: java.sql.SQLSyntaxErrorException: Unknown column 'create_by' in 'field list'<EOL>; bad SQL grammar []; nested exception is java.sql.SQLSyntaxErrorException: Unknown column 'create_by' in 'field list']
2026-06-27 16:51:15.259 [http-nio-8080-exec-11] WARN  o.s.w.s.m.m.a.ExceptionHandlerExceptionResolver - Resolved [org.springframework.jdbc.BadSqlGrammarException: <EOL><EOL>### Error querying database.  Cause: java.sql.SQLSyntaxErrorException: Unknown column 'update_by' in 'field list'<EOL><EOL>### The error may exist in com/project/travel/mapper/SysCouponUserMapper.java (best guess)<EOL><EOL>### The error may involve defaultParameterMap<EOL><EOL>### The error occurred while setting parameters<EOL><EOL>### SQL: SELECT  id,user_id,coupon_id,coupon_name,min_amount,discount_amount,status,receive_time,expire_time,use_time,use_order_id,create_by,create_time,update_by,update_time  FROM sys_coupon_user     WHERE (user_id = ?) ORDER BY create_time DESC<EOL><EOL>### Cause: java.sql.SQLSyntaxErrorException: Unknown column 'update_by' in 'field list'<EOL>; bad SQL grammar []; nested exception is java.sql.SQLSyntaxErrorException: Unknown column 'update_by' in 'field list']
2026-06-27 16:51:15.834 [http-nio-8080-exec-13] WARN  o.s.w.s.m.m.a.ExceptionHandlerExceptionResolver - Resolved [org.springframework.jdbc.BadSqlGrammarException: <EOL><EOL>### Error querying database.  Cause: java.sql.SQLSyntaxErrorException: Unknown column 'create_by' in 'field list'<EOL><EOL>### The error may exist in com/project/travel/mapper/SysProductMapper.java (best guess)<EOL><EOL>### The error may involve defaultParameterMap<EOL><EOL>### The error occurred while setting parameters<EOL><EOL>### SQL: SELECT  id,name,description,images,price,points_required,stock,type,status,sort,create_by,create_time,update_by,update_time  FROM sys_product     WHERE (status = ? AND type = ?) ORDER BY sort ASC,create_time DESC LIMIT ?<EOL><EOL>### Cause: java.sql.SQLSyntaxErrorException: Unknown column 'create_by' in 'field list'<EOL>; bad SQL grammar []; nested exception is java.sql.SQLSyntaxErrorException: Unknown column 'create_by' in 'field list']
2026-06-27 16:54:32.942 [Thread-17] WARN  org.apache.catalina.loader.WebappClassLoaderBase - The web application [ROOT] appears to have started a thread named [lettuce-nioEventLoop-12-1] but has failed to stop it. This is very likely to create a memory leak. Stack trace of thread:
 sun.nio.ch.WindowsSelectorImpl$SubSelector.poll0(Native Method)
 sun.nio.ch.WindowsSelectorImpl$SubSelector.poll(WindowsSelectorImpl.java:296)
 sun.nio.ch.WindowsSelectorImpl$SubSelector.access$400(WindowsSelectorImpl.java:278)
 sun.nio.ch.WindowsSelectorImpl.doSelect(WindowsSelectorImpl.java:159)
 sun.nio.ch.SelectorImpl.lockAndDoSelect(SelectorImpl.java:86)
 sun.nio.ch.SelectorImpl.select(SelectorImpl.java:97)
 sun.nio.ch.SelectorImpl.select(SelectorImpl.java:101)
 io.netty.channel.nio.SelectedSelectionKeySetSelector.select(SelectedSelectionKeySetSelector.java:68)
 io.netty.channel.nio.NioEventLoop.select(NioEventLoop.java:879)
 io.netty.channel.nio.NioEventLoop.run(NioEventLoop.java:526)
 io.netty.util.concurrent.SingleThreadEventExecutor$4.run(SingleThreadEventExecutor.java:997)
 io.netty.util.internal.ThreadExecutorMap$2.run(ThreadExecutorMap.java:74)
 io.netty.util.concurrent.FastThreadLocalRunnable.run(FastThreadLocalRunnable.java:30)
 java.lang.Thread.run(Thread.java:748)
2026-06-27 16:54:32.945 [Thread-17] WARN  org.apache.catalina.loader.WebappClassLoaderBase - The web application [ROOT] appears to have started a thread named [lettuce-eventExecutorLoop-10-1] but has failed to stop it. This is very likely to create a memory leak. Stack trace of thread:
 sun.misc.Unsafe.park(Native Method)
 java.util.concurrent.locks.LockSupport.park(LockSupport.java:175)
 java.util.concurrent.locks.AbstractQueuedSynchronizer$ConditionObject.await(AbstractQueuedSynchronizer.java:2039)
 java.util.concurrent.LinkedBlockingQueue.take(LinkedBlockingQueue.java:442)
 io.netty.util.concurrent.SingleThreadEventExecutor.takeTask(SingleThreadEventExecutor.java:244)
 io.netty.util.concurrent.DefaultEventExecutor.run(DefaultEventExecutor.java:64)
 io.netty.util.concurrent.SingleThreadEventExecutor$4.run(SingleThreadEventExecutor.java:997)
 io.netty.util.internal.ThreadExecutorMap$2.run(ThreadExecutorMap.java:74)
 io.netty.util.concurrent.FastThreadLocalRunnable.run(FastThreadLocalRunnable.java:30)
 java.lang.Thread.run(Thread.java:748)
2026-06-27 16:54:32.950 [Thread-17] WARN  org.apache.catalina.loader.WebappClassLoaderBase - The web application [ROOT] appears to have started a thread named [lettuce-eventExecutorLoop-10-2] but has failed to stop it. This is very likely to create a memory leak. Stack trace of thread:
 sun.misc.Unsafe.park(Native Method)
 java.util.concurrent.locks.LockSupport.park(LockSupport.java:175)
 java.util.concurrent.locks.AbstractQueuedSynchronizer$ConditionObject.await(AbstractQueuedSynchronizer.java:2039)
 java.util.concurrent.LinkedBlockingQueue.take(LinkedBlockingQueue.java:442)
 io.netty.util.concurrent.SingleThreadEventExecutor.takeTask(SingleThreadEventExecutor.java:244)
 io.netty.util.concurrent.DefaultEventExecutor.run(DefaultEventExecutor.java:64)
 io.netty.util.concurrent.SingleThreadEventExecutor$4.run(SingleThreadEventExecutor.java:997)
 io.netty.util.internal.ThreadExecutorMap$2.run(ThreadExecutorMap.java:74)
 io.netty.util.concurrent.FastThreadLocalRunnable.run(FastThreadLocalRunnable.java:30)
 java.lang.Thread.run(Thread.java:748)
2026-06-27 16:54:32.951 [Thread-17] WARN  org.apache.catalina.loader.WebappClassLoaderBase - The web application [ROOT] appears to have started a thread named [lettuce-eventExecutorLoop-10-3] but has failed to stop it. This is very likely to create a memory leak. Stack trace of thread:
 sun.misc.Unsafe.park(Native Method)
 java.util.concurrent.locks.LockSupport.park(LockSupport.java:175)
 java.util.concurrent.locks.AbstractQueuedSynchronizer$ConditionObject.await(AbstractQueuedSynchronizer.java:2039)
 java.util.concurrent.LinkedBlockingQueue.take(LinkedBlockingQueue.java:442)
 io.netty.util.concurrent.SingleThreadEventExecutor.takeTask(SingleThreadEventExecutor.java:244)
 io.netty.util.concurrent.DefaultEventExecutor.run(DefaultEventExecutor.java:64)
 io.netty.util.concurrent.SingleThreadEventExecutor$4.run(SingleThreadEventExecutor.java:997)
 io.netty.util.internal.ThreadExecutorMap$2.run(ThreadExecutorMap.java:74)
 io.netty.util.concurrent.FastThreadLocalRunnable.run(FastThreadLocalRunnable.java:30)
 java.lang.Thread.run(Thread.java:748)
2026-06-27 16:54:32.952 [Thread-17] WARN  org.apache.catalina.loader.WebappClassLoaderBase - The web application [ROOT] appears to have started a thread named [lettuce-eventExecutorLoop-10-4] but has failed to stop it. This is very likely to create a memory leak. Stack trace of thread:
 sun.misc.Unsafe.park(Native Method)
 java.util.concurrent.locks.LockSupport.park(LockSupport.java:175)
 java.util.concurrent.locks.AbstractQueuedSynchronizer$ConditionObject.await(AbstractQueuedSynchronizer.java:2039)
 java.util.concurrent.LinkedBlockingQueue.take(LinkedBlockingQueue.java:442)
 io.netty.util.concurrent.SingleThreadEventExecutor.takeTask(SingleThreadEventExecutor.java:244)
 io.netty.util.concurrent.DefaultEventExecutor.run(DefaultEventExecutor.java:64)
 io.netty.util.concurrent.SingleThreadEventExecutor$4.run(SingleThreadEventExecutor.java:997)
 io.netty.util.internal.ThreadExecutorMap$2.run(ThreadExecutorMap.java:74)
 io.netty.util.concurrent.FastThreadLocalRunnable.run(FastThreadLocalRunnable.java:30)
 java.lang.Thread.run(Thread.java:748)
2026-06-27 16:54:32.956 [Thread-17] WARN  org.apache.catalina.loader.WebappClassLoaderBase - The web application [ROOT] appears to have started a thread named [lettuce-eventExecutorLoop-10-5] but has failed to stop it. This is very likely to create a memory leak. Stack trace of thread:
 sun.misc.Unsafe.park(Native Method)
 java.util.concurrent.locks.LockSupport.park(LockSupport.java:175)
 java.util.concurrent.locks.AbstractQueuedSynchronizer$ConditionObject.await(AbstractQueuedSynchronizer.java:2039)
 java.util.concurrent.LinkedBlockingQueue.take(LinkedBlockingQueue.java:442)
 io.netty.util.concurrent.SingleThreadEventExecutor.takeTask(SingleThreadEventExecutor.java:244)
 io.netty.util.concurrent.DefaultEventExecutor.run(DefaultEventExecutor.java:64)
 io.netty.util.concurrent.SingleThreadEventExecutor$4.run(SingleThreadEventExecutor.java:997)
 io.netty.util.internal.ThreadExecutorMap$2.run(ThreadExecutorMap.java:74)
 io.netty.util.concurrent.FastThreadLocalRunnable.run(FastThreadLocalRunnable.java:30)
 java.lang.Thread.run(Thread.java:748)
2026-06-27 16:54:32.958 [Thread-17] WARN  org.apache.catalina.loader.WebappClassLoaderBase - The web application [ROOT] appears to have started a thread named [lettuce-eventExecutorLoop-10-6] but has failed to stop it. This is very likely to create a memory leak. Stack trace of thread:
 sun.misc.Unsafe.park(Native Method)
 java.util.concurrent.locks.LockSupport.park(LockSupport.java:175)
 java.util.concurrent.locks.AbstractQueuedSynchronizer$ConditionObject.await(AbstractQueuedSynchronizer.java:2039)
 java.util.concurrent.LinkedBlockingQueue.take(LinkedBlockingQueue.java:442)
 io.netty.util.concurrent.SingleThreadEventExecutor.takeTask(SingleThreadEventExecutor.java:244)
 io.netty.util.concurrent.DefaultEventExecutor.run(DefaultEventExecutor.java:64)
 io.netty.util.concurrent.SingleThreadEventExecutor$4.run(SingleThreadEventExecutor.java:997)
 io.netty.util.internal.ThreadExecutorMap$2.run(ThreadExecutorMap.java:74)
 io.netty.util.concurrent.FastThreadLocalRunnable.run(FastThreadLocalRunnable.java:30)
 java.lang.Thread.run(Thread.java:748)
2026-06-27 16:54:32.960 [Thread-17] WARN  org.apache.catalina.loader.WebappClassLoaderBase - The web application [ROOT] appears to have started a thread named [lettuce-eventExecutorLoop-10-7] but has failed to stop it. This is very likely to create a memory leak. Stack trace of thread:
 sun.misc.Unsafe.park(Native Method)
 java.util.concurrent.locks.LockSupport.park(LockSupport.java:175)
 java.util.concurrent.locks.AbstractQueuedSynchronizer$ConditionObject.await(AbstractQueuedSynchronizer.java:2039)
 java.util.concurrent.LinkedBlockingQueue.take(LinkedBlockingQueue.java:442)
 io.netty.util.concurrent.SingleThreadEventExecutor.takeTask(SingleThreadEventExecutor.java:244)
 io.netty.util.concurrent.DefaultEventExecutor.run(DefaultEventExecutor.java:64)
 io.netty.util.concurrent.SingleThreadEventExecutor$4.run(SingleThreadEventExecutor.java:997)
 io.netty.util.internal.ThreadExecutorMap$2.run(ThreadExecutorMap.java:74)
 io.netty.util.concurrent.FastThreadLocalRunnable.run(FastThreadLocalRunnable.java:30)
 java.lang.Thread.run(Thread.java:748)
2026-06-27 16:54:32.961 [Thread-17] WARN  org.apache.catalina.loader.WebappClassLoaderBase - The web application [ROOT] appears to have started a thread named [lettuce-eventExecutorLoop-10-8] but has failed to stop it. This is very likely to create a memory leak. Stack trace of thread:
 sun.misc.Unsafe.park(Native Method)
 java.util.concurrent.locks.LockSupport.park(LockSupport.java:175)
 java.util.concurrent.locks.AbstractQueuedSynchronizer$ConditionObject.await(AbstractQueuedSynchronizer.java:2039)
 java.util.concurrent.LinkedBlockingQueue.take(LinkedBlockingQueue.java:442)
 io.netty.util.concurrent.SingleThreadEventExecutor.takeTask(SingleThreadEventExecutor.java:244)
 io.netty.util.concurrent.DefaultEventExecutor.run(DefaultEventExecutor.java:64)
 io.netty.util.concurrent.SingleThreadEventExecutor$4.run(SingleThreadEventExecutor.java:997)
 io.netty.util.internal.ThreadExecutorMap$2.run(ThreadExecutorMap.java:74)
 io.netty.util.concurrent.FastThreadLocalRunnable.run(FastThreadLocalRunnable.java:30)
 java.lang.Thread.run(Thread.java:748)
2026-06-27 16:54:32.964 [Thread-17] WARN  org.apache.catalina.loader.WebappClassLoaderBase - The web application [ROOT] appears to have started a thread named [lettuce-eventExecutorLoop-10-9] but has failed to stop it. This is very likely to create a memory leak. Stack trace of thread:
 sun.misc.Unsafe.park(Native Method)
 java.util.concurrent.locks.LockSupport.park(LockSupport.java:175)
 java.util.concurrent.locks.AbstractQueuedSynchronizer$ConditionObject.await(AbstractQueuedSynchronizer.java:2039)
 java.util.concurrent.LinkedBlockingQueue.take(LinkedBlockingQueue.java:442)
 io.netty.util.concurrent.SingleThreadEventExecutor.takeTask(SingleThreadEventExecutor.java:244)
 io.netty.util.concurrent.DefaultEventExecutor.run(DefaultEventExecutor.java:64)
 io.netty.util.concurrent.SingleThreadEventExecutor$4.run(SingleThreadEventExecutor.java:997)
 io.netty.util.internal.ThreadExecutorMap$2.run(ThreadExecutorMap.java:74)
 io.netty.util.concurrent.FastThreadLocalRunnable.run(FastThreadLocalRunnable.java:30)
 java.lang.Thread.run(Thread.java:748)
2026-06-27 16:54:32.970 [Thread-17] WARN  org.apache.catalina.loader.WebappClassLoaderBase - The web application [ROOT] appears to have started a thread named [lettuce-eventExecutorLoop-10-10] but has failed to stop it. This is very likely to create a memory leak. Stack trace of thread:
 sun.misc.Unsafe.park(Native Method)
 java.util.concurrent.locks.LockSupport.park(LockSupport.java:175)
 java.util.concurrent.locks.AbstractQueuedSynchronizer$ConditionObject.await(AbstractQueuedSynchronizer.java:2039)
 java.util.concurrent.LinkedBlockingQueue.take(LinkedBlockingQueue.java:442)
 io.netty.util.concurrent.SingleThreadEventExecutor.takeTask(SingleThreadEventExecutor.java:244)
 io.netty.util.concurrent.DefaultEventExecutor.run(DefaultEventExecutor.java:64)
 io.netty.util.concurrent.SingleThreadEventExecutor$4.run(SingleThreadEventExecutor.java:997)
 io.netty.util.internal.ThreadExecutorMap$2.run(ThreadExecutorMap.java:74)
 io.netty.util.concurrent.FastThreadLocalRunnable.run(FastThreadLocalRunnable.java:30)
 java.lang.Thread.run(Thread.java:748)
2026-06-27 16:54:32.971 [Thread-17] WARN  org.apache.catalina.loader.WebappClassLoaderBase - The web application [ROOT] appears to have started a thread named [lettuce-eventExecutorLoop-10-11] but has failed to stop it. This is very likely to create a memory leak. Stack trace of thread:
 sun.misc.Unsafe.park(Native Method)
 java.util.concurrent.locks.LockSupport.park(LockSupport.java:175)
 java.util.concurrent.locks.AbstractQueuedSynchronizer$ConditionObject.await(AbstractQueuedSynchronizer.java:2039)
 java.util.concurrent.LinkedBlockingQueue.take(LinkedBlockingQueue.java:442)
 io.netty.util.concurrent.SingleThreadEventExecutor.takeTask(SingleThreadEventExecutor.java:244)
 io.netty.util.concurrent.DefaultEventExecutor.run(DefaultEventExecutor.java:64)
 io.netty.util.concurrent.SingleThreadEventExecutor$4.run(SingleThreadEventExecutor.java:997)
 io.netty.util.internal.ThreadExecutorMap$2.run(ThreadExecutorMap.java:74)
 io.netty.util.concurrent.FastThreadLocalRunnable.run(FastThreadLocalRunnable.java:30)
 java.lang.Thread.run(Thread.java:748)
2026-06-27 16:54:32.972 [Thread-17] WARN  org.apache.catalina.loader.WebappClassLoaderBase - The web application [ROOT] appears to have started a thread named [lettuce-eventExecutorLoop-10-12] but has failed to stop it. This is very likely to create a memory leak. Stack trace of thread:
 sun.misc.Unsafe.park(Native Method)
 java.util.concurrent.locks.LockSupport.park(LockSupport.java:175)
 java.util.concurrent.locks.AbstractQueuedSynchronizer$ConditionObject.await(AbstractQueuedSynchronizer.java:2039)
 java.util.concurrent.LinkedBlockingQueue.take(LinkedBlockingQueue.java:442)
 io.netty.util.concurrent.SingleThreadEventExecutor.takeTask(SingleThreadEventExecutor.java:244)
 io.netty.util.concurrent.DefaultEventExecutor.run(DefaultEventExecutor.java:64)
 io.netty.util.concurrent.SingleThreadEventExecutor$4.run(SingleThreadEventExecutor.java:997)
 io.netty.util.internal.ThreadExecutorMap$2.run(ThreadExecutorMap.java:74)
 io.netty.util.concurrent.FastThreadLocalRunnable.run(FastThreadLocalRunnable.java:30)
 java.lang.Thread.run(Thread.java:748)
2026-06-27 16:54:32.972 [Thread-17] WARN  org.apache.catalina.loader.WebappClassLoaderBase - The web application [ROOT] appears to have started a thread named [lettuce-eventExecutorLoop-10-13] but has failed to stop it. This is very likely to create a memory leak. Stack trace of thread:
 sun.misc.Unsafe.park(Native Method)
 java.util.concurrent.locks.LockSupport.park(LockSupport.java:175)
 java.util.concurrent.locks.AbstractQueuedSynchronizer$ConditionObject.await(AbstractQueuedSynchronizer.java:2039)
 java.util.concurrent.LinkedBlockingQueue.take(LinkedBlockingQueue.java:442)
 io.netty.util.concurrent.SingleThreadEventExecutor.takeTask(SingleThreadEventExecutor.java:244)
 io.netty.util.concurrent.DefaultEventExecutor.run(DefaultEventExecutor.java:64)
 io.netty.util.concurrent.SingleThreadEventExecutor$4.run(SingleThreadEventExecutor.java:997)
 io.netty.util.internal.ThreadExecutorMap$2.run(ThreadExecutorMap.java:74)
 io.netty.util.concurrent.FastThreadLocalRunnable.run(FastThreadLocalRunnable.java:30)
 java.lang.Thread.run(Thread.java:748)
2026-06-27 16:54:32.974 [Thread-17] WARN  org.apache.catalina.loader.WebappClassLoaderBase - The web application [ROOT] appears to have started a thread named [lettuce-eventExecutorLoop-10-14] but has failed to stop it. This is very likely to create a memory leak. Stack trace of thread:
 sun.misc.Unsafe.park(Native Method)
 java.util.concurrent.locks.LockSupport.park(LockSupport.java:175)
 java.util.concurrent.locks.AbstractQueuedSynchronizer$ConditionObject.await(AbstractQueuedSynchronizer.java:2039)
 java.util.concurrent.LinkedBlockingQueue.take(LinkedBlockingQueue.java:442)
 io.netty.util.concurrent.SingleThreadEventExecutor.takeTask(SingleThreadEventExecutor.java:244)
 io.netty.util.concurrent.DefaultEventExecutor.run(DefaultEventExecutor.java:64)
 io.netty.util.concurrent.SingleThreadEventExecutor$4.run(SingleThreadEventExecutor.java:997)
 io.netty.util.internal.ThreadExecutorMap$2.run(ThreadExecutorMap.java:74)
 io.netty.util.concurrent.FastThreadLocalRunnable.run(FastThreadLocalRunnable.java:30)
 java.lang.Thread.run(Thread.java:748)
2026-06-27 16:54:32.975 [Thread-17] WARN  org.apache.catalina.loader.WebappClassLoaderBase - The web application [ROOT] appears to have started a thread named [lettuce-eventExecutorLoop-10-15] but has failed to stop it. This is very likely to create a memory leak. Stack trace of thread:
 sun.misc.Unsafe.park(Native Method)
 java.util.concurrent.locks.LockSupport.park(LockSupport.java:175)
 java.util.concurrent.locks.AbstractQueuedSynchronizer$ConditionObject.await(AbstractQueuedSynchronizer.java:2039)
 java.util.concurrent.LinkedBlockingQueue.take(LinkedBlockingQueue.java:442)
 io.netty.util.concurrent.SingleThreadEventExecutor.takeTask(SingleThreadEventExecutor.java:244)
 io.netty.util.concurrent.DefaultEventExecutor.run(DefaultEventExecutor.java:64)
 io.netty.util.concurrent.SingleThreadEventExecutor$4.run(SingleThreadEventExecutor.java:997)
 io.netty.util.internal.ThreadExecutorMap$2.run(ThreadExecutorMap.java:74)
 io.netty.util.concurrent.FastThreadLocalRunnable.run(FastThreadLocalRunnable.java:30)
 java.lang.Thread.run(Thread.java:748)
2026-06-27 16:54:32.976 [Thread-17] WARN  org.apache.catalina.loader.WebappClassLoaderBase - The web application [ROOT] appears to have started a thread named [lettuce-eventExecutorLoop-10-16] but has failed to stop it. This is very likely to create a memory leak. Stack trace of thread:
 sun.misc.Unsafe.park(Native Method)
 java.util.concurrent.locks.LockSupport.park(LockSupport.java:175)
 java.util.concurrent.locks.AbstractQueuedSynchronizer$ConditionObject.await(AbstractQueuedSynchronizer.java:2039)
 java.util.concurrent.LinkedBlockingQueue.take(LinkedBlockingQueue.java:442)
 io.netty.util.concurrent.SingleThreadEventExecutor.takeTask(SingleThreadEventExecutor.java:244)
 io.netty.util.concurrent.DefaultEventExecutor.run(DefaultEventExecutor.java:64)
 io.netty.util.concurrent.SingleThreadEventExecutor$4.run(SingleThreadEventExecutor.java:997)
 io.netty.util.internal.ThreadExecutorMap$2.run(ThreadExecutorMap.java:74)
 io.netty.util.concurrent.FastThreadLocalRunnable.run(FastThreadLocalRunnable.java:30)
 java.lang.Thread.run(Thread.java:748)
2026-06-27 17:01:49.624 [http-nio-8080-exec-31] WARN  o.s.w.s.m.m.a.ExceptionHandlerExceptionResolver - Resolved [org.springframework.jdbc.BadSqlGrammarException: <EOL><EOL>### Error querying database.  Cause: java.sql.SQLSyntaxErrorException: Unknown column 'sort' in 'field list'<EOL><EOL>### The error may exist in com/project/travel/mapper/SysCouponMapper.java (best guess)<EOL><EOL>### The error may involve defaultParameterMap<EOL><EOL>### The error occurred while setting parameters<EOL><EOL>### SQL: SELECT  id,name,description,min_amount,discount_amount,points_required,require_level,total_count,remain_count,start_time,end_time,valid_days,status,sort,create_by,create_time,update_by,update_time  FROM sys_coupon     WHERE (status = ?) ORDER BY sort ASC<EOL><EOL>### Cause: java.sql.SQLSyntaxErrorException: Unknown column 'sort' in 'field list'<EOL>; bad SQL grammar []; nested exception is java.sql.SQLSyntaxErrorException: Unknown column 'sort' in 'field list']
2026-06-27 17:01:49.624 [http-nio-8080-exec-29] WARN  o.s.w.s.m.m.a.ExceptionHandlerExceptionResolver - Resolved [org.springframework.jdbc.BadSqlGrammarException: <EOL><EOL>### Error querying database.  Cause: java.sql.SQLSyntaxErrorException: Unknown column 'create_by' in 'field list'<EOL><EOL>### The error may exist in com/project/travel/mapper/SysProductMapper.java (best guess)<EOL><EOL>### The error may involve defaultParameterMap<EOL><EOL>### The error occurred while setting parameters<EOL><EOL>### SQL: SELECT  id,name,description,images,price,points_required,stock,type,status,sort,create_by,create_time,update_by,update_time  FROM sys_product     WHERE (status = ?) ORDER BY sort ASC,create_time DESC LIMIT ?<EOL><EOL>### Cause: java.sql.SQLSyntaxErrorException: Unknown column 'create_by' in 'field list'<EOL>; bad SQL grammar []; nested exception is java.sql.SQLSyntaxErrorException: Unknown column 'create_by' in 'field list']
2026-06-27 17:01:59.603 [http-nio-8080-exec-37] WARN  o.s.w.s.m.m.a.ExceptionHandlerExceptionResolver - Resolved [org.springframework.jdbc.BadSqlGrammarException: <EOL><EOL>### Error querying database.  Cause: java.sql.SQLSyntaxErrorException: Unknown column 'create_by' in 'field list'<EOL><EOL>### The error may exist in com/project/travel/mapper/SysProductMapper.java (best guess)<EOL><EOL>### The error may involve defaultParameterMap<EOL><EOL>### The error occurred while setting parameters<EOL><EOL>### SQL: SELECT  id,name,description,images,price,points_required,stock,type,status,sort,create_by,create_time,update_by,update_time  FROM sys_product     WHERE (status = ?) ORDER BY sort ASC,create_time DESC LIMIT ?<EOL><EOL>### Cause: java.sql.SQLSyntaxErrorException: Unknown column 'create_by' in 'field list'<EOL>; bad SQL grammar []; nested exception is java.sql.SQLSyntaxErrorException: Unknown column 'create_by' in 'field list']
2026-06-27 17:01:59.644 [http-nio-8080-exec-39] WARN  o.s.w.s.m.m.a.ExceptionHandlerExceptionResolver - Resolved [org.springframework.jdbc.BadSqlGrammarException: <EOL><EOL>### Error querying database.  Cause: java.sql.SQLSyntaxErrorException: Unknown column 'sort' in 'field list'<EOL><EOL>### The error may exist in com/project/travel/mapper/SysCouponMapper.java (best guess)<EOL><EOL>### The error may involve defaultParameterMap<EOL><EOL>### The error occurred while setting parameters<EOL><EOL>### SQL: SELECT  id,name,description,min_amount,discount_amount,points_required,require_level,total_count,remain_count,start_time,end_time,valid_days,status,sort,create_by,create_time,update_by,update_time  FROM sys_coupon     WHERE (status = ?) ORDER BY sort ASC<EOL><EOL>### Cause: java.sql.SQLSyntaxErrorException: Unknown column 'sort' in 'field list'<EOL>; bad SQL grammar []; nested exception is java.sql.SQLSyntaxErrorException: Unknown column 'sort' in 'field list']
2026-06-27 17:04:50.118 [Thread-7] WARN  org.apache.catalina.loader.WebappClassLoaderBase - The web application [ROOT] appears to have started a thread named [lettuce-nioEventLoop-4-1] but has failed to stop it. This is very likely to create a memory leak. Stack trace of thread:
 sun.nio.ch.WindowsSelectorImpl$SubSelector.poll0(Native Method)
 sun.nio.ch.WindowsSelectorImpl$SubSelector.poll(WindowsSelectorImpl.java:296)
 sun.nio.ch.WindowsSelectorImpl$SubSelector.access$400(WindowsSelectorImpl.java:278)
 sun.nio.ch.WindowsSelectorImpl.doSelect(WindowsSelectorImpl.java:159)
 sun.nio.ch.SelectorImpl.lockAndDoSelect(SelectorImpl.java:86)
 sun.nio.ch.SelectorImpl.select(SelectorImpl.java:97)
 sun.nio.ch.SelectorImpl.select(SelectorImpl.java:101)
 io.netty.channel.nio.SelectedSelectionKeySetSelector.select(SelectedSelectionKeySetSelector.java:68)
 io.netty.channel.nio.NioEventLoop.select(NioEventLoop.java:879)
 io.netty.channel.nio.NioEventLoop.run(NioEventLoop.java:526)
 io.netty.util.concurrent.SingleThreadEventExecutor$4.run(SingleThreadEventExecutor.java:997)
 io.netty.util.internal.ThreadExecutorMap$2.run(ThreadExecutorMap.java:74)
 io.netty.util.concurrent.FastThreadLocalRunnable.run(FastThreadLocalRunnable.java:30)
 java.lang.Thread.run(Thread.java:748)
2026-06-27 17:04:50.119 [Thread-7] WARN  org.apache.catalina.loader.WebappClassLoaderBase - The web application [ROOT] appears to have started a thread named [lettuce-eventExecutorLoop-1-1] but has failed to stop it. This is very likely to create a memory leak. Stack trace of thread:
 sun.misc.Unsafe.park(Native Method)
 java.util.concurrent.locks.LockSupport.park(LockSupport.java:175)
 java.util.concurrent.locks.AbstractQueuedSynchronizer$ConditionObject.await(AbstractQueuedSynchronizer.java:2039)
 java.util.concurrent.LinkedBlockingQueue.take(LinkedBlockingQueue.java:442)
 io.netty.util.concurrent.SingleThreadEventExecutor.takeTask(SingleThreadEventExecutor.java:244)
 io.netty.util.concurrent.DefaultEventExecutor.run(DefaultEventExecutor.java:64)
 io.netty.util.concurrent.SingleThreadEventExecutor$4.run(SingleThreadEventExecutor.java:997)
 io.netty.util.internal.ThreadExecutorMap$2.run(ThreadExecutorMap.java:74)
 io.netty.util.concurrent.FastThreadLocalRunnable.run(FastThreadLocalRunnable.java:30)
 java.lang.Thread.run(Thread.java:748)
2026-06-27 17:04:50.122 [Thread-7] WARN  org.apache.catalina.loader.WebappClassLoaderBase - The web application [ROOT] appears to have started a thread named [lettuce-eventExecutorLoop-1-2] but has failed to stop it. This is very likely to create a memory leak. Stack trace of thread:
 sun.misc.Unsafe.park(Native Method)
 java.util.concurrent.locks.LockSupport.park(LockSupport.java:175)
 java.util.concurrent.locks.AbstractQueuedSynchronizer$ConditionObject.await(AbstractQueuedSynchronizer.java:2039)
 java.util.concurrent.LinkedBlockingQueue.take(LinkedBlockingQueue.java:442)
 io.netty.util.concurrent.SingleThreadEventExecutor.takeTask(SingleThreadEventExecutor.java:244)
 io.netty.util.concurrent.DefaultEventExecutor.run(DefaultEventExecutor.java:64)
 io.netty.util.concurrent.SingleThreadEventExecutor$4.run(SingleThreadEventExecutor.java:997)
 io.netty.util.internal.ThreadExecutorMap$2.run(ThreadExecutorMap.java:74)
 io.netty.util.concurrent.FastThreadLocalRunnable.run(FastThreadLocalRunnable.java:30)
 java.lang.Thread.run(Thread.java:748)
2026-06-27 17:04:50.123 [Thread-7] WARN  org.apache.catalina.loader.WebappClassLoaderBase - The web application [ROOT] appears to have started a thread named [lettuce-eventExecutorLoop-1-4] but has failed to stop it. This is very likely to create a memory leak. Stack trace of thread:
 sun.misc.Unsafe.park(Native Method)
 java.util.concurrent.locks.LockSupport.park(LockSupport.java:175)
 java.util.concurrent.locks.AbstractQueuedSynchronizer$ConditionObject.await(AbstractQueuedSynchronizer.java:2039)
 java.util.concurrent.LinkedBlockingQueue.take(LinkedBlockingQueue.java:442)
 io.netty.util.concurrent.SingleThreadEventExecutor.takeTask(SingleThreadEventExecutor.java:244)
 io.netty.util.concurrent.DefaultEventExecutor.run(DefaultEventExecutor.java:64)
 io.netty.util.concurrent.SingleThreadEventExecutor$4.run(SingleThreadEventExecutor.java:997)
 io.netty.util.internal.ThreadExecutorMap$2.run(ThreadExecutorMap.java:74)
 io.netty.util.concurrent.FastThreadLocalRunnable.run(FastThreadLocalRunnable.java:30)
 java.lang.Thread.run(Thread.java:748)
2026-06-27 17:04:50.126 [Thread-7] WARN  org.apache.catalina.loader.WebappClassLoaderBase - The web application [ROOT] appears to have started a thread named [lettuce-eventExecutorLoop-1-3] but has failed to stop it. This is very likely to create a memory leak. Stack trace of thread:
 sun.misc.Unsafe.park(Native Method)
 java.util.concurrent.locks.LockSupport.park(LockSupport.java:175)
 java.util.concurrent.locks.AbstractQueuedSynchronizer$ConditionObject.await(AbstractQueuedSynchronizer.java:2039)
 java.util.concurrent.LinkedBlockingQueue.take(LinkedBlockingQueue.java:442)
 io.netty.util.concurrent.SingleThreadEventExecutor.takeTask(SingleThreadEventExecutor.java:244)
 io.netty.util.concurrent.DefaultEventExecutor.run(DefaultEventExecutor.java:64)
 io.netty.util.concurrent.SingleThreadEventExecutor$4.run(SingleThreadEventExecutor.java:997)
 io.netty.util.internal.ThreadExecutorMap$2.run(ThreadExecutorMap.java:74)
 io.netty.util.concurrent.FastThreadLocalRunnable.run(FastThreadLocalRunnable.java:30)
 java.lang.Thread.run(Thread.java:748)
2026-06-27 17:04:50.127 [Thread-7] WARN  org.apache.catalina.loader.WebappClassLoaderBase - The web application [ROOT] appears to have started a thread named [lettuce-eventExecutorLoop-1-5] but has failed to stop it. This is very likely to create a memory leak. Stack trace of thread:
 sun.misc.Unsafe.park(Native Method)
 java.util.concurrent.locks.LockSupport.park(LockSupport.java:175)
 java.util.concurrent.locks.AbstractQueuedSynchronizer$ConditionObject.await(AbstractQueuedSynchronizer.java:2039)
 java.util.concurrent.LinkedBlockingQueue.take(LinkedBlockingQueue.java:442)
 io.netty.util.concurrent.SingleThreadEventExecutor.takeTask(SingleThreadEventExecutor.java:244)
 io.netty.util.concurrent.DefaultEventExecutor.run(DefaultEventExecutor.java:64)
 io.netty.util.concurrent.SingleThreadEventExecutor$4.run(SingleThreadEventExecutor.java:997)
 io.netty.util.internal.ThreadExecutorMap$2.run(ThreadExecutorMap.java:74)
 io.netty.util.concurrent.FastThreadLocalRunnable.run(FastThreadLocalRunnable.java:30)
 java.lang.Thread.run(Thread.java:748)
2026-06-27 17:04:50.128 [Thread-7] WARN  org.apache.catalina.loader.WebappClassLoaderBase - The web application [ROOT] appears to have started a thread named [lettuce-eventExecutorLoop-1-6] but has failed to stop it. This is very likely to create a memory leak. Stack trace of thread:
 sun.misc.Unsafe.park(Native Method)
 java.util.concurrent.locks.LockSupport.park(LockSupport.java:175)
 java.util.concurrent.locks.AbstractQueuedSynchronizer$ConditionObject.await(AbstractQueuedSynchronizer.java:2039)
 java.util.concurrent.LinkedBlockingQueue.take(LinkedBlockingQueue.java:442)
 io.netty.util.concurrent.SingleThreadEventExecutor.takeTask(SingleThreadEventExecutor.java:244)
 io.netty.util.concurrent.DefaultEventExecutor.run(DefaultEventExecutor.java:64)
 io.netty.util.concurrent.SingleThreadEventExecutor$4.run(SingleThreadEventExecutor.java:997)
 io.netty.util.internal.ThreadExecutorMap$2.run(ThreadExecutorMap.java:74)
 io.netty.util.concurrent.FastThreadLocalRunnable.run(FastThreadLocalRunnable.java:30)
 java.lang.Thread.run(Thread.java:748)
2026-06-27 17:04:50.135 [Thread-7] WARN  org.apache.catalina.loader.WebappClassLoaderBase - The web application [ROOT] appears to have started a thread named [lettuce-eventExecutorLoop-1-7] but has failed to stop it. This is very likely to create a memory leak. Stack trace of thread:
 sun.misc.Unsafe.park(Native Method)
 java.util.concurrent.locks.LockSupport.park(LockSupport.java:175)
 java.util.concurrent.locks.AbstractQueuedSynchronizer$ConditionObject.await(AbstractQueuedSynchronizer.java:2039)
 java.util.concurrent.LinkedBlockingQueue.take(LinkedBlockingQueue.java:442)
 io.netty.util.concurrent.SingleThreadEventExecutor.takeTask(SingleThreadEventExecutor.java:244)
 io.netty.util.concurrent.DefaultEventExecutor.run(DefaultEventExecutor.java:64)
 io.netty.util.concurrent.SingleThreadEventExecutor$4.run(SingleThreadEventExecutor.java:997)
 io.netty.util.internal.ThreadExecutorMap$2.run(ThreadExecutorMap.java:74)
 io.netty.util.concurrent.FastThreadLocalRunnable.run(FastThreadLocalRunnable.java:30)
 java.lang.Thread.run(Thread.java:748)
2026-06-27 17:04:50.137 [Thread-7] WARN  org.apache.catalina.loader.WebappClassLoaderBase - The web application [ROOT] appears to have started a thread named [lettuce-eventExecutorLoop-1-8] but has failed to stop it. This is very likely to create a memory leak. Stack trace of thread:
 sun.misc.Unsafe.park(Native Method)
 java.util.concurrent.locks.LockSupport.park(LockSupport.java:175)
 java.util.concurrent.locks.AbstractQueuedSynchronizer$ConditionObject.await(AbstractQueuedSynchronizer.java:2039)
 java.util.concurrent.LinkedBlockingQueue.take(LinkedBlockingQueue.java:442)
 io.netty.util.concurrent.SingleThreadEventExecutor.takeTask(SingleThreadEventExecutor.java:244)
 io.netty.util.concurrent.DefaultEventExecutor.run(DefaultEventExecutor.java:64)
 io.netty.util.concurrent.SingleThreadEventExecutor$4.run(SingleThreadEventExecutor.java:997)
 io.netty.util.internal.ThreadExecutorMap$2.run(ThreadExecutorMap.java:74)
 io.netty.util.concurrent.FastThreadLocalRunnable.run(FastThreadLocalRunnable.java:30)
 java.lang.Thread.run(Thread.java:748)
2026-06-27 17:04:50.138 [Thread-7] WARN  org.apache.catalina.loader.WebappClassLoaderBase - The web application [ROOT] appears to have started a thread named [lettuce-eventExecutorLoop-1-9] but has failed to stop it. This is very likely to create a memory leak. Stack trace of thread:
 sun.misc.Unsafe.park(Native Method)
 java.util.concurrent.locks.LockSupport.park(LockSupport.java:175)
 java.util.concurrent.locks.AbstractQueuedSynchronizer$ConditionObject.await(AbstractQueuedSynchronizer.java:2039)
 java.util.concurrent.LinkedBlockingQueue.take(LinkedBlockingQueue.java:442)
 io.netty.util.concurrent.SingleThreadEventExecutor.takeTask(SingleThreadEventExecutor.java:244)
 io.netty.util.concurrent.DefaultEventExecutor.run(DefaultEventExecutor.java:64)
 io.netty.util.concurrent.SingleThreadEventExecutor$4.run(SingleThreadEventExecutor.java:997)
 io.netty.util.internal.ThreadExecutorMap$2.run(ThreadExecutorMap.java:74)
 io.netty.util.concurrent.FastThreadLocalRunnable.run(FastThreadLocalRunnable.java:30)
 java.lang.Thread.run(Thread.java:748)
2026-06-27 17:04:50.139 [Thread-7] WARN  org.apache.catalina.loader.WebappClassLoaderBase - The web application [ROOT] appears to have started a thread named [lettuce-eventExecutorLoop-1-10] but has failed to stop it. This is very likely to create a memory leak. Stack trace of thread:
 sun.misc.Unsafe.park(Native Method)
 java.util.concurrent.locks.LockSupport.park(LockSupport.java:175)
 java.util.concurrent.locks.AbstractQueuedSynchronizer$ConditionObject.await(AbstractQueuedSynchronizer.java:2039)
 java.util.concurrent.LinkedBlockingQueue.take(LinkedBlockingQueue.java:442)
 io.netty.util.concurrent.SingleThreadEventExecutor.takeTask(SingleThreadEventExecutor.java:244)
 io.netty.util.concurrent.DefaultEventExecutor.run(DefaultEventExecutor.java:64)
 io.netty.util.concurrent.SingleThreadEventExecutor$4.run(SingleThreadEventExecutor.java:997)
 io.netty.util.internal.ThreadExecutorMap$2.run(ThreadExecutorMap.java:74)
 io.netty.util.concurrent.FastThreadLocalRunnable.run(FastThreadLocalRunnable.java:30)
 java.lang.Thread.run(Thread.java:748)
2026-06-27 17:04:50.139 [Thread-7] WARN  org.apache.catalina.loader.WebappClassLoaderBase - The web application [ROOT] appears to have started a thread named [lettuce-eventExecutorLoop-1-12] but has failed to stop it. This is very likely to create a memory leak. Stack trace of thread:
 sun.misc.Unsafe.park(Native Method)
 java.util.concurrent.locks.LockSupport.park(LockSupport.java:175)
 java.util.concurrent.locks.AbstractQueuedSynchronizer$ConditionObject.await(AbstractQueuedSynchronizer.java:2039)
 java.util.concurrent.LinkedBlockingQueue.take(LinkedBlockingQueue.java:442)
 io.netty.util.concurrent.SingleThreadEventExecutor.takeTask(SingleThreadEventExecutor.java:244)
 io.netty.util.concurrent.DefaultEventExecutor.run(DefaultEventExecutor.java:64)
 io.netty.util.concurrent.SingleThreadEventExecutor$4.run(SingleThreadEventExecutor.java:997)
 io.netty.util.internal.ThreadExecutorMap$2.run(ThreadExecutorMap.java:74)
 io.netty.util.concurrent.FastThreadLocalRunnable.run(FastThreadLocalRunnable.java:30)
 java.lang.Thread.run(Thread.java:748)
2026-06-27 17:04:50.142 [Thread-7] WARN  org.apache.catalina.loader.WebappClassLoaderBase - The web application [ROOT] appears to have started a thread named [lettuce-eventExecutorLoop-1-14] but has failed to stop it. This is very likely to create a memory leak. Stack trace of thread:
 sun.misc.Unsafe.park(Native Method)
 java.util.concurrent.locks.LockSupport.park(LockSupport.java:175)
 java.util.concurrent.locks.AbstractQueuedSynchronizer$ConditionObject.await(AbstractQueuedSynchronizer.java:2039)
 java.util.concurrent.LinkedBlockingQueue.take(LinkedBlockingQueue.java:442)
 io.netty.util.concurrent.SingleThreadEventExecutor.takeTask(SingleThreadEventExecutor.java:244)
 io.netty.util.concurrent.DefaultEventExecutor.run(DefaultEventExecutor.java:64)
 io.netty.util.concurrent.SingleThreadEventExecutor$4.run(SingleThreadEventExecutor.java:997)
 io.netty.util.internal.ThreadExecutorMap$2.run(ThreadExecutorMap.java:74)
 io.netty.util.concurrent.FastThreadLocalRunnable.run(FastThreadLocalRunnable.java:30)
 java.lang.Thread.run(Thread.java:748)
2026-06-27 17:04:50.143 [Thread-7] WARN  org.apache.catalina.loader.WebappClassLoaderBase - The web application [ROOT] appears to have started a thread named [lettuce-eventExecutorLoop-1-15] but has failed to stop it. This is very likely to create a memory leak. Stack trace of thread:
 sun.misc.Unsafe.park(Native Method)
 java.util.concurrent.locks.LockSupport.park(LockSupport.java:175)
 java.util.concurrent.locks.AbstractQueuedSynchronizer$ConditionObject.await(AbstractQueuedSynchronizer.java:2039)
 java.util.concurrent.LinkedBlockingQueue.take(LinkedBlockingQueue.java:442)
 io.netty.util.concurrent.SingleThreadEventExecutor.takeTask(SingleThreadEventExecutor.java:244)
 io.netty.util.concurrent.DefaultEventExecutor.run(DefaultEventExecutor.java:64)
 io.netty.util.concurrent.SingleThreadEventExecutor$4.run(SingleThreadEventExecutor.java:997)
 io.netty.util.internal.ThreadExecutorMap$2.run(ThreadExecutorMap.java:74)
 io.netty.util.concurrent.FastThreadLocalRunnable.run(FastThreadLocalRunnable.java:30)
 java.lang.Thread.run(Thread.java:748)
2026-06-27 17:04:50.143 [Thread-7] WARN  org.apache.catalina.loader.WebappClassLoaderBase - The web application [ROOT] appears to have started a thread named [lettuce-eventExecutorLoop-1-13] but has failed to stop it. This is very likely to create a memory leak. Stack trace of thread:
 sun.misc.Unsafe.park(Native Method)
 java.util.concurrent.locks.LockSupport.park(LockSupport.java:175)
 java.util.concurrent.locks.AbstractQueuedSynchronizer$ConditionObject.await(AbstractQueuedSynchronizer.java:2039)
 java.util.concurrent.LinkedBlockingQueue.take(LinkedBlockingQueue.java:442)
 io.netty.util.concurrent.SingleThreadEventExecutor.takeTask(SingleThreadEventExecutor.java:244)
 io.netty.util.concurrent.DefaultEventExecutor.run(DefaultEventExecutor.java:64)
 io.netty.util.concurrent.SingleThreadEventExecutor$4.run(SingleThreadEventExecutor.java:997)
 io.netty.util.internal.ThreadExecutorMap$2.run(ThreadExecutorMap.java:74)
 io.netty.util.concurrent.FastThreadLocalRunnable.run(FastThreadLocalRunnable.java:30)
 java.lang.Thread.run(Thread.java:748)
2026-06-27 17:04:50.144 [Thread-7] WARN  org.apache.catalina.loader.WebappClassLoaderBase - The web application [ROOT] appears to have started a thread named [lettuce-eventExecutorLoop-1-11] but has failed to stop it. This is very likely to create a memory leak. Stack trace of thread:
 sun.misc.Unsafe.park(Native Method)
 java.util.concurrent.locks.LockSupport.park(LockSupport.java:175)
 java.util.concurrent.locks.AbstractQueuedSynchronizer$ConditionObject.await(AbstractQueuedSynchronizer.java:2039)
 java.util.concurrent.LinkedBlockingQueue.take(LinkedBlockingQueue.java:442)
 io.netty.util.concurrent.SingleThreadEventExecutor.takeTask(SingleThreadEventExecutor.java:244)
 io.netty.util.concurrent.DefaultEventExecutor.run(DefaultEventExecutor.java:64)
 io.netty.util.concurrent.SingleThreadEventExecutor$4.run(SingleThreadEventExecutor.java:997)
 io.netty.util.internal.ThreadExecutorMap$2.run(ThreadExecutorMap.java:74)
 io.netty.util.concurrent.FastThreadLocalRunnable.run(FastThreadLocalRunnable.java:30)
 java.lang.Thread.run(Thread.java:748)
2026-06-27 17:04:50.145 [Thread-7] WARN  org.apache.catalina.loader.WebappClassLoaderBase - The web application [ROOT] appears to have started a thread named [lettuce-eventExecutorLoop-1-16] but has failed to stop it. This is very likely to create a memory leak. Stack trace of thread:
 sun.misc.Unsafe.park(Native Method)
 java.util.concurrent.locks.LockSupport.park(LockSupport.java:175)
 java.util.concurrent.locks.AbstractQueuedSynchronizer$ConditionObject.await(AbstractQueuedSynchronizer.java:2039)
 java.util.concurrent.LinkedBlockingQueue.take(LinkedBlockingQueue.java:442)
 io.netty.util.concurrent.SingleThreadEventExecutor.takeTask(SingleThreadEventExecutor.java:244)
 io.netty.util.concurrent.DefaultEventExecutor.run(DefaultEventExecutor.java:64)
 io.netty.util.concurrent.SingleThreadEventExecutor$4.run(SingleThreadEventExecutor.java:997)
 io.netty.util.internal.ThreadExecutorMap$2.run(ThreadExecutorMap.java:74)
 io.netty.util.concurrent.FastThreadLocalRunnable.run(FastThreadLocalRunnable.java:30)
 java.lang.Thread.run(Thread.java:748)
2026-06-27 17:08:20.765 [http-nio-8080-exec-2] WARN  o.s.w.s.m.m.a.ExceptionHandlerExceptionResolver - Resolved [org.springframework.jdbc.BadSqlGrammarException: <EOL><EOL>### Error querying database.  Cause: java.sql.SQLSyntaxErrorException: Unknown column 'create_by' in 'field list'<EOL><EOL>### The error may exist in com/project/travel/mapper/SysProductMapper.java (best guess)<EOL><EOL>### The error may involve defaultParameterMap<EOL><EOL>### The error occurred while setting parameters<EOL><EOL>### SQL: SELECT  id,name,description,images,price,points_required,stock,type,status,sort,create_by,create_time,update_by,update_time  FROM sys_product     WHERE (status = ?) ORDER BY sort ASC,create_time DESC LIMIT ?<EOL><EOL>### Cause: java.sql.SQLSyntaxErrorException: Unknown column 'create_by' in 'field list'<EOL>; bad SQL grammar []; nested exception is java.sql.SQLSyntaxErrorException: Unknown column 'create_by' in 'field list']
2026-06-27 17:08:20.777 [http-nio-8080-exec-9] WARN  o.s.w.s.m.m.a.ExceptionHandlerExceptionResolver - Resolved [org.springframework.jdbc.BadSqlGrammarException: <EOL><EOL>### Error querying database.  Cause: java.sql.SQLSyntaxErrorException: Unknown column 'sort' in 'field list'<EOL><EOL>### The error may exist in com/project/travel/mapper/SysCouponMapper.java (best guess)<EOL><EOL>### The error may involve defaultParameterMap<EOL><EOL>### The error occurred while setting parameters<EOL><EOL>### SQL: SELECT  id,name,description,min_amount,discount_amount,points_required,require_level,total_count,remain_count,start_time,end_time,valid_days,status,sort,create_by,create_time,update_by,update_time  FROM sys_coupon     WHERE (status = ?) ORDER BY sort ASC<EOL><EOL>### Cause: java.sql.SQLSyntaxErrorException: Unknown column 'sort' in 'field list'<EOL>; bad SQL grammar []; nested exception is java.sql.SQLSyntaxErrorException: Unknown column 'sort' in 'field list']
2026-06-27 17:08:26.093 [http-nio-8080-exec-12] WARN  o.s.w.s.m.m.a.ExceptionHandlerExceptionResolver - Resolved [org.springframework.jdbc.BadSqlGrammarException: <EOL><EOL>### Error querying database.  Cause: java.sql.SQLSyntaxErrorException: Unknown column 'update_by' in 'field list'<EOL><EOL>### The error may exist in com/project/travel/mapper/SysCouponUserMapper.java (best guess)<EOL><EOL>### The error may involve defaultParameterMap<EOL><EOL>### The error occurred while setting parameters<EOL><EOL>### SQL: SELECT  id,user_id,coupon_id,coupon_name,min_amount,discount_amount,status,receive_time,expire_time,use_time,use_order_id,create_by,create_time,update_by,update_time  FROM sys_coupon_user     WHERE (user_id = ?) ORDER BY create_time DESC<EOL><EOL>### Cause: java.sql.SQLSyntaxErrorException: Unknown column 'update_by' in 'field list'<EOL>; bad SQL grammar []; nested exception is java.sql.SQLSyntaxErrorException: Unknown column 'update_by' in 'field list']
2026-06-27 17:08:26.610 [http-nio-8080-exec-13] WARN  o.s.w.s.m.m.a.ExceptionHandlerExceptionResolver - Resolved [org.springframework.jdbc.BadSqlGrammarException: <EOL><EOL>### Error querying database.  Cause: java.sql.SQLSyntaxErrorException: Unknown column 'create_by' in 'field list'<EOL><EOL>### The error may exist in com/project/travel/mapper/SysProductMapper.java (best guess)<EOL><EOL>### The error may involve defaultParameterMap<EOL><EOL>### The error occurred while setting parameters<EOL><EOL>### SQL: SELECT  id,name,description,images,price,points_required,stock,type,status,sort,create_by,create_time,update_by,update_time  FROM sys_product     WHERE (status = ?) ORDER BY sort ASC,create_time DESC LIMIT ?<EOL><EOL>### Cause: java.sql.SQLSyntaxErrorException: Unknown column 'create_by' in 'field list'<EOL>; bad SQL grammar []; nested exception is java.sql.SQLSyntaxErrorException: Unknown column 'create_by' in 'field list']
2026-06-27 17:09:22.402 [http-nio-8080-exec-74] WARN  o.s.w.s.m.m.a.ExceptionHandlerExceptionResolver - Resolved [org.springframework.jdbc.BadSqlGrammarException: <EOL><EOL>### Error querying database.  Cause: java.sql.SQLSyntaxErrorException: Unknown column 'create_by' in 'field list'<EOL><EOL>### The error may exist in com/project/travel/mapper/SysProductMapper.java (best guess)<EOL><EOL>### The error may involve defaultParameterMap<EOL><EOL>### The error occurred while setting parameters<EOL><EOL>### SQL: SELECT  id,name,description,images,price,points_required,stock,type,status,sort,create_by,create_time,update_by,update_time  FROM sys_product     WHERE (status = ?) ORDER BY sort ASC,create_time DESC LIMIT ?<EOL><EOL>### Cause: java.sql.SQLSyntaxErrorException: Unknown column 'create_by' in 'field list'<EOL>; bad SQL grammar []; nested exception is java.sql.SQLSyntaxErrorException: Unknown column 'create_by' in 'field list']
2026-06-27 17:09:22.452 [http-nio-8080-exec-35] WARN  o.s.w.s.m.m.a.ExceptionHandlerExceptionResolver - Resolved [org.springframework.jdbc.BadSqlGrammarException: <EOL><EOL>### Error querying database.  Cause: java.sql.SQLSyntaxErrorException: Unknown column 'sort' in 'field list'<EOL><EOL>### The error may exist in com/project/travel/mapper/SysCouponMapper.java (best guess)<EOL><EOL>### The error may involve defaultParameterMap<EOL><EOL>### The error occurred while setting parameters<EOL><EOL>### SQL: SELECT  id,name,description,min_amount,discount_amount,points_required,require_level,total_count,remain_count,start_time,end_time,valid_days,status,sort,create_by,create_time,update_by,update_time  FROM sys_coupon     WHERE (status = ?) ORDER BY sort ASC<EOL><EOL>### Cause: java.sql.SQLSyntaxErrorException: Unknown column 'sort' in 'field list'<EOL>; bad SQL grammar []; nested exception is java.sql.SQLSyntaxErrorException: Unknown column 'sort' in 'field list']
2026-06-27 17:10:03.408 [http-nio-8080-exec-53] WARN  o.s.w.s.m.m.a.ExceptionHandlerExceptionResolver - Resolved [org.springframework.jdbc.BadSqlGrammarException: <EOL><EOL>### Error querying database.  Cause: java.sql.SQLSyntaxErrorException: Unknown column 'create_by' in 'field list'<EOL><EOL>### The error may exist in com/project/travel/mapper/SysProductMapper.java (best guess)<EOL><EOL>### The error may involve defaultParameterMap<EOL><EOL>### The error occurred while setting parameters<EOL><EOL>### SQL: SELECT  id,name,description,images,price,points_required,stock,type,status,sort,create_by,create_time,update_by,update_time  FROM sys_product     WHERE (status = ?) ORDER BY sort ASC,create_time DESC LIMIT ?<EOL><EOL>### Cause: java.sql.SQLSyntaxErrorException: Unknown column 'create_by' in 'field list'<EOL>; bad SQL grammar []; nested exception is java.sql.SQLSyntaxErrorException: Unknown column 'create_by' in 'field list']
2026-06-27 17:10:03.430 [http-nio-8080-exec-20] WARN  o.s.w.s.m.m.a.ExceptionHandlerExceptionResolver - Resolved [org.springframework.jdbc.BadSqlGrammarException: <EOL><EOL>### Error querying database.  Cause: java.sql.SQLSyntaxErrorException: Unknown column 'sort' in 'field list'<EOL><EOL>### The error may exist in com/project/travel/mapper/SysCouponMapper.java (best guess)<EOL><EOL>### The error may involve defaultParameterMap<EOL><EOL>### The error occurred while setting parameters<EOL><EOL>### SQL: SELECT  id,name,description,min_amount,discount_amount,points_required,require_level,total_count,remain_count,start_time,end_time,valid_days,status,sort,create_by,create_time,update_by,update_time  FROM sys_coupon     WHERE (status = ?) ORDER BY sort ASC<EOL><EOL>### Cause: java.sql.SQLSyntaxErrorException: Unknown column 'sort' in 'field list'<EOL>; bad SQL grammar []; nested exception is java.sql.SQLSyntaxErrorException: Unknown column 'sort' in 'field list']
2026-06-27 17:10:05.696 [http-nio-8080-exec-98] WARN  o.s.w.s.m.m.a.ExceptionHandlerExceptionResolver - Resolved [org.springframework.jdbc.BadSqlGrammarException: <EOL><EOL>### Error querying database.  Cause: java.sql.SQLSyntaxErrorException: Unknown column 'create_by' in 'field list'<EOL><EOL>### The error may exist in com/project/travel/mapper/SysProductMapper.java (best guess)<EOL><EOL>### The error may involve defaultParameterMap<EOL><EOL>### The error occurred while setting parameters<EOL><EOL>### SQL: SELECT  id,name,description,images,price,points_required,stock,type,status,sort,create_by,create_time,update_by,update_time  FROM sys_product     WHERE (status = ?) ORDER BY sort ASC,create_time DESC LIMIT ?<EOL><EOL>### Cause: java.sql.SQLSyntaxErrorException: Unknown column 'create_by' in 'field list'<EOL>; bad SQL grammar []; nested exception is java.sql.SQLSyntaxErrorException: Unknown column 'create_by' in 'field list']
2026-06-27 17:10:05.728 [http-nio-8080-exec-61] WARN  o.s.w.s.m.m.a.ExceptionHandlerExceptionResolver - Resolved [org.springframework.jdbc.BadSqlGrammarException: <EOL><EOL>### Error querying database.  Cause: java.sql.SQLSyntaxErrorException: Unknown column 'sort' in 'field list'<EOL><EOL>### The error may exist in com/project/travel/mapper/SysCouponMapper.java (best guess)<EOL><EOL>### The error may involve defaultParameterMap<EOL><EOL>### The error occurred while setting parameters<EOL><EOL>### SQL: SELECT  id,name,description,min_amount,discount_amount,points_required,require_level,total_count,remain_count,start_time,end_time,valid_days,status,sort,create_by,create_time,update_by,update_time  FROM sys_coupon     WHERE (status = ?) ORDER BY sort ASC<EOL><EOL>### Cause: java.sql.SQLSyntaxErrorException: Unknown column 'sort' in 'field list'<EOL>; bad SQL grammar []; nested exception is java.sql.SQLSyntaxErrorException: Unknown column 'sort' in 'field list']
2026-06-27 17:10:17.779 [http-nio-8080-exec-64] WARN  o.s.w.s.m.m.a.ExceptionHandlerExceptionResolver - Resolved [org.springframework.jdbc.BadSqlGrammarException: <EOL><EOL>### Error updating database.  Cause: java.sql.SQLSyntaxErrorException: Unknown column 'create_by' in 'field list'<EOL><EOL>### The error may involve com.project.travel.mapper.SysExchangeRecordMapper.insert-Inline<EOL><EOL>### The error occurred while setting parameters<EOL><EOL>### SQL: INSERT INTO sys_exchange_record  ( id, user_id, type, related_id, related_name, points_used, amount, status,     create_by, create_time, update_by, update_time )  VALUES  ( ?, ?, ?, ?, ?, ?, ?, ?,     ?, ?, ?, ? )<EOL><EOL>### Cause: java.sql.SQLSyntaxErrorException: Unknown column 'create_by' in 'field list'<EOL>; bad SQL grammar []; nested exception is java.sql.SQLSyntaxErrorException: Unknown column 'create_by' in 'field list']
2026-06-27 17:10:26.532 [http-nio-8080-exec-68] WARN  o.s.w.s.m.m.a.ExceptionHandlerExceptionResolver - Resolved [org.springframework.jdbc.BadSqlGrammarException: <EOL><EOL>### Error querying database.  Cause: java.sql.SQLSyntaxErrorException: Unknown column 'create_by' in 'field list'<EOL><EOL>### The error may exist in com/project/travel/mapper/SysProductMapper.java (best guess)<EOL><EOL>### The error may involve defaultParameterMap<EOL><EOL>### The error occurred while setting parameters<EOL><EOL>### SQL: SELECT  id,name,description,images,price,points_required,stock,type,status,sort,create_by,create_time,update_by,update_time  FROM sys_product     WHERE (status = ?) ORDER BY sort ASC,create_time DESC LIMIT ?<EOL><EOL>### Cause: java.sql.SQLSyntaxErrorException: Unknown column 'create_by' in 'field list'<EOL>; bad SQL grammar []; nested exception is java.sql.SQLSyntaxErrorException: Unknown column 'create_by' in 'field list']
2026-06-27 17:10:26.586 [http-nio-8080-exec-29] WARN  o.s.w.s.m.m.a.ExceptionHandlerExceptionResolver - Resolved [org.springframework.jdbc.BadSqlGrammarException: <EOL><EOL>### Error querying database.  Cause: java.sql.SQLSyntaxErrorException: Unknown column 'sort' in 'field list'<EOL><EOL>### The error may exist in com/project/travel/mapper/SysCouponMapper.java (best guess)<EOL><EOL>### The error may involve defaultParameterMap<EOL><EOL>### The error occurred while setting parameters<EOL><EOL>### SQL: SELECT  id,name,description,min_amount,discount_amount,points_required,require_level,total_count,remain_count,start_time,end_time,valid_days,status,sort,create_by,create_time,update_by,update_time  FROM sys_coupon     WHERE (status = ?) ORDER BY sort ASC<EOL><EOL>### Cause: java.sql.SQLSyntaxErrorException: Unknown column 'sort' in 'field list'<EOL>; bad SQL grammar []; nested exception is java.sql.SQLSyntaxErrorException: Unknown column 'sort' in 'field list']
2026-06-27 17:11:00.544 [http-nio-8080-exec-57] WARN  o.s.w.s.m.m.a.ExceptionHandlerExceptionResolver - Resolved [org.springframework.jdbc.BadSqlGrammarException: <EOL><EOL>### Error querying database.  Cause: java.sql.SQLSyntaxErrorException: Unknown column 'create_by' in 'field list'<EOL><EOL>### The error may exist in com/project/travel/mapper/SysProductMapper.java (best guess)<EOL><EOL>### The error may involve defaultParameterMap<EOL><EOL>### The error occurred while setting parameters<EOL><EOL>### SQL: SELECT  id,name,description,images,price,points_required,stock,type,status,sort,create_by,create_time,update_by,update_time  FROM sys_product     WHERE (status = ?) ORDER BY sort ASC,create_time DESC LIMIT ?<EOL><EOL>### Cause: java.sql.SQLSyntaxErrorException: Unknown column 'create_by' in 'field list'<EOL>; bad SQL grammar []; nested exception is java.sql.SQLSyntaxErrorException: Unknown column 'create_by' in 'field list']
2026-06-27 17:11:00.569 [http-nio-8080-exec-100] WARN  o.s.w.s.m.m.a.ExceptionHandlerExceptionResolver - Resolved [org.springframework.jdbc.BadSqlGrammarException: <EOL><EOL>### Error querying database.  Cause: java.sql.SQLSyntaxErrorException: Unknown column 'sort' in 'field list'<EOL><EOL>### The error may exist in com/project/travel/mapper/SysCouponMapper.java (best guess)<EOL><EOL>### The error may involve defaultParameterMap<EOL><EOL>### The error occurred while setting parameters<EOL><EOL>### SQL: SELECT  id,name,description,min_amount,discount_amount,points_required,require_level,total_count,remain_count,start_time,end_time,valid_days,status,sort,create_by,create_time,update_by,update_time  FROM sys_coupon     WHERE (status = ?) ORDER BY sort ASC<EOL><EOL>### Cause: java.sql.SQLSyntaxErrorException: Unknown column 'sort' in 'field list'<EOL>; bad SQL grammar []; nested exception is java.sql.SQLSyntaxErrorException: Unknown column 'sort' in 'field list']
2026-06-27 17:11:03.289 [http-nio-8080-exec-1] WARN  o.s.w.s.m.m.a.ExceptionHandlerExceptionResolver - Resolved [org.springframework.jdbc.BadSqlGrammarException: <EOL><EOL>### Error updating database.  Cause: java.sql.SQLSyntaxErrorException: Unknown column 'create_by' in 'field list'<EOL><EOL>### The error may involve com.project.travel.mapper.SysExchangeRecordMapper.insert-Inline<EOL><EOL>### The error occurred while setting parameters<EOL><EOL>### SQL: INSERT INTO sys_exchange_record  ( id, user_id, type, related_id, related_name, points_used, amount, status,     create_by, create_time, update_by, update_time )  VALUES  ( ?, ?, ?, ?, ?, ?, ?, ?,     ?, ?, ?, ? )<EOL><EOL>### Cause: java.sql.SQLSyntaxErrorException: Unknown column 'create_by' in 'field list'<EOL>; bad SQL grammar []; nested exception is java.sql.SQLSyntaxErrorException: Unknown column 'create_by' in 'field list']
2026-06-27 17:15:40.631 [http-nio-8080-exec-9] WARN  o.s.w.s.m.m.a.ExceptionHandlerExceptionResolver - Resolved [org.springframework.jdbc.BadSqlGrammarException: <EOL><EOL>### Error querying database.  Cause: java.sql.SQLSyntaxErrorException: Unknown column 'sort' in 'field list'<EOL><EOL>### The error may exist in com/project/travel/mapper/SysCouponMapper.java (best guess)<EOL><EOL>### The error may involve defaultParameterMap<EOL><EOL>### The error occurred while setting parameters<EOL><EOL>### SQL: SELECT  id,name,description,min_amount,discount_amount,points_required,require_level,total_count,remain_count,start_time,end_time,valid_days,status,sort,create_by,create_time,update_by,update_time  FROM sys_coupon     WHERE (status = ?) ORDER BY sort ASC<EOL><EOL>### Cause: java.sql.SQLSyntaxErrorException: Unknown column 'sort' in 'field list'<EOL>; bad SQL grammar []; nested exception is java.sql.SQLSyntaxErrorException: Unknown column 'sort' in 'field list']
2026-06-27 17:16:06.553 [http-nio-8080-exec-23] WARN  o.s.w.s.m.m.a.ExceptionHandlerExceptionResolver - Resolved [org.springframework.jdbc.BadSqlGrammarException: <EOL><EOL>### Error querying database.  Cause: java.sql.SQLSyntaxErrorException: Unknown column 'sort' in 'field list'<EOL><EOL>### The error may exist in com/project/travel/mapper/SysCouponMapper.java (best guess)<EOL><EOL>### The error may involve defaultParameterMap<EOL><EOL>### The error occurred while setting parameters<EOL><EOL>### SQL: SELECT  id,name,description,min_amount,discount_amount,points_required,require_level,total_count,remain_count,start_time,end_time,valid_days,status,sort,create_by,create_time,update_by,update_time  FROM sys_coupon     WHERE (status = ?) ORDER BY sort ASC<EOL><EOL>### Cause: java.sql.SQLSyntaxErrorException: Unknown column 'sort' in 'field list'<EOL>; bad SQL grammar []; nested exception is java.sql.SQLSyntaxErrorException: Unknown column 'sort' in 'field list']
2026-06-27 17:21:45.386 [Thread-7] WARN  org.apache.catalina.loader.WebappClassLoaderBase - The web application [ROOT] appears to have started a thread named [lettuce-nioEventLoop-4-1] but has failed to stop it. This is very likely to create a memory leak. Stack trace of thread:
 sun.nio.ch.WindowsSelectorImpl$SubSelector.poll0(Native Method)
 sun.nio.ch.WindowsSelectorImpl$SubSelector.poll(WindowsSelectorImpl.java:296)
 sun.nio.ch.WindowsSelectorImpl$SubSelector.access$400(WindowsSelectorImpl.java:278)
 sun.nio.ch.WindowsSelectorImpl.doSelect(WindowsSelectorImpl.java:159)
 sun.nio.ch.SelectorImpl.lockAndDoSelect(SelectorImpl.java:86)
 sun.nio.ch.SelectorImpl.select(SelectorImpl.java:97)
 sun.nio.ch.SelectorImpl.select(SelectorImpl.java:101)
 io.netty.channel.nio.SelectedSelectionKeySetSelector.select(SelectedSelectionKeySetSelector.java:68)
 io.netty.channel.nio.NioEventLoop.select(NioEventLoop.java:879)
 io.netty.channel.nio.NioEventLoop.run(NioEventLoop.java:526)
 io.netty.util.concurrent.SingleThreadEventExecutor$4.run(SingleThreadEventExecutor.java:997)
 io.netty.util.internal.ThreadExecutorMap$2.run(ThreadExecutorMap.java:74)
 io.netty.util.concurrent.FastThreadLocalRunnable.run(FastThreadLocalRunnable.java:30)
 java.lang.Thread.run(Thread.java:748)
2026-06-27 17:21:45.387 [Thread-7] WARN  org.apache.catalina.loader.WebappClassLoaderBase - The web application [ROOT] appears to have started a thread named [lettuce-eventExecutorLoop-1-1] but has failed to stop it. This is very likely to create a memory leak. Stack trace of thread:
 sun.misc.Unsafe.park(Native Method)
 java.util.concurrent.locks.LockSupport.park(LockSupport.java:175)
 java.util.concurrent.locks.AbstractQueuedSynchronizer$ConditionObject.await(AbstractQueuedSynchronizer.java:2039)
 java.util.concurrent.LinkedBlockingQueue.take(LinkedBlockingQueue.java:442)
 io.netty.util.concurrent.SingleThreadEventExecutor.takeTask(SingleThreadEventExecutor.java:244)
 io.netty.util.concurrent.DefaultEventExecutor.run(DefaultEventExecutor.java:64)
 io.netty.util.concurrent.SingleThreadEventExecutor$4.run(SingleThreadEventExecutor.java:997)
 io.netty.util.internal.ThreadExecutorMap$2.run(ThreadExecutorMap.java:74)
 io.netty.util.concurrent.FastThreadLocalRunnable.run(FastThreadLocalRunnable.java:30)
 java.lang.Thread.run(Thread.java:748)
2026-06-27 17:21:45.388 [Thread-7] WARN  org.apache.catalina.loader.WebappClassLoaderBase - The web application [ROOT] appears to have started a thread named [lettuce-eventExecutorLoop-1-2] but has failed to stop it. This is very likely to create a memory leak. Stack trace of thread:
 sun.misc.Unsafe.park(Native Method)
 java.util.concurrent.locks.LockSupport.park(LockSupport.java:175)
 java.util.concurrent.locks.AbstractQueuedSynchronizer$ConditionObject.await(AbstractQueuedSynchronizer.java:2039)
 java.util.concurrent.LinkedBlockingQueue.take(LinkedBlockingQueue.java:442)
 io.netty.util.concurrent.SingleThreadEventExecutor.takeTask(SingleThreadEventExecutor.java:244)
 io.netty.util.concurrent.DefaultEventExecutor.run(DefaultEventExecutor.java:64)
 io.netty.util.concurrent.SingleThreadEventExecutor$4.run(SingleThreadEventExecutor.java:997)
 io.netty.util.internal.ThreadExecutorMap$2.run(ThreadExecutorMap.java:74)
 io.netty.util.concurrent.FastThreadLocalRunnable.run(FastThreadLocalRunnable.java:30)
 java.lang.Thread.run(Thread.java:748)
2026-06-27 17:21:45.388 [Thread-7] WARN  org.apache.catalina.loader.WebappClassLoaderBase - The web application [ROOT] appears to have started a thread named [lettuce-eventExecutorLoop-1-3] but has failed to stop it. This is very likely to create a memory leak. Stack trace of thread:
 sun.misc.Unsafe.park(Native Method)
 java.util.concurrent.locks.LockSupport.park(LockSupport.java:175)
 java.util.concurrent.locks.AbstractQueuedSynchronizer$ConditionObject.await(AbstractQueuedSynchronizer.java:2039)
 java.util.concurrent.LinkedBlockingQueue.take(LinkedBlockingQueue.java:442)
 io.netty.util.concurrent.SingleThreadEventExecutor.takeTask(SingleThreadEventExecutor.java:244)
 io.netty.util.concurrent.DefaultEventExecutor.run(DefaultEventExecutor.java:64)
 io.netty.util.concurrent.SingleThreadEventExecutor$4.run(SingleThreadEventExecutor.java:997)
 io.netty.util.internal.ThreadExecutorMap$2.run(ThreadExecutorMap.java:74)
 io.netty.util.concurrent.FastThreadLocalRunnable.run(FastThreadLocalRunnable.java:30)
 java.lang.Thread.run(Thread.java:748)
2026-06-27 17:21:45.389 [Thread-7] WARN  org.apache.catalina.loader.WebappClassLoaderBase - The web application [ROOT] appears to have started a thread named [lettuce-eventExecutorLoop-1-4] but has failed to stop it. This is very likely to create a memory leak. Stack trace of thread:
 sun.misc.Unsafe.park(Native Method)
 java.util.concurrent.locks.LockSupport.park(LockSupport.java:175)
 java.util.concurrent.locks.AbstractQueuedSynchronizer$ConditionObject.await(AbstractQueuedSynchronizer.java:2039)
 java.util.concurrent.LinkedBlockingQueue.take(LinkedBlockingQueue.java:442)
 io.netty.util.concurrent.SingleThreadEventExecutor.takeTask(SingleThreadEventExecutor.java:244)
 io.netty.util.concurrent.DefaultEventExecutor.run(DefaultEventExecutor.java:64)
 io.netty.util.concurrent.SingleThreadEventExecutor$4.run(SingleThreadEventExecutor.java:997)
 io.netty.util.internal.ThreadExecutorMap$2.run(ThreadExecutorMap.java:74)
 io.netty.util.concurrent.FastThreadLocalRunnable.run(FastThreadLocalRunnable.java:30)
 java.lang.Thread.run(Thread.java:748)
2026-06-27 17:21:45.392 [Thread-7] WARN  org.apache.catalina.loader.WebappClassLoaderBase - The web application [ROOT] appears to have started a thread named [lettuce-eventExecutorLoop-1-5] but has failed to stop it. This is very likely to create a memory leak. Stack trace of thread:
 sun.misc.Unsafe.park(Native Method)
 java.util.concurrent.locks.LockSupport.park(LockSupport.java:175)
 java.util.concurrent.locks.AbstractQueuedSynchronizer$ConditionObject.await(AbstractQueuedSynchronizer.java:2039)
 java.util.concurrent.LinkedBlockingQueue.take(LinkedBlockingQueue.java:442)
 io.netty.util.concurrent.SingleThreadEventExecutor.takeTask(SingleThreadEventExecutor.java:244)
 io.netty.util.concurrent.DefaultEventExecutor.run(DefaultEventExecutor.java:64)
 io.netty.util.concurrent.SingleThreadEventExecutor$4.run(SingleThreadEventExecutor.java:997)
 io.netty.util.internal.ThreadExecutorMap$2.run(ThreadExecutorMap.java:74)
 io.netty.util.concurrent.FastThreadLocalRunnable.run(FastThreadLocalRunnable.java:30)
 java.lang.Thread.run(Thread.java:748)
2026-06-27 17:21:45.394 [Thread-7] WARN  org.apache.catalina.loader.WebappClassLoaderBase - The web application [ROOT] appears to have started a thread named [lettuce-eventExecutorLoop-1-6] but has failed to stop it. This is very likely to create a memory leak. Stack trace of thread:
 sun.misc.Unsafe.park(Native Method)
 java.util.concurrent.locks.LockSupport.park(LockSupport.java:175)
 java.util.concurrent.locks.AbstractQueuedSynchronizer$ConditionObject.await(AbstractQueuedSynchronizer.java:2039)
 java.util.concurrent.LinkedBlockingQueue.take(LinkedBlockingQueue.java:442)
 io.netty.util.concurrent.SingleThreadEventExecutor.takeTask(SingleThreadEventExecutor.java:244)
 io.netty.util.concurrent.DefaultEventExecutor.run(DefaultEventExecutor.java:64)
 io.netty.util.concurrent.SingleThreadEventExecutor$4.run(SingleThreadEventExecutor.java:997)
 io.netty.util.internal.ThreadExecutorMap$2.run(ThreadExecutorMap.java:74)
 io.netty.util.concurrent.FastThreadLocalRunnable.run(FastThreadLocalRunnable.java:30)
 java.lang.Thread.run(Thread.java:748)
2026-06-27 17:21:45.403 [Thread-7] WARN  org.apache.catalina.loader.WebappClassLoaderBase - The web application [ROOT] appears to have started a thread named [lettuce-eventExecutorLoop-1-7] but has failed to stop it. This is very likely to create a memory leak. Stack trace of thread:
 sun.misc.Unsafe.park(Native Method)
 java.util.concurrent.locks.LockSupport.park(LockSupport.java:175)
 java.util.concurrent.locks.AbstractQueuedSynchronizer$ConditionObject.await(AbstractQueuedSynchronizer.java:2039)
 java.util.concurrent.LinkedBlockingQueue.take(LinkedBlockingQueue.java:442)
 io.netty.util.concurrent.SingleThreadEventExecutor.takeTask(SingleThreadEventExecutor.java:244)
 io.netty.util.concurrent.DefaultEventExecutor.run(DefaultEventExecutor.java:64)
 io.netty.util.concurrent.SingleThreadEventExecutor$4.run(SingleThreadEventExecutor.java:997)
 io.netty.util.internal.ThreadExecutorMap$2.run(ThreadExecutorMap.java:74)
 io.netty.util.concurrent.FastThreadLocalRunnable.run(FastThreadLocalRunnable.java:30)
 java.lang.Thread.run(Thread.java:748)
2026-06-27 17:21:45.403 [Thread-7] WARN  org.apache.catalina.loader.WebappClassLoaderBase - The web application [ROOT] appears to have started a thread named [lettuce-eventExecutorLoop-1-8] but has failed to stop it. This is very likely to create a memory leak. Stack trace of thread:
 sun.misc.Unsafe.park(Native Method)
 java.util.concurrent.locks.LockSupport.park(LockSupport.java:175)
 java.util.concurrent.locks.AbstractQueuedSynchronizer$ConditionObject.await(AbstractQueuedSynchronizer.java:2039)
 java.util.concurrent.LinkedBlockingQueue.take(LinkedBlockingQueue.java:442)
 io.netty.util.concurrent.SingleThreadEventExecutor.takeTask(SingleThreadEventExecutor.java:244)
 io.netty.util.concurrent.DefaultEventExecutor.run(DefaultEventExecutor.java:64)
 io.netty.util.concurrent.SingleThreadEventExecutor$4.run(SingleThreadEventExecutor.java:997)
 io.netty.util.internal.ThreadExecutorMap$2.run(ThreadExecutorMap.java:74)
 io.netty.util.concurrent.FastThreadLocalRunnable.run(FastThreadLocalRunnable.java:30)
 java.lang.Thread.run(Thread.java:748)
2026-06-27 17:21:45.406 [Thread-7] WARN  org.apache.catalina.loader.WebappClassLoaderBase - The web application [ROOT] appears to have started a thread named [lettuce-eventExecutorLoop-1-9] but has failed to stop it. This is very likely to create a memory leak. Stack trace of thread:
 sun.misc.Unsafe.park(Native Method)
 java.util.concurrent.locks.LockSupport.park(LockSupport.java:175)
 java.util.concurrent.locks.AbstractQueuedSynchronizer$ConditionObject.await(AbstractQueuedSynchronizer.java:2039)
 java.util.concurrent.LinkedBlockingQueue.take(LinkedBlockingQueue.java:442)
 io.netty.util.concurrent.SingleThreadEventExecutor.takeTask(SingleThreadEventExecutor.java:244)
 io.netty.util.concurrent.DefaultEventExecutor.run(DefaultEventExecutor.java:64)
 io.netty.util.concurrent.SingleThreadEventExecutor$4.run(SingleThreadEventExecutor.java:997)
 io.netty.util.internal.ThreadExecutorMap$2.run(ThreadExecutorMap.java:74)
 io.netty.util.concurrent.FastThreadLocalRunnable.run(FastThreadLocalRunnable.java:30)
 java.lang.Thread.run(Thread.java:748)
2026-06-27 17:21:45.407 [Thread-7] WARN  org.apache.catalina.loader.WebappClassLoaderBase - The web application [ROOT] appears to have started a thread named [lettuce-eventExecutorLoop-1-10] but has failed to stop it. This is very likely to create a memory leak. Stack trace of thread:
 sun.misc.Unsafe.park(Native Method)
 java.util.concurrent.locks.LockSupport.park(LockSupport.java:175)
 java.util.concurrent.locks.AbstractQueuedSynchronizer$ConditionObject.await(AbstractQueuedSynchronizer.java:2039)
 java.util.concurrent.LinkedBlockingQueue.take(LinkedBlockingQueue.java:442)
 io.netty.util.concurrent.SingleThreadEventExecutor.takeTask(SingleThreadEventExecutor.java:244)
 io.netty.util.concurrent.DefaultEventExecutor.run(DefaultEventExecutor.java:64)
 io.netty.util.concurrent.SingleThreadEventExecutor$4.run(SingleThreadEventExecutor.java:997)
 io.netty.util.internal.ThreadExecutorMap$2.run(ThreadExecutorMap.java:74)
 io.netty.util.concurrent.FastThreadLocalRunnable.run(FastThreadLocalRunnable.java:30)
 java.lang.Thread.run(Thread.java:748)
2026-06-27 17:21:45.408 [Thread-7] WARN  org.apache.catalina.loader.WebappClassLoaderBase - The web application [ROOT] appears to have started a thread named [lettuce-eventExecutorLoop-1-11] but has failed to stop it. This is very likely to create a memory leak. Stack trace of thread:
 sun.misc.Unsafe.park(Native Method)
 java.util.concurrent.locks.LockSupport.park(LockSupport.java:175)
 java.util.concurrent.locks.AbstractQueuedSynchronizer$ConditionObject.await(AbstractQueuedSynchronizer.java:2039)
 java.util.concurrent.LinkedBlockingQueue.take(LinkedBlockingQueue.java:442)
 io.netty.util.concurrent.SingleThreadEventExecutor.takeTask(SingleThreadEventExecutor.java:244)
 io.netty.util.concurrent.DefaultEventExecutor.run(DefaultEventExecutor.java:64)
 io.netty.util.concurrent.SingleThreadEventExecutor$4.run(SingleThreadEventExecutor.java:997)
 io.netty.util.internal.ThreadExecutorMap$2.run(ThreadExecutorMap.java:74)
 io.netty.util.concurrent.FastThreadLocalRunnable.run(FastThreadLocalRunnable.java:30)
 java.lang.Thread.run(Thread.java:748)
2026-06-27 17:21:45.409 [Thread-7] WARN  org.apache.catalina.loader.WebappClassLoaderBase - The web application [ROOT] appears to have started a thread named [lettuce-eventExecutorLoop-1-12] but has failed to stop it. This is very likely to create a memory leak. Stack trace of thread:
 sun.misc.Unsafe.park(Native Method)
 java.util.concurrent.locks.LockSupport.park(LockSupport.java:175)
 java.util.concurrent.locks.AbstractQueuedSynchronizer$ConditionObject.await(AbstractQueuedSynchronizer.java:2039)
 java.util.concurrent.LinkedBlockingQueue.take(LinkedBlockingQueue.java:442)
 io.netty.util.concurrent.SingleThreadEventExecutor.takeTask(SingleThreadEventExecutor.java:244)
 io.netty.util.concurrent.DefaultEventExecutor.run(DefaultEventExecutor.java:64)
 io.netty.util.concurrent.SingleThreadEventExecutor$4.run(SingleThreadEventExecutor.java:997)
 io.netty.util.internal.ThreadExecutorMap$2.run(ThreadExecutorMap.java:74)
 io.netty.util.concurrent.FastThreadLocalRunnable.run(FastThreadLocalRunnable.java:30)
 java.lang.Thread.run(Thread.java:748)
2026-06-27 17:21:45.410 [Thread-7] WARN  org.apache.catalina.loader.WebappClassLoaderBase - The web application [ROOT] appears to have started a thread named [lettuce-eventExecutorLoop-1-13] but has failed to stop it. This is very likely to create a memory leak. Stack trace of thread:
 sun.misc.Unsafe.park(Native Method)
 java.util.concurrent.locks.LockSupport.park(LockSupport.java:175)
 java.util.concurrent.locks.AbstractQueuedSynchronizer$ConditionObject.await(AbstractQueuedSynchronizer.java:2039)
 java.util.concurrent.LinkedBlockingQueue.take(LinkedBlockingQueue.java:442)
 io.netty.util.concurrent.SingleThreadEventExecutor.takeTask(SingleThreadEventExecutor.java:244)
 io.netty.util.concurrent.DefaultEventExecutor.run(DefaultEventExecutor.java:64)
 io.netty.util.concurrent.SingleThreadEventExecutor$4.run(SingleThreadEventExecutor.java:997)
 io.netty.util.internal.ThreadExecutorMap$2.run(ThreadExecutorMap.java:74)
 io.netty.util.concurrent.FastThreadLocalRunnable.run(FastThreadLocalRunnable.java:30)
 java.lang.Thread.run(Thread.java:748)
2026-06-27 17:21:45.411 [Thread-7] WARN  org.apache.catalina.loader.WebappClassLoaderBase - The web application [ROOT] appears to have started a thread named [lettuce-eventExecutorLoop-1-14] but has failed to stop it. This is very likely to create a memory leak. Stack trace of thread:
 sun.misc.Unsafe.park(Native Method)
 java.util.concurrent.locks.LockSupport.park(LockSupport.java:175)
 java.util.concurrent.locks.AbstractQueuedSynchronizer$ConditionObject.await(AbstractQueuedSynchronizer.java:2039)
 java.util.concurrent.LinkedBlockingQueue.take(LinkedBlockingQueue.java:442)
 io.netty.util.concurrent.SingleThreadEventExecutor.takeTask(SingleThreadEventExecutor.java:244)
 io.netty.util.concurrent.DefaultEventExecutor.run(DefaultEventExecutor.java:64)
 io.netty.util.concurrent.SingleThreadEventExecutor$4.run(SingleThreadEventExecutor.java:997)
 io.netty.util.internal.ThreadExecutorMap$2.run(ThreadExecutorMap.java:74)
 io.netty.util.concurrent.FastThreadLocalRunnable.run(FastThreadLocalRunnable.java:30)
 java.lang.Thread.run(Thread.java:748)
2026-06-27 17:21:45.413 [Thread-7] WARN  org.apache.catalina.loader.WebappClassLoaderBase - The web application [ROOT] appears to have started a thread named [lettuce-eventExecutorLoop-1-15] but has failed to stop it. This is very likely to create a memory leak. Stack trace of thread:
 sun.misc.Unsafe.park(Native Method)
 java.util.concurrent.locks.LockSupport.park(LockSupport.java:175)
 java.util.concurrent.locks.AbstractQueuedSynchronizer$ConditionObject.await(AbstractQueuedSynchronizer.java:2039)
 java.util.concurrent.LinkedBlockingQueue.take(LinkedBlockingQueue.java:442)
 io.netty.util.concurrent.SingleThreadEventExecutor.takeTask(SingleThreadEventExecutor.java:244)
 io.netty.util.concurrent.DefaultEventExecutor.run(DefaultEventExecutor.java:64)
 io.netty.util.concurrent.SingleThreadEventExecutor$4.run(SingleThreadEventExecutor.java:997)
 io.netty.util.internal.ThreadExecutorMap$2.run(ThreadExecutorMap.java:74)
 io.netty.util.concurrent.FastThreadLocalRunnable.run(FastThreadLocalRunnable.java:30)
 java.lang.Thread.run(Thread.java:748)
2026-06-27 17:21:45.419 [Thread-7] WARN  org.apache.catalina.loader.WebappClassLoaderBase - The web application [ROOT] appears to have started a thread named [lettuce-eventExecutorLoop-1-16] but has failed to stop it. This is very likely to create a memory leak. Stack trace of thread:
 sun.misc.Unsafe.park(Native Method)
 java.util.concurrent.locks.LockSupport.park(LockSupport.java:175)
 java.util.concurrent.locks.AbstractQueuedSynchronizer$ConditionObject.await(AbstractQueuedSynchronizer.java:2039)
 java.util.concurrent.LinkedBlockingQueue.take(LinkedBlockingQueue.java:442)
 io.netty.util.concurrent.SingleThreadEventExecutor.takeTask(SingleThreadEventExecutor.java:244)
 io.netty.util.concurrent.DefaultEventExecutor.run(DefaultEventExecutor.java:64)
 io.netty.util.concurrent.SingleThreadEventExecutor$4.run(SingleThreadEventExecutor.java:997)
 io.netty.util.internal.ThreadExecutorMap$2.run(ThreadExecutorMap.java:74)
 io.netty.util.concurrent.FastThreadLocalRunnable.run(FastThreadLocalRunnable.java:30)
 java.lang.Thread.run(Thread.java:748)
2026-06-27 17:21:45.421 [Thread-7] WARN  org.apache.catalina.loader.WebappClassLoaderBase - The web application [ROOT] appears to have started a thread named [System Clock] but has failed to stop it. This is very likely to create a memory leak. Stack trace of thread:
 sun.misc.Unsafe.park(Native Method)
 java.util.concurrent.locks.LockSupport.parkNanos(LockSupport.java:215)
 java.util.concurrent.locks.AbstractQueuedSynchronizer$ConditionObject.awaitNanos(AbstractQueuedSynchronizer.java:2078)
 java.util.concurrent.ScheduledThreadPoolExecutor$DelayedWorkQueue.take(ScheduledThreadPoolExecutor.java:1093)
 java.util.concurrent.ScheduledThreadPoolExecutor$DelayedWorkQueue.take(ScheduledThreadPoolExecutor.java:809)
 java.util.concurrent.ThreadPoolExecutor.getTask(ThreadPoolExecutor.java:1074)
 java.util.concurrent.ThreadPoolExecutor.runWorker(ThreadPoolExecutor.java:1134)
 java.util.concurrent.ThreadPoolExecutor$Worker.run(ThreadPoolExecutor.java:624)
 java.lang.Thread.run(Thread.java:748)
2026-06-27 17:22:49.325 [http-nio-8080-exec-15] WARN  o.s.w.s.m.m.a.ExceptionHandlerExceptionResolver - Resolved [org.springframework.jdbc.BadSqlGrammarException: <EOL><EOL>### Error querying database.  Cause: java.sql.SQLSyntaxErrorException: Unknown column 'sort' in 'field list'<EOL><EOL>### The error may exist in com/project/travel/mapper/SysCouponMapper.java (best guess)<EOL><EOL>### The error may involve defaultParameterMap<EOL><EOL>### The error occurred while setting parameters<EOL><EOL>### SQL: SELECT  id,name,description,min_amount,discount_amount,points_required,require_level,total_count,remain_count,start_time,end_time,valid_days,status,sort,create_by,create_time,update_by,update_time  FROM sys_coupon     WHERE (status = ?) ORDER BY sort ASC<EOL><EOL>### Cause: java.sql.SQLSyntaxErrorException: Unknown column 'sort' in 'field list'<EOL>; bad SQL grammar []; nested exception is java.sql.SQLSyntaxErrorException: Unknown column 'sort' in 'field list']
2026-06-27 17:23:58.937 [http-nio-8080-exec-9] WARN  o.s.w.s.m.m.a.ExceptionHandlerExceptionResolver - Resolved [org.springframework.jdbc.BadSqlGrammarException: <EOL><EOL>### Error querying database.  Cause: java.sql.SQLSyntaxErrorException: Unknown column 'sort' in 'field list'<EOL><EOL>### The error may exist in com/project/travel/mapper/SysCouponMapper.java (best guess)<EOL><EOL>### The error may involve defaultParameterMap<EOL><EOL>### The error occurred while setting parameters<EOL><EOL>### SQL: SELECT  id,name,description,min_amount,discount_amount,points_required,require_level,total_count,remain_count,start_time,end_time,valid_days,status,sort,create_by,create_time,update_by,update_time  FROM sys_coupon     WHERE (status = ?) ORDER BY sort ASC<EOL><EOL>### Cause: java.sql.SQLSyntaxErrorException: Unknown column 'sort' in 'field list'<EOL>; bad SQL grammar []; nested exception is java.sql.SQLSyntaxErrorException: Unknown column 'sort' in 'field list']
2026-06-27 17:24:52.210 [http-nio-8080-exec-58] WARN  o.s.w.s.m.m.a.ExceptionHandlerExceptionResolver - Resolved [org.springframework.jdbc.BadSqlGrammarException: <EOL><EOL>### Error querying database.  Cause: java.sql.SQLSyntaxErrorException: Unknown column 'sort' in 'field list'<EOL><EOL>### The error may exist in com/project/travel/mapper/SysCouponMapper.java (best guess)<EOL><EOL>### The error may involve defaultParameterMap<EOL><EOL>### The error occurred while setting parameters<EOL><EOL>### SQL: SELECT  id,name,description,min_amount,discount_amount,points_required,require_level,total_count,remain_count,start_time,end_time,valid_days,status,sort,create_by,create_time,update_by,update_time  FROM sys_coupon     WHERE (status = ?) ORDER BY sort ASC<EOL><EOL>### Cause: java.sql.SQLSyntaxErrorException: Unknown column 'sort' in 'field list'<EOL>; bad SQL grammar []; nested exception is java.sql.SQLSyntaxErrorException: Unknown column 'sort' in 'field list']
2026-06-27 17:24:57.732 [http-nio-8080-exec-67] WARN  o.s.w.s.m.m.a.ExceptionHandlerExceptionResolver - Resolved [org.springframework.jdbc.BadSqlGrammarException: <EOL><EOL>### Error querying database.  Cause: java.sql.SQLSyntaxErrorException: Unknown column 'sort' in 'field list'<EOL><EOL>### The error may exist in com/project/travel/mapper/SysCouponMapper.java (best guess)<EOL><EOL>### The error may involve defaultParameterMap<EOL><EOL>### The error occurred while setting parameters<EOL><EOL>### SQL: SELECT  id,name,description,min_amount,discount_amount,points_required,require_level,total_count,remain_count,start_time,end_time,valid_days,status,sort,create_by,create_time,update_by,update_time  FROM sys_coupon     WHERE (status = ?) ORDER BY sort ASC<EOL><EOL>### Cause: java.sql.SQLSyntaxErrorException: Unknown column 'sort' in 'field list'<EOL>; bad SQL grammar []; nested exception is java.sql.SQLSyntaxErrorException: Unknown column 'sort' in 'field list']
2026-06-27 17:27:22.386 [http-nio-8080-exec-10] WARN  o.s.w.s.m.m.a.ExceptionHandlerExceptionResolver - Resolved [org.springframework.jdbc.BadSqlGrammarException: <EOL><EOL>### Error querying database.  Cause: java.sql.SQLSyntaxErrorException: Unknown column 'sort' in 'field list'<EOL><EOL>### The error may exist in com/project/travel/mapper/SysCouponMapper.java (best guess)<EOL><EOL>### The error may involve defaultParameterMap<EOL><EOL>### The error occurred while setting parameters<EOL><EOL>### SQL: SELECT  id,name,description,min_amount,discount_amount,points_required,require_level,total_count,remain_count,start_time,end_time,valid_days,status,sort,create_by,create_time,update_by,update_time  FROM sys_coupon     WHERE (status = ?) ORDER BY sort ASC<EOL><EOL>### Cause: java.sql.SQLSyntaxErrorException: Unknown column 'sort' in 'field list'<EOL>; bad SQL grammar []; nested exception is java.sql.SQLSyntaxErrorException: Unknown column 'sort' in 'field list']
2026-06-27 17:32:43.200 [http-nio-8080-exec-89] WARN  o.s.w.s.m.m.a.ExceptionHandlerExceptionResolver - Resolved [org.springframework.jdbc.BadSqlGrammarException: <EOL><EOL>### Error querying database.  Cause: java.sql.SQLSyntaxErrorException: Unknown column 'sort' in 'field list'<EOL><EOL>### The error may exist in com/project/travel/mapper/SysCouponMapper.java (best guess)<EOL><EOL>### The error may involve defaultParameterMap<EOL><EOL>### The error occurred while setting parameters<EOL><EOL>### SQL: SELECT  id,name,description,min_amount,discount_amount,points_required,require_level,total_count,remain_count,start_time,end_time,valid_days,status,sort,create_by,create_time,update_by,update_time  FROM sys_coupon     WHERE (status = ?) ORDER BY sort ASC<EOL><EOL>### Cause: java.sql.SQLSyntaxErrorException: Unknown column 'sort' in 'field list'<EOL>; bad SQL grammar []; nested exception is java.sql.SQLSyntaxErrorException: Unknown column 'sort' in 'field list']
2026-06-27 17:32:56.006 [http-nio-8080-exec-98] WARN  o.s.w.s.m.m.a.ExceptionHandlerExceptionResolver - Resolved [org.springframework.jdbc.BadSqlGrammarException: <EOL><EOL>### Error querying database.  Cause: java.sql.SQLSyntaxErrorException: Unknown column 'sort' in 'field list'<EOL><EOL>### The error may exist in com/project/travel/mapper/SysCouponMapper.java (best guess)<EOL><EOL>### The error may involve defaultParameterMap<EOL><EOL>### The error occurred while setting parameters<EOL><EOL>### SQL: SELECT  id,name,description,min_amount,discount_amount,points_required,require_level,total_count,remain_count,start_time,end_time,valid_days,status,sort,create_by,create_time,update_by,update_time  FROM sys_coupon     WHERE (status = ?) ORDER BY sort ASC<EOL><EOL>### Cause: java.sql.SQLSyntaxErrorException: Unknown column 'sort' in 'field list'<EOL>; bad SQL grammar []; nested exception is java.sql.SQLSyntaxErrorException: Unknown column 'sort' in 'field list']
2026-06-27 17:32:57.305 [http-nio-8080-exec-4] WARN  o.s.w.s.m.m.a.ExceptionHandlerExceptionResolver - Resolved [org.springframework.jdbc.BadSqlGrammarException: <EOL><EOL>### Error querying database.  Cause: java.sql.SQLSyntaxErrorException: Unknown column 'sort' in 'field list'<EOL><EOL>### The error may exist in com/project/travel/mapper/SysCouponMapper.java (best guess)<EOL><EOL>### The error may involve defaultParameterMap<EOL><EOL>### The error occurred while setting parameters<EOL><EOL>### SQL: SELECT  id,name,description,min_amount,discount_amount,points_required,require_level,total_count,remain_count,start_time,end_time,valid_days,status,sort,create_by,create_time,update_by,update_time  FROM sys_coupon     WHERE (status = ?) ORDER BY sort ASC<EOL><EOL>### Cause: java.sql.SQLSyntaxErrorException: Unknown column 'sort' in 'field list'<EOL>; bad SQL grammar []; nested exception is java.sql.SQLSyntaxErrorException: Unknown column 'sort' in 'field list']
2026-06-27 17:33:19.090 [http-nio-8080-exec-42] WARN  o.s.w.s.m.m.a.ExceptionHandlerExceptionResolver - Resolved [org.springframework.jdbc.BadSqlGrammarException: <EOL><EOL>### Error querying database.  Cause: java.sql.SQLSyntaxErrorException: Unknown column 'sort' in 'field list'<EOL><EOL>### The error may exist in com/project/travel/mapper/SysCouponMapper.java (best guess)<EOL><EOL>### The error may involve defaultParameterMap<EOL><EOL>### The error occurred while setting parameters<EOL><EOL>### SQL: SELECT  id,name,description,min_amount,discount_amount,points_required,require_level,total_count,remain_count,start_time,end_time,valid_days,status,sort,create_by,create_time,update_by,update_time  FROM sys_coupon     WHERE (status = ?) ORDER BY sort ASC<EOL><EOL>### Cause: java.sql.SQLSyntaxErrorException: Unknown column 'sort' in 'field list'<EOL>; bad SQL grammar []; nested exception is java.sql.SQLSyntaxErrorException: Unknown column 'sort' in 'field list']
2026-06-27 17:34:47.689 [Thread-13] WARN  org.apache.catalina.loader.WebappClassLoaderBase - The web application [ROOT] appears to have started a thread named [lettuce-nioEventLoop-9-1] but has failed to stop it. This is very likely to create a memory leak. Stack trace of thread:
 sun.nio.ch.WindowsSelectorImpl$SubSelector.poll0(Native Method)
 sun.nio.ch.WindowsSelectorImpl$SubSelector.poll(WindowsSelectorImpl.java:296)
 sun.nio.ch.WindowsSelectorImpl$SubSelector.access$400(WindowsSelectorImpl.java:278)
 sun.nio.ch.WindowsSelectorImpl.doSelect(WindowsSelectorImpl.java:159)
 sun.nio.ch.SelectorImpl.lockAndDoSelect(SelectorImpl.java:86)
 sun.nio.ch.SelectorImpl.select(SelectorImpl.java:97)
 sun.nio.ch.SelectorImpl.select(SelectorImpl.java:101)
 io.netty.channel.nio.SelectedSelectionKeySetSelector.select(SelectedSelectionKeySetSelector.java:68)
 io.netty.channel.nio.NioEventLoop.select(NioEventLoop.java:879)
 io.netty.channel.nio.NioEventLoop.run(NioEventLoop.java:526)
 io.netty.util.concurrent.SingleThreadEventExecutor$4.run(SingleThreadEventExecutor.java:997)
 io.netty.util.internal.ThreadExecutorMap$2.run(ThreadExecutorMap.java:74)
 io.netty.util.concurrent.FastThreadLocalRunnable.run(FastThreadLocalRunnable.java:30)
 java.lang.Thread.run(Thread.java:748)
2026-06-27 17:34:47.691 [Thread-13] WARN  org.apache.catalina.loader.WebappClassLoaderBase - The web application [ROOT] appears to have started a thread named [lettuce-eventExecutorLoop-7-1] but has failed to stop it. This is very likely to create a memory leak. Stack trace of thread:
 sun.misc.Unsafe.park(Native Method)
 java.util.concurrent.locks.LockSupport.park(LockSupport.java:175)
 java.util.concurrent.locks.AbstractQueuedSynchronizer$ConditionObject.await(AbstractQueuedSynchronizer.java:2039)
 java.util.concurrent.LinkedBlockingQueue.take(LinkedBlockingQueue.java:442)
 io.netty.util.concurrent.SingleThreadEventExecutor.takeTask(SingleThreadEventExecutor.java:244)
 io.netty.util.concurrent.DefaultEventExecutor.run(DefaultEventExecutor.java:64)
 io.netty.util.concurrent.SingleThreadEventExecutor$4.run(SingleThreadEventExecutor.java:997)
 io.netty.util.internal.ThreadExecutorMap$2.run(ThreadExecutorMap.java:74)
 io.netty.util.concurrent.FastThreadLocalRunnable.run(FastThreadLocalRunnable.java:30)
 java.lang.Thread.run(Thread.java:748)
2026-06-27 17:34:47.692 [Thread-13] WARN  org.apache.catalina.loader.WebappClassLoaderBase - The web application [ROOT] appears to have started a thread named [lettuce-eventExecutorLoop-7-2] but has failed to stop it. This is very likely to create a memory leak. Stack trace of thread:
 sun.misc.Unsafe.park(Native Method)
 java.util.concurrent.locks.LockSupport.park(LockSupport.java:175)
 java.util.concurrent.locks.AbstractQueuedSynchronizer$ConditionObject.await(AbstractQueuedSynchronizer.java:2039)
 java.util.concurrent.LinkedBlockingQueue.take(LinkedBlockingQueue.java:442)
 io.netty.util.concurrent.SingleThreadEventExecutor.takeTask(SingleThreadEventExecutor.java:244)
 io.netty.util.concurrent.DefaultEventExecutor.run(DefaultEventExecutor.java:64)
 io.netty.util.concurrent.SingleThreadEventExecutor$4.run(SingleThreadEventExecutor.java:997)
 io.netty.util.internal.ThreadExecutorMap$2.run(ThreadExecutorMap.java:74)
 io.netty.util.concurrent.FastThreadLocalRunnable.run(FastThreadLocalRunnable.java:30)
 java.lang.Thread.run(Thread.java:748)
2026-06-27 17:34:47.693 [Thread-13] WARN  org.apache.catalina.loader.WebappClassLoaderBase - The web application [ROOT] appears to have started a thread named [lettuce-eventExecutorLoop-7-3] but has failed to stop it. This is very likely to create a memory leak. Stack trace of thread:
 sun.misc.Unsafe.park(Native Method)
 java.util.concurrent.locks.LockSupport.park(LockSupport.java:175)
 java.util.concurrent.locks.AbstractQueuedSynchronizer$ConditionObject.await(AbstractQueuedSynchronizer.java:2039)
 java.util.concurrent.LinkedBlockingQueue.take(LinkedBlockingQueue.java:442)
 io.netty.util.concurrent.SingleThreadEventExecutor.takeTask(SingleThreadEventExecutor.java:244)
 io.netty.util.concurrent.DefaultEventExecutor.run(DefaultEventExecutor.java:64)
 io.netty.util.concurrent.SingleThreadEventExecutor$4.run(SingleThreadEventExecutor.java:997)
 io.netty.util.internal.ThreadExecutorMap$2.run(ThreadExecutorMap.java:74)
 io.netty.util.concurrent.FastThreadLocalRunnable.run(FastThreadLocalRunnable.java:30)
 java.lang.Thread.run(Thread.java:748)
2026-06-27 17:34:47.695 [Thread-13] WARN  org.apache.catalina.loader.WebappClassLoaderBase - The web application [ROOT] appears to have started a thread named [lettuce-eventExecutorLoop-7-4] but has failed to stop it. This is very likely to create a memory leak. Stack trace of thread:
 sun.misc.Unsafe.park(Native Method)
 java.util.concurrent.locks.LockSupport.park(LockSupport.java:175)
 java.util.concurrent.locks.AbstractQueuedSynchronizer$ConditionObject.await(AbstractQueuedSynchronizer.java:2039)
 java.util.concurrent.LinkedBlockingQueue.take(LinkedBlockingQueue.java:442)
 io.netty.util.concurrent.SingleThreadEventExecutor.takeTask(SingleThreadEventExecutor.java:244)
 io.netty.util.concurrent.DefaultEventExecutor.run(DefaultEventExecutor.java:64)
 io.netty.util.concurrent.SingleThreadEventExecutor$4.run(SingleThreadEventExecutor.java:997)
 io.netty.util.internal.ThreadExecutorMap$2.run(ThreadExecutorMap.java:74)
 io.netty.util.concurrent.FastThreadLocalRunnable.run(FastThreadLocalRunnable.java:30)
 java.lang.Thread.run(Thread.java:748)
2026-06-27 17:34:47.696 [Thread-13] WARN  org.apache.catalina.loader.WebappClassLoaderBase - The web application [ROOT] appears to have started a thread named [lettuce-eventExecutorLoop-7-5] but has failed to stop it. This is very likely to create a memory leak. Stack trace of thread:
 sun.misc.Unsafe.park(Native Method)
 java.util.concurrent.locks.LockSupport.park(LockSupport.java:175)
 java.util.concurrent.locks.AbstractQueuedSynchronizer$ConditionObject.await(AbstractQueuedSynchronizer.java:2039)
 java.util.concurrent.LinkedBlockingQueue.take(LinkedBlockingQueue.java:442)
 io.netty.util.concurrent.SingleThreadEventExecutor.takeTask(SingleThreadEventExecutor.java:244)
 io.netty.util.concurrent.DefaultEventExecutor.run(DefaultEventExecutor.java:64)
 io.netty.util.concurrent.SingleThreadEventExecutor$4.run(SingleThreadEventExecutor.java:997)
 io.netty.util.internal.ThreadExecutorMap$2.run(ThreadExecutorMap.java:74)
 io.netty.util.concurrent.FastThreadLocalRunnable.run(FastThreadLocalRunnable.java:30)
 java.lang.Thread.run(Thread.java:748)
2026-06-27 17:34:47.697 [Thread-13] WARN  org.apache.catalina.loader.WebappClassLoaderBase - The web application [ROOT] appears to have started a thread named [lettuce-eventExecutorLoop-7-6] but has failed to stop it. This is very likely to create a memory leak. Stack trace of thread:
 sun.misc.Unsafe.park(Native Method)
 java.util.concurrent.locks.LockSupport.park(LockSupport.java:175)
 java.util.concurrent.locks.AbstractQueuedSynchronizer$ConditionObject.await(AbstractQueuedSynchronizer.java:2039)
 java.util.concurrent.LinkedBlockingQueue.take(LinkedBlockingQueue.java:442)
 io.netty.util.concurrent.SingleThreadEventExecutor.takeTask(SingleThreadEventExecutor.java:244)
 io.netty.util.concurrent.DefaultEventExecutor.run(DefaultEventExecutor.java:64)
 io.netty.util.concurrent.SingleThreadEventExecutor$4.run(SingleThreadEventExecutor.java:997)
 io.netty.util.internal.ThreadExecutorMap$2.run(ThreadExecutorMap.java:74)
 io.netty.util.concurrent.FastThreadLocalRunnable.run(FastThreadLocalRunnable.java:30)
 java.lang.Thread.run(Thread.java:748)
2026-06-27 17:34:47.698 [Thread-13] WARN  org.apache.catalina.loader.WebappClassLoaderBase - The web application [ROOT] appears to have started a thread named [lettuce-eventExecutorLoop-7-7] but has failed to stop it. This is very likely to create a memory leak. Stack trace of thread:
 sun.misc.Unsafe.park(Native Method)
 java.util.concurrent.locks.LockSupport.park(LockSupport.java:175)
 java.util.concurrent.locks.AbstractQueuedSynchronizer$ConditionObject.await(AbstractQueuedSynchronizer.java:2039)
 java.util.concurrent.LinkedBlockingQueue.take(LinkedBlockingQueue.java:442)
 io.netty.util.concurrent.SingleThreadEventExecutor.takeTask(SingleThreadEventExecutor.java:244)
 io.netty.util.concurrent.DefaultEventExecutor.run(DefaultEventExecutor.java:64)
 io.netty.util.concurrent.SingleThreadEventExecutor$4.run(SingleThreadEventExecutor.java:997)
 io.netty.util.internal.ThreadExecutorMap$2.run(ThreadExecutorMap.java:74)
 io.netty.util.concurrent.FastThreadLocalRunnable.run(FastThreadLocalRunnable.java:30)
 java.lang.Thread.run(Thread.java:748)
2026-06-27 17:34:47.699 [Thread-13] WARN  org.apache.catalina.loader.WebappClassLoaderBase - The web application [ROOT] appears to have started a thread named [lettuce-eventExecutorLoop-7-8] but has failed to stop it. This is very likely to create a memory leak. Stack trace of thread:
 sun.misc.Unsafe.park(Native Method)
 java.util.concurrent.locks.LockSupport.park(LockSupport.java:175)
 java.util.concurrent.locks.AbstractQueuedSynchronizer$ConditionObject.await(AbstractQueuedSynchronizer.java:2039)
 java.util.concurrent.LinkedBlockingQueue.take(LinkedBlockingQueue.java:442)
 io.netty.util.concurrent.SingleThreadEventExecutor.takeTask(SingleThreadEventExecutor.java:244)
 io.netty.util.concurrent.DefaultEventExecutor.run(DefaultEventExecutor.java:64)
 io.netty.util.concurrent.SingleThreadEventExecutor$4.run(SingleThreadEventExecutor.java:997)
 io.netty.util.internal.ThreadExecutorMap$2.run(ThreadExecutorMap.java:74)
 io.netty.util.concurrent.FastThreadLocalRunnable.run(FastThreadLocalRunnable.java:30)
 java.lang.Thread.run(Thread.java:748)
2026-06-27 17:34:47.700 [Thread-13] WARN  org.apache.catalina.loader.WebappClassLoaderBase - The web application [ROOT] appears to have started a thread named [lettuce-eventExecutorLoop-7-9] but has failed to stop it. This is very likely to create a memory leak. Stack trace of thread:
 sun.misc.Unsafe.park(Native Method)
 java.util.concurrent.locks.LockSupport.park(LockSupport.java:175)
 java.util.concurrent.locks.AbstractQueuedSynchronizer$ConditionObject.await(AbstractQueuedSynchronizer.java:2039)
 java.util.concurrent.LinkedBlockingQueue.take(LinkedBlockingQueue.java:442)
 io.netty.util.concurrent.SingleThreadEventExecutor.takeTask(SingleThreadEventExecutor.java:244)
 io.netty.util.concurrent.DefaultEventExecutor.run(DefaultEventExecutor.java:64)
 io.netty.util.concurrent.SingleThreadEventExecutor$4.run(SingleThreadEventExecutor.java:997)
 io.netty.util.internal.ThreadExecutorMap$2.run(ThreadExecutorMap.java:74)
 io.netty.util.concurrent.FastThreadLocalRunnable.run(FastThreadLocalRunnable.java:30)
 java.lang.Thread.run(Thread.java:748)
2026-06-27 17:34:47.702 [Thread-13] WARN  org.apache.catalina.loader.WebappClassLoaderBase - The web application [ROOT] appears to have started a thread named [lettuce-eventExecutorLoop-7-10] but has failed to stop it. This is very likely to create a memory leak. Stack trace of thread:
 sun.misc.Unsafe.park(Native Method)
 java.util.concurrent.locks.LockSupport.park(LockSupport.java:175)
 java.util.concurrent.locks.AbstractQueuedSynchronizer$ConditionObject.await(AbstractQueuedSynchronizer.java:2039)
 java.util.concurrent.LinkedBlockingQueue.take(LinkedBlockingQueue.java:442)
 io.netty.util.concurrent.SingleThreadEventExecutor.takeTask(SingleThreadEventExecutor.java:244)
 io.netty.util.concurrent.DefaultEventExecutor.run(DefaultEventExecutor.java:64)
 io.netty.util.concurrent.SingleThreadEventExecutor$4.run(SingleThreadEventExecutor.java:997)
 io.netty.util.internal.ThreadExecutorMap$2.run(ThreadExecutorMap.java:74)
 io.netty.util.concurrent.FastThreadLocalRunnable.run(FastThreadLocalRunnable.java:30)
 java.lang.Thread.run(Thread.java:748)
2026-06-27 17:34:47.702 [Thread-13] WARN  org.apache.catalina.loader.WebappClassLoaderBase - The web application [ROOT] appears to have started a thread named [lettuce-eventExecutorLoop-7-11] but has failed to stop it. This is very likely to create a memory leak. Stack trace of thread:
 sun.misc.Unsafe.park(Native Method)
 java.util.concurrent.locks.LockSupport.park(LockSupport.java:175)
 java.util.concurrent.locks.AbstractQueuedSynchronizer$ConditionObject.await(AbstractQueuedSynchronizer.java:2039)
 java.util.concurrent.LinkedBlockingQueue.take(LinkedBlockingQueue.java:442)
 io.netty.util.concurrent.SingleThreadEventExecutor.takeTask(SingleThreadEventExecutor.java:244)
 io.netty.util.concurrent.DefaultEventExecutor.run(DefaultEventExecutor.java:64)
 io.netty.util.concurrent.SingleThreadEventExecutor$4.run(SingleThreadEventExecutor.java:997)
 io.netty.util.internal.ThreadExecutorMap$2.run(ThreadExecutorMap.java:74)
 io.netty.util.concurrent.FastThreadLocalRunnable.run(FastThreadLocalRunnable.java:30)
 java.lang.Thread.run(Thread.java:748)
2026-06-27 17:34:47.704 [Thread-13] WARN  org.apache.catalina.loader.WebappClassLoaderBase - The web application [ROOT] appears to have started a thread named [lettuce-eventExecutorLoop-7-12] but has failed to stop it. This is very likely to create a memory leak. Stack trace of thread:
 sun.misc.Unsafe.park(Native Method)
 java.util.concurrent.locks.LockSupport.park(LockSupport.java:175)
 java.util.concurrent.locks.AbstractQueuedSynchronizer$ConditionObject.await(AbstractQueuedSynchronizer.java:2039)
 java.util.concurrent.LinkedBlockingQueue.take(LinkedBlockingQueue.java:442)
 io.netty.util.concurrent.SingleThreadEventExecutor.takeTask(SingleThreadEventExecutor.java:244)
 io.netty.util.concurrent.DefaultEventExecutor.run(DefaultEventExecutor.java:64)
 io.netty.util.concurrent.SingleThreadEventExecutor$4.run(SingleThreadEventExecutor.java:997)
 io.netty.util.internal.ThreadExecutorMap$2.run(ThreadExecutorMap.java:74)
 io.netty.util.concurrent.FastThreadLocalRunnable.run(FastThreadLocalRunnable.java:30)
 java.lang.Thread.run(Thread.java:748)
2026-06-27 17:34:47.705 [Thread-13] WARN  org.apache.catalina.loader.WebappClassLoaderBase - The web application [ROOT] appears to have started a thread named [lettuce-eventExecutorLoop-7-13] but has failed to stop it. This is very likely to create a memory leak. Stack trace of thread:
 sun.misc.Unsafe.park(Native Method)
 java.util.concurrent.locks.LockSupport.park(LockSupport.java:175)
 java.util.concurrent.locks.AbstractQueuedSynchronizer$ConditionObject.await(AbstractQueuedSynchronizer.java:2039)
 java.util.concurrent.LinkedBlockingQueue.take(LinkedBlockingQueue.java:442)
 io.netty.util.concurrent.SingleThreadEventExecutor.takeTask(SingleThreadEventExecutor.java:244)
 io.netty.util.concurrent.DefaultEventExecutor.run(DefaultEventExecutor.java:64)
 io.netty.util.concurrent.SingleThreadEventExecutor$4.run(SingleThreadEventExecutor.java:997)
 io.netty.util.internal.ThreadExecutorMap$2.run(ThreadExecutorMap.java:74)
 io.netty.util.concurrent.FastThreadLocalRunnable.run(FastThreadLocalRunnable.java:30)
 java.lang.Thread.run(Thread.java:748)
2026-06-27 17:34:47.706 [Thread-13] WARN  org.apache.catalina.loader.WebappClassLoaderBase - The web application [ROOT] appears to have started a thread named [lettuce-eventExecutorLoop-7-14] but has failed to stop it. This is very likely to create a memory leak. Stack trace of thread:
 sun.misc.Unsafe.park(Native Method)
 java.util.concurrent.locks.LockSupport.park(LockSupport.java:175)
 java.util.concurrent.locks.AbstractQueuedSynchronizer$ConditionObject.await(AbstractQueuedSynchronizer.java:2039)
 java.util.concurrent.LinkedBlockingQueue.take(LinkedBlockingQueue.java:442)
 io.netty.util.concurrent.SingleThreadEventExecutor.takeTask(SingleThreadEventExecutor.java:244)
 io.netty.util.concurrent.DefaultEventExecutor.run(DefaultEventExecutor.java:64)
 io.netty.util.concurrent.SingleThreadEventExecutor$4.run(SingleThreadEventExecutor.java:997)
 io.netty.util.internal.ThreadExecutorMap$2.run(ThreadExecutorMap.java:74)
 io.netty.util.concurrent.FastThreadLocalRunnable.run(FastThreadLocalRunnable.java:30)
 java.lang.Thread.run(Thread.java:748)
2026-06-27 17:34:47.707 [Thread-13] WARN  org.apache.catalina.loader.WebappClassLoaderBase - The web application [ROOT] appears to have started a thread named [lettuce-eventExecutorLoop-7-15] but has failed to stop it. This is very likely to create a memory leak. Stack trace of thread:
 sun.misc.Unsafe.park(Native Method)
 java.util.concurrent.locks.LockSupport.park(LockSupport.java:175)
 java.util.concurrent.locks.AbstractQueuedSynchronizer$ConditionObject.await(AbstractQueuedSynchronizer.java:2039)
 java.util.concurrent.LinkedBlockingQueue.take(LinkedBlockingQueue.java:442)
 io.netty.util.concurrent.SingleThreadEventExecutor.takeTask(SingleThreadEventExecutor.java:244)
 io.netty.util.concurrent.DefaultEventExecutor.run(DefaultEventExecutor.java:64)
 io.netty.util.concurrent.SingleThreadEventExecutor$4.run(SingleThreadEventExecutor.java:997)
 io.netty.util.internal.ThreadExecutorMap$2.run(ThreadExecutorMap.java:74)
 io.netty.util.concurrent.FastThreadLocalRunnable.run(FastThreadLocalRunnable.java:30)
 java.lang.Thread.run(Thread.java:748)
2026-06-27 17:34:47.709 [Thread-13] WARN  org.apache.catalina.loader.WebappClassLoaderBase - The web application [ROOT] appears to have started a thread named [lettuce-eventExecutorLoop-7-16] but has failed to stop it. This is very likely to create a memory leak. Stack trace of thread:
 sun.misc.Unsafe.park(Native Method)
 java.util.concurrent.locks.LockSupport.park(LockSupport.java:175)
 java.util.concurrent.locks.AbstractQueuedSynchronizer$ConditionObject.await(AbstractQueuedSynchronizer.java:2039)
 java.util.concurrent.LinkedBlockingQueue.take(LinkedBlockingQueue.java:442)
 io.netty.util.concurrent.SingleThreadEventExecutor.takeTask(SingleThreadEventExecutor.java:244)
 io.netty.util.concurrent.DefaultEventExecutor.run(DefaultEventExecutor.java:64)
 io.netty.util.concurrent.SingleThreadEventExecutor$4.run(SingleThreadEventExecutor.java:997)
 io.netty.util.internal.ThreadExecutorMap$2.run(ThreadExecutorMap.java:74)
 io.netty.util.concurrent.FastThreadLocalRunnable.run(FastThreadLocalRunnable.java:30)
 java.lang.Thread.run(Thread.java:748)
2026-06-27 17:36:18.340 [http-nio-8080-exec-4] WARN  o.s.w.s.m.m.a.ExceptionHandlerExceptionResolver - Resolved [org.springframework.jdbc.BadSqlGrammarException: <EOL><EOL>### Error querying database.  Cause: java.sql.SQLSyntaxErrorException: Unknown column 'sort' in 'field list'<EOL><EOL>### The error may exist in com/project/travel/mapper/SysCouponMapper.java (best guess)<EOL><EOL>### The error may involve defaultParameterMap<EOL><EOL>### The error occurred while setting parameters<EOL><EOL>### SQL: SELECT  id,name,description,min_amount,discount_amount,points_required,require_level,total_count,remain_count,start_time,end_time,valid_days,status,sort,create_by,create_time,update_by,update_time  FROM sys_coupon     WHERE (status = ?) ORDER BY sort ASC<EOL><EOL>### Cause: java.sql.SQLSyntaxErrorException: Unknown column 'sort' in 'field list'<EOL>; bad SQL grammar []; nested exception is java.sql.SQLSyntaxErrorException: Unknown column 'sort' in 'field list']
2026-06-27 17:37:33.330 [http-nio-8080-exec-8] WARN  o.s.w.s.m.m.a.ExceptionHandlerExceptionResolver - Resolved [org.springframework.jdbc.BadSqlGrammarException: <EOL><EOL>### Error querying database.  Cause: java.sql.SQLSyntaxErrorException: Unknown column 'sort' in 'field list'<EOL><EOL>### The error may exist in com/project/travel/mapper/SysCouponMapper.java (best guess)<EOL><EOL>### The error may involve defaultParameterMap<EOL><EOL>### The error occurred while setting parameters<EOL><EOL>### SQL: SELECT  id,name,description,min_amount,discount_amount,points_required,require_level,total_count,remain_count,start_time,end_time,valid_days,status,sort,create_by,create_time,update_by,update_time  FROM sys_coupon     WHERE (status = ?) ORDER BY sort ASC<EOL><EOL>### Cause: java.sql.SQLSyntaxErrorException: Unknown column 'sort' in 'field list'<EOL>; bad SQL grammar []; nested exception is java.sql.SQLSyntaxErrorException: Unknown column 'sort' in 'field list']
2026-06-27 19:06:37.282 [http-nio-8080-exec-51] WARN  o.s.w.s.m.m.a.ExceptionHandlerExceptionResolver - Resolved [org.springframework.jdbc.BadSqlGrammarException: <EOL><EOL>### Error querying database.  Cause: java.sql.SQLSyntaxErrorException: Unknown column 'sort' in 'field list'<EOL><EOL>### The error may exist in com/project/travel/mapper/SysCouponMapper.java (best guess)<EOL><EOL>### The error may involve defaultParameterMap<EOL><EOL>### The error occurred while setting parameters<EOL><EOL>### SQL: SELECT  id,name,description,min_amount,discount_amount,points_required,require_level,total_count,remain_count,start_time,end_time,valid_days,status,sort,create_by,create_time,update_by,update_time  FROM sys_coupon     WHERE (status = ?) ORDER BY sort ASC<EOL><EOL>### Cause: java.sql.SQLSyntaxErrorException: Unknown column 'sort' in 'field list'<EOL>; bad SQL grammar []; nested exception is java.sql.SQLSyntaxErrorException: Unknown column 'sort' in 'field list']
2026-06-27 19:08:25.905 [http-nio-8080-exec-55] WARN  o.s.w.s.m.m.a.ExceptionHandlerExceptionResolver - Resolved [org.springframework.jdbc.BadSqlGrammarException: <EOL><EOL>### Error querying database.  Cause: java.sql.SQLSyntaxErrorException: Unknown column 'sort' in 'field list'<EOL><EOL>### The error may exist in com/project/travel/mapper/SysCouponMapper.java (best guess)<EOL><EOL>### The error may involve defaultParameterMap<EOL><EOL>### The error occurred while setting parameters<EOL><EOL>### SQL: SELECT  id,name,description,min_amount,discount_amount,points_required,require_level,total_count,remain_count,start_time,end_time,valid_days,status,sort,create_by,create_time,update_by,update_time  FROM sys_coupon     WHERE (status = ?) ORDER BY sort ASC<EOL><EOL>### Cause: java.sql.SQLSyntaxErrorException: Unknown column 'sort' in 'field list'<EOL>; bad SQL grammar []; nested exception is java.sql.SQLSyntaxErrorException: Unknown column 'sort' in 'field list']
2026-06-27 19:08:44.446 [http-nio-8080-exec-82] WARN  o.s.w.s.m.m.a.ExceptionHandlerExceptionResolver - Resolved [org.springframework.jdbc.BadSqlGrammarException: <EOL><EOL>### Error querying database.  Cause: java.sql.SQLSyntaxErrorException: Unknown column 'sort' in 'field list'<EOL><EOL>### The error may exist in com/project/travel/mapper/SysCouponMapper.java (best guess)<EOL><EOL>### The error may involve defaultParameterMap<EOL><EOL>### The error occurred while setting parameters<EOL><EOL>### SQL: SELECT  id,name,description,min_amount,discount_amount,points_required,require_level,total_count,remain_count,start_time,end_time,valid_days,status,sort,create_by,create_time,update_by,update_time  FROM sys_coupon     WHERE (status = ?) ORDER BY sort ASC<EOL><EOL>### Cause: java.sql.SQLSyntaxErrorException: Unknown column 'sort' in 'field list'<EOL>; bad SQL grammar []; nested exception is java.sql.SQLSyntaxErrorException: Unknown column 'sort' in 'field list']
2026-06-27 19:13:42.545 [http-nio-8080-exec-83] WARN  o.s.w.s.m.m.a.ExceptionHandlerExceptionResolver - Resolved [org.springframework.jdbc.BadSqlGrammarException: <EOL><EOL>### Error querying database.  Cause: java.sql.SQLSyntaxErrorException: Unknown column 'sort' in 'field list'<EOL><EOL>### The error may exist in com/project/travel/mapper/SysCouponMapper.java (best guess)<EOL><EOL>### The error may involve defaultParameterMap<EOL><EOL>### The error occurred while setting parameters<EOL><EOL>### SQL: SELECT  id,name,description,min_amount,discount_amount,points_required,require_level,total_count,remain_count,start_time,end_time,valid_days,status,sort,create_by,create_time,update_by,update_time  FROM sys_coupon     WHERE (status = ?) ORDER BY sort ASC<EOL><EOL>### Cause: java.sql.SQLSyntaxErrorException: Unknown column 'sort' in 'field list'<EOL>; bad SQL grammar []; nested exception is java.sql.SQLSyntaxErrorException: Unknown column 'sort' in 'field list']
2026-06-27 19:13:46.099 [http-nio-8080-exec-87] WARN  o.s.w.s.m.m.a.ExceptionHandlerExceptionResolver - Resolved [org.springframework.jdbc.BadSqlGrammarException: <EOL><EOL>### Error querying database.  Cause: java.sql.SQLSyntaxErrorException: Unknown column 'sort' in 'field list'<EOL><EOL>### The error may exist in com/project/travel/mapper/SysCouponMapper.java (best guess)<EOL><EOL>### The error may involve defaultParameterMap<EOL><EOL>### The error occurred while setting parameters<EOL><EOL>### SQL: SELECT  id,name,description,min_amount,discount_amount,points_required,require_level,total_count,remain_count,start_time,end_time,valid_days,status,sort,create_by,create_time,update_by,update_time  FROM sys_coupon     WHERE (status = ?) ORDER BY sort ASC<EOL><EOL>### Cause: java.sql.SQLSyntaxErrorException: Unknown column 'sort' in 'field list'<EOL>; bad SQL grammar []; nested exception is java.sql.SQLSyntaxErrorException: Unknown column 'sort' in 'field list']
2026-06-27 19:15:45.504 [http-nio-8080-exec-91] WARN  o.s.w.s.m.m.a.ExceptionHandlerExceptionResolver - Resolved [org.springframework.jdbc.BadSqlGrammarException: <EOL><EOL>### Error querying database.  Cause: java.sql.SQLSyntaxErrorException: Unknown column 'sort' in 'field list'<EOL><EOL>### The error may exist in com/project/travel/mapper/SysCouponMapper.java (best guess)<EOL><EOL>### The error may involve defaultParameterMap<EOL><EOL>### The error occurred while setting parameters<EOL><EOL>### SQL: SELECT  id,name,description,min_amount,discount_amount,points_required,require_level,total_count,remain_count,start_time,end_time,valid_days,status,sort,create_by,create_time,update_by,update_time  FROM sys_coupon     WHERE (status = ?) ORDER BY sort ASC<EOL><EOL>### Cause: java.sql.SQLSyntaxErrorException: Unknown column 'sort' in 'field list'<EOL>; bad SQL grammar []; nested exception is java.sql.SQLSyntaxErrorException: Unknown column 'sort' in 'field list']
2026-06-27 19:17:06.100 [http-nio-8080-exec-99] WARN  o.s.w.s.m.m.a.ExceptionHandlerExceptionResolver - Resolved [org.springframework.jdbc.BadSqlGrammarException: <EOL><EOL>### Error querying database.  Cause: java.sql.SQLSyntaxErrorException: Unknown column 'sort' in 'field list'<EOL><EOL>### The error may exist in com/project/travel/mapper/SysCouponMapper.java (best guess)<EOL><EOL>### The error may involve defaultParameterMap<EOL><EOL>### The error occurred while setting parameters<EOL><EOL>### SQL: SELECT  id,name,description,min_amount,discount_amount,points_required,require_level,total_count,remain_count,start_time,end_time,valid_days,status,sort,create_by,create_time,update_by,update_time  FROM sys_coupon     WHERE (status = ?) ORDER BY sort ASC<EOL><EOL>### Cause: java.sql.SQLSyntaxErrorException: Unknown column 'sort' in 'field list'<EOL>; bad SQL grammar []; nested exception is java.sql.SQLSyntaxErrorException: Unknown column 'sort' in 'field list']
2026-06-27 19:17:57.841 [http-nio-8080-exec-4] WARN  o.s.w.s.m.m.a.ExceptionHandlerExceptionResolver - Resolved [org.springframework.jdbc.BadSqlGrammarException: <EOL><EOL>### Error querying database.  Cause: java.sql.SQLSyntaxErrorException: Unknown column 'sort' in 'field list'<EOL><EOL>### The error may exist in com/project/travel/mapper/SysCouponMapper.java (best guess)<EOL><EOL>### The error may involve defaultParameterMap<EOL><EOL>### The error occurred while setting parameters<EOL><EOL>### SQL: SELECT  id,name,description,min_amount,discount_amount,points_required,require_level,total_count,remain_count,start_time,end_time,valid_days,status,sort,create_by,create_time,update_by,update_time  FROM sys_coupon     WHERE (status = ?) ORDER BY sort ASC<EOL><EOL>### Cause: java.sql.SQLSyntaxErrorException: Unknown column 'sort' in 'field list'<EOL>; bad SQL grammar []; nested exception is java.sql.SQLSyntaxErrorException: Unknown column 'sort' in 'field list']
2026-06-27 19:19:29.081 [http-nio-8080-exec-14] WARN  o.s.w.s.m.m.a.ExceptionHandlerExceptionResolver - Resolved [org.springframework.jdbc.BadSqlGrammarException: <EOL><EOL>### Error querying database.  Cause: java.sql.SQLSyntaxErrorException: Unknown column 'sort' in 'field list'<EOL><EOL>### The error may exist in com/project/travel/mapper/SysCouponMapper.java (best guess)<EOL><EOL>### The error may involve defaultParameterMap<EOL><EOL>### The error occurred while setting parameters<EOL><EOL>### SQL: SELECT  id,name,description,min_amount,discount_amount,points_required,require_level,total_count,remain_count,start_time,end_time,valid_days,status,sort,create_by,create_time,update_by,update_time  FROM sys_coupon     WHERE (status = ?) ORDER BY sort ASC<EOL><EOL>### Cause: java.sql.SQLSyntaxErrorException: Unknown column 'sort' in 'field list'<EOL>; bad SQL grammar []; nested exception is java.sql.SQLSyntaxErrorException: Unknown column 'sort' in 'field list']
2026-06-27 19:19:48.585 [http-nio-8080-exec-20] WARN  o.s.w.s.m.m.a.ExceptionHandlerExceptionResolver - Resolved [org.springframework.jdbc.BadSqlGrammarException: <EOL><EOL>### Error querying database.  Cause: java.sql.SQLSyntaxErrorException: Unknown column 'sort' in 'field list'<EOL><EOL>### The error may exist in com/project/travel/mapper/SysCouponMapper.java (best guess)<EOL><EOL>### The error may involve defaultParameterMap<EOL><EOL>### The error occurred while setting parameters<EOL><EOL>### SQL: SELECT  id,name,description,min_amount,discount_amount,points_required,require_level,total_count,remain_count,start_time,end_time,valid_days,status,sort,create_by,create_time,update_by,update_time  FROM sys_coupon     WHERE (status = ?) ORDER BY sort ASC<EOL><EOL>### Cause: java.sql.SQLSyntaxErrorException: Unknown column 'sort' in 'field list'<EOL>; bad SQL grammar []; nested exception is java.sql.SQLSyntaxErrorException: Unknown column 'sort' in 'field list']
2026-06-27 19:20:22.330 [http-nio-8080-exec-29] WARN  o.s.w.s.m.m.a.ExceptionHandlerExceptionResolver - Resolved [org.springframework.jdbc.BadSqlGrammarException: <EOL><EOL>### Error querying database.  Cause: java.sql.SQLSyntaxErrorException: Unknown column 'sort' in 'field list'<EOL><EOL>### The error may exist in com/project/travel/mapper/SysCouponMapper.java (best guess)<EOL><EOL>### The error may involve defaultParameterMap<EOL><EOL>### The error occurred while setting parameters<EOL><EOL>### SQL: SELECT  id,name,description,min_amount,discount_amount,points_required,require_level,total_count,remain_count,start_time,end_time,valid_days,status,sort,create_by,create_time,update_by,update_time  FROM sys_coupon     WHERE (status = ?) ORDER BY sort ASC<EOL><EOL>### Cause: java.sql.SQLSyntaxErrorException: Unknown column 'sort' in 'field list'<EOL>; bad SQL grammar []; nested exception is java.sql.SQLSyntaxErrorException: Unknown column 'sort' in 'field list']
2026-06-27 19:20:39.714 [http-nio-8080-exec-34] WARN  o.s.w.s.m.m.a.ExceptionHandlerExceptionResolver - Resolved [org.springframework.jdbc.BadSqlGrammarException: <EOL><EOL>### Error querying database.  Cause: java.sql.SQLSyntaxErrorException: Unknown column 'sort' in 'field list'<EOL><EOL>### The error may exist in com/project/travel/mapper/SysCouponMapper.java (best guess)<EOL><EOL>### The error may involve defaultParameterMap<EOL><EOL>### The error occurred while setting parameters<EOL><EOL>### SQL: SELECT  id,name,description,min_amount,discount_amount,points_required,require_level,total_count,remain_count,start_time,end_time,valid_days,status,sort,create_by,create_time,update_by,update_time  FROM sys_coupon     WHERE (status = ?) ORDER BY sort ASC<EOL><EOL>### Cause: java.sql.SQLSyntaxErrorException: Unknown column 'sort' in 'field list'<EOL>; bad SQL grammar []; nested exception is java.sql.SQLSyntaxErrorException: Unknown column 'sort' in 'field list']
2026-06-27 19:23:13.932 [http-nio-8080-exec-42] WARN  o.s.w.s.m.m.a.ExceptionHandlerExceptionResolver - Resolved [org.springframework.jdbc.BadSqlGrammarException: <EOL><EOL>### Error querying database.  Cause: java.sql.SQLSyntaxErrorException: Unknown column 'sort' in 'field list'<EOL><EOL>### The error may exist in com/project/travel/mapper/SysCouponMapper.java (best guess)<EOL><EOL>### The error may involve defaultParameterMap<EOL><EOL>### The error occurred while setting parameters<EOL><EOL>### SQL: SELECT  id,name,description,min_amount,discount_amount,points_required,require_level,total_count,remain_count,start_time,end_time,valid_days,status,sort,create_by,create_time,update_by,update_time  FROM sys_coupon     WHERE (status = ?) ORDER BY sort ASC<EOL><EOL>### Cause: java.sql.SQLSyntaxErrorException: Unknown column 'sort' in 'field list'<EOL>; bad SQL grammar []; nested exception is java.sql.SQLSyntaxErrorException: Unknown column 'sort' in 'field list']
2026-06-27 19:24:28.812 [http-nio-8080-exec-59] WARN  o.s.w.s.m.m.a.ExceptionHandlerExceptionResolver - Resolved [org.springframework.jdbc.BadSqlGrammarException: <EOL><EOL>### Error querying database.  Cause: java.sql.SQLSyntaxErrorException: Unknown column 'sort' in 'field list'<EOL><EOL>### The error may exist in com/project/travel/mapper/SysCouponMapper.java (best guess)<EOL><EOL>### The error may involve defaultParameterMap<EOL><EOL>### The error occurred while setting parameters<EOL><EOL>### SQL: SELECT  id,name,description,min_amount,discount_amount,points_required,require_level,total_count,remain_count,start_time,end_time,valid_days,status,sort,create_by,create_time,update_by,update_time  FROM sys_coupon     WHERE (status = ?) ORDER BY sort ASC<EOL><EOL>### Cause: java.sql.SQLSyntaxErrorException: Unknown column 'sort' in 'field list'<EOL>; bad SQL grammar []; nested exception is java.sql.SQLSyntaxErrorException: Unknown column 'sort' in 'field list']
2026-06-27 19:25:28.732 [http-nio-8080-exec-52] WARN  o.s.w.s.m.m.a.ExceptionHandlerExceptionResolver - Resolved [org.springframework.jdbc.BadSqlGrammarException: <EOL><EOL>### Error querying database.  Cause: java.sql.SQLSyntaxErrorException: Unknown column 'sort' in 'field list'<EOL><EOL>### The error may exist in com/project/travel/mapper/SysCouponMapper.java (best guess)<EOL><EOL>### The error may involve defaultParameterMap<EOL><EOL>### The error occurred while setting parameters<EOL><EOL>### SQL: SELECT  id,name,description,min_amount,discount_amount,points_required,require_level,total_count,remain_count,start_time,end_time,valid_days,status,sort,create_by,create_time,update_by,update_time  FROM sys_coupon     WHERE (status = ?) ORDER BY sort ASC<EOL><EOL>### Cause: java.sql.SQLSyntaxErrorException: Unknown column 'sort' in 'field list'<EOL>; bad SQL grammar []; nested exception is java.sql.SQLSyntaxErrorException: Unknown column 'sort' in 'field list']
2026-06-27 19:26:05.664 [http-nio-8080-exec-74] WARN  o.s.w.s.m.m.a.ExceptionHandlerExceptionResolver - Resolved [org.springframework.jdbc.BadSqlGrammarException: <EOL><EOL>### Error querying database.  Cause: java.sql.SQLSyntaxErrorException: Unknown column 'sort' in 'field list'<EOL><EOL>### The error may exist in com/project/travel/mapper/SysCouponMapper.java (best guess)<EOL><EOL>### The error may involve defaultParameterMap<EOL><EOL>### The error occurred while setting parameters<EOL><EOL>### SQL: SELECT  id,name,description,min_amount,discount_amount,points_required,require_level,total_count,remain_count,start_time,end_time,valid_days,status,sort,create_by,create_time,update_by,update_time  FROM sys_coupon     WHERE (status = ? AND require_level <= ?) ORDER BY sort ASC<EOL><EOL>### Cause: java.sql.SQLSyntaxErrorException: Unknown column 'sort' in 'field list'<EOL>; bad SQL grammar []; nested exception is java.sql.SQLSyntaxErrorException: Unknown column 'sort' in 'field list']
2026-06-27 19:26:18.609 [http-nio-8080-exec-90] WARN  o.s.w.s.m.m.a.ExceptionHandlerExceptionResolver - Resolved [org.springframework.jdbc.BadSqlGrammarException: <EOL><EOL>### Error querying database.  Cause: java.sql.SQLSyntaxErrorException: Unknown column 'sort' in 'field list'<EOL><EOL>### The error may exist in com/project/travel/mapper/SysCouponMapper.java (best guess)<EOL><EOL>### The error may involve defaultParameterMap<EOL><EOL>### The error occurred while setting parameters<EOL><EOL>### SQL: SELECT  id,name,description,min_amount,discount_amount,points_required,require_level,total_count,remain_count,start_time,end_time,valid_days,status,sort,create_by,create_time,update_by,update_time  FROM sys_coupon     WHERE (status = ? AND require_level <= ?) ORDER BY sort ASC<EOL><EOL>### Cause: java.sql.SQLSyntaxErrorException: Unknown column 'sort' in 'field list'<EOL>; bad SQL grammar []; nested exception is java.sql.SQLSyntaxErrorException: Unknown column 'sort' in 'field list']
2026-06-27 19:27:13.959 [http-nio-8080-exec-89] WARN  o.s.w.s.m.m.a.ExceptionHandlerExceptionResolver - Resolved [org.springframework.jdbc.BadSqlGrammarException: <EOL><EOL>### Error querying database.  Cause: java.sql.SQLSyntaxErrorException: Unknown column 'sort' in 'field list'<EOL><EOL>### The error may exist in com/project/travel/mapper/SysCouponMapper.java (best guess)<EOL><EOL>### The error may involve defaultParameterMap<EOL><EOL>### The error occurred while setting parameters<EOL><EOL>### SQL: SELECT  id,name,description,min_amount,discount_amount,points_required,require_level,total_count,remain_count,start_time,end_time,valid_days,status,sort,create_by,create_time,update_by,update_time  FROM sys_coupon     WHERE (status = ? AND require_level <= ?) ORDER BY sort ASC<EOL><EOL>### Cause: java.sql.SQLSyntaxErrorException: Unknown column 'sort' in 'field list'<EOL>; bad SQL grammar []; nested exception is java.sql.SQLSyntaxErrorException: Unknown column 'sort' in 'field list']
2026-06-27 19:28:59.823 [http-nio-8080-exec-3] WARN  o.s.w.s.m.m.a.ExceptionHandlerExceptionResolver - Resolved [org.springframework.jdbc.BadSqlGrammarException: <EOL><EOL>### Error querying database.  Cause: java.sql.SQLSyntaxErrorException: Unknown column 'sort' in 'field list'<EOL><EOL>### The error may exist in com/project/travel/mapper/SysCouponMapper.java (best guess)<EOL><EOL>### The error may involve defaultParameterMap<EOL><EOL>### The error occurred while setting parameters<EOL><EOL>### SQL: SELECT  id,name,description,min_amount,discount_amount,points_required,require_level,total_count,remain_count,start_time,end_time,valid_days,status,sort,create_by,create_time,update_by,update_time  FROM sys_coupon     WHERE (status = ? AND require_level <= ?) ORDER BY sort ASC<EOL><EOL>### Cause: java.sql.SQLSyntaxErrorException: Unknown column 'sort' in 'field list'<EOL>; bad SQL grammar []; nested exception is java.sql.SQLSyntaxErrorException: Unknown column 'sort' in 'field list']
2026-06-27 19:37:19.079 [Thread-21] WARN  org.apache.catalina.loader.WebappClassLoaderBase - The web application [ROOT] appears to have started a thread named [lettuce-nioEventLoop-14-1] but has failed to stop it. This is very likely to create a memory leak. Stack trace of thread:
 sun.nio.ch.WindowsSelectorImpl$SubSelector.poll0(Native Method)
 sun.nio.ch.WindowsSelectorImpl$SubSelector.poll(WindowsSelectorImpl.java:296)
 sun.nio.ch.WindowsSelectorImpl$SubSelector.access$400(WindowsSelectorImpl.java:278)
 sun.nio.ch.WindowsSelectorImpl.doSelect(WindowsSelectorImpl.java:159)
 sun.nio.ch.SelectorImpl.lockAndDoSelect(SelectorImpl.java:86)
 sun.nio.ch.SelectorImpl.select(SelectorImpl.java:97)
 sun.nio.ch.SelectorImpl.select(SelectorImpl.java:101)
 io.netty.channel.nio.SelectedSelectionKeySetSelector.select(SelectedSelectionKeySetSelector.java:68)
 io.netty.channel.nio.NioEventLoop.select(NioEventLoop.java:879)
 io.netty.channel.nio.NioEventLoop.run(NioEventLoop.java:526)
 io.netty.util.concurrent.SingleThreadEventExecutor$4.run(SingleThreadEventExecutor.java:997)
 io.netty.util.internal.ThreadExecutorMap$2.run(ThreadExecutorMap.java:74)
 io.netty.util.concurrent.FastThreadLocalRunnable.run(FastThreadLocalRunnable.java:30)
 java.lang.Thread.run(Thread.java:748)
2026-06-27 19:37:19.084 [Thread-21] WARN  org.apache.catalina.loader.WebappClassLoaderBase - The web application [ROOT] appears to have started a thread named [lettuce-eventExecutorLoop-12-2] but has failed to stop it. This is very likely to create a memory leak. Stack trace of thread:
 sun.misc.Unsafe.park(Native Method)
 java.util.concurrent.locks.LockSupport.park(LockSupport.java:175)
 java.util.concurrent.locks.AbstractQueuedSynchronizer$ConditionObject.await(AbstractQueuedSynchronizer.java:2039)
 java.util.concurrent.LinkedBlockingQueue.take(LinkedBlockingQueue.java:442)
 io.netty.util.concurrent.SingleThreadEventExecutor.takeTask(SingleThreadEventExecutor.java:244)
 io.netty.util.concurrent.DefaultEventExecutor.run(DefaultEventExecutor.java:64)
 io.netty.util.concurrent.SingleThreadEventExecutor$4.run(SingleThreadEventExecutor.java:997)
 io.netty.util.internal.ThreadExecutorMap$2.run(ThreadExecutorMap.java:74)
 io.netty.util.concurrent.FastThreadLocalRunnable.run(FastThreadLocalRunnable.java:30)
 java.lang.Thread.run(Thread.java:748)
2026-06-27 19:37:19.084 [Thread-21] WARN  org.apache.catalina.loader.WebappClassLoaderBase - The web application [ROOT] appears to have started a thread named [lettuce-eventExecutorLoop-12-1] but has failed to stop it. This is very likely to create a memory leak. Stack trace of thread:
 sun.misc.Unsafe.park(Native Method)
 java.util.concurrent.locks.LockSupport.park(LockSupport.java:175)
 java.util.concurrent.locks.AbstractQueuedSynchronizer$ConditionObject.await(AbstractQueuedSynchronizer.java:2039)
 java.util.concurrent.LinkedBlockingQueue.take(LinkedBlockingQueue.java:442)
 io.netty.util.concurrent.SingleThreadEventExecutor.takeTask(SingleThreadEventExecutor.java:244)
 io.netty.util.concurrent.DefaultEventExecutor.run(DefaultEventExecutor.java:64)
 io.netty.util.concurrent.SingleThreadEventExecutor$4.run(SingleThreadEventExecutor.java:997)
 io.netty.util.internal.ThreadExecutorMap$2.run(ThreadExecutorMap.java:74)
 io.netty.util.concurrent.FastThreadLocalRunnable.run(FastThreadLocalRunnable.java:30)
 java.lang.Thread.run(Thread.java:748)
2026-06-27 19:37:19.085 [Thread-21] WARN  org.apache.catalina.loader.WebappClassLoaderBase - The web application [ROOT] appears to have started a thread named [lettuce-eventExecutorLoop-12-3] but has failed to stop it. This is very likely to create a memory leak. Stack trace of thread:
 sun.misc.Unsafe.park(Native Method)
 java.util.concurrent.locks.LockSupport.park(LockSupport.java:175)
 java.util.concurrent.locks.AbstractQueuedSynchronizer$ConditionObject.await(AbstractQueuedSynchronizer.java:2039)
 java.util.concurrent.LinkedBlockingQueue.take(LinkedBlockingQueue.java:442)
 io.netty.util.concurrent.SingleThreadEventExecutor.takeTask(SingleThreadEventExecutor.java:244)
 io.netty.util.concurrent.DefaultEventExecutor.run(DefaultEventExecutor.java:64)
 io.netty.util.concurrent.SingleThreadEventExecutor$4.run(SingleThreadEventExecutor.java:997)
 io.netty.util.internal.ThreadExecutorMap$2.run(ThreadExecutorMap.java:74)
 io.netty.util.concurrent.FastThreadLocalRunnable.run(FastThreadLocalRunnable.java:30)
 java.lang.Thread.run(Thread.java:748)
2026-06-27 19:37:19.087 [Thread-21] WARN  org.apache.catalina.loader.WebappClassLoaderBase - The web application [ROOT] appears to have started a thread named [lettuce-eventExecutorLoop-12-4] but has failed to stop it. This is very likely to create a memory leak. Stack trace of thread:
 sun.misc.Unsafe.park(Native Method)
 java.util.concurrent.locks.LockSupport.park(LockSupport.java:175)
 java.util.concurrent.locks.AbstractQueuedSynchronizer$ConditionObject.await(AbstractQueuedSynchronizer.java:2039)
 java.util.concurrent.LinkedBlockingQueue.take(LinkedBlockingQueue.java:442)
 io.netty.util.concurrent.SingleThreadEventExecutor.takeTask(SingleThreadEventExecutor.java:244)
 io.netty.util.concurrent.DefaultEventExecutor.run(DefaultEventExecutor.java:64)
 io.netty.util.concurrent.SingleThreadEventExecutor$4.run(SingleThreadEventExecutor.java:997)
 io.netty.util.internal.ThreadExecutorMap$2.run(ThreadExecutorMap.java:74)
 io.netty.util.concurrent.FastThreadLocalRunnable.run(FastThreadLocalRunnable.java:30)
 java.lang.Thread.run(Thread.java:748)
2026-06-27 19:37:19.088 [Thread-21] WARN  org.apache.catalina.loader.WebappClassLoaderBase - The web application [ROOT] appears to have started a thread named [lettuce-eventExecutorLoop-12-5] but has failed to stop it. This is very likely to create a memory leak. Stack trace of thread:
 sun.misc.Unsafe.park(Native Method)
 java.util.concurrent.locks.LockSupport.park(LockSupport.java:175)
 java.util.concurrent.locks.AbstractQueuedSynchronizer$ConditionObject.await(AbstractQueuedSynchronizer.java:2039)
 java.util.concurrent.LinkedBlockingQueue.take(LinkedBlockingQueue.java:442)
 io.netty.util.concurrent.SingleThreadEventExecutor.takeTask(SingleThreadEventExecutor.java:244)
 io.netty.util.concurrent.DefaultEventExecutor.run(DefaultEventExecutor.java:64)
 io.netty.util.concurrent.SingleThreadEventExecutor$4.run(SingleThreadEventExecutor.java:997)
 io.netty.util.internal.ThreadExecutorMap$2.run(ThreadExecutorMap.java:74)
 io.netty.util.concurrent.FastThreadLocalRunnable.run(FastThreadLocalRunnable.java:30)
 java.lang.Thread.run(Thread.java:748)
2026-06-27 19:37:19.089 [Thread-21] WARN  org.apache.catalina.loader.WebappClassLoaderBase - The web application [ROOT] appears to have started a thread named [lettuce-eventExecutorLoop-12-6] but has failed to stop it. This is very likely to create a memory leak. Stack trace of thread:
 sun.misc.Unsafe.park(Native Method)
 java.util.concurrent.locks.LockSupport.park(LockSupport.java:175)
 java.util.concurrent.locks.AbstractQueuedSynchronizer$ConditionObject.await(AbstractQueuedSynchronizer.java:2039)
 java.util.concurrent.LinkedBlockingQueue.take(LinkedBlockingQueue.java:442)
 io.netty.util.concurrent.SingleThreadEventExecutor.takeTask(SingleThreadEventExecutor.java:244)
 io.netty.util.concurrent.DefaultEventExecutor.run(DefaultEventExecutor.java:64)
 io.netty.util.concurrent.SingleThreadEventExecutor$4.run(SingleThreadEventExecutor.java:997)
 io.netty.util.internal.ThreadExecutorMap$2.run(ThreadExecutorMap.java:74)
 io.netty.util.concurrent.FastThreadLocalRunnable.run(FastThreadLocalRunnable.java:30)
 java.lang.Thread.run(Thread.java:748)
2026-06-27 19:37:19.092 [Thread-21] WARN  org.apache.catalina.loader.WebappClassLoaderBase - The web application [ROOT] appears to have started a thread named [lettuce-eventExecutorLoop-12-7] but has failed to stop it. This is very likely to create a memory leak. Stack trace of thread:
 sun.misc.Unsafe.park(Native Method)
 java.util.concurrent.locks.LockSupport.park(LockSupport.java:175)
 java.util.concurrent.locks.AbstractQueuedSynchronizer$ConditionObject.await(AbstractQueuedSynchronizer.java:2039)
 java.util.concurrent.LinkedBlockingQueue.take(LinkedBlockingQueue.java:442)
 io.netty.util.concurrent.SingleThreadEventExecutor.takeTask(SingleThreadEventExecutor.java:244)
 io.netty.util.concurrent.DefaultEventExecutor.run(DefaultEventExecutor.java:64)
 io.netty.util.concurrent.SingleThreadEventExecutor$4.run(SingleThreadEventExecutor.java:997)
 io.netty.util.internal.ThreadExecutorMap$2.run(ThreadExecutorMap.java:74)
 io.netty.util.concurrent.FastThreadLocalRunnable.run(FastThreadLocalRunnable.java:30)
 java.lang.Thread.run(Thread.java:748)
2026-06-27 19:37:19.094 [Thread-21] WARN  org.apache.catalina.loader.WebappClassLoaderBase - The web application [ROOT] appears to have started a thread named [lettuce-eventExecutorLoop-12-8] but has failed to stop it. This is very likely to create a memory leak. Stack trace of thread:
 sun.misc.Unsafe.park(Native Method)
 java.util.concurrent.locks.LockSupport.park(LockSupport.java:175)
 java.util.concurrent.locks.AbstractQueuedSynchronizer$ConditionObject.await(AbstractQueuedSynchronizer.java:2039)
 java.util.concurrent.LinkedBlockingQueue.take(LinkedBlockingQueue.java:442)
 io.netty.util.concurrent.SingleThreadEventExecutor.takeTask(SingleThreadEventExecutor.java:244)
 io.netty.util.concurrent.DefaultEventExecutor.run(DefaultEventExecutor.java:64)
 io.netty.util.concurrent.SingleThreadEventExecutor$4.run(SingleThreadEventExecutor.java:997)
 io.netty.util.internal.ThreadExecutorMap$2.run(ThreadExecutorMap.java:74)
 io.netty.util.concurrent.FastThreadLocalRunnable.run(FastThreadLocalRunnable.java:30)
 java.lang.Thread.run(Thread.java:748)
2026-06-27 19:37:19.096 [Thread-21] WARN  org.apache.catalina.loader.WebappClassLoaderBase - The web application [ROOT] appears to have started a thread named [lettuce-eventExecutorLoop-12-9] but has failed to stop it. This is very likely to create a memory leak. Stack trace of thread:
 sun.misc.Unsafe.park(Native Method)
 java.util.concurrent.locks.LockSupport.park(LockSupport.java:175)
 java.util.concurrent.locks.AbstractQueuedSynchronizer$ConditionObject.await(AbstractQueuedSynchronizer.java:2039)
 java.util.concurrent.LinkedBlockingQueue.take(LinkedBlockingQueue.java:442)
 io.netty.util.concurrent.SingleThreadEventExecutor.takeTask(SingleThreadEventExecutor.java:244)
 io.netty.util.concurrent.DefaultEventExecutor.run(DefaultEventExecutor.java:64)
 io.netty.util.concurrent.SingleThreadEventExecutor$4.run(SingleThreadEventExecutor.java:997)
 io.netty.util.internal.ThreadExecutorMap$2.run(ThreadExecutorMap.java:74)
 io.netty.util.concurrent.FastThreadLocalRunnable.run(FastThreadLocalRunnable.java:30)
 java.lang.Thread.run(Thread.java:748)
2026-06-27 19:37:19.097 [Thread-21] WARN  org.apache.catalina.loader.WebappClassLoaderBase - The web application [ROOT] appears to have started a thread named [lettuce-eventExecutorLoop-12-10] but has failed to stop it. This is very likely to create a memory leak. Stack trace of thread:
 sun.misc.Unsafe.park(Native Method)
 java.util.concurrent.locks.LockSupport.park(LockSupport.java:175)
 java.util.concurrent.locks.AbstractQueuedSynchronizer$ConditionObject.await(AbstractQueuedSynchronizer.java:2039)
 java.util.concurrent.LinkedBlockingQueue.take(LinkedBlockingQueue.java:442)
 io.netty.util.concurrent.SingleThreadEventExecutor.takeTask(SingleThreadEventExecutor.java:244)
 io.netty.util.concurrent.DefaultEventExecutor.run(DefaultEventExecutor.java:64)
 io.netty.util.concurrent.SingleThreadEventExecutor$4.run(SingleThreadEventExecutor.java:997)
 io.netty.util.internal.ThreadExecutorMap$2.run(ThreadExecutorMap.java:74)
 io.netty.util.concurrent.FastThreadLocalRunnable.run(FastThreadLocalRunnable.java:30)
 java.lang.Thread.run(Thread.java:748)
2026-06-27 19:37:19.097 [Thread-21] WARN  org.apache.catalina.loader.WebappClassLoaderBase - The web application [ROOT] appears to have started a thread named [lettuce-eventExecutorLoop-12-11] but has failed to stop it. This is very likely to create a memory leak. Stack trace of thread:
 sun.misc.Unsafe.park(Native Method)
 java.util.concurrent.locks.LockSupport.park(LockSupport.java:175)
 java.util.concurrent.locks.AbstractQueuedSynchronizer$ConditionObject.await(AbstractQueuedSynchronizer.java:2039)
 java.util.concurrent.LinkedBlockingQueue.take(LinkedBlockingQueue.java:442)
 io.netty.util.concurrent.SingleThreadEventExecutor.takeTask(SingleThreadEventExecutor.java:244)
 io.netty.util.concurrent.DefaultEventExecutor.run(DefaultEventExecutor.java:64)
 io.netty.util.concurrent.SingleThreadEventExecutor$4.run(SingleThreadEventExecutor.java:997)
 io.netty.util.internal.ThreadExecutorMap$2.run(ThreadExecutorMap.java:74)
 io.netty.util.concurrent.FastThreadLocalRunnable.run(FastThreadLocalRunnable.java:30)
 java.lang.Thread.run(Thread.java:748)
2026-06-27 19:37:19.101 [Thread-21] WARN  org.apache.catalina.loader.WebappClassLoaderBase - The web application [ROOT] appears to have started a thread named [lettuce-eventExecutorLoop-12-12] but has failed to stop it. This is very likely to create a memory leak. Stack trace of thread:
 sun.misc.Unsafe.park(Native Method)
 java.util.concurrent.locks.LockSupport.park(LockSupport.java:175)
 java.util.concurrent.locks.AbstractQueuedSynchronizer$ConditionObject.await(AbstractQueuedSynchronizer.java:2039)
 java.util.concurrent.LinkedBlockingQueue.take(LinkedBlockingQueue.java:442)
 io.netty.util.concurrent.SingleThreadEventExecutor.takeTask(SingleThreadEventExecutor.java:244)
 io.netty.util.concurrent.DefaultEventExecutor.run(DefaultEventExecutor.java:64)
 io.netty.util.concurrent.SingleThreadEventExecutor$4.run(SingleThreadEventExecutor.java:997)
 io.netty.util.internal.ThreadExecutorMap$2.run(ThreadExecutorMap.java:74)
 io.netty.util.concurrent.FastThreadLocalRunnable.run(FastThreadLocalRunnable.java:30)
 java.lang.Thread.run(Thread.java:748)
2026-06-27 19:37:19.103 [Thread-21] WARN  org.apache.catalina.loader.WebappClassLoaderBase - The web application [ROOT] appears to have started a thread named [lettuce-eventExecutorLoop-12-13] but has failed to stop it. This is very likely to create a memory leak. Stack trace of thread:
 sun.misc.Unsafe.park(Native Method)
 java.util.concurrent.locks.LockSupport.park(LockSupport.java:175)
 java.util.concurrent.locks.AbstractQueuedSynchronizer$ConditionObject.await(AbstractQueuedSynchronizer.java:2039)
 java.util.concurrent.LinkedBlockingQueue.take(LinkedBlockingQueue.java:442)
 io.netty.util.concurrent.SingleThreadEventExecutor.takeTask(SingleThreadEventExecutor.java:244)
 io.netty.util.concurrent.DefaultEventExecutor.run(DefaultEventExecutor.java:64)
 io.netty.util.concurrent.SingleThreadEventExecutor$4.run(SingleThreadEventExecutor.java:997)
 io.netty.util.internal.ThreadExecutorMap$2.run(ThreadExecutorMap.java:74)
 io.netty.util.concurrent.FastThreadLocalRunnable.run(FastThreadLocalRunnable.java:30)
 java.lang.Thread.run(Thread.java:748)
2026-06-27 19:37:19.106 [Thread-21] WARN  org.apache.catalina.loader.WebappClassLoaderBase - The web application [ROOT] appears to have started a thread named [lettuce-eventExecutorLoop-12-14] but has failed to stop it. This is very likely to create a memory leak. Stack trace of thread:
 sun.misc.Unsafe.park(Native Method)
 java.util.concurrent.locks.LockSupport.park(LockSupport.java:175)
 java.util.concurrent.locks.AbstractQueuedSynchronizer$ConditionObject.await(AbstractQueuedSynchronizer.java:2039)
 java.util.concurrent.LinkedBlockingQueue.take(LinkedBlockingQueue.java:442)
 io.netty.util.concurrent.SingleThreadEventExecutor.takeTask(SingleThreadEventExecutor.java:244)
 io.netty.util.concurrent.DefaultEventExecutor.run(DefaultEventExecutor.java:64)
 io.netty.util.concurrent.SingleThreadEventExecutor$4.run(SingleThreadEventExecutor.java:997)
 io.netty.util.internal.ThreadExecutorMap$2.run(ThreadExecutorMap.java:74)
 io.netty.util.concurrent.FastThreadLocalRunnable.run(FastThreadLocalRunnable.java:30)
 java.lang.Thread.run(Thread.java:748)
2026-06-27 19:37:19.108 [Thread-21] WARN  org.apache.catalina.loader.WebappClassLoaderBase - The web application [ROOT] appears to have started a thread named [lettuce-eventExecutorLoop-12-15] but has failed to stop it. This is very likely to create a memory leak. Stack trace of thread:
 sun.misc.Unsafe.park(Native Method)
 java.util.concurrent.locks.LockSupport.park(LockSupport.java:175)
 java.util.concurrent.locks.AbstractQueuedSynchronizer$ConditionObject.await(AbstractQueuedSynchronizer.java:2039)
 java.util.concurrent.LinkedBlockingQueue.take(LinkedBlockingQueue.java:442)
 io.netty.util.concurrent.SingleThreadEventExecutor.takeTask(SingleThreadEventExecutor.java:244)
 io.netty.util.concurrent.DefaultEventExecutor.run(DefaultEventExecutor.java:64)
 io.netty.util.concurrent.SingleThreadEventExecutor$4.run(SingleThreadEventExecutor.java:997)
 io.netty.util.internal.ThreadExecutorMap$2.run(ThreadExecutorMap.java:74)
 io.netty.util.concurrent.FastThreadLocalRunnable.run(FastThreadLocalRunnable.java:30)
 java.lang.Thread.run(Thread.java:748)
2026-06-27 19:37:19.108 [Thread-21] WARN  org.apache.catalina.loader.WebappClassLoaderBase - The web application [ROOT] appears to have started a thread named [lettuce-eventExecutorLoop-12-16] but has failed to stop it. This is very likely to create a memory leak. Stack trace of thread:
 sun.misc.Unsafe.park(Native Method)
 java.util.concurrent.locks.LockSupport.park(LockSupport.java:175)
 java.util.concurrent.locks.AbstractQueuedSynchronizer$ConditionObject.await(AbstractQueuedSynchronizer.java:2039)
 java.util.concurrent.LinkedBlockingQueue.take(LinkedBlockingQueue.java:442)
 io.netty.util.concurrent.SingleThreadEventExecutor.takeTask(SingleThreadEventExecutor.java:244)
 io.netty.util.concurrent.DefaultEventExecutor.run(DefaultEventExecutor.java:64)
 io.netty.util.concurrent.SingleThreadEventExecutor$4.run(SingleThreadEventExecutor.java:997)
 io.netty.util.internal.ThreadExecutorMap$2.run(ThreadExecutorMap.java:74)
 io.netty.util.concurrent.FastThreadLocalRunnable.run(FastThreadLocalRunnable.java:30)
 java.lang.Thread.run(Thread.java:748)
2026-06-27 19:41:46.546 [Thread-7] WARN  org.apache.catalina.loader.WebappClassLoaderBase - The web application [ROOT] appears to have started a thread named [lettuce-nioEventLoop-4-1] but has failed to stop it. This is very likely to create a memory leak. Stack trace of thread:
 sun.nio.ch.WindowsSelectorImpl$SubSelector.poll0(Native Method)
 sun.nio.ch.WindowsSelectorImpl$SubSelector.poll(WindowsSelectorImpl.java:296)
 sun.nio.ch.WindowsSelectorImpl$SubSelector.access$400(WindowsSelectorImpl.java:278)
 sun.nio.ch.WindowsSelectorImpl.doSelect(WindowsSelectorImpl.java:159)
 sun.nio.ch.SelectorImpl.lockAndDoSelect(SelectorImpl.java:86)
 sun.nio.ch.SelectorImpl.select(SelectorImpl.java:97)
 sun.nio.ch.SelectorImpl.select(SelectorImpl.java:101)
 io.netty.channel.nio.SelectedSelectionKeySetSelector.select(SelectedSelectionKeySetSelector.java:68)
 io.netty.channel.nio.NioEventLoop.select(NioEventLoop.java:879)
 io.netty.channel.nio.NioEventLoop.run(NioEventLoop.java:526)
 io.netty.util.concurrent.SingleThreadEventExecutor$4.run(SingleThreadEventExecutor.java:997)
 io.netty.util.internal.ThreadExecutorMap$2.run(ThreadExecutorMap.java:74)
 io.netty.util.concurrent.FastThreadLocalRunnable.run(FastThreadLocalRunnable.java:30)
 java.lang.Thread.run(Thread.java:748)
2026-06-27 19:41:46.549 [Thread-7] WARN  org.apache.catalina.loader.WebappClassLoaderBase - The web application [ROOT] appears to have started a thread named [lettuce-eventExecutorLoop-1-1] but has failed to stop it. This is very likely to create a memory leak. Stack trace of thread:
 sun.misc.Unsafe.park(Native Method)
 java.util.concurrent.locks.LockSupport.park(LockSupport.java:175)
 java.util.concurrent.locks.AbstractQueuedSynchronizer$ConditionObject.await(AbstractQueuedSynchronizer.java:2039)
 java.util.concurrent.LinkedBlockingQueue.take(LinkedBlockingQueue.java:442)
 io.netty.util.concurrent.SingleThreadEventExecutor.takeTask(SingleThreadEventExecutor.java:244)
 io.netty.util.concurrent.DefaultEventExecutor.run(DefaultEventExecutor.java:64)
 io.netty.util.concurrent.SingleThreadEventExecutor$4.run(SingleThreadEventExecutor.java:997)
 io.netty.util.internal.ThreadExecutorMap$2.run(ThreadExecutorMap.java:74)
 io.netty.util.concurrent.FastThreadLocalRunnable.run(FastThreadLocalRunnable.java:30)
 java.lang.Thread.run(Thread.java:748)
2026-06-27 19:41:46.550 [Thread-7] WARN  org.apache.catalina.loader.WebappClassLoaderBase - The web application [ROOT] appears to have started a thread named [lettuce-eventExecutorLoop-1-2] but has failed to stop it. This is very likely to create a memory leak. Stack trace of thread:
 sun.misc.Unsafe.park(Native Method)
 java.util.concurrent.locks.LockSupport.park(LockSupport.java:175)
 java.util.concurrent.locks.AbstractQueuedSynchronizer$ConditionObject.await(AbstractQueuedSynchronizer.java:2039)
 java.util.concurrent.LinkedBlockingQueue.take(LinkedBlockingQueue.java:442)
 io.netty.util.concurrent.SingleThreadEventExecutor.takeTask(SingleThreadEventExecutor.java:244)
 io.netty.util.concurrent.DefaultEventExecutor.run(DefaultEventExecutor.java:64)
 io.netty.util.concurrent.SingleThreadEventExecutor$4.run(SingleThreadEventExecutor.java:997)
 io.netty.util.internal.ThreadExecutorMap$2.run(ThreadExecutorMap.java:74)
 io.netty.util.concurrent.FastThreadLocalRunnable.run(FastThreadLocalRunnable.java:30)
 java.lang.Thread.run(Thread.java:748)
2026-06-27 19:41:46.551 [Thread-7] WARN  org.apache.catalina.loader.WebappClassLoaderBase - The web application [ROOT] appears to have started a thread named [lettuce-eventExecutorLoop-1-3] but has failed to stop it. This is very likely to create a memory leak. Stack trace of thread:
 sun.misc.Unsafe.park(Native Method)
 java.util.concurrent.locks.LockSupport.park(LockSupport.java:175)
 java.util.concurrent.locks.AbstractQueuedSynchronizer$ConditionObject.await(AbstractQueuedSynchronizer.java:2039)
 java.util.concurrent.LinkedBlockingQueue.take(LinkedBlockingQueue.java:442)
 io.netty.util.concurrent.SingleThreadEventExecutor.takeTask(SingleThreadEventExecutor.java:244)
 io.netty.util.concurrent.DefaultEventExecutor.run(DefaultEventExecutor.java:64)
 io.netty.util.concurrent.SingleThreadEventExecutor$4.run(SingleThreadEventExecutor.java:997)
 io.netty.util.internal.ThreadExecutorMap$2.run(ThreadExecutorMap.java:74)
 io.netty.util.concurrent.FastThreadLocalRunnable.run(FastThreadLocalRunnable.java:30)
 java.lang.Thread.run(Thread.java:748)
2026-06-27 19:41:46.553 [Thread-7] WARN  org.apache.catalina.loader.WebappClassLoaderBase - The web application [ROOT] appears to have started a thread named [lettuce-eventExecutorLoop-1-4] but has failed to stop it. This is very likely to create a memory leak. Stack trace of thread:
 sun.misc.Unsafe.park(Native Method)
 java.util.concurrent.locks.LockSupport.park(LockSupport.java:175)
 java.util.concurrent.locks.AbstractQueuedSynchronizer$ConditionObject.await(AbstractQueuedSynchronizer.java:2039)
 java.util.concurrent.LinkedBlockingQueue.take(LinkedBlockingQueue.java:442)
 io.netty.util.concurrent.SingleThreadEventExecutor.takeTask(SingleThreadEventExecutor.java:244)
 io.netty.util.concurrent.DefaultEventExecutor.run(DefaultEventExecutor.java:64)
 io.netty.util.concurrent.SingleThreadEventExecutor$4.run(SingleThreadEventExecutor.java:997)
 io.netty.util.internal.ThreadExecutorMap$2.run(ThreadExecutorMap.java:74)
 io.netty.util.concurrent.FastThreadLocalRunnable.run(FastThreadLocalRunnable.java:30)
 java.lang.Thread.run(Thread.java:748)
2026-06-27 19:41:46.554 [Thread-7] WARN  org.apache.catalina.loader.WebappClassLoaderBase - The web application [ROOT] appears to have started a thread named [System Clock] but has failed to stop it. This is very likely to create a memory leak. Stack trace of thread:
 sun.misc.Unsafe.park(Native Method)
 java.util.concurrent.locks.LockSupport.parkNanos(LockSupport.java:215)
 java.util.concurrent.locks.AbstractQueuedSynchronizer$ConditionObject.awaitNanos(AbstractQueuedSynchronizer.java:2078)
 java.util.concurrent.ScheduledThreadPoolExecutor$DelayedWorkQueue.take(ScheduledThreadPoolExecutor.java:1093)
 java.util.concurrent.ScheduledThreadPoolExecutor$DelayedWorkQueue.take(ScheduledThreadPoolExecutor.java:809)
 java.util.concurrent.ThreadPoolExecutor.getTask(ThreadPoolExecutor.java:1074)
 java.util.concurrent.ThreadPoolExecutor.runWorker(ThreadPoolExecutor.java:1134)
 java.util.concurrent.ThreadPoolExecutor$Worker.run(ThreadPoolExecutor.java:624)
 java.lang.Thread.run(Thread.java:748)
2026-06-27 19:41:46.554 [Thread-7] WARN  org.apache.catalina.loader.WebappClassLoaderBase - The web application [ROOT] appears to have started a thread named [lettuce-eventExecutorLoop-1-5] but has failed to stop it. This is very likely to create a memory leak. Stack trace of thread:
 sun.misc.Unsafe.park(Native Method)
 java.util.concurrent.locks.LockSupport.park(LockSupport.java:175)
 java.util.concurrent.locks.AbstractQueuedSynchronizer$ConditionObject.await(AbstractQueuedSynchronizer.java:2039)
 java.util.concurrent.LinkedBlockingQueue.take(LinkedBlockingQueue.java:442)
 io.netty.util.concurrent.SingleThreadEventExecutor.takeTask(SingleThreadEventExecutor.java:244)
 io.netty.util.concurrent.DefaultEventExecutor.run(DefaultEventExecutor.java:64)
 io.netty.util.concurrent.SingleThreadEventExecutor$4.run(SingleThreadEventExecutor.java:997)
 io.netty.util.internal.ThreadExecutorMap$2.run(ThreadExecutorMap.java:74)
 io.netty.util.concurrent.FastThreadLocalRunnable.run(FastThreadLocalRunnable.java:30)
 java.lang.Thread.run(Thread.java:748)
2026-06-27 19:41:46.554 [Thread-7] WARN  org.apache.catalina.loader.WebappClassLoaderBase - The web application [ROOT] appears to have started a thread named [lettuce-eventExecutorLoop-1-6] but has failed to stop it. This is very likely to create a memory leak. Stack trace of thread:
 sun.misc.Unsafe.park(Native Method)
 java.util.concurrent.locks.LockSupport.park(LockSupport.java:175)
 java.util.concurrent.locks.AbstractQueuedSynchronizer$ConditionObject.await(AbstractQueuedSynchronizer.java:2039)
 java.util.concurrent.LinkedBlockingQueue.take(LinkedBlockingQueue.java:442)
 io.netty.util.concurrent.SingleThreadEventExecutor.takeTask(SingleThreadEventExecutor.java:244)
 io.netty.util.concurrent.DefaultEventExecutor.run(DefaultEventExecutor.java:64)
 io.netty.util.concurrent.SingleThreadEventExecutor$4.run(SingleThreadEventExecutor.java:997)
 io.netty.util.internal.ThreadExecutorMap$2.run(ThreadExecutorMap.java:74)
 io.netty.util.concurrent.FastThreadLocalRunnable.run(FastThreadLocalRunnable.java:30)
 java.lang.Thread.run(Thread.java:748)
2026-06-27 19:41:46.556 [Thread-7] WARN  org.apache.catalina.loader.WebappClassLoaderBase - The web application [ROOT] appears to have started a thread named [lettuce-eventExecutorLoop-1-7] but has failed to stop it. This is very likely to create a memory leak. Stack trace of thread:
 sun.misc.Unsafe.park(Native Method)
 java.util.concurrent.locks.LockSupport.park(LockSupport.java:175)
 java.util.concurrent.locks.AbstractQueuedSynchronizer$ConditionObject.await(AbstractQueuedSynchronizer.java:2039)
 java.util.concurrent.LinkedBlockingQueue.take(LinkedBlockingQueue.java:442)
 io.netty.util.concurrent.SingleThreadEventExecutor.takeTask(SingleThreadEventExecutor.java:244)
 io.netty.util.concurrent.DefaultEventExecutor.run(DefaultEventExecutor.java:64)
 io.netty.util.concurrent.SingleThreadEventExecutor$4.run(SingleThreadEventExecutor.java:997)
 io.netty.util.internal.ThreadExecutorMap$2.run(ThreadExecutorMap.java:74)
 io.netty.util.concurrent.FastThreadLocalRunnable.run(FastThreadLocalRunnable.java:30)
 java.lang.Thread.run(Thread.java:748)
2026-06-27 19:41:46.557 [Thread-7] WARN  org.apache.catalina.loader.WebappClassLoaderBase - The web application [ROOT] appears to have started a thread named [lettuce-eventExecutorLoop-1-9] but has failed to stop it. This is very likely to create a memory leak. Stack trace of thread:
 sun.misc.Unsafe.park(Native Method)
 java.util.concurrent.locks.LockSupport.park(LockSupport.java:175)
 java.util.concurrent.locks.AbstractQueuedSynchronizer$ConditionObject.await(AbstractQueuedSynchronizer.java:2039)
 java.util.concurrent.LinkedBlockingQueue.take(LinkedBlockingQueue.java:442)
 io.netty.util.concurrent.SingleThreadEventExecutor.takeTask(SingleThreadEventExecutor.java:244)
 io.netty.util.concurrent.DefaultEventExecutor.run(DefaultEventExecutor.java:64)
 io.netty.util.concurrent.SingleThreadEventExecutor$4.run(SingleThreadEventExecutor.java:997)
 io.netty.util.internal.ThreadExecutorMap$2.run(ThreadExecutorMap.java:74)
 io.netty.util.concurrent.FastThreadLocalRunnable.run(FastThreadLocalRunnable.java:30)
 java.lang.Thread.run(Thread.java:748)
2026-06-27 19:41:46.559 [Thread-7] WARN  org.apache.catalina.loader.WebappClassLoaderBase - The web application [ROOT] appears to have started a thread named [lettuce-eventExecutorLoop-1-8] but has failed to stop it. This is very likely to create a memory leak. Stack trace of thread:
 sun.misc.Unsafe.park(Native Method)
 java.util.concurrent.locks.LockSupport.park(LockSupport.java:175)
 java.util.concurrent.locks.AbstractQueuedSynchronizer$ConditionObject.await(AbstractQueuedSynchronizer.java:2039)
 java.util.concurrent.LinkedBlockingQueue.take(LinkedBlockingQueue.java:442)
 io.netty.util.concurrent.SingleThreadEventExecutor.takeTask(SingleThreadEventExecutor.java:244)
 io.netty.util.concurrent.DefaultEventExecutor.run(DefaultEventExecutor.java:64)
 io.netty.util.concurrent.SingleThreadEventExecutor$4.run(SingleThreadEventExecutor.java:997)
 io.netty.util.internal.ThreadExecutorMap$2.run(ThreadExecutorMap.java:74)
 io.netty.util.concurrent.FastThreadLocalRunnable.run(FastThreadLocalRunnable.java:30)
 java.lang.Thread.run(Thread.java:748)
2026-06-27 19:41:46.560 [Thread-7] WARN  org.apache.catalina.loader.WebappClassLoaderBase - The web application [ROOT] appears to have started a thread named [lettuce-eventExecutorLoop-1-10] but has failed to stop it. This is very likely to create a memory leak. Stack trace of thread:
 sun.misc.Unsafe.park(Native Method)
 java.util.concurrent.locks.LockSupport.park(LockSupport.java:175)
 java.util.concurrent.locks.AbstractQueuedSynchronizer$ConditionObject.await(AbstractQueuedSynchronizer.java:2039)
 java.util.concurrent.LinkedBlockingQueue.take(LinkedBlockingQueue.java:442)
 io.netty.util.concurrent.SingleThreadEventExecutor.takeTask(SingleThreadEventExecutor.java:244)
 io.netty.util.concurrent.DefaultEventExecutor.run(DefaultEventExecutor.java:64)
 io.netty.util.concurrent.SingleThreadEventExecutor$4.run(SingleThreadEventExecutor.java:997)
 io.netty.util.internal.ThreadExecutorMap$2.run(ThreadExecutorMap.java:74)
 io.netty.util.concurrent.FastThreadLocalRunnable.run(FastThreadLocalRunnable.java:30)
 java.lang.Thread.run(Thread.java:748)
2026-06-27 19:41:46.562 [Thread-7] WARN  org.apache.catalina.loader.WebappClassLoaderBase - The web application [ROOT] appears to have started a thread named [lettuce-eventExecutorLoop-1-11] but has failed to stop it. This is very likely to create a memory leak. Stack trace of thread:
 sun.misc.Unsafe.park(Native Method)
 java.util.concurrent.locks.LockSupport.park(LockSupport.java:175)
 java.util.concurrent.locks.AbstractQueuedSynchronizer$ConditionObject.await(AbstractQueuedSynchronizer.java:2039)
 java.util.concurrent.LinkedBlockingQueue.take(LinkedBlockingQueue.java:442)
 io.netty.util.concurrent.SingleThreadEventExecutor.takeTask(SingleThreadEventExecutor.java:244)
 io.netty.util.concurrent.DefaultEventExecutor.run(DefaultEventExecutor.java:64)
 io.netty.util.concurrent.SingleThreadEventExecutor$4.run(SingleThreadEventExecutor.java:997)
 io.netty.util.internal.ThreadExecutorMap$2.run(ThreadExecutorMap.java:74)
 io.netty.util.concurrent.FastThreadLocalRunnable.run(FastThreadLocalRunnable.java:30)
 java.lang.Thread.run(Thread.java:748)
2026-06-27 19:41:46.563 [Thread-7] WARN  org.apache.catalina.loader.WebappClassLoaderBase - The web application [ROOT] appears to have started a thread named [lettuce-eventExecutorLoop-1-12] but has failed to stop it. This is very likely to create a memory leak. Stack trace of thread:
 sun.misc.Unsafe.park(Native Method)
 java.util.concurrent.locks.LockSupport.park(LockSupport.java:175)
 java.util.concurrent.locks.AbstractQueuedSynchronizer$ConditionObject.await(AbstractQueuedSynchronizer.java:2039)
 java.util.concurrent.LinkedBlockingQueue.take(LinkedBlockingQueue.java:442)
 io.netty.util.concurrent.SingleThreadEventExecutor.takeTask(SingleThreadEventExecutor.java:244)
 io.netty.util.concurrent.DefaultEventExecutor.run(DefaultEventExecutor.java:64)
 io.netty.util.concurrent.SingleThreadEventExecutor$4.run(SingleThreadEventExecutor.java:997)
 io.netty.util.internal.ThreadExecutorMap$2.run(ThreadExecutorMap.java:74)
 io.netty.util.concurrent.FastThreadLocalRunnable.run(FastThreadLocalRunnable.java:30)
 java.lang.Thread.run(Thread.java:748)
2026-06-27 19:41:46.564 [Thread-7] WARN  org.apache.catalina.loader.WebappClassLoaderBase - The web application [ROOT] appears to have started a thread named [lettuce-eventExecutorLoop-1-13] but has failed to stop it. This is very likely to create a memory leak. Stack trace of thread:
 sun.misc.Unsafe.park(Native Method)
 java.util.concurrent.locks.LockSupport.park(LockSupport.java:175)
 java.util.concurrent.locks.AbstractQueuedSynchronizer$ConditionObject.await(AbstractQueuedSynchronizer.java:2039)
 java.util.concurrent.LinkedBlockingQueue.take(LinkedBlockingQueue.java:442)
 io.netty.util.concurrent.SingleThreadEventExecutor.takeTask(SingleThreadEventExecutor.java:244)
 io.netty.util.concurrent.DefaultEventExecutor.run(DefaultEventExecutor.java:64)
 io.netty.util.concurrent.SingleThreadEventExecutor$4.run(SingleThreadEventExecutor.java:997)
 io.netty.util.internal.ThreadExecutorMap$2.run(ThreadExecutorMap.java:74)
 io.netty.util.concurrent.FastThreadLocalRunnable.run(FastThreadLocalRunnable.java:30)
 java.lang.Thread.run(Thread.java:748)
2026-06-27 19:41:46.566 [Thread-7] WARN  org.apache.catalina.loader.WebappClassLoaderBase - The web application [ROOT] appears to have started a thread named [lettuce-eventExecutorLoop-1-14] but has failed to stop it. This is very likely to create a memory leak. Stack trace of thread:
 sun.misc.Unsafe.park(Native Method)
 java.util.concurrent.locks.LockSupport.park(LockSupport.java:175)
 java.util.concurrent.locks.AbstractQueuedSynchronizer$ConditionObject.await(AbstractQueuedSynchronizer.java:2039)
 java.util.concurrent.LinkedBlockingQueue.take(LinkedBlockingQueue.java:442)
 io.netty.util.concurrent.SingleThreadEventExecutor.takeTask(SingleThreadEventExecutor.java:244)
 io.netty.util.concurrent.DefaultEventExecutor.run(DefaultEventExecutor.java:64)
 io.netty.util.concurrent.SingleThreadEventExecutor$4.run(SingleThreadEventExecutor.java:997)
 io.netty.util.internal.ThreadExecutorMap$2.run(ThreadExecutorMap.java:74)
 io.netty.util.concurrent.FastThreadLocalRunnable.run(FastThreadLocalRunnable.java:30)
 java.lang.Thread.run(Thread.java:748)
2026-06-27 19:41:46.568 [Thread-7] WARN  org.apache.catalina.loader.WebappClassLoaderBase - The web application [ROOT] appears to have started a thread named [lettuce-eventExecutorLoop-1-15] but has failed to stop it. This is very likely to create a memory leak. Stack trace of thread:
 sun.misc.Unsafe.park(Native Method)
 java.util.concurrent.locks.LockSupport.park(LockSupport.java:175)
 java.util.concurrent.locks.AbstractQueuedSynchronizer$ConditionObject.await(AbstractQueuedSynchronizer.java:2039)
 java.util.concurrent.LinkedBlockingQueue.take(LinkedBlockingQueue.java:442)
 io.netty.util.concurrent.SingleThreadEventExecutor.takeTask(SingleThreadEventExecutor.java:244)
 io.netty.util.concurrent.DefaultEventExecutor.run(DefaultEventExecutor.java:64)
 io.netty.util.concurrent.SingleThreadEventExecutor$4.run(SingleThreadEventExecutor.java:997)
 io.netty.util.internal.ThreadExecutorMap$2.run(ThreadExecutorMap.java:74)
 io.netty.util.concurrent.FastThreadLocalRunnable.run(FastThreadLocalRunnable.java:30)
 java.lang.Thread.run(Thread.java:748)
2026-06-27 19:41:46.569 [Thread-7] WARN  org.apache.catalina.loader.WebappClassLoaderBase - The web application [ROOT] appears to have started a thread named [lettuce-eventExecutorLoop-1-16] but has failed to stop it. This is very likely to create a memory leak. Stack trace of thread:
 sun.misc.Unsafe.park(Native Method)
 java.util.concurrent.locks.LockSupport.park(LockSupport.java:175)
 java.util.concurrent.locks.AbstractQueuedSynchronizer$ConditionObject.await(AbstractQueuedSynchronizer.java:2039)
 java.util.concurrent.LinkedBlockingQueue.take(LinkedBlockingQueue.java:442)
 io.netty.util.concurrent.SingleThreadEventExecutor.takeTask(SingleThreadEventExecutor.java:244)
 io.netty.util.concurrent.DefaultEventExecutor.run(DefaultEventExecutor.java:64)
 io.netty.util.concurrent.SingleThreadEventExecutor$4.run(SingleThreadEventExecutor.java:997)
 io.netty.util.internal.ThreadExecutorMap$2.run(ThreadExecutorMap.java:74)
 io.netty.util.concurrent.FastThreadLocalRunnable.run(FastThreadLocalRunnable.java:30)
 java.lang.Thread.run(Thread.java:748)
2026-06-27 19:54:40.211 [Thread-7] WARN  org.apache.catalina.loader.WebappClassLoaderBase - The web application [ROOT] appears to have started a thread named [lettuce-nioEventLoop-4-1] but has failed to stop it. This is very likely to create a memory leak. Stack trace of thread:
 sun.nio.ch.WindowsSelectorImpl$SubSelector.poll0(Native Method)
 sun.nio.ch.WindowsSelectorImpl$SubSelector.poll(WindowsSelectorImpl.java:296)
 sun.nio.ch.WindowsSelectorImpl$SubSelector.access$400(WindowsSelectorImpl.java:278)
 sun.nio.ch.WindowsSelectorImpl.doSelect(WindowsSelectorImpl.java:159)
 sun.nio.ch.SelectorImpl.lockAndDoSelect(SelectorImpl.java:86)
 sun.nio.ch.SelectorImpl.select(SelectorImpl.java:97)
 sun.nio.ch.SelectorImpl.select(SelectorImpl.java:101)
 io.netty.channel.nio.SelectedSelectionKeySetSelector.select(SelectedSelectionKeySetSelector.java:68)
 io.netty.channel.nio.NioEventLoop.select(NioEventLoop.java:879)
 io.netty.channel.nio.NioEventLoop.run(NioEventLoop.java:526)
 io.netty.util.concurrent.SingleThreadEventExecutor$4.run(SingleThreadEventExecutor.java:997)
 io.netty.util.internal.ThreadExecutorMap$2.run(ThreadExecutorMap.java:74)
 io.netty.util.concurrent.FastThreadLocalRunnable.run(FastThreadLocalRunnable.java:30)
 java.lang.Thread.run(Thread.java:748)
2026-06-27 19:54:40.212 [Thread-7] WARN  org.apache.catalina.loader.WebappClassLoaderBase - The web application [ROOT] appears to have started a thread named [lettuce-eventExecutorLoop-1-1] but has failed to stop it. This is very likely to create a memory leak. Stack trace of thread:
 sun.misc.Unsafe.park(Native Method)
 java.util.concurrent.locks.LockSupport.park(LockSupport.java:175)
 java.util.concurrent.locks.AbstractQueuedSynchronizer$ConditionObject.await(AbstractQueuedSynchronizer.java:2039)
 java.util.concurrent.LinkedBlockingQueue.take(LinkedBlockingQueue.java:442)
 io.netty.util.concurrent.SingleThreadEventExecutor.takeTask(SingleThreadEventExecutor.java:244)
 io.netty.util.concurrent.DefaultEventExecutor.run(DefaultEventExecutor.java:64)
 io.netty.util.concurrent.SingleThreadEventExecutor$4.run(SingleThreadEventExecutor.java:997)
 io.netty.util.internal.ThreadExecutorMap$2.run(ThreadExecutorMap.java:74)
 io.netty.util.concurrent.FastThreadLocalRunnable.run(FastThreadLocalRunnable.java:30)
 java.lang.Thread.run(Thread.java:748)
2026-06-27 19:54:40.213 [Thread-7] WARN  org.apache.catalina.loader.WebappClassLoaderBase - The web application [ROOT] appears to have started a thread named [lettuce-eventExecutorLoop-1-2] but has failed to stop it. This is very likely to create a memory leak. Stack trace of thread:
 sun.misc.Unsafe.park(Native Method)
 java.util.concurrent.locks.LockSupport.park(LockSupport.java:175)
 java.util.concurrent.locks.AbstractQueuedSynchronizer$ConditionObject.await(AbstractQueuedSynchronizer.java:2039)
 java.util.concurrent.LinkedBlockingQueue.take(LinkedBlockingQueue.java:442)
 io.netty.util.concurrent.SingleThreadEventExecutor.takeTask(SingleThreadEventExecutor.java:244)
 io.netty.util.concurrent.DefaultEventExecutor.run(DefaultEventExecutor.java:64)
 io.netty.util.concurrent.SingleThreadEventExecutor$4.run(SingleThreadEventExecutor.java:997)
 io.netty.util.internal.ThreadExecutorMap$2.run(ThreadExecutorMap.java:74)
 io.netty.util.concurrent.FastThreadLocalRunnable.run(FastThreadLocalRunnable.java:30)
 java.lang.Thread.run(Thread.java:748)
2026-06-27 19:54:40.214 [Thread-7] WARN  org.apache.catalina.loader.WebappClassLoaderBase - The web application [ROOT] appears to have started a thread named [lettuce-eventExecutorLoop-1-3] but has failed to stop it. This is very likely to create a memory leak. Stack trace of thread:
 sun.misc.Unsafe.park(Native Method)
 java.util.concurrent.locks.LockSupport.park(LockSupport.java:175)
 java.util.concurrent.locks.AbstractQueuedSynchronizer$ConditionObject.await(AbstractQueuedSynchronizer.java:2039)
 java.util.concurrent.LinkedBlockingQueue.take(LinkedBlockingQueue.java:442)
 io.netty.util.concurrent.SingleThreadEventExecutor.takeTask(SingleThreadEventExecutor.java:244)
 io.netty.util.concurrent.DefaultEventExecutor.run(DefaultEventExecutor.java:64)
 io.netty.util.concurrent.SingleThreadEventExecutor$4.run(SingleThreadEventExecutor.java:997)
 io.netty.util.internal.ThreadExecutorMap$2.run(ThreadExecutorMap.java:74)
 io.netty.util.concurrent.FastThreadLocalRunnable.run(FastThreadLocalRunnable.java:30)
 java.lang.Thread.run(Thread.java:748)
2026-06-27 19:54:40.216 [Thread-7] WARN  org.apache.catalina.loader.WebappClassLoaderBase - The web application [ROOT] appears to have started a thread named [lettuce-eventExecutorLoop-1-5] but has failed to stop it. This is very likely to create a memory leak. Stack trace of thread:
 sun.misc.Unsafe.park(Native Method)
 java.util.concurrent.locks.LockSupport.park(LockSupport.java:175)
 java.util.concurrent.locks.AbstractQueuedSynchronizer$ConditionObject.await(AbstractQueuedSynchronizer.java:2039)
 java.util.concurrent.LinkedBlockingQueue.take(LinkedBlockingQueue.java:442)
 io.netty.util.concurrent.SingleThreadEventExecutor.takeTask(SingleThreadEventExecutor.java:244)
 io.netty.util.concurrent.DefaultEventExecutor.run(DefaultEventExecutor.java:64)
 io.netty.util.concurrent.SingleThreadEventExecutor$4.run(SingleThreadEventExecutor.java:997)
 io.netty.util.internal.ThreadExecutorMap$2.run(ThreadExecutorMap.java:74)
 io.netty.util.concurrent.FastThreadLocalRunnable.run(FastThreadLocalRunnable.java:30)
 java.lang.Thread.run(Thread.java:748)
2026-06-27 19:54:40.216 [Thread-7] WARN  org.apache.catalina.loader.WebappClassLoaderBase - The web application [ROOT] appears to have started a thread named [lettuce-eventExecutorLoop-1-6] but has failed to stop it. This is very likely to create a memory leak. Stack trace of thread:
 sun.misc.Unsafe.park(Native Method)
 java.util.concurrent.locks.LockSupport.park(LockSupport.java:175)
 java.util.concurrent.locks.AbstractQueuedSynchronizer$ConditionObject.await(AbstractQueuedSynchronizer.java:2039)
 java.util.concurrent.LinkedBlockingQueue.take(LinkedBlockingQueue.java:442)
 io.netty.util.concurrent.SingleThreadEventExecutor.takeTask(SingleThreadEventExecutor.java:244)
 io.netty.util.concurrent.DefaultEventExecutor.run(DefaultEventExecutor.java:64)
 io.netty.util.concurrent.SingleThreadEventExecutor$4.run(SingleThreadEventExecutor.java:997)
 io.netty.util.internal.ThreadExecutorMap$2.run(ThreadExecutorMap.java:74)
 io.netty.util.concurrent.FastThreadLocalRunnable.run(FastThreadLocalRunnable.java:30)
 java.lang.Thread.run(Thread.java:748)
2026-06-27 19:54:40.218 [Thread-7] WARN  org.apache.catalina.loader.WebappClassLoaderBase - The web application [ROOT] appears to have started a thread named [lettuce-eventExecutorLoop-1-7] but has failed to stop it. This is very likely to create a memory leak. Stack trace of thread:
 sun.misc.Unsafe.park(Native Method)
 java.util.concurrent.locks.LockSupport.park(LockSupport.java:175)
 java.util.concurrent.locks.AbstractQueuedSynchronizer$ConditionObject.await(AbstractQueuedSynchronizer.java:2039)
 java.util.concurrent.LinkedBlockingQueue.take(LinkedBlockingQueue.java:442)
 io.netty.util.concurrent.SingleThreadEventExecutor.takeTask(SingleThreadEventExecutor.java:244)
 io.netty.util.concurrent.DefaultEventExecutor.run(DefaultEventExecutor.java:64)
 io.netty.util.concurrent.SingleThreadEventExecutor$4.run(SingleThreadEventExecutor.java:997)
 io.netty.util.internal.ThreadExecutorMap$2.run(ThreadExecutorMap.java:74)
 io.netty.util.concurrent.FastThreadLocalRunnable.run(FastThreadLocalRunnable.java:30)
 java.lang.Thread.run(Thread.java:748)
2026-06-27 19:54:40.219 [Thread-7] WARN  org.apache.catalina.loader.WebappClassLoaderBase - The web application [ROOT] appears to have started a thread named [lettuce-eventExecutorLoop-1-4] but has failed to stop it. This is very likely to create a memory leak. Stack trace of thread:
 sun.misc.Unsafe.park(Native Method)
 java.util.concurrent.locks.LockSupport.park(LockSupport.java:175)
 java.util.concurrent.locks.AbstractQueuedSynchronizer$ConditionObject.await(AbstractQueuedSynchronizer.java:2039)
 java.util.concurrent.LinkedBlockingQueue.take(LinkedBlockingQueue.java:442)
 io.netty.util.concurrent.SingleThreadEventExecutor.takeTask(SingleThreadEventExecutor.java:244)
 io.netty.util.concurrent.DefaultEventExecutor.run(DefaultEventExecutor.java:64)
 io.netty.util.concurrent.SingleThreadEventExecutor$4.run(SingleThreadEventExecutor.java:997)
 io.netty.util.internal.ThreadExecutorMap$2.run(ThreadExecutorMap.java:74)
 io.netty.util.concurrent.FastThreadLocalRunnable.run(FastThreadLocalRunnable.java:30)
 java.lang.Thread.run(Thread.java:748)
2026-06-27 19:54:40.221 [Thread-7] WARN  org.apache.catalina.loader.WebappClassLoaderBase - The web application [ROOT] appears to have started a thread named [lettuce-eventExecutorLoop-1-8] but has failed to stop it. This is very likely to create a memory leak. Stack trace of thread:
 sun.misc.Unsafe.park(Native Method)
 java.util.concurrent.locks.LockSupport.park(LockSupport.java:175)
 java.util.concurrent.locks.AbstractQueuedSynchronizer$ConditionObject.await(AbstractQueuedSynchronizer.java:2039)
 java.util.concurrent.LinkedBlockingQueue.take(LinkedBlockingQueue.java:442)
 io.netty.util.concurrent.SingleThreadEventExecutor.takeTask(SingleThreadEventExecutor.java:244)
 io.netty.util.concurrent.DefaultEventExecutor.run(DefaultEventExecutor.java:64)
 io.netty.util.concurrent.SingleThreadEventExecutor$4.run(SingleThreadEventExecutor.java:997)
 io.netty.util.internal.ThreadExecutorMap$2.run(ThreadExecutorMap.java:74)
 io.netty.util.concurrent.FastThreadLocalRunnable.run(FastThreadLocalRunnable.java:30)
 java.lang.Thread.run(Thread.java:748)
2026-06-27 19:54:40.222 [Thread-7] WARN  org.apache.catalina.loader.WebappClassLoaderBase - The web application [ROOT] appears to have started a thread named [lettuce-eventExecutorLoop-1-9] but has failed to stop it. This is very likely to create a memory leak. Stack trace of thread:
 sun.misc.Unsafe.park(Native Method)
 java.util.concurrent.locks.LockSupport.park(LockSupport.java:175)
 java.util.concurrent.locks.AbstractQueuedSynchronizer$ConditionObject.await(AbstractQueuedSynchronizer.java:2039)
 java.util.concurrent.LinkedBlockingQueue.take(LinkedBlockingQueue.java:442)
 io.netty.util.concurrent.SingleThreadEventExecutor.takeTask(SingleThreadEventExecutor.java:244)
 io.netty.util.concurrent.DefaultEventExecutor.run(DefaultEventExecutor.java:64)
 io.netty.util.concurrent.SingleThreadEventExecutor$4.run(SingleThreadEventExecutor.java:997)
 io.netty.util.internal.ThreadExecutorMap$2.run(ThreadExecutorMap.java:74)
 io.netty.util.concurrent.FastThreadLocalRunnable.run(FastThreadLocalRunnable.java:30)
 java.lang.Thread.run(Thread.java:748)
2026-06-27 19:54:40.223 [Thread-7] WARN  org.apache.catalina.loader.WebappClassLoaderBase - The web application [ROOT] appears to have started a thread named [lettuce-eventExecutorLoop-1-10] but has failed to stop it. This is very likely to create a memory leak. Stack trace of thread:
 sun.misc.Unsafe.park(Native Method)
 java.util.concurrent.locks.LockSupport.park(LockSupport.java:175)
 java.util.concurrent.locks.AbstractQueuedSynchronizer$ConditionObject.await(AbstractQueuedSynchronizer.java:2039)
 java.util.concurrent.LinkedBlockingQueue.take(LinkedBlockingQueue.java:442)
 io.netty.util.concurrent.SingleThreadEventExecutor.takeTask(SingleThreadEventExecutor.java:244)
 io.netty.util.concurrent.DefaultEventExecutor.run(DefaultEventExecutor.java:64)
 io.netty.util.concurrent.SingleThreadEventExecutor$4.run(SingleThreadEventExecutor.java:997)
 io.netty.util.internal.ThreadExecutorMap$2.run(ThreadExecutorMap.java:74)
 io.netty.util.concurrent.FastThreadLocalRunnable.run(FastThreadLocalRunnable.java:30)
 java.lang.Thread.run(Thread.java:748)
2026-06-27 19:54:40.224 [Thread-7] WARN  org.apache.catalina.loader.WebappClassLoaderBase - The web application [ROOT] appears to have started a thread named [lettuce-eventExecutorLoop-1-11] but has failed to stop it. This is very likely to create a memory leak. Stack trace of thread:
 sun.misc.Unsafe.park(Native Method)
 java.util.concurrent.locks.LockSupport.park(LockSupport.java:175)
 java.util.concurrent.locks.AbstractQueuedSynchronizer$ConditionObject.await(AbstractQueuedSynchronizer.java:2039)
 java.util.concurrent.LinkedBlockingQueue.take(LinkedBlockingQueue.java:442)
 io.netty.util.concurrent.SingleThreadEventExecutor.takeTask(SingleThreadEventExecutor.java:244)
 io.netty.util.concurrent.DefaultEventExecutor.run(DefaultEventExecutor.java:64)
 io.netty.util.concurrent.SingleThreadEventExecutor$4.run(SingleThreadEventExecutor.java:997)
 io.netty.util.internal.ThreadExecutorMap$2.run(ThreadExecutorMap.java:74)
 io.netty.util.concurrent.FastThreadLocalRunnable.run(FastThreadLocalRunnable.java:30)
 java.lang.Thread.run(Thread.java:748)
2026-06-27 19:54:40.225 [Thread-7] WARN  org.apache.catalina.loader.WebappClassLoaderBase - The web application [ROOT] appears to have started a thread named [lettuce-eventExecutorLoop-1-12] but has failed to stop it. This is very likely to create a memory leak. Stack trace of thread:
 sun.misc.Unsafe.park(Native Method)
 java.util.concurrent.locks.LockSupport.park(LockSupport.java:175)
 java.util.concurrent.locks.AbstractQueuedSynchronizer$ConditionObject.await(AbstractQueuedSynchronizer.java:2039)
 java.util.concurrent.LinkedBlockingQueue.take(LinkedBlockingQueue.java:442)
 io.netty.util.concurrent.SingleThreadEventExecutor.takeTask(SingleThreadEventExecutor.java:244)
 io.netty.util.concurrent.DefaultEventExecutor.run(DefaultEventExecutor.java:64)
 io.netty.util.concurrent.SingleThreadEventExecutor$4.run(SingleThreadEventExecutor.java:997)
 io.netty.util.internal.ThreadExecutorMap$2.run(ThreadExecutorMap.java:74)
 io.netty.util.concurrent.FastThreadLocalRunnable.run(FastThreadLocalRunnable.java:30)
 java.lang.Thread.run(Thread.java:748)
2026-06-27 19:54:40.227 [Thread-7] WARN  org.apache.catalina.loader.WebappClassLoaderBase - The web application [ROOT] appears to have started a thread named [lettuce-eventExecutorLoop-1-13] but has failed to stop it. This is very likely to create a memory leak. Stack trace of thread:
 sun.misc.Unsafe.park(Native Method)
 java.util.concurrent.locks.LockSupport.park(LockSupport.java:175)
 java.util.concurrent.locks.AbstractQueuedSynchronizer$ConditionObject.await(AbstractQueuedSynchronizer.java:2039)
 java.util.concurrent.LinkedBlockingQueue.take(LinkedBlockingQueue.java:442)
 io.netty.util.concurrent.SingleThreadEventExecutor.takeTask(SingleThreadEventExecutor.java:244)
 io.netty.util.concurrent.DefaultEventExecutor.run(DefaultEventExecutor.java:64)
 io.netty.util.concurrent.SingleThreadEventExecutor$4.run(SingleThreadEventExecutor.java:997)
 io.netty.util.internal.ThreadExecutorMap$2.run(ThreadExecutorMap.java:74)
 io.netty.util.concurrent.FastThreadLocalRunnable.run(FastThreadLocalRunnable.java:30)
 java.lang.Thread.run(Thread.java:748)
2026-06-27 19:54:40.227 [Thread-7] WARN  org.apache.catalina.loader.WebappClassLoaderBase - The web application [ROOT] appears to have started a thread named [lettuce-eventExecutorLoop-1-14] but has failed to stop it. This is very likely to create a memory leak. Stack trace of thread:
 sun.misc.Unsafe.park(Native Method)
 java.util.concurrent.locks.LockSupport.park(LockSupport.java:175)
 java.util.concurrent.locks.AbstractQueuedSynchronizer$ConditionObject.await(AbstractQueuedSynchronizer.java:2039)
 java.util.concurrent.LinkedBlockingQueue.take(LinkedBlockingQueue.java:442)
 io.netty.util.concurrent.SingleThreadEventExecutor.takeTask(SingleThreadEventExecutor.java:244)
 io.netty.util.concurrent.DefaultEventExecutor.run(DefaultEventExecutor.java:64)
 io.netty.util.concurrent.SingleThreadEventExecutor$4.run(SingleThreadEventExecutor.java:997)
 io.netty.util.internal.ThreadExecutorMap$2.run(ThreadExecutorMap.java:74)
 io.netty.util.concurrent.FastThreadLocalRunnable.run(FastThreadLocalRunnable.java:30)
 java.lang.Thread.run(Thread.java:748)
2026-06-27 19:54:40.228 [Thread-7] WARN  org.apache.catalina.loader.WebappClassLoaderBase - The web application [ROOT] appears to have started a thread named [lettuce-eventExecutorLoop-1-15] but has failed to stop it. This is very likely to create a memory leak. Stack trace of thread:
 sun.misc.Unsafe.park(Native Method)
 java.util.concurrent.locks.LockSupport.park(LockSupport.java:175)
 java.util.concurrent.locks.AbstractQueuedSynchronizer$ConditionObject.await(AbstractQueuedSynchronizer.java:2039)
 java.util.concurrent.LinkedBlockingQueue.take(LinkedBlockingQueue.java:442)
 io.netty.util.concurrent.SingleThreadEventExecutor.takeTask(SingleThreadEventExecutor.java:244)
 io.netty.util.concurrent.DefaultEventExecutor.run(DefaultEventExecutor.java:64)
 io.netty.util.concurrent.SingleThreadEventExecutor$4.run(SingleThreadEventExecutor.java:997)
 io.netty.util.internal.ThreadExecutorMap$2.run(ThreadExecutorMap.java:74)
 io.netty.util.concurrent.FastThreadLocalRunnable.run(FastThreadLocalRunnable.java:30)
 java.lang.Thread.run(Thread.java:748)
2026-06-27 19:54:40.230 [Thread-7] WARN  org.apache.catalina.loader.WebappClassLoaderBase - The web application [ROOT] appears to have started a thread named [lettuce-eventExecutorLoop-1-16] but has failed to stop it. This is very likely to create a memory leak. Stack trace of thread:
 sun.misc.Unsafe.park(Native Method)
 java.util.concurrent.locks.LockSupport.park(LockSupport.java:175)
 java.util.concurrent.locks.AbstractQueuedSynchronizer$ConditionObject.await(AbstractQueuedSynchronizer.java:2039)
 java.util.concurrent.LinkedBlockingQueue.take(LinkedBlockingQueue.java:442)
 io.netty.util.concurrent.SingleThreadEventExecutor.takeTask(SingleThreadEventExecutor.java:244)
 io.netty.util.concurrent.DefaultEventExecutor.run(DefaultEventExecutor.java:64)
 io.netty.util.concurrent.SingleThreadEventExecutor$4.run(SingleThreadEventExecutor.java:997)
 io.netty.util.internal.ThreadExecutorMap$2.run(ThreadExecutorMap.java:74)
 io.netty.util.concurrent.FastThreadLocalRunnable.run(FastThreadLocalRunnable.java:30)
 java.lang.Thread.run(Thread.java:748)
2026-06-27 19:54:40.231 [Thread-7] WARN  org.apache.catalina.loader.WebappClassLoaderBase - The web application [ROOT] appears to have started a thread named [System Clock] but has failed to stop it. This is very likely to create a memory leak. Stack trace of thread:
 sun.misc.Unsafe.park(Native Method)
 java.util.concurrent.locks.LockSupport.parkNanos(LockSupport.java:215)
 java.util.concurrent.locks.AbstractQueuedSynchronizer$ConditionObject.awaitNanos(AbstractQueuedSynchronizer.java:2078)
 java.util.concurrent.ScheduledThreadPoolExecutor$DelayedWorkQueue.take(ScheduledThreadPoolExecutor.java:1093)
 java.util.concurrent.ScheduledThreadPoolExecutor$DelayedWorkQueue.take(ScheduledThreadPoolExecutor.java:809)
 java.util.concurrent.ThreadPoolExecutor.getTask(ThreadPoolExecutor.java:1074)
 java.util.concurrent.ThreadPoolExecutor.runWorker(ThreadPoolExecutor.java:1134)
 java.util.concurrent.ThreadPoolExecutor$Worker.run(ThreadPoolExecutor.java:624)
 java.lang.Thread.run(Thread.java:748)
2026-06-27 20:00:26.879 [Thread-21] WARN  org.apache.catalina.loader.WebappClassLoaderBase - The web application [ROOT] appears to have started a thread named [lettuce-nioEventLoop-13-1] but has failed to stop it. This is very likely to create a memory leak. Stack trace of thread:
 sun.nio.ch.WindowsSelectorImpl$SubSelector.poll0(Native Method)
 sun.nio.ch.WindowsSelectorImpl$SubSelector.poll(WindowsSelectorImpl.java:296)
 sun.nio.ch.WindowsSelectorImpl$SubSelector.access$400(WindowsSelectorImpl.java:278)
 sun.nio.ch.WindowsSelectorImpl.doSelect(WindowsSelectorImpl.java:159)
 sun.nio.ch.SelectorImpl.lockAndDoSelect(SelectorImpl.java:86)
 sun.nio.ch.SelectorImpl.select(SelectorImpl.java:97)
 sun.nio.ch.SelectorImpl.select(SelectorImpl.java:101)
 io.netty.channel.nio.SelectedSelectionKeySetSelector.select(SelectedSelectionKeySetSelector.java:68)
 io.netty.channel.nio.NioEventLoop.select(NioEventLoop.java:879)
 io.netty.channel.nio.NioEventLoop.run(NioEventLoop.java:526)
 io.netty.util.concurrent.SingleThreadEventExecutor$4.run(SingleThreadEventExecutor.java:997)
 io.netty.util.internal.ThreadExecutorMap$2.run(ThreadExecutorMap.java:74)
 io.netty.util.concurrent.FastThreadLocalRunnable.run(FastThreadLocalRunnable.java:30)
 java.lang.Thread.run(Thread.java:748)
2026-06-27 20:00:26.881 [Thread-21] WARN  org.apache.catalina.loader.WebappClassLoaderBase - The web application [ROOT] appears to have started a thread named [lettuce-eventExecutorLoop-11-1] but has failed to stop it. This is very likely to create a memory leak. Stack trace of thread:
 sun.misc.Unsafe.park(Native Method)
 java.util.concurrent.locks.LockSupport.park(LockSupport.java:175)
 java.util.concurrent.locks.AbstractQueuedSynchronizer$ConditionObject.await(AbstractQueuedSynchronizer.java:2039)
 java.util.concurrent.LinkedBlockingQueue.take(LinkedBlockingQueue.java:442)
 io.netty.util.concurrent.SingleThreadEventExecutor.takeTask(SingleThreadEventExecutor.java:244)
 io.netty.util.concurrent.DefaultEventExecutor.run(DefaultEventExecutor.java:64)
 io.netty.util.concurrent.SingleThreadEventExecutor$4.run(SingleThreadEventExecutor.java:997)
 io.netty.util.internal.ThreadExecutorMap$2.run(ThreadExecutorMap.java:74)
 io.netty.util.concurrent.FastThreadLocalRunnable.run(FastThreadLocalRunnable.java:30)
 java.lang.Thread.run(Thread.java:748)
2026-06-27 20:00:26.882 [Thread-21] WARN  org.apache.catalina.loader.WebappClassLoaderBase - The web application [ROOT] appears to have started a thread named [lettuce-eventExecutorLoop-11-2] but has failed to stop it. This is very likely to create a memory leak. Stack trace of thread:
 sun.misc.Unsafe.park(Native Method)
 java.util.concurrent.locks.LockSupport.park(LockSupport.java:175)
 java.util.concurrent.locks.AbstractQueuedSynchronizer$ConditionObject.await(AbstractQueuedSynchronizer.java:2039)
 java.util.concurrent.LinkedBlockingQueue.take(LinkedBlockingQueue.java:442)
 io.netty.util.concurrent.SingleThreadEventExecutor.takeTask(SingleThreadEventExecutor.java:244)
 io.netty.util.concurrent.DefaultEventExecutor.run(DefaultEventExecutor.java:64)
 io.netty.util.concurrent.SingleThreadEventExecutor$4.run(SingleThreadEventExecutor.java:997)
 io.netty.util.internal.ThreadExecutorMap$2.run(ThreadExecutorMap.java:74)
 io.netty.util.concurrent.FastThreadLocalRunnable.run(FastThreadLocalRunnable.java:30)
 java.lang.Thread.run(Thread.java:748)
2026-06-27 20:00:26.884 [Thread-21] WARN  org.apache.catalina.loader.WebappClassLoaderBase - The web application [ROOT] appears to have started a thread named [lettuce-eventExecutorLoop-11-3] but has failed to stop it. This is very likely to create a memory leak. Stack trace of thread:
 sun.misc.Unsafe.park(Native Method)
 java.util.concurrent.locks.LockSupport.park(LockSupport.java:175)
 java.util.concurrent.locks.AbstractQueuedSynchronizer$ConditionObject.await(AbstractQueuedSynchronizer.java:2039)
 java.util.concurrent.LinkedBlockingQueue.take(LinkedBlockingQueue.java:442)
 io.netty.util.concurrent.SingleThreadEventExecutor.takeTask(SingleThreadEventExecutor.java:244)
 io.netty.util.concurrent.DefaultEventExecutor.run(DefaultEventExecutor.java:64)
 io.netty.util.concurrent.SingleThreadEventExecutor$4.run(SingleThreadEventExecutor.java:997)
 io.netty.util.internal.ThreadExecutorMap$2.run(ThreadExecutorMap.java:74)
 io.netty.util.concurrent.FastThreadLocalRunnable.run(FastThreadLocalRunnable.java:30)
 java.lang.Thread.run(Thread.java:748)
2026-06-27 20:00:26.886 [Thread-21] WARN  org.apache.catalina.loader.WebappClassLoaderBase - The web application [ROOT] appears to have started a thread named [lettuce-eventExecutorLoop-11-4] but has failed to stop it. This is very likely to create a memory leak. Stack trace of thread:
 sun.misc.Unsafe.park(Native Method)
 java.util.concurrent.locks.LockSupport.park(LockSupport.java:175)
 java.util.concurrent.locks.AbstractQueuedSynchronizer$ConditionObject.await(AbstractQueuedSynchronizer.java:2039)
 java.util.concurrent.LinkedBlockingQueue.take(LinkedBlockingQueue.java:442)
 io.netty.util.concurrent.SingleThreadEventExecutor.takeTask(SingleThreadEventExecutor.java:244)
 io.netty.util.concurrent.DefaultEventExecutor.run(DefaultEventExecutor.java:64)
 io.netty.util.concurrent.SingleThreadEventExecutor$4.run(SingleThreadEventExecutor.java:997)
 io.netty.util.internal.ThreadExecutorMap$2.run(ThreadExecutorMap.java:74)
 io.netty.util.concurrent.FastThreadLocalRunnable.run(FastThreadLocalRunnable.java:30)
 java.lang.Thread.run(Thread.java:748)
2026-06-27 20:00:26.888 [Thread-21] WARN  org.apache.catalina.loader.WebappClassLoaderBase - The web application [ROOT] appears to have started a thread named [lettuce-eventExecutorLoop-11-5] but has failed to stop it. This is very likely to create a memory leak. Stack trace of thread:
 sun.misc.Unsafe.park(Native Method)
 java.util.concurrent.locks.LockSupport.park(LockSupport.java:175)
 java.util.concurrent.locks.AbstractQueuedSynchronizer$ConditionObject.await(AbstractQueuedSynchronizer.java:2039)
 java.util.concurrent.LinkedBlockingQueue.take(LinkedBlockingQueue.java:442)
 io.netty.util.concurrent.SingleThreadEventExecutor.takeTask(SingleThreadEventExecutor.java:244)
 io.netty.util.concurrent.DefaultEventExecutor.run(DefaultEventExecutor.java:64)
 io.netty.util.concurrent.SingleThreadEventExecutor$4.run(SingleThreadEventExecutor.java:997)
 io.netty.util.internal.ThreadExecutorMap$2.run(ThreadExecutorMap.java:74)
 io.netty.util.concurrent.FastThreadLocalRunnable.run(FastThreadLocalRunnable.java:30)
 java.lang.Thread.run(Thread.java:748)
2026-06-27 20:00:26.890 [Thread-21] WARN  org.apache.catalina.loader.WebappClassLoaderBase - The web application [ROOT] appears to have started a thread named [lettuce-eventExecutorLoop-11-6] but has failed to stop it. This is very likely to create a memory leak. Stack trace of thread:
 sun.misc.Unsafe.park(Native Method)
 java.util.concurrent.locks.LockSupport.park(LockSupport.java:175)
 java.util.concurrent.locks.AbstractQueuedSynchronizer$ConditionObject.await(AbstractQueuedSynchronizer.java:2039)
 java.util.concurrent.LinkedBlockingQueue.take(LinkedBlockingQueue.java:442)
 io.netty.util.concurrent.SingleThreadEventExecutor.takeTask(SingleThreadEventExecutor.java:244)
 io.netty.util.concurrent.DefaultEventExecutor.run(DefaultEventExecutor.java:64)
 io.netty.util.concurrent.SingleThreadEventExecutor$4.run(SingleThreadEventExecutor.java:997)
 io.netty.util.internal.ThreadExecutorMap$2.run(ThreadExecutorMap.java:74)
 io.netty.util.concurrent.FastThreadLocalRunnable.run(FastThreadLocalRunnable.java:30)
 java.lang.Thread.run(Thread.java:748)
2026-06-27 20:00:26.891 [Thread-21] WARN  org.apache.catalina.loader.WebappClassLoaderBase - The web application [ROOT] appears to have started a thread named [lettuce-eventExecutorLoop-11-7] but has failed to stop it. This is very likely to create a memory leak. Stack trace of thread:
 sun.misc.Unsafe.park(Native Method)
 java.util.concurrent.locks.LockSupport.park(LockSupport.java:175)
 java.util.concurrent.locks.AbstractQueuedSynchronizer$ConditionObject.await(AbstractQueuedSynchronizer.java:2039)
 java.util.concurrent.LinkedBlockingQueue.take(LinkedBlockingQueue.java:442)
 io.netty.util.concurrent.SingleThreadEventExecutor.takeTask(SingleThreadEventExecutor.java:244)
 io.netty.util.concurrent.DefaultEventExecutor.run(DefaultEventExecutor.java:64)
 io.netty.util.concurrent.SingleThreadEventExecutor$4.run(SingleThreadEventExecutor.java:997)
 io.netty.util.internal.ThreadExecutorMap$2.run(ThreadExecutorMap.java:74)
 io.netty.util.concurrent.FastThreadLocalRunnable.run(FastThreadLocalRunnable.java:30)
 java.lang.Thread.run(Thread.java:748)
2026-06-27 20:00:26.894 [Thread-21] WARN  org.apache.catalina.loader.WebappClassLoaderBase - The web application [ROOT] appears to have started a thread named [lettuce-eventExecutorLoop-11-8] but has failed to stop it. This is very likely to create a memory leak. Stack trace of thread:
 sun.misc.Unsafe.park(Native Method)
 java.util.concurrent.locks.LockSupport.park(LockSupport.java:175)
 java.util.concurrent.locks.AbstractQueuedSynchronizer$ConditionObject.await(AbstractQueuedSynchronizer.java:2039)
 java.util.concurrent.LinkedBlockingQueue.take(LinkedBlockingQueue.java:442)
 io.netty.util.concurrent.SingleThreadEventExecutor.takeTask(SingleThreadEventExecutor.java:244)
 io.netty.util.concurrent.DefaultEventExecutor.run(DefaultEventExecutor.java:64)
 io.netty.util.concurrent.SingleThreadEventExecutor$4.run(SingleThreadEventExecutor.java:997)
 io.netty.util.internal.ThreadExecutorMap$2.run(ThreadExecutorMap.java:74)
 io.netty.util.concurrent.FastThreadLocalRunnable.run(FastThreadLocalRunnable.java:30)
 java.lang.Thread.run(Thread.java:748)
2026-06-27 20:00:26.896 [Thread-21] WARN  org.apache.catalina.loader.WebappClassLoaderBase - The web application [ROOT] appears to have started a thread named [lettuce-eventExecutorLoop-11-9] but has failed to stop it. This is very likely to create a memory leak. Stack trace of thread:
 sun.misc.Unsafe.park(Native Method)
 java.util.concurrent.locks.LockSupport.park(LockSupport.java:175)
 java.util.concurrent.locks.AbstractQueuedSynchronizer$ConditionObject.await(AbstractQueuedSynchronizer.java:2039)
 java.util.concurrent.LinkedBlockingQueue.take(LinkedBlockingQueue.java:442)
 io.netty.util.concurrent.SingleThreadEventExecutor.takeTask(SingleThreadEventExecutor.java:244)
 io.netty.util.concurrent.DefaultEventExecutor.run(DefaultEventExecutor.java:64)
 io.netty.util.concurrent.SingleThreadEventExecutor$4.run(SingleThreadEventExecutor.java:997)
 io.netty.util.internal.ThreadExecutorMap$2.run(ThreadExecutorMap.java:74)
 io.netty.util.concurrent.FastThreadLocalRunnable.run(FastThreadLocalRunnable.java:30)
 java.lang.Thread.run(Thread.java:748)
2026-06-27 20:00:26.896 [Thread-21] WARN  org.apache.catalina.loader.WebappClassLoaderBase - The web application [ROOT] appears to have started a thread named [lettuce-eventExecutorLoop-11-10] but has failed to stop it. This is very likely to create a memory leak. Stack trace of thread:
 sun.misc.Unsafe.park(Native Method)
 java.util.concurrent.locks.LockSupport.park(LockSupport.java:175)
 java.util.concurrent.locks.AbstractQueuedSynchronizer$ConditionObject.await(AbstractQueuedSynchronizer.java:2039)
 java.util.concurrent.LinkedBlockingQueue.take(LinkedBlockingQueue.java:442)
 io.netty.util.concurrent.SingleThreadEventExecutor.takeTask(SingleThreadEventExecutor.java:244)
 io.netty.util.concurrent.DefaultEventExecutor.run(DefaultEventExecutor.java:64)
 io.netty.util.concurrent.SingleThreadEventExecutor$4.run(SingleThreadEventExecutor.java:997)
 io.netty.util.internal.ThreadExecutorMap$2.run(ThreadExecutorMap.java:74)
 io.netty.util.concurrent.FastThreadLocalRunnable.run(FastThreadLocalRunnable.java:30)
 java.lang.Thread.run(Thread.java:748)
2026-06-27 20:00:26.898 [Thread-21] WARN  org.apache.catalina.loader.WebappClassLoaderBase - The web application [ROOT] appears to have started a thread named [lettuce-eventExecutorLoop-11-11] but has failed to stop it. This is very likely to create a memory leak. Stack trace of thread:
 sun.misc.Unsafe.park(Native Method)
 java.util.concurrent.locks.LockSupport.park(LockSupport.java:175)
 java.util.concurrent.locks.AbstractQueuedSynchronizer$ConditionObject.await(AbstractQueuedSynchronizer.java:2039)
 java.util.concurrent.LinkedBlockingQueue.take(LinkedBlockingQueue.java:442)
 io.netty.util.concurrent.SingleThreadEventExecutor.takeTask(SingleThreadEventExecutor.java:244)
 io.netty.util.concurrent.DefaultEventExecutor.run(DefaultEventExecutor.java:64)
 io.netty.util.concurrent.SingleThreadEventExecutor$4.run(SingleThreadEventExecutor.java:997)
 io.netty.util.internal.ThreadExecutorMap$2.run(ThreadExecutorMap.java:74)
 io.netty.util.concurrent.FastThreadLocalRunnable.run(FastThreadLocalRunnable.java:30)
 java.lang.Thread.run(Thread.java:748)
2026-06-27 20:00:26.899 [Thread-21] WARN  org.apache.catalina.loader.WebappClassLoaderBase - The web application [ROOT] appears to have started a thread named [lettuce-eventExecutorLoop-11-12] but has failed to stop it. This is very likely to create a memory leak. Stack trace of thread:
 sun.misc.Unsafe.park(Native Method)
 java.util.concurrent.locks.LockSupport.park(LockSupport.java:175)
 java.util.concurrent.locks.AbstractQueuedSynchronizer$ConditionObject.await(AbstractQueuedSynchronizer.java:2039)
 java.util.concurrent.LinkedBlockingQueue.take(LinkedBlockingQueue.java:442)
 io.netty.util.concurrent.SingleThreadEventExecutor.takeTask(SingleThreadEventExecutor.java:244)
 io.netty.util.concurrent.DefaultEventExecutor.run(DefaultEventExecutor.java:64)
 io.netty.util.concurrent.SingleThreadEventExecutor$4.run(SingleThreadEventExecutor.java:997)
 io.netty.util.internal.ThreadExecutorMap$2.run(ThreadExecutorMap.java:74)
 io.netty.util.concurrent.FastThreadLocalRunnable.run(FastThreadLocalRunnable.java:30)
 java.lang.Thread.run(Thread.java:748)
2026-06-27 20:00:26.900 [Thread-21] WARN  org.apache.catalina.loader.WebappClassLoaderBase - The web application [ROOT] appears to have started a thread named [lettuce-eventExecutorLoop-11-13] but has failed to stop it. This is very likely to create a memory leak. Stack trace of thread:
 sun.misc.Unsafe.park(Native Method)
 java.util.concurrent.locks.LockSupport.park(LockSupport.java:175)
 java.util.concurrent.locks.AbstractQueuedSynchronizer$ConditionObject.await(AbstractQueuedSynchronizer.java:2039)
 java.util.concurrent.LinkedBlockingQueue.take(LinkedBlockingQueue.java:442)
 io.netty.util.concurrent.SingleThreadEventExecutor.takeTask(SingleThreadEventExecutor.java:244)
 io.netty.util.concurrent.DefaultEventExecutor.run(DefaultEventExecutor.java:64)
 io.netty.util.concurrent.SingleThreadEventExecutor$4.run(SingleThreadEventExecutor.java:997)
 io.netty.util.internal.ThreadExecutorMap$2.run(ThreadExecutorMap.java:74)
 io.netty.util.concurrent.FastThreadLocalRunnable.run(FastThreadLocalRunnable.java:30)
 java.lang.Thread.run(Thread.java:748)
2026-06-27 20:00:26.902 [Thread-21] WARN  org.apache.catalina.loader.WebappClassLoaderBase - The web application [ROOT] appears to have started a thread named [lettuce-eventExecutorLoop-11-14] but has failed to stop it. This is very likely to create a memory leak. Stack trace of thread:
 sun.misc.Unsafe.park(Native Method)
 java.util.concurrent.locks.LockSupport.park(LockSupport.java:175)
 java.util.concurrent.locks.AbstractQueuedSynchronizer$ConditionObject.await(AbstractQueuedSynchronizer.java:2039)
 java.util.concurrent.LinkedBlockingQueue.take(LinkedBlockingQueue.java:442)
 io.netty.util.concurrent.SingleThreadEventExecutor.takeTask(SingleThreadEventExecutor.java:244)
 io.netty.util.concurrent.DefaultEventExecutor.run(DefaultEventExecutor.java:64)
 io.netty.util.concurrent.SingleThreadEventExecutor$4.run(SingleThreadEventExecutor.java:997)
 io.netty.util.internal.ThreadExecutorMap$2.run(ThreadExecutorMap.java:74)
 io.netty.util.concurrent.FastThreadLocalRunnable.run(FastThreadLocalRunnable.java:30)
 java.lang.Thread.run(Thread.java:748)
2026-06-27 20:00:26.904 [Thread-21] WARN  org.apache.catalina.loader.WebappClassLoaderBase - The web application [ROOT] appears to have started a thread named [lettuce-eventExecutorLoop-11-15] but has failed to stop it. This is very likely to create a memory leak. Stack trace of thread:
 sun.misc.Unsafe.park(Native Method)
 java.util.concurrent.locks.LockSupport.park(LockSupport.java:175)
 java.util.concurrent.locks.AbstractQueuedSynchronizer$ConditionObject.await(AbstractQueuedSynchronizer.java:2039)
 java.util.concurrent.LinkedBlockingQueue.take(LinkedBlockingQueue.java:442)
 io.netty.util.concurrent.SingleThreadEventExecutor.takeTask(SingleThreadEventExecutor.java:244)
 io.netty.util.concurrent.DefaultEventExecutor.run(DefaultEventExecutor.java:64)
 io.netty.util.concurrent.SingleThreadEventExecutor$4.run(SingleThreadEventExecutor.java:997)
 io.netty.util.internal.ThreadExecutorMap$2.run(ThreadExecutorMap.java:74)
 io.netty.util.concurrent.FastThreadLocalRunnable.run(FastThreadLocalRunnable.java:30)
 java.lang.Thread.run(Thread.java:748)
2026-06-27 20:00:26.906 [Thread-21] WARN  org.apache.catalina.loader.WebappClassLoaderBase - The web application [ROOT] appears to have started a thread named [lettuce-eventExecutorLoop-11-16] but has failed to stop it. This is very likely to create a memory leak. Stack trace of thread:
 sun.misc.Unsafe.park(Native Method)
 java.util.concurrent.locks.LockSupport.park(LockSupport.java:175)
 java.util.concurrent.locks.AbstractQueuedSynchronizer$ConditionObject.await(AbstractQueuedSynchronizer.java:2039)
 java.util.concurrent.LinkedBlockingQueue.take(LinkedBlockingQueue.java:442)
 io.netty.util.concurrent.SingleThreadEventExecutor.takeTask(SingleThreadEventExecutor.java:244)
 io.netty.util.concurrent.DefaultEventExecutor.run(DefaultEventExecutor.java:64)
 io.netty.util.concurrent.SingleThreadEventExecutor$4.run(SingleThreadEventExecutor.java:997)
 io.netty.util.internal.ThreadExecutorMap$2.run(ThreadExecutorMap.java:74)
 io.netty.util.concurrent.FastThreadLocalRunnable.run(FastThreadLocalRunnable.java:30)
 java.lang.Thread.run(Thread.java:748)
